Customer_Name,Customer_Job,Customer_Age,Gender,Credit_Rating,Collateral_Type,Customer_ID
Hamdy Mansour,Sales_Rep,35,Female,A,Vehicle,CUST-1000
Hoda Abdel-Aziz,Freelancer,51,Male,B,Land,CUST-1001
Hassan Abdel-Aziz,Technician,45,Female,A,,CUST-1002
Amira Kamel,Accountant,53,Female,B,,CUST-1003
Sherif Hassan,Teacher,39,Female,D,,CUST-1004
Bassem Abdel-Aziz,Technician,46,Female,D,,CUST-1005
Fatma Nabil,Accountant,54,Male,B,,CUST-1006
Hassan Hassan,Freelancer,29,Female,B,Land,CUST-1007
Amira Nabil,Doctor,53,Female,D,Land,CUST-1008
Karim El-Sayed,Engineer,23,Male,B,Vehicle,CUST-1009
Ibrahim Hamdy,Teacher,23,Female,C,Land,CUST-1010
Hoda Saied,Freelancer,36,Male,B,Vehicle,CUST-1011
Dina Mansour,Freelancer,60,Male,B,,CUST-1012
Salma Hamdy,Accountant,53,Female,B,Vehicle,CUST-1013
Hoda Mansour,Doctor,38,Female,A,Vehicle,CUST-1014
Karim Mansour,Accountant,38,Male,A,,CUST-1015
Mohamed Hamdy,Sales_Rep,55,Female,A,Vehicle,CUST-1016
Ibrahim Ibrahim,Doctor,30,Female,D,,CUST-1017
Bassem Saied,Sales_Rep,56,Male,A,Vehicle,CUST-1018
Mona Saied,Freelancer,40,Male,A,,CUST-1019
Zaki Adel,Doctor,41,Female,B,,CUST-1020
Layla Mahmoud,Sales_Rep,52,Male,C,,CUST-1021
Sara Fawzy,Teacher,22,Male,A,,CUST-1022
Layla Nabil,Engineer,42,Male,A,Vehicle,CUST-1023
Wael Nabil,Accountant,28,Female,C,,CUST-1024
Zaki Nabil,Doctor,26,Female,B,,CUST-1025
Fatma Amr,Sales_Rep,32,Male,A,Land,CUST-1026
Ahmed Ibrahim,Technician,35,Male,D,Vehicle,CUST-1027
Mostafa Adel,Engineer,23,Male,C,,CUST-1028
,Doctor,33,Female,C,Vehicle,CUST-1029
Khaled Mahmoud,Doctor,30,Male,C,Vehicle,CUST-1030
Omar Zaki,Teacher,63,Female,D,Vehicle,CUST-1031
Fatma Ibrahim,Accountant,38,Male,D,Vehicle,CUST-1032
Bassem Kamel,Teacher,36,Female,D,Land,CUST-1033
Hoda Abdel-Aziz,Technician,23,Female,B,,CUST-1034
Hassan Reda,Accountant,33,Male,C,Land,CUST-1035
Khaled Hamdy,Accountant,39,Female,B,,CUST-1036
Hoda Saied,Doctor,65,Female,C,Land,CUST-1037
Tarek El-Sayed,Technician,64,Female,C,Vehicle,CUST-1038
Mona Hassan,Freelancer,46,Female,B,Land,CUST-1039
Wael Hamdy,Teacher,55,Male,C,Land,CUST-1040
Layla El-Sayed,Technician,60,Female,A,Land,CUST-1041
,Engineer,46,Male,D,,CUST-1042
Dina Kamel,Sales_Rep,63,Male,D,,CUST-1043
Ibrahim Reda,Technician,48,Male,B,Land,CUST-1044
Mostafa Hassan,Technician,22,Male,C,,CUST-1045
Salma Ibrahim,Teacher,59,Male,D,Land,CUST-1046
Zaki Zaki,Teacher,59,Female,C,,CUST-1047
Wael Reda,Doctor,55,Female,C,Land,CUST-1048
Sherif Reda,Sales_Rep,53,Female,A,Land,CUST-1049
Amira Nabil,Doctor,31,Female,D,,CUST-1050
Mohamed Amr,Teacher,32,Female,B,,CUST-1051
Sara Fawzy,Sales_Rep,47,Male,A,Land,CUST-1052
Zaki Ibrahim,Technician,34,Female,B,Vehicle,CUST-1053
Mahmoud Amr,Sales_Rep,48,Female,B,Land,CUST-1054
Khaled Reda,Freelancer,62,Male,B,Land,CUST-1055
Fatma Ghanem,Teacher,37,Male,D,,CUST-1056
Dina El-Sayed,Sales_Rep,52,Male,B,Land,CUST-1057
Salma Mansour,Freelancer,47,Female,B,Vehicle,CUST-1058
Mona Mansour,Freelancer,52,Female,B,Vehicle,CUST-1059
Ibrahim Hamdy,Doctor,42,Female,B,Vehicle,CUST-1060
Hoda Saied,Freelancer,40,Female,D,Vehicle,CUST-1061
Wael Abdel-Aziz,Engineer,50,Female,D,Vehicle,CUST-1062
Bassem Amr,Accountant,28,Female,C,Land,CUST-1063
Amira Amr,Teacher,32,Female,D,,CUST-1064
Bassem Ghanem,Accountant,21,Male,D,,CUST-1065
Omar Fawzy,Sales_Rep,62,Female,B,,CUST-1066
Heba Amr,Accountant,61,Female,A,,CUST-1067
Fatma Hamdy,Sales_Rep,32,Female,A,,CUST-1068
Sherif Reda,Engineer,41,Female,B,,CUST-1069
Ahmed Saied,Accountant,57,Female,C,Land,CUST-1070
Omar Amr,Teacher,22,Female,D,Land,CUST-1071
Fatma El-Sayed,Freelancer,33,Male,D,,CUST-1072
Mona Hamdy,Technician,37,Male,A,,CUST-1073
Sherif Hamdy,Accountant,56,Female,A,Land,CUST-1074
Mostafa Ghanem,Engineer,37,Female,D,,CUST-1075
Hoda Abdel-Aziz,Technician,38,Male,A,Vehicle,CUST-1076
Karim Reda,Accountant,60,Male,B,,CUST-1077
Dina Amr,Accountant,37,Male,C,,CUST-1078
Heba Saied,Accountant,24,Male,A,Land,CUST-1079
Ibrahim Amr,Accountant,50,Male,B,Vehicle,CUST-1080
Mahmoud El-Sayed,Accountant,39,Male,D,Land,CUST-1081
Fatma Hassan,Freelancer,54,Male,D,Land,CUST-1082
Dina Mansour,Teacher,61,Male,C,,CUST-1083
Hoda Hassan,Engineer,36,Male,A,,CUST-1084
Wael El-Sayed,Freelancer,50,Female,D,Land,CUST-1085
Amira Hamdy,Teacher,42,Male,C,Land,CUST-1086
Omar El-Sayed,Doctor,33,Male,B,Land,CUST-1087
Salma Mansour,Teacher,32,Female,A,,CUST-1088
Ibrahim Saied,Doctor,48,Female,B,Vehicle,CUST-1089
Mohamed Zaki,Sales_Rep,29,Male,B,,CUST-1090
Mona Nabil,Doctor,31,Male,C,,CUST-1091
Zaki Kamel,Engineer,62,Female,D,Land,CUST-1092
Mahmoud Hamdy,Teacher,56,Male,A,,CUST-1093
,Accountant,56,Female,A,Vehicle,CUST-1094
Zaki El-Sayed,Accountant,24,Female,A,Vehicle,CUST-1095
Omar Ghanem,Accountant,54,Female,C,Vehicle,CUST-1096
Salma Reda,Engineer,24,Female,A,Land,CUST-1097
Fatma Nabil,Teacher,43,Female,C,Vehicle,CUST-1098
,Freelancer,26,Male,C,Land,CUST-1099
Ahmed Amr,Technician,29,Male,C,Land,CUST-1100
Nabil Ibrahim,Freelancer,59,Female,A,Vehicle,CUST-1101
Hoda Mansour,Doctor,23,Female,A,,CUST-1102
Hoda Hamdy,Sales_Rep,57,Male,C,Land,CUST-1103
Ahmed El-Sayed,Freelancer,23,Female,B,Vehicle,CUST-1104
Amira El-Sayed,Freelancer,63,Female,A,,CUST-1105
Mahmoud Kamel,Freelancer,27,Male,B,Land,CUST-1106
Ahmed Mahmoud,Technician,36,Female,B,Land,CUST-1107
Hassan Zaki,Engineer,35,Male,A,,CUST-1108
Ahmed Hassan,Accountant,55,Female,C,,CUST-1109
Omar Ghanem,Doctor,42,Female,C,Vehicle,CUST-1110
Hamdy Abdel-Aziz,Accountant,33,Male,C,Vehicle,CUST-1111
Mahmoud Nabil,Sales_Rep,29,Female,A,Land,CUST-1112
Ibrahim Mansour,Engineer,24,Male,C,Vehicle,CUST-1113
Tarek El-Sayed,Sales_Rep,50,Male,D,,CUST-1114
Karim Zaki,Accountant,26,Male,D,Vehicle,CUST-1115
Sherif Ghanem,Doctor,64,Female,D,Land,CUST-1116
Karim Ibrahim,Sales_Rep,53,Female,C,Vehicle,CUST-1117
Dina Kamel,Freelancer,43,Male,A,Vehicle,CUST-1118
Bassem Saied,Accountant,59,Male,D,Vehicle,CUST-1119
Zaki Hassan,Doctor,53,Female,A,Vehicle,CUST-1120
Salma Amr,Teacher,50,Male,D,Land,CUST-1121
Tarek Hassan,Teacher,56,Male,C,,CUST-1122
Amira Hamdy,Accountant,39,Female,B,Vehicle,CUST-1123
Mostafa Abdel-Aziz,Teacher,43,Male,B,,CUST-1124
Mahmoud Ibrahim,Engineer,43,Female,D,Vehicle,CUST-1125
Mohamed Fawzy,Sales_Rep,65,Female,A,Vehicle,CUST-1126
,Accountant,34,Male,C,Land,CUST-1127
Sara Mansour,Accountant,38,Male,B,Vehicle,CUST-1128
Hamdy Mansour,Engineer,58,Female,B,,CUST-1129
Wael Fawzy,Accountant,49,Male,C,Land,CUST-1130
Ibrahim Mahmoud,Teacher,65,Male,A,Land,CUST-1131
Mona Mahmoud,Doctor,46,Female,A,Land,CUST-1132
Salma Saied,Teacher,40,Female,D,Land,CUST-1133
Ahmed Ibrahim,Technician,53,Female,C,Vehicle,CUST-1134
,Accountant,25,Male,C,Land,CUST-1135
Mona Ibrahim,Teacher,35,Female,C,,CUST-1136
Zaki Ibrahim,Technician,32,Female,D,Land,CUST-1137
Ahmed Mahmoud,Engineer,29,Male,A,Land,CUST-1138
Fatma Amr,Technician,45,Male,D,,CUST-1139
Hassan Abdel-Aziz,Teacher,44,Female,B,Land,CUST-1140
Wael Mahmoud,Freelancer,44,Female,D,Vehicle,CUST-1141
Mostafa Zaki,Doctor,64,Female,B,Vehicle,CUST-1142
Hamdy Reda,Teacher,58,Female,A,Vehicle,CUST-1143
Ibrahim Abdel-Aziz,Doctor,39,Female,B,Land,CUST-1144
Heba Nabil,Teacher,39,Female,D,,CUST-1145
Zaki Ibrahim,Engineer,53,Female,D,,CUST-1146
Khaled Reda,Teacher,33,Male,D,Land,CUST-1147
Bassem Amr,Accountant,28,Male,C,Vehicle,CUST-1148
Heba Ghanem,Accountant,55,Male,C,,CUST-1149
Ahmed Mansour,Engineer,33,Male,A,,CUST-1150
Nabil Amr,Technician,51,Male,C,,CUST-1151
Hassan Mansour,Sales_Rep,40,Male,B,,CUST-1152
Ahmed Mansour,Technician,49,Male,D,,CUST-1153
Heba Ibrahim,Teacher,24,Male,B,Vehicle,CUST-1154
Omar Saied,Doctor,50,Female,D,Vehicle,CUST-1155
Salma Hassan,Teacher,34,Male,A,Vehicle,CUST-1156
Layla Amr,Technician,36,Male,A,Vehicle,CUST-1157
Mostafa Nabil,Freelancer,45,Male,C,Vehicle,CUST-1158
Mahmoud Mahmoud,Accountant,28,Female,C,Land,CUST-1159
Fatma Saied,Doctor,50,Male,A,Vehicle,CUST-1160
Bassem Zaki,Technician,56,Male,D,Land,CUST-1161
Ahmed Adel,Sales_Rep,64,Male,B,Land,CUST-1162
Layla El-Sayed,Sales_Rep,50,Male,D,Land,CUST-1163
Hoda Ibrahim,Freelancer,60,Male,C,Land,CUST-1164
Heba Amr,Accountant,59,Female,C,,CUST-1165
Hassan Fawzy,Freelancer,59,Male,A,,CUST-1166
Tarek Amr,Engineer,56,Female,A,,CUST-1167
Mostafa Fawzy,Accountant,23,Male,C,Land,CUST-1168
Sara Abdel-Aziz,Accountant,34,Male,B,Land,CUST-1169
Hassan Ghanem,Doctor,41,Male,C,,CUST-1170
Mona Nabil,Doctor,42,Female,B,,CUST-1171
Mahmoud Ghanem,Doctor,39,Female,C,Land,CUST-1172
Hamdy Fawzy,Teacher,63,Male,A,Vehicle,CUST-1173
Mohamed Reda,Engineer,44,Male,D,Vehicle,CUST-1174
Bassem Reda,Freelancer,28,Male,D,,CUST-1175
Mostafa Mansour,Engineer,61,Female,C,Land,CUST-1176
Karim Saied,Sales_Rep,43,Male,A,Vehicle,CUST-1177
Heba Amr,Engineer,41,Male,D,Vehicle,CUST-1178
Dina Kamel,Engineer,26,Male,C,Vehicle,CUST-1179
Mohamed El-Sayed,Technician,41,Female,D,Vehicle,CUST-1180
Layla Ghanem,Freelancer,42,Male,D,Land,CUST-1181
Ibrahim Nabil,Doctor,51,Male,D,Vehicle,CUST-1182
Ahmed Nabil,Accountant,24,Male,A,Land,CUST-1183
Salma Kamel,Sales_Rep,62,Female,D,Land,CUST-1184
Amira Mansour,Sales_Rep,57,Male,B,Land,CUST-1185
Ahmed Ghanem,Accountant,44,Female,B,Vehicle,CUST-1186
Mostafa Mansour,Engineer,31,Male,C,,CUST-1187
Sara Hamdy,Engineer,52,Female,B,Vehicle,CUST-1188
Hassan Nabil,Teacher,56,Male,A,,CUST-1189
Sara Mahmoud,Teacher,47,Female,A,,CUST-1190
,Doctor,25,Male,C,Vehicle,CUST-1191
Wael Nabil,Teacher,50,Female,B,,CUST-1192
Heba Saied,Technician,48,Male,A,Land,CUST-1193
,Freelancer,58,Female,B,,CUST-1194
Sara Adel,Sales_Rep,24,Male,C,Land,CUST-1195
Hoda Nabil,Freelancer,31,Female,B,Vehicle,CUST-1196
Mona Saied,Doctor,38,Female,B,,CUST-1197
Ahmed Kamel,Engineer,47,Female,D,Vehicle,CUST-1198
Amira Zaki,Teacher,43,Female,C,Land,CUST-1199
Sara Hamdy,Freelancer,27,Male,D,,CUST-1200
Heba Ghanem,Engineer,39,Male,C,Vehicle,CUST-1201
Dina Zaki,Technician,32,Male,A,,CUST-1202
Mahmoud Saied,Doctor,54,Male,C,Land,CUST-1203
Wael Saied,Doctor,22,Male,C,Land,CUST-1204
Hassan Hamdy,Teacher,33,Male,C,,CUST-1205
Amira Ibrahim,Technician,44,Female,C,Vehicle,CUST-1206
Sherif Mansour,Engineer,30,Male,C,Land,CUST-1207
Omar Fawzy,Engineer,30,Female,B,Land,CUST-1208
Nabil Nabil,Teacher,62,Male,B,Land,CUST-1209
Mohamed Hamdy,Technician,64,Female,B,,CUST-1210
Hassan Ibrahim,Sales_Rep,36,Male,D,,CUST-1211
Nabil Amr,Doctor,49,Male,A,Land,CUST-1212
Zaki Hassan,Teacher,28,Female,B,Land,CUST-1213
Layla Amr,Freelancer,57,Male,D,Land,CUST-1214
Omar Ibrahim,Sales_Rep,38,Male,A,Vehicle,CUST-1215
Fatma Mahmoud,Accountant,37,Male,D,Vehicle,CUST-1216
Dina Reda,Teacher,43,Female,D,Land,CUST-1217
Fatma Adel,Doctor,64,Male,D,Vehicle,CUST-1218
Dina Ghanem,Freelancer,62,Male,A,Land,CUST-1219
Ibrahim Nabil,Technician,55,Female,D,Vehicle,CUST-1220
,Teacher,23,Female,A,,CUST-1221
Hoda Kamel,Engineer,62,Female,C,,CUST-1222
Omar Fawzy,Freelancer,21,Female,A,Land,CUST-1223
Omar Adel,Freelancer,45,Female,A,,CUST-1224
Sara Mahmoud,Technician,34,Female,B,,CUST-1225
Zaki Hamdy,Freelancer,64,Male,D,,CUST-1226
Sherif Hassan,Doctor,59,Male,C,Vehicle,CUST-1227
Ibrahim Zaki,Sales_Rep,48,Male,C,Land,CUST-1228
Fatma Hassan,Freelancer,40,Female,C,,CUST-1229
Layla Hamdy,Teacher,23,Male,B,,CUST-1230
Karim Ibrahim,Technician,26,Female,B,Land,CUST-1231
Mahmoud Nabil,Freelancer,22,Female,B,,CUST-1232
Sara Mahmoud,Doctor,43,Male,A,,CUST-1233
Sara El-Sayed,Technician,46,Female,C,Land,CUST-1234
Fatma Hamdy,Technician,24,Male,C,Land,CUST-1235
Amira El-Sayed,Freelancer,37,Female,A,,CUST-1236
Mostafa Zaki,Freelancer,49,Male,D,Land,CUST-1237
Nabil Adel,Sales_Rep,24,Female,B,Vehicle,CUST-1238
Dina Kamel,Doctor,52,Male,B,,CUST-1239
Bassem El-Sayed,Freelancer,42,Female,D,,CUST-1240
Tarek Ghanem,Sales_Rep,65,Male,B,Land,CUST-1241
Mona Hamdy,Freelancer,34,Female,C,Land,CUST-1242
Mahmoud Hamdy,Technician,53,Male,D,Land,CUST-1243
Sherif Kamel,Technician,21,Female,A,Land,CUST-1244
Hassan Mansour,Engineer,65,Male,D,,CUST-1245
Mahmoud Ibrahim,Freelancer,60,Female,D,Vehicle,CUST-1246
Tarek Reda,Freelancer,56,Male,A,Land,CUST-1247
Sara Kamel,Sales_Rep,37,Male,C,,CUST-1248
Tarek Ghanem,Sales_Rep,33,Male,D,Land,CUST-1249
Fatma Fawzy,Doctor,50,Female,B,,CUST-1250
Wael Ghanem,Freelancer,30,Female,A,Vehicle,CUST-1251
Amira Fawzy,Doctor,47,Male,D,,CUST-1252
Omar Ibrahim,Doctor,51,Female,B,Land,CUST-1253
Mahmoud Hassan,Engineer,35,Female,A,,CUST-1254
Hassan Amr,Engineer,42,Female,D,Vehicle,CUST-1255
Hassan El-Sayed,Accountant,32,Male,A,Land,CUST-1256
Ibrahim El-Sayed,Teacher,29,Male,C,,CUST-1257
Salma El-Sayed,Accountant,21,Female,A,,CUST-1258
Amira Mansour,Sales_Rep,53,Female,C,Land,CUST-1259
Nabil Adel,Teacher,27,Female,A,Vehicle,CUST-1260
Sara Mahmoud,Teacher,32,Male,A,Vehicle,CUST-1261
Wael Nabil,Technician,50,Female,C,Vehicle,CUST-1262
Khaled Hassan,Technician,48,Male,D,Land,CUST-1263
Hassan Ibrahim,Doctor,63,Female,D,Vehicle,CUST-1264
Mostafa Kamel,Accountant,62,Male,B,,CUST-1265
Sara Ghanem,Technician,41,Female,B,Vehicle,CUST-1266
Dina Hassan,Doctor,33,Male,C,Land,CUST-1267
Omar Reda,Technician,52,Female,C,,CUST-1268
Dina Mansour,Doctor,60,Male,A,Vehicle,CUST-1269
Wael Kamel,Freelancer,58,Female,B,,CUST-1270
Mostafa Zaki,Teacher,27,Female,C,Vehicle,CUST-1271
Khaled Hassan,Engineer,21,Male,B,Land,CUST-1272
Khaled Adel,Engineer,57,Female,A,,CUST-1273
Ahmed Zaki,Freelancer,50,Male,B,,CUST-1274
Layla Ibrahim,Sales_Rep,29,Female,D,,CUST-1275
Omar Nabil,Technician,30,Male,A,Vehicle,CUST-1276
Karim Nabil,Doctor,60,Female,D,Vehicle,CUST-1277
Mohamed Hassan,Teacher,61,Male,A,Land,CUST-1278
Mostafa Reda,Teacher,24,Male,D,Land,CUST-1279
Zaki Nabil,Teacher,44,Male,D,,CUST-1280
Zaki Saied,Doctor,24,Female,A,Vehicle,CUST-1281
Wael Adel,Engineer,34,Female,D,,CUST-1282
Hoda Hamdy,Sales_Rep,62,Male,C,Land,CUST-1283
Tarek Reda,Freelancer,34,Female,A,Land,CUST-1284
Wael Fawzy,Doctor,23,Male,B,,CUST-1285
Sara Saied,Teacher,56,Female,C,,CUST-1286
Karim Hamdy,Teacher,57,Female,C,Vehicle,CUST-1287
Khaled Hassan,Doctor,62,Female,C,Land,CUST-1288
Sara Mahmoud,Sales_Rep,38,Male,A,Vehicle,CUST-1289
Zaki Mahmoud,Doctor,43,Female,C,Land,CUST-1290
Salma Nabil,Freelancer,44,Female,A,,CUST-1291
Nabil El-Sayed,Engineer,26,Male,A,,CUST-1292
Dina Abdel-Aziz,Freelancer,42,Female,A,Vehicle,CUST-1293
Sara Hamdy,Teacher,53,Male,C,Vehicle,CUST-1294
Amira Mahmoud,Accountant,27,Female,C,Land,CUST-1295
Ahmed Nabil,Sales_Rep,33,Female,C,Vehicle,CUST-1296
Dina Kamel,Doctor,49,Male,A,,CUST-1297
Hassan Amr,Accountant,62,Female,D,Land,CUST-1298
Salma Zaki,Freelancer,56,Female,C,Land,CUST-1299
Mona Nabil,Engineer,49,Female,D,,CUST-1300
Amira Kamel,Engineer,56,Male,B,,CUST-1301
Tarek Ghanem,Engineer,56,Female,C,Vehicle,CUST-1302
Hoda Nabil,Sales_Rep,46,Male,C,Land,CUST-1303
Salma Mansour,Engineer,28,Female,A,,CUST-1304
Hassan Mansour,Engineer,27,Female,A,Land,CUST-1305
Khaled Reda,Sales_Rep,56,Female,A,Vehicle,CUST-1306
Tarek Mahmoud,Freelancer,21,Male,B,,CUST-1307
Zaki Nabil,Teacher,21,Female,C,,CUST-1308
Sherif Abdel-Aziz,Engineer,28,Female,A,,CUST-1309
Dina Mahmoud,Doctor,38,Male,D,,CUST-1310
Heba Zaki,Freelancer,52,Male,A,Land,CUST-1311
Hamdy Amr,Doctor,59,Male,A,Land,CUST-1312
Heba Hamdy,Sales_Rep,47,Female,A,,CUST-1313
Bassem Mahmoud,Accountant,27,Female,B,Land,CUST-1314
Mahmoud El-Sayed,Doctor,39,Male,A,Vehicle,CUST-1315
Layla Adel,Engineer,51,Male,B,,CUST-1316
,Teacher,23,Female,D,Land,CUST-1317
Nabil Abdel-Aziz,Sales_Rep,26,Female,C,Land,CUST-1318
,Teacher,50,Female,A,Land,CUST-1319
,Doctor,23,Female,A,Vehicle,CUST-1320
Layla Zaki,Freelancer,49,Female,A,Land,CUST-1321
Heba El-Sayed,Doctor,32,Male,B,,CUST-1322
Tarek Mahmoud,Engineer,42,Female,B,,CUST-1323
Wael Mansour,Technician,44,Female,B,Vehicle,CUST-1324
Mahmoud El-Sayed,Teacher,25,Male,B,Vehicle,CUST-1325
Heba Mansour,Engineer,55,Female,B,,CUST-1326
Hoda Nabil,Freelancer,41,Female,D,Land,CUST-1327
Salma Amr,Teacher,36,Female,C,Land,CUST-1328
Hassan Saied,Teacher,39,Male,B,Land,CUST-1329
Sara Kamel,Teacher,30,Male,A,Land,CUST-1330
Amira Mahmoud,Doctor,26,Male,B,Vehicle,CUST-1331
Ibrahim El-Sayed,Engineer,36,Female,C,,CUST-1332
Mostafa Mahmoud,Doctor,50,Male,C,Land,CUST-1333
Wael Fawzy,Teacher,39,Male,A,Vehicle,CUST-1334
Amira Fawzy,Technician,47,Male,C,,CUST-1335
Hamdy Saied,Doctor,23,Female,C,Land,CUST-1336
Zaki Fawzy,Freelancer,57,Male,B,Land,CUST-1337
Omar Hassan,Sales_Rep,36,Male,C,Vehicle,CUST-1338
Nabil Adel,Freelancer,32,Male,B,Vehicle,CUST-1339
Nabil Fawzy,Technician,49,Male,D,Vehicle,CUST-1340
Heba Abdel-Aziz,Teacher,54,Male,B,Land,CUST-1341
Fatma Kamel,Accountant,57,Female,A,Land,CUST-1342
Wael Kamel,Freelancer,45,Male,A,Vehicle,CUST-1343
Mona Mahmoud,Doctor,55,Female,B,Land,CUST-1344
Zaki Abdel-Aziz,Accountant,47,Female,D,,CUST-1345
Dina Kamel,Technician,56,Female,B,,CUST-1346
Amira Mansour,Engineer,21,Male,B,,CUST-1347
Salma Fawzy,Technician,32,Female,B,Vehicle,CUST-1348
Ahmed Abdel-Aziz,Doctor,56,Female,A,Land,CUST-1349
Omar Zaki,Accountant,24,Male,D,,CUST-1350
Bassem Kamel,Doctor,32,Male,C,Vehicle,CUST-1351
Sherif Hassan,Freelancer,52,Male,B,Land,CUST-1352
Khaled Zaki,Engineer,44,Female,D,Land,CUST-1353
Fatma Ghanem,Engineer,58,Male,B,Land,CUST-1354
Wael Ibrahim,Doctor,61,Male,C,Land,CUST-1355
Mostafa Mansour,Accountant,51,Female,B,Vehicle,CUST-1356
Salma Kamel,Sales_Rep,27,Female,A,,CUST-1357
Omar Saied,Sales_Rep,29,Female,A,,CUST-1358
Hassan Zaki,Teacher,53,Male,A,,CUST-1359
Sherif Fawzy,Teacher,22,Male,B,,CUST-1360
Salma Kamel,Technician,54,Female,B,,CUST-1361
Ahmed Abdel-Aziz,Sales_Rep,26,Male,B,,CUST-1362
Wael Amr,Teacher,47,Male,D,Land,CUST-1363
Omar Nabil,Teacher,50,Female,C,,CUST-1364
Tarek Reda,Technician,37,Male,C,Land,CUST-1365
Sherif Saied,Technician,23,Male,B,Vehicle,CUST-1366
Wael Nabil,Freelancer,22,Male,D,Land,CUST-1367
Zaki Mansour,Teacher,52,Male,D,Vehicle,CUST-1368
Mona Abdel-Aziz,Doctor,51,Female,A,,CUST-1369
Mahmoud Ghanem,Doctor,33,Female,D,Vehicle,CUST-1370
Sara Fawzy,Engineer,41,Male,C,,CUST-1371
Wael Hassan,Engineer,60,Male,C,,CUST-1372
Omar Abdel-Aziz,Freelancer,65,Male,B,Land,CUST-1373
Fatma Hamdy,Sales_Rep,60,Male,B,Land,CUST-1374
Dina Adel,Freelancer,56,Female,D,Land,CUST-1375
Omar Abdel-Aziz,Doctor,54,Male,A,,CUST-1376
Zaki Mansour,Freelancer,37,Male,C,Vehicle,CUST-1377
Salma Fawzy,Accountant,24,Female,D,Vehicle,CUST-1378
Sara Adel,Teacher,27,Female,C,,CUST-1379
Dina Amr,Teacher,34,Female,A,,CUST-1380
Bassem Ghanem,Freelancer,47,Female,C,Vehicle,CUST-1381
Sara Hamdy,Teacher,46,Male,A,,CUST-1382
Mona Saied,Sales_Rep,33,Male,A,,CUST-1383
Hoda Adel,Teacher,54,Male,C,Land,CUST-1384
Heba Mansour,Doctor,22,Male,A,,CUST-1385
Sara Mahmoud,Teacher,29,Male,D,Vehicle,CUST-1386
,Freelancer,39,Male,C,Vehicle,CUST-1387
Wael Ibrahim,Technician,26,Male,D,Vehicle,CUST-1388
Sherif Ghanem,Teacher,43,Female,B,Vehicle,CUST-1389
Hassan Zaki,Doctor,45,Female,D,Land,CUST-1390
Dina Saied,Sales_Rep,62,Male,C,Vehicle,CUST-1391
Salma Mansour,Sales_Rep,42,Male,C,Vehicle,CUST-1392
Dina Ghanem,Engineer,24,Female,A,,CUST-1393
Karim Zaki,Freelancer,39,Female,A,Land,CUST-1394
Layla Hassan,Teacher,30,Female,D,,CUST-1395
Omar Amr,Engineer,41,Male,B,Land,CUST-1396
Hoda Abdel-Aziz,Technician,29,Female,A,,CUST-1397
,Teacher,45,Male,B,Vehicle,CUST-1398
Ahmed Nabil,Freelancer,51,Female,B,,CUST-1399
Mahmoud Adel,Doctor,53,Male,B,Vehicle,CUST-1400
Hoda Hassan,Sales_Rep,52,Female,D,Land,CUST-1401
Omar Mansour,Engineer,62,Male,D,Land,CUST-1402
Salma Hassan,Sales_Rep,49,Male,C,,CUST-1403
Zaki Saied,Teacher,50,Female,D,Land,CUST-1404
Mahmoud Saied,Doctor,55,Female,A,,CUST-1405
Wael Abdel-Aziz,Engineer,45,Male,A,Land,CUST-1406
Bassem Amr,Sales_Rep,52,Female,C,Land,CUST-1407
Karim Ibrahim,Teacher,37,Female,B,Land,CUST-1408
Khaled El-Sayed,Teacher,32,Male,B,,CUST-1409
Mona El-Sayed,Teacher,63,Female,C,Land,CUST-1410
Bassem Hamdy,Sales_Rep,36,Male,B,Land,CUST-1411
Sherif Abdel-Aziz,Technician,44,Female,D,Vehicle,CUST-1412
Bassem Hamdy,Freelancer,63,Male,B,,CUST-1413
,Teacher,33,Female,C,,CUST-1414
Tarek El-Sayed,Teacher,64,Male,A,,CUST-1415
Mahmoud Fawzy,Sales_Rep,54,Female,D,Land,CUST-1416
Mona Hassan,Teacher,36,Male,C,Vehicle,CUST-1417
Fatma Hamdy,Freelancer,47,Female,C,Vehicle,CUST-1418
Layla Adel,Technician,54,Male,C,,CUST-1419
Nabil Zaki,Accountant,60,Male,D,,CUST-1420
Wael Saied,Teacher,48,Female,A,Vehicle,CUST-1421
Layla Ghanem,Freelancer,57,Male,D,Vehicle,CUST-1422
Bassem Mahmoud,Freelancer,33,Female,A,Vehicle,CUST-1423
Layla Fawzy,Sales_Rep,35,Female,A,,CUST-1424
Dina Abdel-Aziz,Sales_Rep,49,Male,C,Vehicle,CUST-1425
Mona Hassan,Technician,49,Female,A,Land,CUST-1426
Sara Amr,Freelancer,23,Male,A,Land,CUST-1427
Amira Zaki,Accountant,55,Male,B,,CUST-1428
Hoda Fawzy,Sales_Rep,32,Female,A,,CUST-1429
Layla Adel,Engineer,59,Male,C,Vehicle,CUST-1430
Dina Hamdy,Sales_Rep,44,Male,C,Land,CUST-1431
Mahmoud Ghanem,Freelancer,21,Female,A,,CUST-1432
Amira El-Sayed,Sales_Rep,52,Male,B,Land,CUST-1433
Heba Abdel-Aziz,Sales_Rep,63,Female,B,Land,CUST-1434
Mona Hassan,Teacher,48,Male,B,Vehicle,CUST-1435
Zaki Fawzy,Freelancer,28,Male,C,Vehicle,CUST-1436
Heba Mahmoud,Doctor,46,Female,A,,CUST-1437
Fatma Abdel-Aziz,Doctor,22,Male,A,,CUST-1438
Sara Hassan,Freelancer,59,Female,B,,CUST-1439
,Accountant,63,Male,C,,CUST-1440
Omar Ghanem,Teacher,43,Female,B,,CUST-1441
Hassan Ibrahim,Accountant,29,Male,B,Land,CUST-1442
Nabil Ibrahim,Freelancer,40,Male,D,Vehicle,CUST-1443
Khaled Fawzy,Technician,54,Female,C,Vehicle,CUST-1444
Nabil Saied,Doctor,31,Male,D,Land,CUST-1445
Mahmoud Reda,Engineer,40,Male,C,Land,CUST-1446
Ahmed Mahmoud,Engineer,54,Female,C,,CUST-1447
Sherif Saied,Accountant,25,Female,C,Land,CUST-1448
Ahmed Nabil,Doctor,30,Male,C,Vehicle,CUST-1449
Sara Fawzy,Engineer,36,Male,D,,CUST-1450
Tarek Nabil,Engineer,49,Female,B,Land,CUST-1451
Layla Kamel,Freelancer,51,Female,D,,CUST-1452
Amira Fawzy,Engineer,49,Male,C,Vehicle,CUST-1453
Mohamed Adel,Teacher,57,Male,D,,CUST-1454
Sherif Saied,Doctor,42,Female,A,Land,CUST-1455
Tarek El-Sayed,Accountant,33,Female,C,Land,CUST-1456
Layla Ghanem,Technician,37,Male,A,Vehicle,CUST-1457
Heba Fawzy,Engineer,38,Female,A,Vehicle,CUST-1458
Mona Abdel-Aziz,Accountant,29,Male,D,Vehicle,CUST-1459
Tarek El-Sayed,Engineer,57,Male,D,Vehicle,CUST-1460
Heba Reda,Doctor,24,Female,A,Vehicle,CUST-1461
Layla El-Sayed,Freelancer,63,Male,D,Land,CUST-1462
Khaled Reda,Teacher,64,Female,D,Land,CUST-1463
Ibrahim Hamdy,Sales_Rep,65,Female,B,Vehicle,CUST-1464
Sara Reda,Sales_Rep,21,Female,C,Vehicle,CUST-1465
Tarek Kamel,Doctor,32,Female,C,Vehicle,CUST-1466
Zaki Adel,Teacher,44,Male,B,Land,CUST-1467
Ibrahim Mahmoud,Technician,58,Female,B,Land,CUST-1468
Nabil Zaki,Engineer,23,Female,A,Land,CUST-1469
Karim Nabil,Engineer,40,Male,B,,CUST-1470
Mostafa Abdel-Aziz,Teacher,35,Female,A,Land,CUST-1471
Ahmed El-Sayed,Doctor,48,Male,B,,CUST-1472
Nabil Amr,Teacher,27,Male,B,Vehicle,CUST-1473
Ibrahim Amr,Technician,24,Male,D,Land,CUST-1474
Zaki Adel,Freelancer,61,Female,B,Land,CUST-1475
Tarek Hassan,Accountant,41,Female,B,,CUST-1476
Bassem Saied,Sales_Rep,28,Female,B,Land,CUST-1477
Omar Amr,Accountant,38,Female,C,Vehicle,CUST-1478
Amira Mahmoud,Freelancer,50,Male,A,Land,CUST-1479
Salma Ghanem,Doctor,65,Male,C,Land,CUST-1480
Nabil Mahmoud,Engineer,41,Female,D,,CUST-1481
Heba Ghanem,Accountant,49,Male,B,Land,CUST-1482
Mona Adel,Accountant,33,Female,D,,CUST-1483
Mona El-Sayed,Doctor,49,Female,B,Vehicle,CUST-1484
Layla Reda,Teacher,30,Male,D,,CUST-1485
Ahmed Ghanem,Accountant,46,Female,C,Vehicle,CUST-1486
Wael Ibrahim,Sales_Rep,47,Male,A,Vehicle,CUST-1487
Mona Kamel,Technician,61,Female,C,,CUST-1488
Heba Ibrahim,Sales_Rep,34,Male,C,Vehicle,CUST-1489
Karim Mansour,Freelancer,28,Female,C,Land,CUST-1490
Mona Abdel-Aziz,Engineer,59,Female,D,Land,CUST-1491
Heba El-Sayed,Freelancer,46,Female,D,Land,CUST-1492
Hassan Hassan,Teacher,29,Male,A,,CUST-1493
Bassem Ibrahim,Technician,41,Female,B,Vehicle,CUST-1494
Layla Nabil,Doctor,28,Male,A,,CUST-1495
,Technician,59,Female,D,,CUST-1496
Fatma Fawzy,Engineer,55,Female,D,Vehicle,CUST-1497
,Sales_Rep,38,Male,B,,CUST-1498
Mahmoud Mahmoud,Freelancer,35,Male,C,,CUST-1499
Ahmed Ibrahim,Teacher,57,Male,A,,CUST-1500
Salma Hamdy,Technician,46,Male,A,,CUST-1501
Amira Fawzy,Technician,54,Male,C,Land,CUST-1502
Mona Kamel,Engineer,25,Male,D,Vehicle,CUST-1503
Hoda Fawzy,Engineer,44,Male,B,,CUST-1504
Salma Mahmoud,Freelancer,41,Male,B,,CUST-1505
Omar Saied,Technician,46,Female,D,,CUST-1506
Hamdy Nabil,Freelancer,35,Female,D,Vehicle,CUST-1507
Dina Kamel,Technician,40,Male,D,,CUST-1508
Hamdy Reda,Technician,44,Male,B,Vehicle,CUST-1509
Karim Adel,Sales_Rep,57,Female,D,Land,CUST-1510
Nabil Fawzy,Technician,42,Male,A,,CUST-1511
Hamdy Hamdy,Teacher,43,Female,A,Vehicle,CUST-1512
Hoda Saied,Engineer,33,Female,C,Land,CUST-1513
Sherif Saied,Doctor,22,Male,C,Vehicle,CUST-1514
Nabil Ibrahim,Teacher,56,Female,C,Land,CUST-1515
Ahmed Nabil,Technician,49,Male,A,Vehicle,CUST-1516
Hamdy Kamel,Sales_Rep,34,Male,A,,CUST-1517
Nabil Saied,Accountant,51,Male,A,Land,CUST-1518
Dina Reda,Sales_Rep,55,Female,D,,CUST-1519
Dina Adel,Sales_Rep,48,Female,B,,CUST-1520
Hoda Mahmoud,Freelancer,59,Female,D,,CUST-1521
Sherif Abdel-Aziz,Doctor,33,Male,A,,CUST-1522
Fatma Mahmoud,Freelancer,54,Male,C,Land,CUST-1523
Karim Nabil,Doctor,23,Female,A,Vehicle,CUST-1524
Karim Zaki,Doctor,49,Male,C,Land,CUST-1525
Bassem Mansour,Sales_Rep,61,Female,D,Vehicle,CUST-1526
Hamdy Reda,Technician,30,Female,C,Land,CUST-1527
Mahmoud Hassan,Engineer,41,Male,C,,CUST-1528
Tarek Hamdy,Doctor,50,Male,A,Land,CUST-1529
,Engineer,42,Female,D,,CUST-1530
Karim Kamel,Teacher,37,Male,C,Land,CUST-1531
Heba Ibrahim,Technician,31,Male,A,Land,CUST-1532
Heba Zaki,Engineer,31,Female,B,Vehicle,CUST-1533
Tarek Mansour,Doctor,32,Female,C,Land,CUST-1534
Bassem Mansour,Teacher,23,Female,D,,CUST-1535
Sara Amr,Accountant,39,Female,A,Land,CUST-1536
Salma Reda,Doctor,22,Female,B,Land,CUST-1537
Karim Ghanem,Freelancer,54,Female,B,Land,CUST-1538
Bassem Ghanem,Accountant,47,Male,A,Vehicle,CUST-1539
Mohamed Ghanem,Teacher,37,Female,B,,CUST-1540
Sherif Hassan,Teacher,45,Male,D,,CUST-1541
Amira Mahmoud,Teacher,33,Male,D,,CUST-1542
Tarek Hassan,Accountant,65,Female,A,Land,CUST-1543
Zaki Ghanem,Freelancer,22,Male,D,Vehicle,CUST-1544
Zaki Hamdy,Engineer,52,Male,A,Land,CUST-1545
Nabil Mansour,Doctor,25,Female,D,Vehicle,CUST-1546
Omar Nabil,Doctor,32,Female,A,Vehicle,CUST-1547
Mostafa Fawzy,Accountant,25,Male,C,Land,CUST-1548
Khaled Saied,Teacher,35,Female,B,Land,CUST-1549
Mahmoud Hassan,Technician,51,Male,C,Vehicle,CUST-1550
Hassan Zaki,Sales_Rep,22,Male,D,Land,CUST-1551
Salma Abdel-Aziz,Technician,44,Female,C,Land,CUST-1552
Layla Kamel,Technician,61,Male,A,Vehicle,CUST-1553
Mostafa Hamdy,Sales_Rep,47,Male,A,,CUST-1554
Mahmoud Adel,Technician,35,Male,A,,CUST-1555
Fatma Adel,Freelancer,50,Male,D,Land,CUST-1556
Fatma Saied,Doctor,55,Male,B,,CUST-1557
Hoda Amr,Technician,60,Female,D,Land,CUST-1558
Layla Kamel,Engineer,25,Female,C,Vehicle,CUST-1559
Ahmed Hamdy,Teacher,39,Female,B,,CUST-1560
Layla Reda,Teacher,55,Female,B,,CUST-1561
Hamdy Saied,Accountant,61,Female,A,Land,CUST-1562
Bassem Hassan,Accountant,49,Female,B,Vehicle,CUST-1563
,Accountant,51,Male,C,,CUST-1564
Dina Saied,Technician,56,Female,C,Vehicle,CUST-1565
Layla Nabil,Teacher,51,Male,C,,CUST-1566
Tarek Nabil,Technician,59,Male,B,Land,CUST-1567
Sherif Reda,Technician,35,Male,A,Land,CUST-1568
Sara El-Sayed,Engineer,50,Male,D,Vehicle,CUST-1569
Zaki Adel,Accountant,46,Male,B,Land,CUST-1570
Khaled Hassan,Doctor,38,Male,A,,CUST-1571
Hoda Ghanem,Doctor,31,Female,A,Land,CUST-1572
Mohamed Abdel-Aziz,Sales_Rep,54,Female,B,,CUST-1573
Bassem Abdel-Aziz,Doctor,32,Male,B,Land,CUST-1574
Amira Reda,Engineer,59,Female,C,,CUST-1575
Heba Amr,Accountant,23,Female,B,Land,CUST-1576
Karim Saied,Doctor,50,Female,D,Land,CUST-1577
Mostafa El-Sayed,Doctor,48,Female,C,,CUST-1578
Salma Hamdy,Sales_Rep,27,Male,D,,CUST-1579
Salma Zaki,Teacher,54,Female,C,Vehicle,CUST-1580
Sherif Reda,Teacher,36,Female,C,Land,CUST-1581
Dina Ghanem,Doctor,35,Female,C,Vehicle,CUST-1582
Mostafa Hamdy,Freelancer,32,Male,B,Land,CUST-1583
Tarek Nabil,Sales_Rep,40,Female,B,Land,CUST-1584
Karim Hamdy,Freelancer,58,Female,C,Vehicle,CUST-1585
Karim El-Sayed,Accountant,32,Female,B,Vehicle,CUST-1586
Hamdy Abdel-Aziz,Teacher,58,Female,D,Vehicle,CUST-1587
Dina Saied,Technician,36,Female,C,Land,CUST-1588
Mona Reda,Engineer,27,Female,D,,CUST-1589
Tarek Ghanem,Doctor,62,Female,C,,CUST-1590
Hassan El-Sayed,Accountant,22,Male,B,Vehicle,CUST-1591
Ibrahim Hamdy,Doctor,23,Male,B,Vehicle,CUST-1592
Hoda Zaki,Accountant,31,Male,D,Vehicle,CUST-1593
Mohamed Amr,Sales_Rep,26,Male,C,,CUST-1594
Hamdy Zaki,Engineer,49,Male,A,Vehicle,CUST-1595
Layla Abdel-Aziz,Freelancer,39,Female,D,Land,CUST-1596
Khaled Reda,Accountant,34,Female,B,,CUST-1597
Dina Zaki,Accountant,21,Male,C,,CUST-1598
Hassan Saied,Teacher,38,Female,D,Vehicle,CUST-1599
Hoda Kamel,Technician,47,Female,C,Land,CUST-1600
Zaki Mansour,Engineer,44,Female,A,,CUST-1601
Ahmed Kamel,Doctor,27,Female,A,Land,CUST-1602
Ahmed Adel,Engineer,32,Female,C,,CUST-1603
Mostafa El-Sayed,Freelancer,53,Male,B,Land,CUST-1604
Sara Saied,Freelancer,56,Male,A,Land,CUST-1605
Heba Hamdy,Engineer,50,Female,C,Land,CUST-1606
Khaled Ghanem,Doctor,32,Female,A,Land,CUST-1607
Fatma Hassan,Accountant,32,Female,D,Land,CUST-1608
Mahmoud Mahmoud,Engineer,26,Female,B,,CUST-1609
Mohamed Mansour,Teacher,56,Male,C,,CUST-1610
Khaled Kamel,Doctor,50,Female,A,Vehicle,CUST-1611
Sherif Mansour,Accountant,62,Male,A,Land,CUST-1612
Amira Mahmoud,Engineer,54,Female,C,Land,CUST-1613
Ibrahim El-Sayed,Doctor,41,Female,D,,CUST-1614
Sara Zaki,Technician,60,Male,D,,CUST-1615
Salma Ibrahim,Sales_Rep,33,Male,D,Land,CUST-1616
Mona Ibrahim,Sales_Rep,34,Male,A,Vehicle,CUST-1617
Fatma Ibrahim,Engineer,33,Male,B,,CUST-1618
Omar Saied,Freelancer,21,Male,D,Vehicle,CUST-1619
Nabil Hassan,Technician,43,Female,D,Land,CUST-1620
Salma Mahmoud,Doctor,40,Male,A,Vehicle,CUST-1621
Hamdy Zaki,Doctor,46,Female,C,,CUST-1622
Ibrahim Reda,Sales_Rep,28,Female,A,,CUST-1623
Mahmoud Ibrahim,Sales_Rep,51,Female,D,Land,CUST-1624
Layla Ghanem,Accountant,56,Female,C,Land,CUST-1625
Dina Zaki,Sales_Rep,30,Male,C,Vehicle,CUST-1626
Amira El-Sayed,Teacher,41,Male,A,Land,CUST-1627
Nabil Mahmoud,Sales_Rep,34,Male,C,Land,CUST-1628
Hamdy Mahmoud,Freelancer,22,Male,B,Vehicle,CUST-1629
,Teacher,31,Male,D,Land,CUST-1630
Salma Ghanem,Sales_Rep,50,Male,A,Vehicle,CUST-1631
Fatma Reda,Accountant,54,Male,A,,CUST-1632
Zaki Hamdy,Technician,31,Male,C,Land,CUST-1633
Layla Ghanem,Sales_Rep,35,Female,D,Vehicle,CUST-1634
Hassan Hassan,Accountant,28,Male,A,,CUST-1635
Zaki Abdel-Aziz,Sales_Rep,33,Male,B,Land,CUST-1636
Tarek Nabil,Accountant,56,Male,B,,CUST-1637
Mahmoud Fawzy,Technician,58,Male,B,Vehicle,CUST-1638
Hoda Saied,Technician,41,Male,B,Land,CUST-1639
Karim Zaki,Freelancer,21,Female,C,,CUST-1640
Tarek Hamdy,Engineer,46,Male,A,,CUST-1641
Khaled Mansour,Doctor,46,Male,A,Vehicle,CUST-1642
Ibrahim Hassan,Sales_Rep,41,Female,D,Land,CUST-1643
Amira Zaki,Sales_Rep,36,Male,A,Vehicle,CUST-1644
Wael Reda,Freelancer,34,Female,D,Land,CUST-1645
Mona Nabil,Engineer,25,Female,B,Land,CUST-1646
Hamdy El-Sayed,Accountant,24,Male,B,,CUST-1647
Sara Mahmoud,Teacher,23,Female,A,,CUST-1648
Sherif Fawzy,Sales_Rep,53,Male,B,Land,CUST-1649
Zaki Hamdy,Doctor,37,Female,D,,CUST-1650
Heba Mansour,Technician,61,Male,C,,CUST-1651
Layla Saied,Engineer,42,Female,D,Vehicle,CUST-1652
Bassem Nabil,Doctor,48,Female,C,,CUST-1653
Salma Kamel,Accountant,31,Male,B,,CUST-1654
Zaki Ibrahim,Engineer,57,Male,C,Vehicle,CUST-1655
Ibrahim Kamel,Freelancer,47,Female,C,Land,CUST-1656
Omar Mahmoud,Technician,21,Male,A,,CUST-1657
Salma Hamdy,Engineer,40,Male,C,,CUST-1658
Hoda Ghanem,Teacher,22,Male,B,,CUST-1659
Mahmoud Mansour,Engineer,44,Female,D,Land,CUST-1660
Bassem Adel,Accountant,45,Female,A,,CUST-1661
Tarek El-Sayed,Doctor,64,Male,B,Vehicle,CUST-1662
Ibrahim Saied,Sales_Rep,33,Male,D,Vehicle,CUST-1663
Karim Ghanem,Engineer,53,Female,A,Land,CUST-1664
Hassan El-Sayed,Technician,37,Female,C,Land,CUST-1665
Amira Amr,Doctor,27,Male,D,Land,CUST-1666
Ahmed Reda,Engineer,46,Male,B,Land,CUST-1667
Wael Mansour,Accountant,50,Male,C,Vehicle,CUST-1668
Nabil Adel,Engineer,62,Female,A,,CUST-1669
Tarek Mansour,Freelancer,36,Male,C,Land,CUST-1670
Zaki Zaki,Doctor,49,Male,D,Land,CUST-1671
Mohamed Hassan,Accountant,32,Female,D,Vehicle,CUST-1672
Hassan Reda,Accountant,27,Female,B,Vehicle,CUST-1673
Dina Hamdy,Accountant,61,Male,D,Vehicle,CUST-1674
Ahmed Hassan,Technician,39,Male,B,Vehicle,CUST-1675
Mohamed Saied,Sales_Rep,58,Male,B,,CUST-1676
Hamdy Reda,Doctor,25,Female,A,Land,CUST-1677
Dina Reda,Teacher,31,Female,D,Land,CUST-1678
Mostafa Amr,Doctor,59,Male,B,Vehicle,CUST-1679
Hassan Adel,Engineer,33,Female,C,Land,CUST-1680
Tarek Ghanem,Freelancer,45,Male,D,Vehicle,CUST-1681
Hoda Amr,Accountant,47,Female,B,,CUST-1682
Mohamed Mansour,Doctor,24,Female,B,Vehicle,CUST-1683
Ahmed Adel,Teacher,59,Male,D,,CUST-1684
Mohamed Adel,Engineer,49,Female,D,Vehicle,CUST-1685
Ahmed Ghanem,Engineer,42,Female,C,Vehicle,CUST-1686
Ibrahim Ghanem,Engineer,40,Female,B,,CUST-1687
Ahmed Fawzy,Engineer,52,Female,B,Land,CUST-1688
Wael Abdel-Aziz,Freelancer,28,Male,A,Vehicle,CUST-1689
Mostafa Ibrahim,Technician,63,Male,D,Land,CUST-1690
Mohamed Saied,Sales_Rep,57,Male,A,Vehicle,CUST-1691
Nabil Abdel-Aziz,Freelancer,27,Male,D,Land,CUST-1692
,Engineer,58,Male,D,Vehicle,CUST-1693
Hassan El-Sayed,Doctor,27,Male,A,,CUST-1694
Hoda Fawzy,Technician,35,Female,C,Land,CUST-1695
Nabil Abdel-Aziz,Engineer,56,Male,A,,CUST-1696
Hoda Ghanem,Freelancer,35,Male,B,Vehicle,CUST-1697
Fatma Kamel,Freelancer,25,Male,C,,CUST-1698
Salma Zaki,Sales_Rep,32,Male,A,,CUST-1699
Mona Ibrahim,Teacher,35,Male,B,Land,CUST-1700
Heba Mahmoud,Doctor,29,Male,D,Land,CUST-1701
Mona Ghanem,Doctor,62,Female,C,,CUST-1702
Nabil Reda,Engineer,61,Male,C,,CUST-1703
Zaki Mahmoud,Technician,37,Male,A,Land,CUST-1704
Ibrahim El-Sayed,Engineer,37,Male,C,,CUST-1705
Salma Nabil,Sales_Rep,46,Female,A,Land,CUST-1706
Bassem Amr,Engineer,51,Male,C,Land,CUST-1707
Ahmed Abdel-Aziz,Technician,38,Male,C,Vehicle,CUST-1708
Heba Ibrahim,Sales_Rep,38,Female,A,,CUST-1709
Salma Ibrahim,Doctor,46,Female,C,,CUST-1710
Mostafa Hamdy,Accountant,32,Male,B,,CUST-1711
Karim Reda,Sales_Rep,41,Male,C,Vehicle,CUST-1712
Sherif Saied,Engineer,36,Male,C,,CUST-1713
Hoda Hamdy,Engineer,42,Male,D,,CUST-1714
Mostafa Adel,Sales_Rep,37,Female,C,Vehicle,CUST-1715
Layla Zaki,Freelancer,33,Male,A,Vehicle,CUST-1716
Karim Mansour,Accountant,45,Female,B,Land,CUST-1717
Mahmoud Zaki,Technician,65,Male,C,Land,CUST-1718
Mahmoud Ghanem,Sales_Rep,54,Female,C,Land,CUST-1719
Heba Hassan,Accountant,21,Male,C,,CUST-1720
Wael Mahmoud,Doctor,44,Male,A,Land,CUST-1721
Hamdy Saied,Technician,26,Female,C,,CUST-1722
Hamdy Nabil,Teacher,51,Male,B,Land,CUST-1723
Sherif Hassan,Engineer,23,Male,D,Land,CUST-1724
Mahmoud Hassan,Engineer,45,Male,A,,CUST-1725
Omar El-Sayed,Engineer,21,Female,A,Vehicle,CUST-1726
Mahmoud Kamel,Technician,45,Male,A,Land,CUST-1727
Salma Nabil,Freelancer,27,Female,C,Land,CUST-1728
Salma Zaki,Technician,39,Male,B,,CUST-1729
Tarek Amr,Teacher,32,Male,C,Vehicle,CUST-1730
Tarek Mansour,Sales_Rep,62,Female,A,Vehicle,CUST-1731
Khaled Ghanem,Sales_Rep,55,Male,B,,CUST-1732
Nabil Mahmoud,Engineer,22,Female,C,Land,CUST-1733
Karim Mahmoud,Technician,61,Male,A,,CUST-1734
Khaled Amr,Doctor,26,Male,A,Land,CUST-1735
Ibrahim Adel,Sales_Rep,62,Female,B,Land,CUST-1736
Omar Hamdy,Technician,64,Male,A,Land,CUST-1737
Hamdy Hamdy,Accountant,64,Female,D,Vehicle,CUST-1738
Zaki Mahmoud,Engineer,56,Male,C,Land,CUST-1739
Sara Amr,Teacher,41,Female,B,,CUST-1740
Ibrahim Nabil,Doctor,56,Male,D,Land,CUST-1741
Mohamed Reda,Technician,33,Female,B,Land,CUST-1742
Layla Amr,Accountant,35,Female,C,Land,CUST-1743
Mostafa Kamel,Teacher,53,Female,D,,CUST-1744
Sara Reda,Freelancer,48,Male,C,,CUST-1745
Hassan Adel,Freelancer,51,Female,A,Vehicle,CUST-1746
Fatma El-Sayed,Freelancer,52,Female,C,Vehicle,CUST-1747
Mohamed Kamel,Accountant,31,Male,D,Vehicle,CUST-1748
Sara Ghanem,Sales_Rep,38,Female,B,,CUST-1749
,Technician,55,Male,B,,CUST-1750
Ibrahim Ghanem,Freelancer,65,Female,C,,CUST-1751
Hassan Ibrahim,Freelancer,35,Male,C,Vehicle,CUST-1752
Ibrahim Mahmoud,Freelancer,43,Male,A,Land,CUST-1753
Khaled Nabil,Freelancer,54,Male,A,Vehicle,CUST-1754
Hamdy Mahmoud,Doctor,41,Female,A,,CUST-1755
Dina Ghanem,Sales_Rep,65,Female,D,Land,CUST-1756
Khaled Hassan,Technician,65,Female,D,,CUST-1757
Ibrahim Amr,Technician,26,Female,C,Land,CUST-1758
Nabil Amr,Engineer,51,Male,B,Land,CUST-1759
Dina Saied,Teacher,35,Female,B,,CUST-1760
Amira Ghanem,Teacher,53,Male,D,,CUST-1761
Hassan Fawzy,Technician,27,Female,C,Land,CUST-1762
Ibrahim Fawzy,Sales_Rep,26,Female,A,,CUST-1763
Mohamed Hassan,Sales_Rep,34,Female,D,Vehicle,CUST-1764
Fatma Hamdy,Sales_Rep,45,Male,B,Vehicle,CUST-1765
Layla Nabil,Accountant,21,Female,B,Land,CUST-1766
Mostafa El-Sayed,Technician,52,Female,B,Land,CUST-1767
Sherif Hassan,Engineer,31,Male,D,,CUST-1768
Hamdy Reda,Freelancer,54,Female,A,Vehicle,CUST-1769
Mona Mansour,Accountant,28,Male,C,Land,CUST-1770
Hassan Amr,Technician,59,Female,B,,CUST-1771
Ahmed Saied,Accountant,40,Female,B,Land,CUST-1772
Zaki Ghanem,Technician,29,Male,D,,CUST-1773
Salma Saied,Freelancer,33,Male,D,,CUST-1774
Sara Abdel-Aziz,Doctor,57,Male,C,Land,CUST-1775
Ibrahim Nabil,Accountant,36,Female,B,Vehicle,CUST-1776
Nabil Ghanem,Doctor,43,Male,A,,CUST-1777
Amira Zaki,Teacher,50,Female,C,Vehicle,CUST-1778
Salma Fawzy,Accountant,44,Male,D,Land,CUST-1779
Hoda Reda,Accountant,26,Female,D,,CUST-1780
Hassan Mahmoud,Accountant,49,Female,D,Land,CUST-1781
Zaki El-Sayed,Sales_Rep,55,Female,B,Land,CUST-1782
Hamdy Kamel,Sales_Rep,58,Female,A,Land,CUST-1783
Hoda Mahmoud,Engineer,33,Male,D,Land,CUST-1784
,Sales_Rep,35,Female,A,Vehicle,CUST-1785
Omar Hamdy,Technician,36,Female,B,Vehicle,CUST-1786
Nabil Nabil,Engineer,39,Male,B,,CUST-1787
Hoda Adel,Teacher,57,Male,A,Land,CUST-1788
Bassem Fawzy,Teacher,65,Female,A,Vehicle,CUST-1789
Mahmoud El-Sayed,Engineer,25,Male,A,,CUST-1790
Nabil Saied,Doctor,42,Male,D,,CUST-1791
Nabil Mahmoud,Sales_Rep,55,Male,B,Vehicle,CUST-1792
Mohamed Saied,Accountant,30,Male,B,Vehicle,CUST-1793
Hoda Kamel,Technician,41,Female,D,Land,CUST-1794
Hassan Amr,Engineer,34,Male,C,,CUST-1795
Omar Amr,Sales_Rep,40,Male,D,Vehicle,CUST-1796
Ahmed Ibrahim,Technician,24,Female,A,Land,CUST-1797
Dina Ibrahim,Engineer,45,Female,C,Vehicle,CUST-1798
Dina Nabil,Technician,52,Male,A,,CUST-1799
Sherif Ibrahim,Engineer,25,Male,B,Land,CUST-1800
Wael Ibrahim,Doctor,24,Female,D,Vehicle,CUST-1801
Zaki Kamel,Technician,52,Male,C,Vehicle,CUST-1802
Sherif Ghanem,Freelancer,28,Male,D,Land,CUST-1803
Mohamed Mansour,Accountant,46,Male,C,Vehicle,CUST-1804
Bassem El-Sayed,Accountant,27,Female,D,,CUST-1805
Mona Abdel-Aziz,Freelancer,57,Female,C,,CUST-1806
Bassem Saied,Teacher,42,Male,C,Vehicle,CUST-1807
Zaki Reda,Engineer,63,Male,B,,CUST-1808
Karim Saied,Doctor,61,Male,D,,CUST-1809
Zaki Zaki,Teacher,35,Female,B,Vehicle,CUST-1810
Hassan Zaki,Sales_Rep,36,Female,B,,CUST-1811
Fatma Adel,Freelancer,65,Female,D,Vehicle,CUST-1812
Hoda Amr,Technician,29,Female,A,,CUST-1813
Mostafa Reda,Doctor,60,Female,C,Vehicle,CUST-1814
Ahmed Reda,Engineer,64,Male,C,,CUST-1815
Hamdy Nabil,Teacher,35,Female,A,Land,CUST-1816
Sara El-Sayed,Engineer,44,Female,A,,CUST-1817
Karim Zaki,Freelancer,34,Female,C,Vehicle,CUST-1818
Hassan Amr,Technician,22,Male,C,Vehicle,CUST-1819
Wael Kamel,Sales_Rep,61,Male,A,Vehicle,CUST-1820
Ibrahim El-Sayed,Accountant,29,Male,D,Land,CUST-1821
Omar Abdel-Aziz,Engineer,34,Female,D,Land,CUST-1822
Fatma Mansour,Engineer,55,Female,C,Vehicle,CUST-1823
Heba Amr,Technician,51,Male,C,Land,CUST-1824
Sherif Nabil,Engineer,33,Male,D,Vehicle,CUST-1825
Salma Adel,Sales_Rep,57,Female,B,,CUST-1826
Karim Fawzy,Engineer,24,Female,B,Vehicle,CUST-1827
Dina El-Sayed,Sales_Rep,42,Female,A,Vehicle,CUST-1828
Mahmoud Mahmoud,Technician,59,Female,C,Vehicle,CUST-1829
Wael Abdel-Aziz,Freelancer,22,Male,A,,CUST-1830
Zaki Zaki,Technician,24,Male,C,Vehicle,CUST-1831
Layla Fawzy,Doctor,21,Male,C,Vehicle,CUST-1832
Layla Abdel-Aziz,Sales_Rep,23,Female,C,,CUST-1833
Zaki Saied,Engineer,40,Female,D,,CUST-1834
,Sales_Rep,61,Male,D,Land,CUST-1835
Mostafa Ghanem,Freelancer,55,Female,B,,CUST-1836
Ahmed Zaki,Technician,55,Female,D,Vehicle,CUST-1837
Layla Amr,Sales_Rep,44,Female,A,,CUST-1838
Layla Ghanem,Accountant,30,Female,D,Land,CUST-1839
Mohamed Kamel,Technician,58,Male,B,Land,CUST-1840
Omar Adel,Teacher,24,Male,A,Land,CUST-1841
Bassem Fawzy,Engineer,58,Male,C,Land,CUST-1842
Sherif Reda,Technician,38,Male,D,Vehicle,CUST-1843
Ahmed Reda,Technician,32,Male,C,Land,CUST-1844
Dina Ibrahim,Freelancer,26,Female,B,Vehicle,CUST-1845
Zaki Nabil,Technician,24,Female,D,Land,CUST-1846
Omar Nabil,Engineer,44,Female,C,Vehicle,CUST-1847
Dina Nabil,Sales_Rep,28,Female,A,Vehicle,CUST-1848
Mostafa Kamel,Technician,34,Female,B,Vehicle,CUST-1849
,Sales_Rep,41,Female,B,Vehicle,CUST-1850
Heba Abdel-Aziz,Teacher,39,Male,C,,CUST-1851
Layla Ghanem,Engineer,50,Male,A,,CUST-1852
Hoda El-Sayed,Teacher,54,Male,A,,CUST-1853
Mohamed Adel,Doctor,38,Male,C,Land,CUST-1854
Heba Saied,Accountant,46,Male,D,Land,CUST-1855
Dina Mahmoud,Doctor,48,Female,B,Vehicle,CUST-1856
Tarek Ibrahim,Teacher,28,Male,A,Land,CUST-1857
Karim Mansour,Technician,51,Female,B,,CUST-1858
Bassem Kamel,Sales_Rep,27,Female,A,Land,CUST-1859
Mohamed Nabil,Freelancer,39,Male,B,Land,CUST-1860
Karim Saied,Engineer,55,Male,D,Vehicle,CUST-1861
Zaki Reda,Sales_Rep,47,Male,D,Vehicle,CUST-1862
Sherif Kamel,Freelancer,64,Male,C,,CUST-1863
Ibrahim Reda,Freelancer,24,Male,B,Land,CUST-1864
Sherif Reda,Technician,57,Male,B,Land,CUST-1865
Mohamed Hassan,Engineer,60,Male,D,,CUST-1866
,Technician,56,Female,B,,CUST-1867
Zaki Ghanem,Engineer,36,Female,D,Land,CUST-1868
Sherif Ibrahim,Teacher,38,Male,C,Vehicle,CUST-1869
Tarek El-Sayed,Accountant,49,Male,B,,CUST-1870
Hoda Amr,Technician,24,Male,D,,CUST-1871
Zaki Kamel,Accountant,57,Male,C,,CUST-1872
,Engineer,29,Male,B,Land,CUST-1873
Mahmoud Mahmoud,Engineer,65,Female,A,,CUST-1874
Ahmed Hassan,Sales_Rep,47,Female,C,Land,CUST-1875
Nabil Ibrahim,Engineer,65,Female,C,Vehicle,CUST-1876
Fatma Ghanem,Accountant,48,Male,B,Land,CUST-1877
Mona Amr,Engineer,51,Female,D,Land,CUST-1878
Nabil Mahmoud,Technician,30,Male,A,Land,CUST-1879
Mohamed Hamdy,Accountant,28,Female,A,,CUST-1880
Salma Mahmoud,Doctor,63,Male,D,Vehicle,CUST-1881
Tarek Ibrahim,Freelancer,37,Female,D,,CUST-1882
Tarek Ibrahim,Teacher,35,Female,C,Land,CUST-1883
Hamdy Hamdy,Sales_Rep,65,Male,D,,CUST-1884
Mostafa Reda,Technician,26,Female,D,Land,CUST-1885
Mahmoud Nabil,Doctor,61,Female,A,Vehicle,CUST-1886
Fatma Ghanem,Teacher,29,Male,B,,CUST-1887
Sherif Fawzy,Doctor,40,Male,D,,CUST-1888
Sherif Nabil,Teacher,54,Female,B,Land,CUST-1889
Omar Hassan,Technician,65,Female,B,,CUST-1890
Omar Kamel,Freelancer,26,Female,C,Vehicle,CUST-1891
Zaki Amr,Technician,26,Female,D,Land,CUST-1892
Zaki Mansour,Accountant,50,Female,B,,CUST-1893
Heba Hassan,Teacher,21,Female,B,,CUST-1894
Fatma Hamdy,Sales_Rep,63,Female,D,Land,CUST-1895
Ahmed Mahmoud,Engineer,48,Female,D,,CUST-1896
Bassem Hassan,Freelancer,46,Female,C,,CUST-1897
Karim Hassan,Teacher,31,Female,C,Land,CUST-1898
Hamdy Adel,Teacher,64,Female,B,Land,CUST-1899
Amira Kamel,Accountant,57,Female,C,,CUST-1900
Dina Hamdy,Teacher,34,Male,D,Land,CUST-1901
Mona Abdel-Aziz,Technician,52,Male,C,,CUST-1902
Mohamed Kamel,Doctor,41,Female,A,,CUST-1903
Mona Mahmoud,Accountant,45,Male,C,,CUST-1904
Amira Reda,Doctor,23,Female,D,Vehicle,CUST-1905
Mona Reda,Sales_Rep,22,Female,C,,CUST-1906
Sherif Zaki,Doctor,56,Male,D,,CUST-1907
Dina Abdel-Aziz,Technician,24,Female,A,,CUST-1908
Khaled Saied,Technician,41,Female,C,Vehicle,CUST-1909
Heba Hamdy,Doctor,64,Male,C,Land,CUST-1910
Hamdy Saied,Accountant,62,Male,A,Vehicle,CUST-1911
Mohamed Nabil,Freelancer,47,Male,A,Land,CUST-1912
Ahmed Kamel,Freelancer,23,Female,A,Land,CUST-1913
Sara Reda,Freelancer,39,Male,B,Land,CUST-1914
Wael Abdel-Aziz,Teacher,61,Female,D,,CUST-1915
Fatma Mansour,Accountant,32,Female,A,Land,CUST-1916
Karim Abdel-Aziz,Technician,46,Male,D,Vehicle,CUST-1917
Ahmed Ibrahim,Freelancer,42,Male,D,Land,CUST-1918
Zaki Nabil,Technician,36,Male,B,,CUST-1919
Dina Mansour,Sales_Rep,57,Female,A,,CUST-1920
Hamdy Fawzy,Freelancer,25,Male,B,,CUST-1921
Wael Zaki,Doctor,21,Male,D,Land,CUST-1922
Hamdy Hamdy,Engineer,57,Male,D,Land,CUST-1923
Sara Zaki,Engineer,55,Male,B,Land,CUST-1924
Fatma Mansour,Freelancer,34,Female,B,,CUST-1925
Bassem Mansour,Sales_Rep,37,Male,D,,CUST-1926
Zaki Zaki,Engineer,59,Male,D,,CUST-1927
Omar Mansour,Accountant,49,Male,D,Land,CUST-1928
Hoda Abdel-Aziz,Technician,49,Female,B,Vehicle,CUST-1929
Mostafa Hassan,Teacher,23,Female,B,Land,CUST-1930
Nabil El-Sayed,Engineer,42,Female,B,Vehicle,CUST-1931
Layla Saied,Sales_Rep,24,Female,A,Vehicle,CUST-1932
Amira Saied,Accountant,35,Male,B,Land,CUST-1933
Mostafa El-Sayed,Sales_Rep,39,Male,B,Land,CUST-1934
Heba Fawzy,Doctor,38,Female,C,,CUST-1935
Omar Hamdy,Teacher,45,Female,D,Land,CUST-1936
Hamdy Saied,Sales_Rep,45,Male,B,,CUST-1937
Sara Fawzy,Sales_Rep,55,Male,C,,CUST-1938
Salma Ghanem,Sales_Rep,31,Male,A,Vehicle,CUST-1939
Mohamed Nabil,Engineer,59,Female,D,Land,CUST-1940
Nabil Saied,Doctor,63,Male,C,Land,CUST-1941
Karim Mahmoud,Teacher,49,Male,D,,CUST-1942
Layla Kamel,Teacher,48,Male,D,Land,CUST-1943
Salma El-Sayed,Sales_Rep,54,Female,A,Vehicle,CUST-1944
Hassan Ibrahim,Teacher,55,Female,A,,CUST-1945
Karim Zaki,Doctor,29,Male,A,,CUST-1946
Ahmed Mahmoud,Sales_Rep,36,Male,C,Vehicle,CUST-1947
Sherif Abdel-Aziz,Doctor,36,Male,B,Vehicle,CUST-1948
Mostafa Hassan,Freelancer,37,Male,D,,CUST-1949
Mona Mansour,Sales_Rep,25,Female,B,Vehicle,CUST-1950
Nabil Ibrahim,Accountant,47,Male,A,Land,CUST-1951
Mona Abdel-Aziz,Freelancer,29,Female,D,,CUST-1952
Ibrahim Ghanem,Freelancer,50,Female,A,Land,CUST-1953
Hamdy Saied,Teacher,32,Male,C,Land,CUST-1954
Nabil Nabil,Sales_Rep,44,Female,A,Land,CUST-1955
Mona Kamel,Engineer,51,Female,A,Vehicle,CUST-1956
Ahmed Hassan,Engineer,58,Female,D,Land,CUST-1957
Nabil Mahmoud,Doctor,65,Male,C,Vehicle,CUST-1958
Mostafa Kamel,Sales_Rep,52,Female,B,Vehicle,CUST-1959
Karim Reda,Teacher,48,Male,D,,CUST-1960
Mohamed Mansour,Sales_Rep,23,Female,D,Vehicle,CUST-1961
Ibrahim Kamel,Technician,27,Female,B,Vehicle,CUST-1962
,Technician,55,Female,D,,CUST-1963
Omar Nabil,Accountant,56,Male,D,,CUST-1964
Amira Adel,Sales_Rep,53,Male,D,Vehicle,CUST-1965
,Technician,47,Female,C,Land,CUST-1966
Hoda Mahmoud,Accountant,48,Male,D,Vehicle,CUST-1967
Bassem Hamdy,Accountant,56,Female,B,Vehicle,CUST-1968
Heba Ibrahim,Engineer,45,Female,B,Land,CUST-1969
Mohamed Abdel-Aziz,Teacher,56,Female,B,,CUST-1970
Layla Mahmoud,Sales_Rep,33,Male,B,Land,CUST-1971
Layla Nabil,Freelancer,63,Female,B,Vehicle,CUST-1972
Sherif Hassan,Sales_Rep,60,Female,A,Land,CUST-1973
Dina Hamdy,Sales_Rep,34,Male,B,,CUST-1974
Fatma Ibrahim,Freelancer,23,Female,B,,CUST-1975
Salma Abdel-Aziz,Technician,60,Female,A,Vehicle,CUST-1976
Khaled Ghanem,Accountant,62,Female,C,Vehicle,CUST-1977
Sara Hassan,Doctor,25,Female,C,Vehicle,CUST-1978
Sherif Hassan,Teacher,32,Female,A,Land,CUST-1979
Fatma Abdel-Aziz,Accountant,56,Female,D,Land,CUST-1980
Hamdy Ibrahim,Technician,64,Male,B,Land,CUST-1981
Tarek Ghanem,Accountant,45,Male,C,Vehicle,CUST-1982
Mona Abdel-Aziz,Teacher,32,Female,D,Land,CUST-1983
Mahmoud Mahmoud,Freelancer,29,Female,A,Vehicle,CUST-1984
Khaled Ghanem,Sales_Rep,61,Male,B,,CUST-1985
Fatma Adel,Freelancer,34,Male,D,,CUST-1986
Ahmed Ibrahim,Teacher,43,Male,A,Land,CUST-1987
,Freelancer,32,Female,D,Vehicle,CUST-1988
Fatma Fawzy,Freelancer,55,Female,D,Land,CUST-1989
Mahmoud Zaki,Technician,29,Female,B,,CUST-1990
Amira Reda,Sales_Rep,29,Female,C,,CUST-1991
Dina Ghanem,Technician,45,Female,B,Vehicle,CUST-1992
Sara Nabil,Doctor,60,Male,C,Vehicle,CUST-1993
Ibrahim Ibrahim,Freelancer,24,Male,A,Land,CUST-1994
Ahmed Nabil,Freelancer,39,Female,C,Land,CUST-1995
Ibrahim Adel,Sales_Rep,55,Male,C,Land,CUST-1996
Hoda Saied,Accountant,21,Male,C,Land,CUST-1997
Zaki Nabil,Freelancer,65,Male,B,Vehicle,CUST-1998
Wael Amr,Doctor,29,Female,D,Land,CUST-1999
Nabil Ghanem,Technician,30,Male,B,,CUST-2000
Khaled Saied,Teacher,52,Female,A,Vehicle,CUST-2001
Salma Zaki,Doctor,33,Male,C,Land,CUST-2002
Hamdy Saied,Freelancer,47,Male,A,,CUST-2003
Karim Reda,Teacher,46,Female,B,,CUST-2004
Omar Ibrahim,Technician,28,Female,A,,CUST-2005
Hoda Ibrahim,Engineer,24,Male,B,Land,CUST-2006
Dina Amr,Technician,30,Male,C,,CUST-2007
Nabil Hassan,Engineer,23,Male,B,,CUST-2008
,Freelancer,29,Male,D,Land,CUST-2009
Wael Abdel-Aziz,Sales_Rep,53,Male,D,,CUST-2010
Hamdy Abdel-Aziz,Sales_Rep,31,Female,D,Vehicle,CUST-2011
Mostafa Mahmoud,Sales_Rep,48,Male,A,Vehicle,CUST-2012
,Engineer,50,Male,D,Land,CUST-2013
Mahmoud Ibrahim,Freelancer,43,Male,B,,CUST-2014
Hassan Saied,Engineer,38,Female,D,,CUST-2015
Khaled Adel,Technician,56,Female,B,,CUST-2016
Dina Abdel-Aziz,Freelancer,31,Male,B,Vehicle,CUST-2017
Mostafa El-Sayed,Doctor,37,Male,D,Vehicle,CUST-2018
Wael Zaki,Technician,41,Female,A,,CUST-2019
Zaki Ghanem,Technician,25,Male,A,Vehicle,CUST-2020
Hoda Nabil,Doctor,58,Female,A,Vehicle,CUST-2021
Tarek Amr,Sales_Rep,39,Female,A,Land,CUST-2022
Sherif Zaki,Teacher,56,Female,A,Land,CUST-2023
Salma Fawzy,Doctor,22,Male,B,Land,CUST-2024
Tarek Ghanem,Freelancer,29,Male,D,Land,CUST-2025
Hoda Mahmoud,Accountant,52,Male,A,,CUST-2026
Heba Hamdy,Freelancer,51,Male,D,,CUST-2027
Ahmed Mahmoud,Doctor,27,Male,B,,CUST-2028
Ibrahim Mahmoud,Accountant,35,Male,D,,CUST-2029
Karim Fawzy,Engineer,65,Male,A,,CUST-2030
Layla Saied,Teacher,33,Male,A,Vehicle,CUST-2031
Wael Mansour,Sales_Rep,65,Female,D,Land,CUST-2032
Mahmoud El-Sayed,Freelancer,24,Female,B,Vehicle,CUST-2033
Heba Hassan,Sales_Rep,62,Female,D,Vehicle,CUST-2034
Nabil Adel,Doctor,22,Male,A,,CUST-2035
Hassan Mansour,Technician,41,Female,B,Vehicle,CUST-2036
Amira Abdel-Aziz,Technician,48,Female,A,Land,CUST-2037
Bassem Hamdy,Accountant,27,Male,B,,CUST-2038
Bassem Hassan,Engineer,65,Male,D,Vehicle,CUST-2039
Dina Mansour,Doctor,40,Female,C,Vehicle,CUST-2040
Fatma Ghanem,Accountant,30,Male,C,Land,CUST-2041
Amira Hamdy,Doctor,50,Male,D,,CUST-2042
Ibrahim Mansour,Technician,65,Male,B,Vehicle,CUST-2043
Karim Hamdy,Technician,52,Male,B,Vehicle,CUST-2044
Dina Fawzy,Engineer,57,Male,B,Land,CUST-2045
Mohamed Kamel,Accountant,62,Female,A,Land,CUST-2046
Ahmed Kamel,Doctor,45,Female,C,Vehicle,CUST-2047
Zaki Nabil,Sales_Rep,53,Male,D,Land,CUST-2048
Bassem Fawzy,Freelancer,39,Male,D,Land,CUST-2049
Fatma Nabil,Sales_Rep,61,Male,A,Land,CUST-2050
Khaled El-Sayed,Sales_Rep,25,Male,C,Vehicle,CUST-2051
Amira Amr,Technician,30,Female,D,Vehicle,CUST-2052
Sherif Hassan,Accountant,33,Male,A,Vehicle,CUST-2053
Hassan Amr,Doctor,37,Male,B,,CUST-2054
,Sales_Rep,46,Male,C,Vehicle,CUST-2055
Amira Mahmoud,Accountant,62,Male,C,Vehicle,CUST-2056
Khaled Ibrahim,Doctor,28,Male,D,Vehicle,CUST-2057
Nabil Zaki,Sales_Rep,48,Female,C,Land,CUST-2058
Sherif Hamdy,Freelancer,46,Male,D,,CUST-2059
Karim Saied,Teacher,28,Male,C,Vehicle,CUST-2060
Khaled Adel,Accountant,45,Female,D,Vehicle,CUST-2061
Tarek Kamel,Accountant,60,Male,A,Vehicle,CUST-2062
Amira El-Sayed,Technician,61,Female,A,,CUST-2063
Mona El-Sayed,Teacher,36,Female,D,Land,CUST-2064
Salma El-Sayed,Engineer,38,Male,B,Land,CUST-2065
Sherif Abdel-Aziz,Freelancer,37,Male,D,Vehicle,CUST-2066
Mona Reda,Engineer,37,Male,D,Vehicle,CUST-2067
Amira Saied,Accountant,42,Male,C,,CUST-2068
Amira Saied,Technician,45,Male,B,Land,CUST-2069
Zaki Saied,Freelancer,63,Male,B,Vehicle,CUST-2070
Wael Mansour,Teacher,28,Male,A,Vehicle,CUST-2071
Nabil Amr,Technician,42,Female,D,,CUST-2072
Ibrahim Nabil,Sales_Rep,65,Female,D,Land,CUST-2073
Mahmoud Zaki,Engineer,30,Male,B,Land,CUST-2074
Ahmed Saied,Engineer,64,Female,A,Vehicle,CUST-2075
Zaki Saied,Engineer,28,Male,B,Land,CUST-2076
Karim Adel,Doctor,47,Male,A,Vehicle,CUST-2077
Sara Fawzy,Teacher,30,Male,C,Land,CUST-2078
Hoda Mahmoud,Freelancer,41,Female,D,Land,CUST-2079
Tarek Reda,Accountant,22,Male,A,Land,CUST-2080
Khaled Zaki,Technician,53,Female,A,,CUST-2081
Mostafa Saied,Sales_Rep,33,Male,A,Vehicle,CUST-2082
Heba Abdel-Aziz,Doctor,40,Male,C,Land,CUST-2083
Mahmoud Adel,Teacher,63,Male,B,Vehicle,CUST-2084
Ahmed Zaki,Freelancer,53,Male,D,Vehicle,CUST-2085
Mona Fawzy,Accountant,28,Female,C,,CUST-2086
Layla Amr,Doctor,47,Female,B,Vehicle,CUST-2087
Khaled Reda,Sales_Rep,34,Male,A,Vehicle,CUST-2088
Nabil Hassan,Accountant,22,Female,D,,CUST-2089
Zaki Ghanem,Doctor,27,Female,D,,CUST-2090
Mona Reda,Engineer,51,Male,A,Vehicle,CUST-2091
Mostafa Saied,Sales_Rep,65,Male,C,Vehicle,CUST-2092
Wael Mahmoud,Accountant,43,Male,D,Land,CUST-2093
Bassem Zaki,Technician,24,Male,B,,CUST-2094
Mahmoud Ghanem,Doctor,61,Male,A,Land,CUST-2095
,Sales_Rep,27,Male,A,,CUST-2096
Ibrahim Mansour,Technician,51,Male,A,,CUST-2097
Ibrahim Ghanem,Engineer,30,Male,D,,CUST-2098
Mohamed Adel,Teacher,44,Male,D,Vehicle,CUST-2099
Hassan Zaki,Teacher,63,Male,C,,CUST-2100
Heba Saied,Teacher,22,Male,B,Land,CUST-2101
Dina Reda,Accountant,35,Male,A,Land,CUST-2102
Wael Fawzy,Teacher,41,Female,B,Land,CUST-2103
Heba Fawzy,Engineer,48,Male,D,,CUST-2104
Dina Reda,Accountant,30,Male,D,Land,CUST-2105
Layla Ibrahim,Technician,46,Male,B,Vehicle,CUST-2106
Hamdy Ibrahim,Freelancer,48,Male,A,Vehicle,CUST-2107
Khaled Zaki,Teacher,56,Female,D,Land,CUST-2108
Zaki Hassan,Freelancer,49,Male,B,Land,CUST-2109
Nabil Saied,Technician,65,Male,D,,CUST-2110
Sara Zaki,Accountant,54,Male,D,Land,CUST-2111
Bassem Adel,Doctor,63,Female,D,,CUST-2112
Layla Nabil,Accountant,65,Male,B,,CUST-2113
Mahmoud Fawzy,Freelancer,47,Male,D,,CUST-2114
Nabil Mahmoud,Sales_Rep,21,Male,A,Vehicle,CUST-2115
Ahmed Hassan,Freelancer,44,Male,C,Land,CUST-2116
Salma Hassan,Doctor,31,Male,A,Vehicle,CUST-2117
Zaki Hassan,Doctor,39,Male,C,Land,CUST-2118
Mona Abdel-Aziz,Freelancer,51,Female,A,,CUST-2119
Bassem El-Sayed,Accountant,37,Female,A,,CUST-2120
Zaki Abdel-Aziz,Accountant,31,Male,A,Land,CUST-2121
Bassem Reda,Teacher,22,Female,C,Land,CUST-2122
Sara Saied,Freelancer,31,Male,D,,CUST-2123
Mohamed Saied,Accountant,28,Male,A,Land,CUST-2124
Tarek Adel,Freelancer,29,Female,B,,CUST-2125
Nabil Hassan,Freelancer,37,Male,B,Land,CUST-2126
Dina Ibrahim,Freelancer,50,Male,C,,CUST-2127
Hamdy Nabil,Engineer,52,Male,C,,CUST-2128
Hassan Reda,Technician,59,Female,C,Land,CUST-2129
Layla Reda,Doctor,43,Male,D,,CUST-2130
Karim Ibrahim,Sales_Rep,43,Female,B,Land,CUST-2131
Hamdy Hamdy,Doctor,45,Male,A,Land,CUST-2132
Mostafa Abdel-Aziz,Teacher,54,Male,D,Vehicle,CUST-2133
Sherif Zaki,Sales_Rep,26,Female,D,,CUST-2134
Mona Mahmoud,Accountant,55,Male,B,Vehicle,CUST-2135
Hamdy Zaki,Accountant,54,Male,A,Land,CUST-2136
Sherif Ibrahim,Doctor,64,Male,A,,CUST-2137
Khaled Mansour,Engineer,51,Female,A,Land,CUST-2138
Layla Zaki,Engineer,40,Female,A,,CUST-2139
Omar Mahmoud,Technician,65,Female,C,Land,CUST-2140
Mona Saied,Doctor,29,Male,A,Vehicle,CUST-2141
Sherif Fawzy,Doctor,42,Female,D,Land,CUST-2142
Mostafa Saied,Engineer,26,Male,A,Vehicle,CUST-2143
,Accountant,58,Female,D,Vehicle,CUST-2144
Salma Amr,Sales_Rep,33,Female,D,Vehicle,CUST-2145
Sherif Kamel,Engineer,56,Female,B,Land,CUST-2146
Ibrahim Nabil,Accountant,57,Female,D,Land,CUST-2147
Fatma Kamel,Freelancer,47,Male,C,Vehicle,CUST-2148
Hamdy Abdel-Aziz,Engineer,51,Male,C,,CUST-2149
Khaled Amr,Teacher,64,Male,C,Land,CUST-2150
Mahmoud Amr,Teacher,31,Female,D,Land,CUST-2151
Mohamed Mahmoud,Teacher,50,Male,A,Vehicle,CUST-2152
Tarek Reda,Engineer,34,Female,D,Vehicle,CUST-2153
Dina Amr,Engineer,35,Male,A,Land,CUST-2154
Dina El-Sayed,Technician,31,Female,D,Land,CUST-2155
Mahmoud Amr,Freelancer,36,Male,D,Land,CUST-2156
Ibrahim Kamel,Freelancer,36,Male,C,Land,CUST-2157
Sherif Zaki,Accountant,28,Female,A,,CUST-2158
Omar Adel,Doctor,52,Male,C,,CUST-2159
Karim Nabil,Teacher,42,Male,A,Vehicle,CUST-2160
Fatma Nabil,Engineer,27,Male,A,Vehicle,CUST-2161
Salma El-Sayed,Technician,57,Male,B,Land,CUST-2162
Tarek Mahmoud,Technician,47,Male,D,Vehicle,CUST-2163
Bassem Zaki,Teacher,35,Male,A,,CUST-2164
Ibrahim Adel,Doctor,55,Male,C,Land,CUST-2165
Salma Reda,Doctor,58,Male,A,Land,CUST-2166
Salma Mansour,Technician,29,Male,A,,CUST-2167
Mona Saied,Freelancer,29,Female,D,Vehicle,CUST-2168
Hoda Mahmoud,Freelancer,62,Female,C,Vehicle,CUST-2169
Dina Hamdy,Technician,27,Male,C,,CUST-2170
Mostafa Saied,Doctor,41,Male,D,Vehicle,CUST-2171
Mohamed Fawzy,Engineer,22,Female,B,Land,CUST-2172
Sherif Hassan,Technician,29,Male,D,Land,CUST-2173
Khaled Zaki,Freelancer,37,Male,D,Vehicle,CUST-2174
Mostafa Fawzy,Accountant,42,Female,C,,CUST-2175
Sherif Kamel,Sales_Rep,26,Male,B,Land,CUST-2176
Layla Adel,Engineer,40,Male,B,Land,CUST-2177
Wael Hassan,Teacher,30,Male,D,,CUST-2178
Layla Abdel-Aziz,Teacher,27,Male,D,Land,CUST-2179
Sherif Adel,Freelancer,44,Male,A,Vehicle,CUST-2180
Sherif El-Sayed,Doctor,34,Male,C,Land,CUST-2181
Dina Adel,Doctor,21,Female,C,Land,CUST-2182
Hamdy Zaki,Doctor,22,Male,B,Vehicle,CUST-2183
Ibrahim Amr,Engineer,37,Female,D,Vehicle,CUST-2184
Karim Saied,Doctor,49,Male,A,Land,CUST-2185
Tarek Mansour,Accountant,27,Male,B,,CUST-2186
Mohamed Hassan,Sales_Rep,24,Female,B,Land,CUST-2187
Omar Amr,Freelancer,58,Male,C,,CUST-2188
Ibrahim Hamdy,Doctor,45,Male,D,Vehicle,CUST-2189
Omar Zaki,Freelancer,34,Female,C,Vehicle,CUST-2190
Bassem Mansour,Technician,35,Male,B,,CUST-2191
Dina Adel,Engineer,60,Female,D,Vehicle,CUST-2192
Hassan Kamel,Sales_Rep,23,Male,B,Vehicle,CUST-2193
Sara Nabil,Teacher,40,Female,C,Vehicle,CUST-2194
Mostafa Ibrahim,Technician,36,Female,B,Vehicle,CUST-2195
Sara Nabil,Engineer,39,Female,C,Vehicle,CUST-2196
Mahmoud Saied,Engineer,39,Male,A,,CUST-2197
Mostafa Reda,Teacher,47,Female,A,Land,CUST-2198
Khaled Adel,Teacher,24,Male,B,,CUST-2199
Hamdy Ibrahim,Freelancer,42,Male,D,Land,CUST-2200
Ibrahim Ibrahim,Freelancer,45,Male,A,Vehicle,CUST-2201
Ahmed Saied,Technician,35,Male,D,,CUST-2202
Heba Kamel,Technician,54,Female,A,Land,CUST-2203
Mostafa Kamel,Accountant,57,Female,B,Vehicle,CUST-2204
Dina Fawzy,Accountant,65,Male,C,,CUST-2205
Hoda Fawzy,Freelancer,32,Female,D,,CUST-2206
Salma Nabil,Accountant,58,Male,B,Vehicle,CUST-2207
Zaki Zaki,Technician,53,Female,B,Land,CUST-2208
Bassem Amr,Freelancer,24,Male,C,,CUST-2209
Mona Adel,Freelancer,25,Male,D,Land,CUST-2210
Nabil Hamdy,Teacher,53,Female,A,,CUST-2211
Ahmed Mansour,Technician,31,Male,B,,CUST-2212
,Doctor,42,Female,B,,CUST-2213
Ibrahim Ibrahim,Teacher,30,Female,D,Vehicle,CUST-2214
Hassan Adel,Freelancer,50,Male,C,Vehicle,CUST-2215
Sara Kamel,Engineer,47,Male,C,Land,CUST-2216
Zaki Ghanem,Freelancer,31,Male,A,,CUST-2217
Mona Saied,Sales_Rep,32,Female,D,Vehicle,CUST-2218
Bassem Zaki,Technician,25,Female,B,,CUST-2219
Layla Adel,Freelancer,26,Female,B,Vehicle,CUST-2220
Amira Abdel-Aziz,Engineer,62,Female,A,Vehicle,CUST-2221
Ahmed Ibrahim,Sales_Rep,62,Female,B,Vehicle,CUST-2222
Tarek Mahmoud,Accountant,58,Male,C,Land,CUST-2223
Khaled Adel,Doctor,43,Female,C,Vehicle,CUST-2224
Amira Adel,Freelancer,65,Female,B,Land,CUST-2225
Sara Amr,Freelancer,31,Male,A,Vehicle,CUST-2226
Sara Reda,Doctor,42,Male,B,Vehicle,CUST-2227
Hassan Hassan,Freelancer,64,Male,A,,CUST-2228
Mostafa Ibrahim,Teacher,26,Female,B,Vehicle,CUST-2229
Amira Kamel,Doctor,31,Male,C,,CUST-2230
Hassan Saied,Sales_Rep,60,Female,A,,CUST-2231
Hoda Mansour,Accountant,52,Male,A,,CUST-2232
Khaled Mahmoud,Sales_Rep,37,Male,D,Land,CUST-2233
Mahmoud Adel,Doctor,49,Male,D,Vehicle,CUST-2234
Amira Reda,Teacher,25,Female,A,,CUST-2235
Dina Abdel-Aziz,Doctor,63,Male,A,Land,CUST-2236
Bassem Mansour,Doctor,48,Female,D,,CUST-2237
Wael Saied,Sales_Rep,23,Male,B,Vehicle,CUST-2238
Sara Saied,Sales_Rep,32,Male,D,,CUST-2239
Ahmed Saied,Accountant,48,Female,C,Vehicle,CUST-2240
Omar Hamdy,Technician,47,Female,A,Vehicle,CUST-2241
Mona Amr,Freelancer,54,Male,C,,CUST-2242
,Technician,30,Female,A,Vehicle,CUST-2243
Nabil Zaki,Sales_Rep,25,Male,C,Land,CUST-2244
,Technician,41,Female,D,,CUST-2245
Khaled Mansour,Doctor,45,Female,D,Vehicle,CUST-2246
Khaled Kamel,Sales_Rep,61,Female,A,Vehicle,CUST-2247
Ibrahim Kamel,Sales_Rep,49,Male,D,Vehicle,CUST-2248
Salma Nabil,Engineer,45,Male,D,,CUST-2249
Sara Fawzy,Engineer,25,Female,C,Vehicle,CUST-2250
,Engineer,25,Male,D,,CUST-2251
Zaki Amr,Accountant,62,Male,B,,CUST-2252
Hoda Mahmoud,Technician,23,Male,C,Land,CUST-2253
Dina El-Sayed,Freelancer,58,Male,B,,CUST-2254
Zaki Mahmoud,Teacher,43,Male,C,Vehicle,CUST-2255
Hassan Nabil,Accountant,53,Male,D,,CUST-2256
Ahmed Mahmoud,Teacher,44,Female,A,,CUST-2257
Hamdy Hamdy,Accountant,33,Male,B,Land,CUST-2258
Ahmed Mansour,Doctor,47,Male,C,Land,CUST-2259
Fatma Reda,Freelancer,49,Female,D,,CUST-2260
Amira Saied,Accountant,37,Female,A,,CUST-2261
Salma Zaki,Accountant,25,Male,A,Land,CUST-2262
Mohamed Abdel-Aziz,Sales_Rep,57,Female,C,Vehicle,CUST-2263
Ahmed Abdel-Aziz,Doctor,65,Female,C,Land,CUST-2264
Dina Ghanem,Doctor,53,Male,C,,CUST-2265
Heba Mansour,Freelancer,49,Male,A,Vehicle,CUST-2266
Amira Hassan,Technician,25,Male,B,,CUST-2267
Bassem Abdel-Aziz,Doctor,50,Female,B,Land,CUST-2268
Mostafa Reda,Engineer,38,Male,D,,CUST-2269
Mohamed Amr,Freelancer,62,Male,D,,CUST-2270
Salma Amr,Doctor,22,Male,D,,CUST-2271
Tarek Ghanem,Freelancer,27,Male,D,Land,CUST-2272
Hamdy Hamdy,Accountant,48,Male,B,Vehicle,CUST-2273
Ibrahim Reda,Freelancer,60,Male,D,,CUST-2274
Salma Kamel,Freelancer,30,Female,A,Land,CUST-2275
Mona Abdel-Aziz,Teacher,63,Female,D,,CUST-2276
Sherif Mansour,Technician,21,Male,B,Vehicle,CUST-2277
Tarek Kamel,Sales_Rep,34,Male,D,Land,CUST-2278
Fatma Amr,Teacher,58,Female,A,Vehicle,CUST-2279
Hoda Ghanem,Engineer,32,Female,D,Vehicle,CUST-2280
Tarek Hassan,Engineer,33,Male,D,,CUST-2281
Tarek Amr,Accountant,52,Male,D,Vehicle,CUST-2282
Amira Nabil,Engineer,56,Female,C,Vehicle,CUST-2283
Sara Nabil,Doctor,53,Female,C,Land,CUST-2284
Mona Kamel,Freelancer,62,Female,B,Land,CUST-2285
Mahmoud Nabil,Teacher,50,Female,D,Vehicle,CUST-2286
Layla Abdel-Aziz,Sales_Rep,53,Male,D,Land,CUST-2287
Omar Zaki,Freelancer,52,Male,C,Vehicle,CUST-2288
Bassem Nabil,Engineer,29,Female,D,Vehicle,CUST-2289
Omar Reda,Teacher,64,Female,C,Land,CUST-2290
Ahmed Ibrahim,Sales_Rep,31,Male,D,Land,CUST-2291
Nabil Kamel,Engineer,38,Male,B,,CUST-2292
Salma Reda,Doctor,52,Female,C,Land,CUST-2293
Ahmed Kamel,Accountant,33,Female,B,,CUST-2294
Salma Kamel,Freelancer,30,Female,D,Vehicle,CUST-2295
Zaki Reda,Doctor,65,Male,C,Vehicle,CUST-2296
Mona Adel,Teacher,24,Female,B,Land,CUST-2297
Hassan Abdel-Aziz,Doctor,45,Female,C,,CUST-2298
Hoda El-Sayed,Technician,24,Male,A,Land,CUST-2299
,Sales_Rep,32,Male,A,Land,CUST-2300
Omar Reda,Teacher,46,Male,C,Land,CUST-2301
Heba Fawzy,Technician,62,Female,A,Land,CUST-2302
Heba Fawzy,Engineer,59,Female,A,,CUST-2303
Nabil Hassan,Sales_Rep,41,Female,B,Land,CUST-2304
Sherif Fawzy,Doctor,46,Female,A,Land,CUST-2305
Khaled Mahmoud,Teacher,58,Male,A,,CUST-2306
,Technician,28,Female,A,Land,CUST-2307
Ibrahim Kamel,Accountant,51,Female,A,,CUST-2308
Omar Hamdy,Teacher,30,Female,C,,CUST-2309
Mostafa Saied,Accountant,41,Male,B,,CUST-2310
Mohamed El-Sayed,Teacher,49,Male,D,Vehicle,CUST-2311
Hamdy Ghanem,Doctor,39,Male,D,Vehicle,CUST-2312
,Technician,50,Female,A,Vehicle,CUST-2313
Omar Ibrahim,Doctor,55,Male,D,,CUST-2314
Hamdy Fawzy,Teacher,65,Male,D,,CUST-2315
Mostafa Abdel-Aziz,Accountant,35,Male,A,Land,CUST-2316
Khaled Zaki,Teacher,52,Female,B,Land,CUST-2317
Mostafa Ghanem,Doctor,37,Female,C,Land,CUST-2318
Nabil Mansour,Accountant,32,Female,A,Vehicle,CUST-2319
Mostafa Adel,Teacher,35,Female,D,Land,CUST-2320
Nabil Adel,Freelancer,45,Male,A,Land,CUST-2321
Mohamed Adel,Accountant,41,Male,B,Vehicle,CUST-2322
Khaled Reda,Accountant,63,Male,B,,CUST-2323
Salma Mahmoud,Accountant,44,Female,C,Land,CUST-2324
Hassan Ibrahim,Freelancer,65,Male,B,,CUST-2325
Omar Mansour,Accountant,24,Male,D,,CUST-2326
Layla Amr,Engineer,59,Male,C,Vehicle,CUST-2327
Nabil Ibrahim,Freelancer,32,Female,A,Land,CUST-2328
Mostafa Mahmoud,Doctor,21,Male,D,Land,CUST-2329
Hoda Reda,Sales_Rep,36,Male,B,Vehicle,CUST-2330
Sherif Hamdy,Technician,31,Male,B,Land,CUST-2331
Hassan Adel,Accountant,21,Female,A,Land,CUST-2332
Mahmoud Reda,Technician,29,Male,A,,CUST-2333
Zaki Amr,Doctor,33,Female,D,,CUST-2334
Ibrahim Amr,Technician,37,Female,A,,CUST-2335
Ahmed Ghanem,Engineer,28,Male,C,Land,CUST-2336
,Freelancer,25,Female,B,,CUST-2337
Hassan Abdel-Aziz,Teacher,37,Female,D,,CUST-2338
Heba Saied,Technician,40,Male,B,Land,CUST-2339
Hassan Hamdy,Technician,52,Male,A,Vehicle,CUST-2340
Hoda Kamel,Sales_Rep,63,Female,C,Land,CUST-2341
Tarek Hassan,Technician,46,Female,A,Vehicle,CUST-2342
Mona Reda,Accountant,48,Female,D,,CUST-2343
Sherif Ibrahim,Sales_Rep,52,Male,A,,CUST-2344
,Technician,33,Female,D,,CUST-2345
Hamdy Zaki,Sales_Rep,38,Male,D,Vehicle,CUST-2346
Layla Nabil,Doctor,57,Male,A,Land,CUST-2347
Heba Amr,Sales_Rep,56,Male,C,,CUST-2348
Wael Mansour,Technician,28,Male,C,Vehicle,CUST-2349
Hassan Hamdy,Accountant,57,Male,A,,CUST-2350
Bassem Amr,Teacher,54,Male,D,,CUST-2351
Mohamed Adel,Engineer,39,Male,A,Vehicle,CUST-2352
Hoda Mansour,Sales_Rep,47,Male,B,,CUST-2353
Zaki Zaki,Sales_Rep,31,Female,B,,CUST-2354
Hamdy Hamdy,Doctor,40,Female,D,Vehicle,CUST-2355
Amira Hassan,Engineer,48,Female,A,Land,CUST-2356
Heba Ghanem,Sales_Rep,43,Female,D,,CUST-2357
Hamdy Amr,Teacher,24,Female,D,Vehicle,CUST-2358
Mahmoud Nabil,Technician,59,Female,D,,CUST-2359
Sherif Hassan,Engineer,49,Male,B,,CUST-2360
Dina Abdel-Aziz,Doctor,37,Female,B,Vehicle,CUST-2361
Mona Hamdy,Accountant,53,Female,C,,CUST-2362
Mohamed Abdel-Aziz,Freelancer,26,Male,C,Vehicle,CUST-2363
Nabil Fawzy,Technician,42,Female,A,,CUST-2364
Sherif Amr,Engineer,30,Female,A,Vehicle,CUST-2365
Omar Fawzy,Freelancer,34,Male,C,Land,CUST-2366
Tarek Hamdy,Accountant,23,Female,B,Land,CUST-2367
Zaki Fawzy,Doctor,23,Male,A,Land,CUST-2368
Mona Nabil,Sales_Rep,41,Female,B,Vehicle,CUST-2369
,Engineer,57,Female,B,Land,CUST-2370
Hoda Hassan,Technician,45,Male,B,,CUST-2371
Dina El-Sayed,Doctor,21,Female,B,Land,CUST-2372
Mona Hamdy,Sales_Rep,61,Male,B,Land,CUST-2373
Mahmoud Reda,Sales_Rep,60,Female,C,,CUST-2374
Sherif Mansour,Accountant,44,Male,B,,CUST-2375
Layla Zaki,Teacher,63,Male,B,Land,CUST-2376
Omar Ibrahim,Technician,57,Female,B,Vehicle,CUST-2377
Layla Abdel-Aziz,Freelancer,53,Female,A,Vehicle,CUST-2378
Tarek Reda,Sales_Rep,32,Female,B,Vehicle,CUST-2379
Khaled Hassan,Technician,33,Male,B,,CUST-2380
Layla Ghanem,Doctor,23,Male,B,Vehicle,CUST-2381
Heba Abdel-Aziz,Freelancer,64,Male,D,,CUST-2382
Hamdy Zaki,Teacher,46,Female,D,Vehicle,CUST-2383
Khaled Mansour,Accountant,21,Female,B,,CUST-2384
Nabil Ibrahim,Freelancer,54,Female,B,Vehicle,CUST-2385
Mohamed Amr,Sales_Rep,44,Female,D,Land,CUST-2386
Hoda El-Sayed,Teacher,59,Female,B,,CUST-2387
Sherif Zaki,Technician,22,Male,B,,CUST-2388
Salma Nabil,Teacher,28,Male,D,,CUST-2389
Ibrahim Mahmoud,Sales_Rep,47,Female,B,Land,CUST-2390
Khaled Mahmoud,Doctor,40,Female,C,,CUST-2391
Ibrahim Kamel,Doctor,65,Female,D,Vehicle,CUST-2392
Zaki Mansour,Sales_Rep,30,Female,D,Vehicle,CUST-2393
Dina Mansour,Doctor,57,Female,D,Land,CUST-2394
Tarek Hamdy,Sales_Rep,57,Female,D,Vehicle,CUST-2395
Dina Adel,Technician,43,Male,A,Land,CUST-2396
Hassan Hamdy,Sales_Rep,44,Female,C,Vehicle,CUST-2397
Mohamed Fawzy,Technician,44,Female,A,Vehicle,CUST-2398
Mona Nabil,Sales_Rep,61,Female,C,Vehicle,CUST-2399
Mona Reda,Freelancer,32,Female,C,Land,CUST-2400
Hamdy Hamdy,Accountant,45,Female,B,,CUST-2401
Khaled Abdel-Aziz,Freelancer,26,Female,B,Vehicle,CUST-2402
Hoda Hamdy,Technician,41,Female,B,,CUST-2403
Hoda Ibrahim,Freelancer,62,Female,D,Vehicle,CUST-2404
,Sales_Rep,60,Male,D,,CUST-2405
Ibrahim Hamdy,Accountant,21,Male,B,,CUST-2406
Ahmed Hassan,Sales_Rep,51,Female,C,Land,CUST-2407
Ahmed Hassan,Teacher,55,Male,B,Vehicle,CUST-2408
Zaki Saied,Teacher,54,Female,C,Vehicle,CUST-2409
Heba Zaki,Accountant,37,Female,D,Vehicle,CUST-2410
Hoda Nabil,Freelancer,62,Female,C,,CUST-2411
Amira El-Sayed,Technician,31,Male,D,Vehicle,CUST-2412
Salma Adel,Freelancer,53,Female,B,Vehicle,CUST-2413
Sherif Abdel-Aziz,Engineer,57,Female,D,,CUST-2414
Heba Reda,Freelancer,32,Female,D,Vehicle,CUST-2415
Hoda Fawzy,Sales_Rep,26,Female,B,,CUST-2416
Wael Amr,Doctor,51,Female,C,Land,CUST-2417
Nabil Ghanem,Accountant,21,Male,B,Vehicle,CUST-2418
Tarek Saied,Technician,24,Male,C,,CUST-2419
Sherif Ghanem,Accountant,62,Female,A,Land,CUST-2420
Zaki Saied,Doctor,33,Female,C,Land,CUST-2421
Omar Adel,Freelancer,52,Female,D,Vehicle,CUST-2422
Mahmoud Abdel-Aziz,Doctor,51,Male,D,Vehicle,CUST-2423
Amira Mahmoud,Engineer,58,Male,A,Land,CUST-2424
Mohamed Zaki,Freelancer,49,Male,A,Land,CUST-2425
Zaki Reda,Sales_Rep,39,Male,B,,CUST-2426
Hassan Zaki,Freelancer,25,Female,B,Land,CUST-2427
,Technician,62,Female,B,Land,CUST-2428
Ibrahim Nabil,Sales_Rep,64,Female,B,Vehicle,CUST-2429
Mona Hassan,Doctor,23,Male,D,Land,CUST-2430
Tarek Reda,Sales_Rep,23,Female,D,,CUST-2431
Tarek Fawzy,Technician,63,Male,D,,CUST-2432
Bassem Kamel,Engineer,45,Female,B,Vehicle,CUST-2433
Fatma Nabil,Freelancer,64,Female,D,Land,CUST-2434
Bassem Ibrahim,Teacher,55,Female,D,Vehicle,CUST-2435
Mohamed El-Sayed,Doctor,62,Male,B,,CUST-2436
Fatma El-Sayed,Engineer,64,Male,A,Land,CUST-2437
Hoda Adel,Teacher,59,Male,D,Vehicle,CUST-2438
Mostafa Ghanem,Teacher,60,Male,A,,CUST-2439
Hassan El-Sayed,Freelancer,48,Male,A,Land,CUST-2440
Sherif Mansour,Freelancer,23,Female,B,Vehicle,CUST-2441
Mohamed Ghanem,Technician,39,Male,A,Vehicle,CUST-2442
Wael Kamel,Engineer,56,Male,A,Vehicle,CUST-2443
Ibrahim Adel,Freelancer,53,Female,B,Land,CUST-2444
Dina Adel,Freelancer,34,Male,A,,CUST-2445
Tarek Ghanem,Engineer,32,Male,D,Vehicle,CUST-2446
Ahmed El-Sayed,Teacher,35,Female,C,Land,CUST-2447
Amira Reda,Doctor,65,Male,D,Land,CUST-2448
,Doctor,47,Male,C,Land,CUST-2449
Mohamed Saied,Doctor,52,Female,C,Vehicle,CUST-2450
Nabil Ibrahim,Engineer,51,Male,A,,CUST-2451
Karim Kamel,Technician,23,Female,D,Land,CUST-2452
Hassan Ghanem,Engineer,40,Female,A,Vehicle,CUST-2453
Mohamed Zaki,Doctor,22,Male,B,Land,CUST-2454
,Engineer,38,Female,A,,CUST-2455
Amira Abdel-Aziz,Technician,55,Female,C,Land,CUST-2456
Amira Fawzy,Accountant,57,Female,B,Vehicle,CUST-2457
Mohamed Saied,Sales_Rep,30,Female,C,,CUST-2458
Hoda Amr,Freelancer,24,Female,C,Land,CUST-2459
Heba Mansour,Technician,57,Male,D,,CUST-2460
Mohamed Mansour,Accountant,21,Female,D,Vehicle,CUST-2461
Khaled Adel,Teacher,28,Female,D,Land,CUST-2462
Sara Kamel,Engineer,38,Male,D,Vehicle,CUST-2463
Mohamed Saied,Freelancer,46,Female,A,Vehicle,CUST-2464
Sara Adel,Teacher,64,Female,A,Land,CUST-2465
Mostafa Ghanem,Teacher,35,Female,B,Land,CUST-2466
Hoda Abdel-Aziz,Technician,56,Male,B,Land,CUST-2467
Sherif Kamel,Doctor,55,Male,A,Vehicle,CUST-2468
Dina Kamel,Technician,37,Male,A,Land,CUST-2469
Hamdy Hamdy,Engineer,41,Female,C,Land,CUST-2470
Ibrahim Saied,Sales_Rep,65,Female,B,Land,CUST-2471
Tarek Amr,Sales_Rep,57,Female,B,,CUST-2472
Hamdy Reda,Sales_Rep,32,Male,A,,CUST-2473
Nabil Ibrahim,Accountant,24,Female,B,,CUST-2474
Amira Zaki,Teacher,49,Female,C,,CUST-2475
Zaki Mahmoud,Engineer,58,Female,C,Vehicle,CUST-2476
Zaki Nabil,Freelancer,45,Male,D,,CUST-2477
Hamdy Mansour,Teacher,24,Female,B,,CUST-2478
Khaled Reda,Freelancer,61,Male,B,Vehicle,CUST-2479
Hoda Hamdy,Doctor,21,Male,D,Land,CUST-2480
Nabil Ibrahim,Teacher,23,Female,C,,CUST-2481
Karim Zaki,Engineer,64,Male,B,,CUST-2482
Zaki Kamel,Doctor,58,Male,A,Land,CUST-2483
Tarek Hamdy,Accountant,30,Male,D,Vehicle,CUST-2484
,Teacher,54,Female,A,,CUST-2485
Heba Kamel,Teacher,40,Male,C,,CUST-2486
Hoda Hamdy,Technician,57,Male,B,Vehicle,CUST-2487
Dina Saied,Accountant,46,Male,A,,CUST-2488
Mostafa Ghanem,Freelancer,56,Male,B,Land,CUST-2489
Wael Hassan,Engineer,40,Female,A,Land,CUST-2490
,Doctor,28,Male,A,Land,CUST-2491
Wael Hassan,Freelancer,25,Female,A,Land,CUST-2492
Omar Saied,Accountant,62,Male,C,,CUST-2493
Mohamed Hassan,Engineer,34,Male,A,,CUST-2494
Bassem Zaki,Freelancer,22,Female,A,Vehicle,CUST-2495
Layla Nabil,Sales_Rep,44,Male,D,Land,CUST-2496
Hamdy Abdel-Aziz,Accountant,26,Male,A,Land,CUST-2497
Amira Hassan,Accountant,56,Female,A,,CUST-2498
Wael Abdel-Aziz,Doctor,29,Male,B,Vehicle,CUST-2499
Nabil Amr,Freelancer,57,Female,C,Vehicle,CUST-2500
Nabil Fawzy,Accountant,63,Male,B,,CUST-2501
Tarek Saied,Engineer,59,Female,B,,CUST-2502
Mohamed Mahmoud,Freelancer,42,Female,C,Vehicle,CUST-2503
Zaki Mansour,Doctor,50,Male,D,Vehicle,CUST-2504
Fatma Hassan,Sales_Rep,40,Female,D,,CUST-2505
Hassan Reda,Technician,30,Female,B,Land,CUST-2506
Hoda Abdel-Aziz,Freelancer,58,Female,A,,CUST-2507
Karim Amr,Accountant,37,Male,A,Vehicle,CUST-2508
Omar Abdel-Aziz,Doctor,28,Female,C,,CUST-2509
Bassem Fawzy,Engineer,30,Male,C,Vehicle,CUST-2510
Heba Abdel-Aziz,Accountant,56,Female,B,Vehicle,CUST-2511
Hassan Nabil,Sales_Rep,23,Male,B,,CUST-2512
Sherif Zaki,Freelancer,45,Male,A,,CUST-2513
Fatma Mahmoud,Technician,65,Male,C,,CUST-2514
Nabil Mansour,Engineer,48,Female,A,Land,CUST-2515
,Teacher,43,Male,D,,CUST-2516
Mahmoud Nabil,Doctor,52,Male,B,Land,CUST-2517
Karim Mahmoud,Sales_Rep,53,Male,A,Vehicle,CUST-2518
Bassem Kamel,Engineer,22,Female,C,Land,CUST-2519
Hoda Kamel,Freelancer,25,Female,B,Vehicle,CUST-2520
Karim Nabil,Technician,50,Male,A,Land,CUST-2521
Salma Mahmoud,Freelancer,21,Female,C,,CUST-2522
Nabil Zaki,Freelancer,58,Male,D,,CUST-2523
,Teacher,26,Male,C,,CUST-2524
Sara Ghanem,Freelancer,49,Male,D,Vehicle,CUST-2525
Khaled Saied,Sales_Rep,64,Male,D,Land,CUST-2526
Hassan Kamel,Accountant,29,Female,A,Vehicle,CUST-2527
Bassem Hamdy,Doctor,27,Male,D,,CUST-2528
Mahmoud Amr,Sales_Rep,31,Male,C,,CUST-2529
Sara Saied,Freelancer,51,Female,C,Vehicle,CUST-2530
Hoda Reda,Technician,48,Female,A,,CUST-2531
Dina Hassan,Teacher,49,Female,A,Land,CUST-2532
Fatma Ibrahim,Sales_Rep,21,Male,C,Vehicle,CUST-2533
Khaled Adel,Engineer,59,Male,C,Land,CUST-2534
Ibrahim Ghanem,Sales_Rep,50,Male,C,Vehicle,CUST-2535
Sara Abdel-Aziz,Sales_Rep,60,Female,D,Vehicle,CUST-2536
Salma Hamdy,Teacher,58,Female,B,Land,CUST-2537
Layla Ghanem,Technician,56,Male,D,Land,CUST-2538
Ahmed Amr,Teacher,40,Male,A,Land,CUST-2539
Hassan Ghanem,Sales_Rep,28,Male,A,Land,CUST-2540
,Engineer,26,Male,B,,CUST-2541
Fatma Kamel,Doctor,59,Male,A,Vehicle,CUST-2542
,Freelancer,40,Female,C,,CUST-2543
Heba Ghanem,Doctor,27,Male,B,Land,CUST-2544
Amira Hassan,Sales_Rep,24,Female,A,Land,CUST-2545
Nabil Zaki,Accountant,23,Female,B,,CUST-2546
Mohamed Ghanem,Sales_Rep,38,Female,C,Vehicle,CUST-2547
Ibrahim Mahmoud,Engineer,33,Female,B,Land,CUST-2548
Sara Nabil,Technician,49,Male,A,Land,CUST-2549
Karim Adel,Freelancer,45,Male,B,,CUST-2550
Mona Fawzy,Teacher,25,Male,A,,CUST-2551
,Technician,34,Male,B,,CUST-2552
Sherif Adel,Freelancer,45,Female,A,Land,CUST-2553
Khaled Adel,Technician,21,Female,A,,CUST-2554
Bassem Mansour,Doctor,33,Female,D,Vehicle,CUST-2555
Layla Abdel-Aziz,Accountant,42,Male,A,Land,CUST-2556
Ahmed Abdel-Aziz,Accountant,41,Female,A,,CUST-2557
Mostafa Zaki,Freelancer,37,Male,B,Land,CUST-2558
Nabil Saied,Accountant,22,Female,A,Vehicle,CUST-2559
Dina Ghanem,Sales_Rep,43,Male,C,,CUST-2560
Sherif Ghanem,Technician,49,Male,B,Land,CUST-2561
Hamdy Ibrahim,Accountant,51,Male,D,,CUST-2562
Bassem Amr,Freelancer,59,Male,B,,CUST-2563
Hassan Nabil,Technician,61,Male,A,,CUST-2564
Karim Hamdy,Freelancer,32,Female,D,Land,CUST-2565
Mohamed Zaki,Accountant,29,Male,C,Vehicle,CUST-2566
Heba Hassan,Freelancer,49,Female,A,Land,CUST-2567
Dina Ibrahim,Engineer,51,Female,A,,CUST-2568
Dina Hassan,Sales_Rep,53,Female,C,Land,CUST-2569
Sara Ghanem,Teacher,60,Male,D,Vehicle,CUST-2570
Hoda Reda,Technician,28,Male,B,,CUST-2571
Mohamed Hamdy,Engineer,50,Female,D,Vehicle,CUST-2572
Heba Kamel,Sales_Rep,46,Male,A,Land,CUST-2573
Fatma El-Sayed,Accountant,60,Female,D,Land,CUST-2574
Hassan Hamdy,Technician,64,Female,C,,CUST-2575
Mostafa Nabil,Teacher,57,Male,D,Land,CUST-2576
Tarek Reda,Engineer,52,Male,C,,CUST-2577
Tarek Mahmoud,Teacher,46,Male,B,Land,CUST-2578
Ahmed Mahmoud,Freelancer,63,Male,A,Vehicle,CUST-2579
Layla Mahmoud,Engineer,31,Male,B,Vehicle,CUST-2580
,Accountant,29,Male,C,Vehicle,CUST-2581
Hassan Nabil,Sales_Rep,39,Male,B,,CUST-2582
Amira Kamel,Engineer,48,Female,B,Vehicle,CUST-2583
Hassan Fawzy,Technician,60,Female,C,Vehicle,CUST-2584
Nabil Hassan,Engineer,21,Male,D,Vehicle,CUST-2585
Mona Amr,Accountant,41,Female,C,Vehicle,CUST-2586
Nabil Hassan,Doctor,31,Female,C,Vehicle,CUST-2587
Heba Nabil,Freelancer,54,Male,A,Land,CUST-2588
Amira Amr,Sales_Rep,64,Female,D,Land,CUST-2589
Wael Zaki,Freelancer,35,Female,B,Vehicle,CUST-2590
Heba Adel,Teacher,59,Female,D,Vehicle,CUST-2591
Nabil Saied,Sales_Rep,48,Male,C,,CUST-2592
Wael Mahmoud,Technician,56,Female,A,Land,CUST-2593
Nabil Mahmoud,Accountant,59,Female,C,Land,CUST-2594
Mostafa Hassan,Accountant,45,Male,B,Land,CUST-2595
Heba Mahmoud,Technician,65,Male,C,,CUST-2596
Amira Adel,Freelancer,28,Female,B,,CUST-2597
Mohamed Zaki,Freelancer,65,Male,C,,CUST-2598
Zaki Fawzy,Engineer,60,Male,D,Vehicle,CUST-2599
Nabil El-Sayed,Doctor,57,Female,D,,CUST-2600
Ibrahim Adel,Accountant,23,Female,B,,CUST-2601
Salma Ghanem,Sales_Rep,62,Male,A,Land,CUST-2602
Zaki El-Sayed,Sales_Rep,51,Male,A,,CUST-2603
Hamdy Mansour,Engineer,56,Female,D,Land,CUST-2604
Mostafa Nabil,Sales_Rep,37,Female,A,Vehicle,CUST-2605
Khaled Abdel-Aziz,Freelancer,35,Female,C,Vehicle,CUST-2606
Amira Nabil,Engineer,29,Female,C,,CUST-2607
Dina Amr,Technician,43,Male,D,Land,CUST-2608
Sara Ibrahim,Doctor,45,Male,A,,CUST-2609
Heba Fawzy,Sales_Rep,43,Female,D,Vehicle,CUST-2610
Tarek Zaki,Accountant,51,Female,B,,CUST-2611
Ahmed Fawzy,Doctor,44,Male,A,,CUST-2612
Hoda El-Sayed,Technician,49,Male,B,Land,CUST-2613
Hamdy Saied,Technician,38,Female,B,Vehicle,CUST-2614
Amira Fawzy,Accountant,27,Male,C,Land,CUST-2615
Wael Ghanem,Accountant,23,Male,A,,CUST-2616
Karim Abdel-Aziz,Engineer,50,Female,C,,CUST-2617
Fatma El-Sayed,Teacher,31,Male,A,Vehicle,CUST-2618
Mostafa Zaki,Freelancer,52,Male,A,,CUST-2619
Hamdy Abdel-Aziz,Teacher,41,Male,C,Land,CUST-2620
Mahmoud El-Sayed,Doctor,31,Male,B,Vehicle,CUST-2621
Mona Mansour,Freelancer,43,Female,C,Vehicle,CUST-2622
Mona Hamdy,Engineer,29,Female,A,,CUST-2623
Mahmoud Mansour,Technician,63,Female,B,Land,CUST-2624
Fatma Ghanem,Doctor,59,Female,A,Land,CUST-2625
Wael Zaki,Accountant,54,Female,C,Land,CUST-2626
Salma Amr,Freelancer,46,Male,B,Vehicle,CUST-2627
Bassem Adel,Freelancer,31,Female,B,,CUST-2628
Tarek El-Sayed,Teacher,23,Male,C,Land,CUST-2629
Bassem El-Sayed,Accountant,37,Female,D,Land,CUST-2630
Salma Fawzy,Accountant,62,Female,D,,CUST-2631
Bassem Kamel,Teacher,37,Male,B,Land,CUST-2632
Nabil Amr,Doctor,31,Male,D,Vehicle,CUST-2633
Omar Saied,Teacher,36,Male,C,Land,CUST-2634
Zaki Kamel,Sales_Rep,40,Male,C,Vehicle,CUST-2635
Mohamed Reda,Teacher,49,Male,B,Land,CUST-2636
Hoda Fawzy,Freelancer,37,Male,D,Land,CUST-2637
Khaled Amr,Sales_Rep,58,Male,D,Land,CUST-2638
Mostafa Ibrahim,Doctor,45,Female,C,Land,CUST-2639
Bassem Mahmoud,Technician,28,Female,D,Vehicle,CUST-2640
Hamdy Reda,Teacher,47,Female,B,Vehicle,CUST-2641
Khaled Amr,Teacher,42,Female,A,Vehicle,CUST-2642
Mahmoud Kamel,Teacher,51,Male,A,Land,CUST-2643
Mona Saied,Freelancer,52,Female,A,Vehicle,CUST-2644
Mahmoud Mahmoud,Technician,22,Female,A,Land,CUST-2645
Sara Mahmoud,Doctor,48,Male,A,Land,CUST-2646
Layla Mansour,Accountant,21,Male,C,Vehicle,CUST-2647
Heba Saied,Engineer,43,Male,A,,CUST-2648
Mostafa Amr,Sales_Rep,22,Female,C,,CUST-2649
Hoda Ibrahim,Accountant,50,Male,B,Land,CUST-2650
Mahmoud Hamdy,Sales_Rep,41,Male,D,Land,CUST-2651
Sara Adel,Accountant,37,Female,C,Land,CUST-2652
Amira Hamdy,Accountant,53,Male,D,,CUST-2653
Karim Saied,Accountant,53,Female,A,Vehicle,CUST-2654
Mona Zaki,Technician,60,Male,D,Land,CUST-2655
Karim Adel,Engineer,49,Male,D,,CUST-2656
Sara Fawzy,Teacher,40,Female,D,Vehicle,CUST-2657
Dina Kamel,Technician,53,Male,B,Vehicle,CUST-2658
Mona Fawzy,Teacher,28,Male,B,,CUST-2659
Dina Ibrahim,Technician,46,Male,C,,CUST-2660
Wael Reda,Sales_Rep,41,Female,B,,CUST-2661
Sara Hamdy,Accountant,61,Female,B,Vehicle,CUST-2662
Zaki Ghanem,Doctor,23,Female,A,,CUST-2663
,Sales_Rep,56,Female,B,,CUST-2664
Karim Mansour,Engineer,30,Male,A,,CUST-2665
Sara Nabil,Accountant,37,Female,D,,CUST-2666
,Teacher,39,Male,C,Vehicle,CUST-2667
Mona Kamel,Freelancer,62,Female,A,,CUST-2668
Ahmed Ghanem,Technician,27,Female,A,Land,CUST-2669
Hoda Ghanem,Sales_Rep,37,Female,A,Vehicle,CUST-2670
Hoda Nabil,Freelancer,29,Male,C,,CUST-2671
Karim Adel,Sales_Rep,35,Male,D,Vehicle,CUST-2672
Zaki Ghanem,Accountant,50,Female,C,,CUST-2673
Amira Zaki,Technician,62,Female,A,Land,CUST-2674
Sara Mansour,Doctor,38,Female,A,Vehicle,CUST-2675
Sara Fawzy,Freelancer,63,Female,D,Vehicle,CUST-2676
Hamdy Amr,Engineer,58,Male,D,,CUST-2677
Sara El-Sayed,Sales_Rep,40,Female,B,Land,CUST-2678
Sara Adel,Sales_Rep,32,Female,C,Vehicle,CUST-2679
Heba Saied,Teacher,28,Female,D,Land,CUST-2680
Zaki Nabil,Sales_Rep,53,Male,D,,CUST-2681
,Engineer,32,Male,D,Vehicle,CUST-2682
Mohamed Kamel,Accountant,54,Female,B,Land,CUST-2683
Sherif Nabil,Teacher,35,Male,B,Land,CUST-2684
Mahmoud Nabil,Doctor,46,Female,C,,CUST-2685
Hamdy Amr,Sales_Rep,39,Female,C,Land,CUST-2686
Sherif Zaki,Freelancer,49,Female,A,Land,CUST-2687
Heba Ghanem,Teacher,42,Male,A,,CUST-2688
Mahmoud Kamel,Doctor,44,Female,C,Land,CUST-2689
Ibrahim Hamdy,Technician,54,Male,A,,CUST-2690
Mostafa Amr,Teacher,65,Male,C,Land,CUST-2691
Salma Nabil,Technician,30,Female,B,Vehicle,CUST-2692
,Sales_Rep,55,Male,A,Land,CUST-2693
Mohamed Ghanem,Accountant,47,Female,D,Land,CUST-2694
Hassan El-Sayed,Engineer,40,Male,C,Vehicle,CUST-2695
Sara Fawzy,Doctor,50,Male,D,Land,CUST-2696
Tarek Saied,Accountant,45,Female,D,Vehicle,CUST-2697
Salma Hamdy,Doctor,59,Male,C,,CUST-2698
Salma Mahmoud,Accountant,57,Female,A,Land,CUST-2699
Karim Zaki,Doctor,45,Male,B,Vehicle,CUST-2700
Ibrahim Reda,Technician,22,Male,D,Land,CUST-2701
Heba Abdel-Aziz,Technician,52,Male,C,Vehicle,CUST-2702
Tarek Zaki,Sales_Rep,48,Female,D,Vehicle,CUST-2703
Sara Adel,Freelancer,42,Male,D,Land,CUST-2704
Khaled Hassan,Accountant,56,Male,D,Vehicle,CUST-2705
Tarek Mansour,Accountant,25,Female,A,Land,CUST-2706
Ibrahim Ghanem,Accountant,47,Male,B,Vehicle,CUST-2707
Sherif Ghanem,Teacher,25,Male,C,Vehicle,CUST-2708
Layla Reda,Freelancer,41,Female,C,,CUST-2709
Mona Saied,Freelancer,42,Male,A,Land,CUST-2710
Khaled Adel,Teacher,61,Male,A,Vehicle,CUST-2711
Tarek Mahmoud,Technician,46,Male,D,Vehicle,CUST-2712
Sherif Hamdy,Freelancer,50,Female,D,,CUST-2713
Fatma Nabil,Sales_Rep,49,Female,A,Vehicle,CUST-2714
Amira Ghanem,Doctor,62,Male,C,Land,CUST-2715
Tarek Kamel,Sales_Rep,46,Male,A,Vehicle,CUST-2716
Mostafa Zaki,Accountant,62,Female,A,Vehicle,CUST-2717
Hamdy Amr,Engineer,46,Female,B,Land,CUST-2718
Dina Saied,Accountant,43,Female,C,Land,CUST-2719
Dina Ibrahim,Sales_Rep,37,Male,A,,CUST-2720
Sherif Abdel-Aziz,Technician,42,Female,B,,CUST-2721
Mona Ibrahim,Teacher,42,Female,C,Vehicle,CUST-2722
Tarek Fawzy,Engineer,35,Male,A,Land,CUST-2723
Layla Saied,Freelancer,54,Female,B,Vehicle,CUST-2724
Layla Kamel,Engineer,56,Male,D,Land,CUST-2725
Tarek Abdel-Aziz,Sales_Rep,31,Male,A,Vehicle,CUST-2726
Ibrahim El-Sayed,Sales_Rep,59,Male,D,Vehicle,CUST-2727
Salma Zaki,Sales_Rep,49,Male,C,Land,CUST-2728
Mostafa El-Sayed,Sales_Rep,46,Female,B,,CUST-2729
Heba Zaki,Engineer,62,Male,B,,CUST-2730
Amira Mansour,Freelancer,41,Female,C,Vehicle,CUST-2731
Ahmed Adel,Doctor,60,Female,B,,CUST-2732
Nabil Mansour,Teacher,59,Male,A,Land,CUST-2733
Omar El-Sayed,Technician,40,Female,B,Land,CUST-2734
Karim Fawzy,Teacher,64,Female,B,Land,CUST-2735
Karim Zaki,Freelancer,29,Female,D,Vehicle,CUST-2736
Omar El-Sayed,Sales_Rep,29,Male,D,,CUST-2737
Nabil Hassan,Technician,21,Male,C,Land,CUST-2738
Dina Abdel-Aziz,Sales_Rep,55,Male,D,,CUST-2739
Salma Ghanem,Freelancer,41,Male,A,,CUST-2740
Layla Adel,Freelancer,35,Male,A,Land,CUST-2741
Ahmed Ghanem,Teacher,44,Female,B,,CUST-2742
Sara Kamel,Engineer,33,Male,B,Vehicle,CUST-2743
Karim Kamel,Technician,39,Female,B,Vehicle,CUST-2744
Mona Mansour,Teacher,31,Female,D,Vehicle,CUST-2745
Salma Zaki,Doctor,63,Female,D,Vehicle,CUST-2746
Nabil Nabil,Technician,44,Male,C,Land,CUST-2747
,Accountant,53,Male,A,Land,CUST-2748
Mostafa Hamdy,Doctor,47,Female,C,,CUST-2749
Mohamed Ghanem,Doctor,50,Male,B,Vehicle,CUST-2750
,Teacher,62,Female,C,Vehicle,CUST-2751
Khaled Abdel-Aziz,Technician,40,Female,B,,CUST-2752
Heba Adel,Sales_Rep,28,Male,A,Land,CUST-2753
Khaled Mansour,Doctor,42,Male,C,,CUST-2754
Sherif Mansour,Accountant,61,Male,C,Land,CUST-2755
Khaled Mahmoud,Sales_Rep,36,Female,D,Land,CUST-2756
Heba Ghanem,Technician,55,Male,B,Land,CUST-2757
Salma Amr,Accountant,37,Male,C,Land,CUST-2758
Mostafa Zaki,Technician,36,Female,C,,CUST-2759
Amira Abdel-Aziz,Accountant,32,Female,C,Land,CUST-2760
Ahmed Amr,Sales_Rep,45,Male,D,Vehicle,CUST-2761
Mostafa Kamel,Accountant,45,Male,A,Land,CUST-2762
Layla Mahmoud,Engineer,55,Male,D,Land,CUST-2763
Dina Saied,Sales_Rep,30,Female,B,Vehicle,CUST-2764
Fatma Mahmoud,Freelancer,43,Female,C,,CUST-2765
Fatma Kamel,Sales_Rep,54,Male,B,Land,CUST-2766
Bassem Kamel,Teacher,37,Female,B,Vehicle,CUST-2767
Bassem Mahmoud,Doctor,53,Male,A,Land,CUST-2768
Mostafa Reda,Sales_Rep,33,Female,B,,CUST-2769
Wael Ghanem,Doctor,64,Male,B,Land,CUST-2770
Khaled Reda,Teacher,54,Male,A,,CUST-2771
Fatma Ghanem,Engineer,59,Female,B,Vehicle,CUST-2772
Zaki Nabil,Technician,36,Female,A,Vehicle,CUST-2773
Mahmoud Adel,Sales_Rep,24,Male,D,Vehicle,CUST-2774
Wael Kamel,Engineer,24,Female,A,,CUST-2775
Amira Zaki,Teacher,55,Female,D,Vehicle,CUST-2776
Nabil Nabil,Engineer,62,Male,B,Land,CUST-2777
Heba Hamdy,Sales_Rep,54,Male,B,Vehicle,CUST-2778
Hassan Hassan,Teacher,46,Female,B,Vehicle,CUST-2779
Hamdy Amr,Technician,21,Female,A,Vehicle,CUST-2780
Khaled Ghanem,Sales_Rep,22,Male,B,Land,CUST-2781
Mona Saied,Engineer,58,Female,D,,CUST-2782
Fatma Mansour,Teacher,63,Male,A,Land,CUST-2783
,Accountant,37,Female,B,Land,CUST-2784
Mona Reda,Sales_Rep,56,Female,B,Vehicle,CUST-2785
Ahmed Adel,Technician,56,Male,B,Vehicle,CUST-2786
Mohamed Kamel,Sales_Rep,58,Female,D,,CUST-2787
Tarek Reda,Technician,43,Male,B,Land,CUST-2788
Tarek Hassan,Accountant,62,Male,C,Land,CUST-2789
Tarek Reda,Sales_Rep,25,Male,A,Land,CUST-2790
Karim Kamel,Accountant,55,Male,B,Vehicle,CUST-2791
Khaled Saied,Engineer,31,Male,A,Vehicle,CUST-2792
Karim Nabil,Sales_Rep,51,Male,A,Land,CUST-2793
Bassem Mansour,Teacher,64,Female,D,Land,CUST-2794
Heba Hassan,Freelancer,52,Female,B,Land,CUST-2795
Nabil Mansour,Engineer,43,Female,B,,CUST-2796
Omar Saied,Freelancer,24,Female,D,Vehicle,CUST-2797
Dina Ibrahim,Teacher,37,Male,D,Vehicle,CUST-2798
Layla Saied,Teacher,48,Female,C,Vehicle,CUST-2799
Karim El-Sayed,Technician,65,Female,D,,CUST-2800
Sherif Adel,Accountant,41,Male,D,Vehicle,CUST-2801
Hoda Nabil,Freelancer,33,Female,A,,CUST-2802
Amira Mahmoud,Freelancer,44,Female,C,Vehicle,CUST-2803
Ibrahim Ibrahim,Teacher,52,Male,B,Vehicle,CUST-2804
Hamdy Mansour,Accountant,23,Female,C,Land,CUST-2805
Sara Zaki,Accountant,65,Male,A,,CUST-2806
Hassan Ibrahim,Technician,33,Female,D,Land,CUST-2807
Mostafa Kamel,Freelancer,57,Male,D,Land,CUST-2808
Hamdy El-Sayed,Engineer,32,Female,A,Vehicle,CUST-2809
Hassan Saied,Teacher,28,Female,A,Vehicle,CUST-2810
Layla Mahmoud,Doctor,22,Male,A,,CUST-2811
Mostafa Abdel-Aziz,Technician,61,Male,A,Land,CUST-2812
Heba Abdel-Aziz,Freelancer,31,Female,C,Land,CUST-2813
Karim Fawzy,Accountant,65,Female,D,Vehicle,CUST-2814
Omar Amr,Sales_Rep,55,Male,D,Land,CUST-2815
Fatma Reda,Engineer,39,Female,B,,CUST-2816
Hamdy Nabil,Technician,52,Female,B,Vehicle,CUST-2817
Layla El-Sayed,Engineer,62,Male,B,Land,CUST-2818
Bassem Zaki,Doctor,24,Male,D,,CUST-2819
Hamdy Saied,Engineer,30,Male,D,Vehicle,CUST-2820
Bassem Zaki,Sales_Rep,27,Female,D,Land,CUST-2821
Mahmoud Hamdy,Teacher,31,Male,B,,CUST-2822
Ahmed Abdel-Aziz,Teacher,65,Male,B,Vehicle,CUST-2823
,Accountant,52,Female,D,Vehicle,CUST-2824
Bassem Hassan,Engineer,22,Male,A,,CUST-2825
Ibrahim Mahmoud,Freelancer,49,Male,B,Vehicle,CUST-2826
,Accountant,23,Female,C,Land,CUST-2827
Hassan Nabil,Doctor,35,Male,D,Vehicle,CUST-2828
Sara Nabil,Doctor,27,Male,D,,CUST-2829
Hamdy Abdel-Aziz,Doctor,61,Female,D,Vehicle,CUST-2830
Wael Kamel,Doctor,65,Female,A,,CUST-2831
Heba Mansour,Technician,57,Male,B,,CUST-2832
Zaki Fawzy,Accountant,60,Female,D,,CUST-2833
Salma Nabil,Doctor,42,Male,A,Vehicle,CUST-2834
,Freelancer,38,Female,D,Land,CUST-2835
Nabil Adel,Accountant,36,Female,D,Land,CUST-2836
Bassem Hamdy,Technician,46,Female,B,,CUST-2837
Sherif Mansour,Sales_Rep,21,Female,B,Vehicle,CUST-2838
Omar Adel,Technician,63,Female,D,Vehicle,CUST-2839
Khaled Hassan,Doctor,57,Male,B,Land,CUST-2840
Nabil Mahmoud,Doctor,61,Male,B,,CUST-2841
Bassem Ibrahim,Doctor,43,Male,D,,CUST-2842
Amira El-Sayed,Engineer,26,Female,A,,CUST-2843
Khaled Nabil,Teacher,53,Female,A,Land,CUST-2844
,Engineer,24,Male,C,Vehicle,CUST-2845
Ibrahim Abdel-Aziz,Accountant,52,Female,B,Vehicle,CUST-2846
Heba Adel,Accountant,29,Female,D,,CUST-2847
Tarek Hamdy,Accountant,26,Male,D,Land,CUST-2848
Amira El-Sayed,Accountant,23,Female,B,,CUST-2849
Karim Adel,Sales_Rep,53,Female,D,Vehicle,CUST-2850
Mohamed Adel,Teacher,47,Female,A,Vehicle,CUST-2851
Sara Kamel,Engineer,60,Female,A,,CUST-2852
Salma Mansour,Accountant,56,Female,A,,CUST-2853
Wael Hamdy,Teacher,50,Female,D,Land,CUST-2854
Mostafa Ghanem,Doctor,48,Female,A,Land,CUST-2855
Mona Mansour,Engineer,26,Male,D,,CUST-2856
Sara Hassan,Doctor,32,Female,A,,CUST-2857
Ahmed Reda,Doctor,48,Female,A,Land,CUST-2858
Salma Mahmoud,Accountant,37,Male,C,Vehicle,CUST-2859
Sara Abdel-Aziz,Technician,59,Male,A,,CUST-2860
Mostafa Saied,Doctor,36,Female,A,Vehicle,CUST-2861
Hoda Fawzy,Engineer,59,Male,D,Vehicle,CUST-2862
Mona Abdel-Aziz,Sales_Rep,21,Male,B,,CUST-2863
,Engineer,61,Female,B,Land,CUST-2864
Khaled Kamel,Technician,64,Female,B,Land,CUST-2865
Ibrahim Fawzy,Freelancer,31,Male,C,Land,CUST-2866
Mohamed Adel,Accountant,45,Female,C,,CUST-2867
Heba Hamdy,Doctor,45,Male,D,,CUST-2868
Ibrahim Mansour,Doctor,61,Female,C,,CUST-2869
Sara Ghanem,Sales_Rep,62,Male,C,,CUST-2870
Layla Mansour,Doctor,33,Male,A,Vehicle,CUST-2871
Fatma Abdel-Aziz,Accountant,39,Male,B,Vehicle,CUST-2872
Mohamed Hamdy,Engineer,45,Female,B,,CUST-2873
,Accountant,55,Female,A,Vehicle,CUST-2874
Tarek Mahmoud,Technician,30,Female,D,Land,CUST-2875
Amira Nabil,Teacher,43,Female,C,,CUST-2876
Hassan Kamel,Technician,35,Female,D,Vehicle,CUST-2877
Ibrahim Mahmoud,Doctor,39,Male,B,Vehicle,CUST-2878
Hassan Amr,Technician,55,Female,C,Vehicle,CUST-2879
Dina Amr,Technician,65,Male,A,Land,CUST-2880
Dina Adel,Freelancer,23,Female,B,Land,CUST-2881
Hoda Adel,Teacher,31,Male,B,Vehicle,CUST-2882
Sherif Mansour,Engineer,28,Female,B,Vehicle,CUST-2883
Amira El-Sayed,Sales_Rep,33,Male,A,,CUST-2884
Wael Mahmoud,Teacher,32,Male,D,,CUST-2885
Zaki Ghanem,Teacher,54,Female,C,Land,CUST-2886
Layla El-Sayed,Engineer,64,Female,A,Land,CUST-2887
Mahmoud Saied,Technician,26,Female,D,Vehicle,CUST-2888
Mostafa Abdel-Aziz,Accountant,21,Male,C,,CUST-2889
Wael Adel,Doctor,42,Female,C,Vehicle,CUST-2890
Hassan Hamdy,Doctor,30,Female,A,Land,CUST-2891
Ahmed Amr,Accountant,52,Female,D,,CUST-2892
Hoda Hassan,Teacher,36,Female,C,,CUST-2893
Mostafa Saied,Sales_Rep,59,Female,D,Vehicle,CUST-2894
Hassan El-Sayed,Sales_Rep,58,Female,B,,CUST-2895
Zaki Ibrahim,Freelancer,45,Male,B,,CUST-2896
Nabil Kamel,Sales_Rep,64,Female,A,,CUST-2897
Mostafa Mahmoud,Doctor,54,Male,B,Land,CUST-2898
Karim Ibrahim,Technician,34,Male,A,Land,CUST-2899
Ibrahim Nabil,Doctor,24,Male,B,Land,CUST-2900
Heba Zaki,Technician,35,Female,D,Land,CUST-2901
Hoda Fawzy,Teacher,50,Male,D,Land,CUST-2902
Hoda Nabil,Accountant,45,Male,B,Land,CUST-2903
Zaki Ghanem,Engineer,41,Male,A,Vehicle,CUST-2904
,Engineer,30,Male,A,,CUST-2905
Ibrahim Hassan,Technician,63,Male,C,Vehicle,CUST-2906
Salma Hassan,Doctor,37,Female,D,Vehicle,CUST-2907
Tarek Mahmoud,Doctor,29,Male,C,,CUST-2908
Amira Zaki,Freelancer,37,Female,A,,CUST-2909
Layla Abdel-Aziz,Technician,32,Female,C,Vehicle,CUST-2910
Zaki Ghanem,Engineer,62,Female,A,,CUST-2911
Tarek Mahmoud,Sales_Rep,60,Female,B,Vehicle,CUST-2912
Fatma Saied,Freelancer,52,Female,A,Land,CUST-2913
Tarek Hassan,Technician,24,Female,D,Land,CUST-2914
Fatma Ibrahim,Doctor,50,Male,B,,CUST-2915
Ahmed Ghanem,Freelancer,35,Male,C,Vehicle,CUST-2916
Zaki Mahmoud,Teacher,29,Female,A,Land,CUST-2917
Hassan Ghanem,Sales_Rep,47,Female,D,,CUST-2918
Dina Nabil,Sales_Rep,50,Male,D,,CUST-2919
Amira Mahmoud,Accountant,47,Male,C,Land,CUST-2920
Ahmed Mahmoud,Sales_Rep,43,Female,A,,CUST-2921
Mostafa Ghanem,Doctor,37,Male,A,Land,CUST-2922
Mohamed Mansour,Sales_Rep,22,Male,B,Vehicle,CUST-2923
Hassan Fawzy,Sales_Rep,50,Female,A,Vehicle,CUST-2924
Salma Fawzy,Teacher,48,Male,C,,CUST-2925
Zaki Hamdy,Freelancer,26,Female,D,Vehicle,CUST-2926
Dina Saied,Accountant,51,Female,B,Land,CUST-2927
Fatma Ibrahim,Technician,50,Male,A,Vehicle,CUST-2928
Sara Amr,Technician,42,Female,C,Vehicle,CUST-2929
Omar Reda,Teacher,50,Female,A,,CUST-2930
Fatma Kamel,Engineer,65,Female,C,Land,CUST-2931
Mona Reda,Technician,50,Female,D,Vehicle,CUST-2932
Mahmoud Reda,Accountant,25,Male,A,Vehicle,CUST-2933
Hassan Mahmoud,Accountant,63,Female,C,Land,CUST-2934
Sherif Ibrahim,Engineer,34,Male,C,Land,CUST-2935
Karim Abdel-Aziz,Doctor,22,Male,B,Vehicle,CUST-2936
Salma Mansour,Sales_Rep,50,Male,B,Land,CUST-2937
Heba Ibrahim,Accountant,42,Male,C,,CUST-2938
Hassan Hamdy,Technician,28,Male,A,Land,CUST-2939
,Accountant,26,Female,A,Vehicle,CUST-2940
Dina Ghanem,Sales_Rep,22,Male,B,Land,CUST-2941
Mostafa Fawzy,Engineer,55,Female,A,Land,CUST-2942
Mostafa Hamdy,Engineer,58,Female,B,Vehicle,CUST-2943
Zaki Saied,Technician,42,Female,C,Vehicle,CUST-2944
Tarek Mansour,Doctor,62,Female,A,,CUST-2945
Salma Zaki,Accountant,64,Female,D,Land,CUST-2946
Sara Mansour,Doctor,42,Male,A,Land,CUST-2947
Tarek Mansour,Doctor,62,Female,C,,CUST-2948
Mostafa Abdel-Aziz,Engineer,32,Female,D,Land,CUST-2949
Mostafa Mahmoud,Technician,38,Male,A,,CUST-2950
Dina Zaki,Doctor,37,Female,D,Vehicle,CUST-2951
Ahmed Nabil,Technician,50,Female,C,Vehicle,CUST-2952
Sara Abdel-Aziz,Freelancer,34,Male,B,Vehicle,CUST-2953
Khaled Kamel,Freelancer,46,Female,D,Land,CUST-2954
Hoda Adel,Doctor,36,Female,A,Land,CUST-2955
Amira Mahmoud,Teacher,21,Male,C,Vehicle,CUST-2956
Omar Ghanem,Accountant,55,Female,A,Land,CUST-2957
Heba Hassan,Teacher,61,Female,B,,CUST-2958
Mona Kamel,Accountant,27,Male,C,Land,CUST-2959
Mahmoud Mansour,Technician,56,Male,C,Land,CUST-2960
Amira Hassan,Doctor,59,Male,D,Land,CUST-2961
Bassem Mansour,Accountant,60,Female,A,Land,CUST-2962
Bassem Nabil,Accountant,53,Female,C,,CUST-2963
Dina Ibrahim,Accountant,51,Male,B,Vehicle,CUST-2964
Ibrahim Amr,Sales_Rep,21,Female,D,,CUST-2965
Sherif Fawzy,Sales_Rep,32,Male,C,Land,CUST-2966
Mona Saied,Teacher,54,Male,B,Land,CUST-2967
Bassem Zaki,Doctor,46,Male,B,,CUST-2968
Dina Hamdy,Sales_Rep,44,Female,C,Vehicle,CUST-2969
Omar Reda,Engineer,35,Male,B,,CUST-2970
Sherif Nabil,Freelancer,31,Male,B,Land,CUST-2971
Mohamed Nabil,Accountant,35,Female,C,,CUST-2972
Amira Nabil,Doctor,49,Female,C,Land,CUST-2973
Ibrahim Fawzy,Freelancer,49,Male,D,,CUST-2974
Ahmed Adel,Teacher,53,Male,A,Land,CUST-2975
Ahmed Mahmoud,Accountant,36,Female,A,,CUST-2976
Dina Ibrahim,Sales_Rep,24,Female,A,Land,CUST-2977
Mostafa El-Sayed,Doctor,52,Female,D,Land,CUST-2978
Mahmoud Nabil,Sales_Rep,34,Female,D,Land,CUST-2979
,Accountant,44,Male,D,Land,CUST-2980
,Sales_Rep,57,Female,C,Land,CUST-2981
Wael Reda,Freelancer,61,Female,B,,CUST-2982
Sara Mansour,Sales_Rep,46,Female,D,,CUST-2983
Omar Nabil,Doctor,49,Male,B,,CUST-2984
Heba Adel,Teacher,55,Male,D,,CUST-2985
Ahmed Abdel-Aziz,Engineer,21,Female,C,Vehicle,CUST-2986
Hamdy Hamdy,Engineer,25,Female,A,Vehicle,CUST-2987
Hassan Kamel,Engineer,21,Male,D,Vehicle,CUST-2988
Mohamed Fawzy,Freelancer,60,Male,B,Vehicle,CUST-2989
Mona Adel,Teacher,29,Male,A,Vehicle,CUST-2990
,Technician,58,Male,C,,CUST-2991
Sherif Hamdy,Teacher,33,Male,A,,CUST-2992
Ibrahim Saied,Sales_Rep,46,Male,B,,CUST-2993
Mahmoud Nabil,Teacher,62,Female,C,,CUST-2994
Tarek Adel,Teacher,45,Female,A,Vehicle,CUST-2995
Nabil Kamel,Freelancer,21,Male,B,Land,CUST-2996
Heba Amr,Technician,52,Male,B,Vehicle,CUST-2997
Tarek El-Sayed,Teacher,44,Female,C,Vehicle,CUST-2998
Nabil Reda,Accountant,37,Male,C,Vehicle,CUST-2999
Sara Nabil,Doctor,32,Female,B,,CUST-3000
Fatma Kamel,Teacher,23,Male,D,Land,CUST-3001
Mohamed Ibrahim,Engineer,55,Female,D,,CUST-3002
Mahmoud Hamdy,Technician,22,Male,B,Vehicle,CUST-3003
Hamdy Hamdy,Teacher,32,Male,B,Land,CUST-3004
Hoda Hassan,Doctor,58,Male,C,Land,CUST-3005
Mahmoud Amr,Engineer,32,Female,C,Vehicle,CUST-3006
Mona Kamel,Teacher,27,Female,D,Vehicle,CUST-3007
Ibrahim Nabil,Sales_Rep,57,Male,C,,CUST-3008
,Technician,37,Female,A,,CUST-3009
Khaled Nabil,Doctor,25,Male,B,Land,CUST-3010
Mostafa El-Sayed,Teacher,49,Female,B,Vehicle,CUST-3011
Hamdy Mahmoud,Engineer,35,Female,D,Land,CUST-3012
Heba Mahmoud,Accountant,60,Male,B,Vehicle,CUST-3013
Nabil Mansour,Doctor,46,Male,B,Vehicle,CUST-3014
Ahmed Ghanem,Teacher,22,Male,A,Vehicle,CUST-3015
Omar Amr,Technician,26,Female,B,,CUST-3016
Omar Adel,Teacher,39,Male,C,Land,CUST-3017
Khaled Adel,Freelancer,29,Female,A,,CUST-3018
Sara Kamel,Teacher,24,Female,B,Land,CUST-3019
Zaki Zaki,Teacher,61,Male,C,Vehicle,CUST-3020
Fatma Ibrahim,Technician,28,Male,D,,CUST-3021
Hoda Nabil,Technician,27,Female,D,Land,CUST-3022
Hoda Kamel,Sales_Rep,44,Male,B,Vehicle,CUST-3023
Dina Zaki,Freelancer,56,Female,A,,CUST-3024
Layla Adel,Freelancer,51,Female,D,Vehicle,CUST-3025
Omar Saied,Doctor,52,Male,B,Vehicle,CUST-3026
Ahmed Ghanem,Doctor,34,Female,B,Vehicle,CUST-3027
Fatma Ibrahim,Sales_Rep,50,Female,B,,CUST-3028
Hassan Hassan,Engineer,26,Male,C,Land,CUST-3029
Fatma Reda,Freelancer,47,Male,A,Vehicle,CUST-3030
Amira Hamdy,Freelancer,55,Female,C,Vehicle,CUST-3031
Nabil Abdel-Aziz,Teacher,51,Female,B,Land,CUST-3032
Wael Abdel-Aziz,Teacher,43,Female,C,,CUST-3033
Mahmoud Reda,Technician,35,Male,C,Vehicle,CUST-3034
Heba Zaki,Doctor,47,Female,C,Land,CUST-3035
Omar Mahmoud,Teacher,37,Male,C,Land,CUST-3036
Hamdy Kamel,Engineer,25,Male,C,Land,CUST-3037
Sherif Saied,Teacher,36,Female,B,,CUST-3038
Mona Kamel,Sales_Rep,36,Female,D,Vehicle,CUST-3039
Ibrahim Reda,Sales_Rep,29,Male,A,Land,CUST-3040
Hassan Hamdy,Technician,52,Male,A,Land,CUST-3041
Zaki Nabil,Freelancer,61,Male,D,,CUST-3042
Salma Abdel-Aziz,Doctor,47,Male,D,Vehicle,CUST-3043
Salma Ibrahim,Sales_Rep,49,Male,C,Vehicle,CUST-3044
Ahmed Nabil,Engineer,21,Female,B,Land,CUST-3045
Mona Mahmoud,Freelancer,63,Female,A,Vehicle,CUST-3046
Mahmoud Hamdy,Freelancer,63,Male,C,Land,CUST-3047
Mostafa Reda,Engineer,41,Male,D,,CUST-3048
Hassan Hamdy,Engineer,64,Female,D,Vehicle,CUST-3049
Wael Zaki,Accountant,23,Male,A,,CUST-3050
Heba Hamdy,Freelancer,29,Male,A,,CUST-3051
Mahmoud Adel,Sales_Rep,63,Female,D,Vehicle,CUST-3052
Bassem Nabil,Teacher,46,Female,B,,CUST-3053
Mohamed Ghanem,Sales_Rep,40,Female,A,Vehicle,CUST-3054
Tarek Kamel,Teacher,26,Female,A,Land,CUST-3055
Karim Adel,Engineer,47,Female,B,Land,CUST-3056
,Freelancer,62,Female,A,Vehicle,CUST-3057
Layla Abdel-Aziz,Doctor,28,Male,D,,CUST-3058
Khaled Nabil,Accountant,60,Male,A,,CUST-3059
Karim Fawzy,Accountant,39,Male,B,Vehicle,CUST-3060
Amira Fawzy,Sales_Rep,41,Male,B,Vehicle,CUST-3061
Nabil Reda,Sales_Rep,54,Female,C,Land,CUST-3062
Mohamed Mahmoud,Technician,26,Male,D,Land,CUST-3063
Layla Ibrahim,Technician,38,Female,B,,CUST-3064
Hoda Amr,Accountant,51,Female,B,,CUST-3065
Tarek Mansour,Accountant,30,Male,B,Land,CUST-3066
Tarek Amr,Freelancer,38,Female,D,Land,CUST-3067
Zaki Mahmoud,Sales_Rep,42,Female,B,Land,CUST-3068
,Accountant,55,Male,D,,CUST-3069
Salma Fawzy,Doctor,39,Female,B,Land,CUST-3070
Khaled Fawzy,Doctor,27,Female,D,,CUST-3071
Dina El-Sayed,Sales_Rep,49,Female,B,Land,CUST-3072
Amira Hassan,Freelancer,55,Male,D,Land,CUST-3073
Tarek Zaki,Technician,37,Male,B,Land,CUST-3074
Mahmoud Mahmoud,Sales_Rep,59,Female,B,Vehicle,CUST-3075
Khaled Hamdy,Doctor,58,Male,B,,CUST-3076
Khaled Abdel-Aziz,Sales_Rep,23,Male,D,,CUST-3077
Omar Hamdy,Accountant,52,Female,A,Land,CUST-3078
Sherif Amr,Freelancer,56,Male,C,Land,CUST-3079
Mona Reda,Accountant,62,Male,C,,CUST-3080
Ibrahim Adel,Freelancer,34,Female,B,,CUST-3081
Ibrahim Fawzy,Doctor,21,Female,A,Land,CUST-3082
Sara Saied,Accountant,61,Male,A,Vehicle,CUST-3083
,Doctor,34,Male,B,Vehicle,CUST-3084
Ahmed Abdel-Aziz,Engineer,65,Male,B,,CUST-3085
Ahmed Nabil,Accountant,63,Male,D,Vehicle,CUST-3086
Salma Saied,Accountant,49,Male,C,,CUST-3087
Layla Hassan,Sales_Rep,54,Male,A,Vehicle,CUST-3088
Sherif Hamdy,Teacher,46,Male,A,,CUST-3089
,Accountant,47,Female,C,Land,CUST-3090
Khaled Hamdy,Freelancer,55,Male,A,Land,CUST-3091
,Sales_Rep,43,Female,A,,CUST-3092
Tarek Amr,Accountant,59,Female,C,Land,CUST-3093
Karim El-Sayed,Sales_Rep,34,Female,C,Land,CUST-3094
Mahmoud Fawzy,Sales_Rep,26,Male,C,,CUST-3095
,Sales_Rep,40,Female,A,,CUST-3096
Sara Kamel,Teacher,49,Female,C,Land,CUST-3097
Tarek Zaki,Doctor,47,Female,A,Land,CUST-3098
Nabil Reda,Accountant,46,Female,B,Vehicle,CUST-3099
Ahmed Ibrahim,Teacher,51,Male,A,Vehicle,CUST-3100
Karim Amr,Sales_Rep,62,Male,C,,CUST-3101
Khaled Saied,Doctor,37,Female,A,Land,CUST-3102
Ibrahim Kamel,Accountant,45,Female,C,Land,CUST-3103
Mona Reda,Engineer,21,Male,A,,CUST-3104
Hassan Ibrahim,Doctor,61,Male,A,,CUST-3105
Sherif Adel,Accountant,65,Male,A,Vehicle,CUST-3106
Wael Fawzy,Teacher,43,Male,C,,CUST-3107
Khaled Fawzy,Doctor,31,Female,D,Land,CUST-3108
Amira Ibrahim,Accountant,35,Male,D,Vehicle,CUST-3109
Ibrahim Reda,Accountant,45,Female,A,Vehicle,CUST-3110
Zaki Hassan,Sales_Rep,60,Female,D,Vehicle,CUST-3111
Mostafa Fawzy,Technician,32,Female,A,,CUST-3112
Heba Abdel-Aziz,Teacher,55,Male,C,,CUST-3113
Zaki Adel,Technician,33,Female,C,Vehicle,CUST-3114
Mona Mahmoud,Doctor,48,Male,A,Land,CUST-3115
Mahmoud Adel,Engineer,54,Female,A,,CUST-3116
Ahmed Kamel,Freelancer,45,Female,B,Land,CUST-3117
Fatma Zaki,Technician,46,Female,A,Vehicle,CUST-3118
,Sales_Rep,33,Male,B,Vehicle,CUST-3119
Mona Hassan,Sales_Rep,61,Male,B,,CUST-3120
Omar Abdel-Aziz,Sales_Rep,48,Male,B,,CUST-3121
Ahmed Hamdy,Doctor,65,Female,C,Vehicle,CUST-3122
,Engineer,59,Female,B,Land,CUST-3123
Hassan Reda,Accountant,61,Female,A,,CUST-3124
Wael El-Sayed,Accountant,35,Female,B,Vehicle,CUST-3125
Hassan Ibrahim,Accountant,50,Female,D,Vehicle,CUST-3126
Fatma Kamel,Doctor,28,Male,B,,CUST-3127
Karim Ibrahim,Technician,47,Female,A,Vehicle,CUST-3128
Layla Reda,Accountant,43,Male,C,,CUST-3129
Mostafa Reda,Doctor,48,Male,D,Vehicle,CUST-3130
Sara Hassan,Teacher,42,Female,B,,CUST-3131
Fatma Hassan,Teacher,48,Female,D,Vehicle,CUST-3132
Amira Ibrahim,Technician,35,Male,B,Land,CUST-3133
Nabil Abdel-Aziz,Teacher,47,Female,C,Land,CUST-3134
Hoda Kamel,Engineer,61,Female,D,Land,CUST-3135
Mahmoud Abdel-Aziz,Doctor,58,Female,A,Vehicle,CUST-3136
Fatma Reda,Doctor,42,Female,A,,CUST-3137
Tarek Abdel-Aziz,Engineer,62,Female,C,,CUST-3138
Tarek Nabil,Teacher,52,Female,A,Land,CUST-3139
Bassem El-Sayed,Sales_Rep,26,Male,C,Vehicle,CUST-3140
Fatma Mahmoud,Sales_Rep,29,Male,C,Land,CUST-3141
Salma Mahmoud,Doctor,51,Male,D,,CUST-3142
Omar Hamdy,Freelancer,33,Male,B,Land,CUST-3143
Zaki El-Sayed,Accountant,57,Male,B,,CUST-3144
Wael Fawzy,Doctor,33,Female,C,,CUST-3145
Nabil Reda,Freelancer,55,Male,D,Vehicle,CUST-3146
Zaki Fawzy,Sales_Rep,60,Male,C,Vehicle,CUST-3147
Bassem Kamel,Technician,54,Female,B,Vehicle,CUST-3148
Heba Adel,Teacher,41,Female,A,,CUST-3149
Omar Amr,Technician,49,Female,A,Vehicle,CUST-3150
Fatma Abdel-Aziz,Doctor,56,Male,A,Vehicle,CUST-3151
Fatma Ghanem,Sales_Rep,31,Male,A,Land,CUST-3152
,Accountant,55,Male,D,Vehicle,CUST-3153
Hassan Mansour,Doctor,53,Female,A,,CUST-3154
Khaled Hassan,Accountant,35,Female,C,,CUST-3155
Mona Saied,Freelancer,26,Male,A,,CUST-3156
Layla Zaki,Accountant,22,Male,B,Vehicle,CUST-3157
Wael Hassan,Doctor,39,Male,A,Land,CUST-3158
Khaled Saied,Technician,27,Male,D,Vehicle,CUST-3159
Ahmed Zaki,Doctor,40,Female,D,,CUST-3160
Tarek Zaki,Freelancer,36,Female,A,Vehicle,CUST-3161
Sara Mansour,Technician,65,Male,B,Vehicle,CUST-3162
Nabil Hassan,Engineer,31,Male,D,,CUST-3163
Mahmoud Zaki,Technician,57,Female,C,Vehicle,CUST-3164
Omar Adel,Accountant,34,Male,D,Land,CUST-3165
Hassan Mahmoud,Doctor,24,Female,D,Vehicle,CUST-3166
Khaled El-Sayed,Teacher,33,Female,A,,CUST-3167
Nabil El-Sayed,Doctor,48,Male,A,Land,CUST-3168
Mohamed Mahmoud,Teacher,42,Female,A,Vehicle,CUST-3169
Wael Nabil,Technician,41,Male,D,,CUST-3170
,Doctor,24,Female,B,Vehicle,CUST-3171
Nabil Adel,Sales_Rep,22,Female,A,Land,CUST-3172
Sherif Saied,Teacher,31,Male,B,Land,CUST-3173
Amira Adel,Accountant,46,Male,D,Land,CUST-3174
Mostafa Kamel,Engineer,65,Female,B,Vehicle,CUST-3175
Mona Nabil,Engineer,38,Male,B,Land,CUST-3176
Mostafa Hamdy,Teacher,32,Female,B,,CUST-3177
Heba Saied,Engineer,42,Female,C,Land,CUST-3178
Zaki Mahmoud,Doctor,24,Female,B,Vehicle,CUST-3179
Nabil Ghanem,Freelancer,64,Female,D,,CUST-3180
Hassan Hamdy,Sales_Rep,36,Female,C,,CUST-3181
Layla Adel,Teacher,23,Female,D,,CUST-3182
Sherif Zaki,Freelancer,25,Female,A,,CUST-3183
,Teacher,35,Male,C,Land,CUST-3184
Heba El-Sayed,Teacher,26,Female,D,,CUST-3185
Wael Kamel,Sales_Rep,40,Male,C,Vehicle,CUST-3186
Amira Ibrahim,Freelancer,32,Female,D,,CUST-3187
Mostafa Zaki,Doctor,55,Female,B,Vehicle,CUST-3188
Mahmoud Zaki,Teacher,31,Female,B,Land,CUST-3189
Amira Reda,Sales_Rep,48,Male,D,Land,CUST-3190
Ibrahim Kamel,Sales_Rep,37,Male,D,,CUST-3191
Zaki Saied,Accountant,32,Female,A,,CUST-3192
Salma Kamel,Technician,50,Female,D,Vehicle,CUST-3193
Sara Nabil,Technician,50,Male,D,,CUST-3194
Nabil Mahmoud,Freelancer,64,Female,D,Land,CUST-3195
,Engineer,53,Male,D,Land,CUST-3196
Khaled El-Sayed,Doctor,21,Male,B,,CUST-3197
Nabil Zaki,Technician,48,Female,B,Land,CUST-3198
Fatma Fawzy,Technician,35,Male,B,Vehicle,CUST-3199
Wael Hassan,Accountant,59,Male,D,Vehicle,CUST-3200
Amira Zaki,Teacher,25,Female,D,Land,CUST-3201
Omar Adel,Accountant,32,Male,D,,CUST-3202
Bassem Nabil,Accountant,61,Female,B,Land,CUST-3203
Sara Amr,Teacher,30,Male,D,,CUST-3204
Omar Adel,Freelancer,34,Male,A,,CUST-3205
Salma Mansour,Freelancer,63,Female,D,Land,CUST-3206
Khaled Mansour,Accountant,59,Female,D,,CUST-3207
Fatma Hamdy,Sales_Rep,56,Male,D,,CUST-3208
Mohamed Mahmoud,Sales_Rep,57,Female,D,,CUST-3209
Khaled Nabil,Engineer,63,Male,A,Vehicle,CUST-3210
Salma Zaki,Accountant,39,Female,A,,CUST-3211
,Teacher,53,Male,A,,CUST-3212
Tarek Reda,Doctor,58,Male,C,Vehicle,CUST-3213
Sara Mahmoud,Engineer,44,Female,D,Land,CUST-3214
Amira Abdel-Aziz,Accountant,23,Male,D,Land,CUST-3215
Hamdy Kamel,Accountant,32,Female,C,Vehicle,CUST-3216
Hassan Ghanem,Engineer,48,Male,C,Vehicle,CUST-3217
Omar Ibrahim,Accountant,28,Female,A,,CUST-3218
Zaki Reda,Accountant,51,Male,D,Vehicle,CUST-3219
Khaled Hassan,Freelancer,43,Male,D,Land,CUST-3220
Sara Fawzy,Accountant,50,Male,D,Land,CUST-3221
Mostafa Reda,Teacher,52,Male,C,Land,CUST-3222
Khaled Kamel,Freelancer,46,Male,B,Land,CUST-3223
Nabil Mahmoud,Sales_Rep,41,Male,C,,CUST-3224
Dina Fawzy,Teacher,21,Male,A,Vehicle,CUST-3225
Fatma Adel,Doctor,42,Female,C,,CUST-3226
Ahmed Zaki,Accountant,27,Female,C,,CUST-3227
Ahmed Nabil,Doctor,21,Female,A,,CUST-3228
Sara Mansour,Technician,38,Female,C,Land,CUST-3229
Mohamed Zaki,Engineer,44,Female,D,Land,CUST-3230
Karim Abdel-Aziz,Freelancer,38,Male,C,,CUST-3231
Wael Nabil,Technician,30,Male,C,,CUST-3232
Mohamed Ghanem,Technician,53,Male,D,Vehicle,CUST-3233
Omar Abdel-Aziz,Freelancer,64,Male,C,Land,CUST-3234
Tarek Zaki,Technician,25,Male,D,,CUST-3235
Mostafa Mansour,Engineer,42,Female,B,Vehicle,CUST-3236
Hassan Ghanem,Technician,60,Female,A,,CUST-3237
Mahmoud Amr,Doctor,43,Male,D,Vehicle,CUST-3238
Sherif Fawzy,Sales_Rep,23,Female,B,Land,CUST-3239
Salma Ghanem,Sales_Rep,65,Female,A,Vehicle,CUST-3240
Sara Reda,Freelancer,29,Male,C,,CUST-3241
Mahmoud Zaki,Teacher,51,Female,A,Land,CUST-3242
Khaled Saied,Sales_Rep,42,Male,C,,CUST-3243
Hassan Kamel,Doctor,50,Female,A,Vehicle,CUST-3244
Zaki Ghanem,Freelancer,59,Female,B,Land,CUST-3245
Ahmed Fawzy,Technician,31,Male,D,Land,CUST-3246
Sara Ghanem,Accountant,47,Male,D,,CUST-3247
Sherif Hamdy,Doctor,25,Female,A,Vehicle,CUST-3248
Karim Adel,Freelancer,34,Male,D,,CUST-3249
Fatma Zaki,Freelancer,49,Female,D,Land,CUST-3250
Mostafa Hamdy,Teacher,60,Male,D,Vehicle,CUST-3251
Fatma Zaki,Engineer,41,Male,B,Vehicle,CUST-3252
Mona Fawzy,Sales_Rep,52,Male,A,Vehicle,CUST-3253
,Doctor,60,Female,C,Land,CUST-3254
Karim Amr,Teacher,50,Male,C,,CUST-3255
Mohamed Adel,Engineer,24,Male,C,Land,CUST-3256
Nabil Ghanem,Sales_Rep,62,Male,C,Vehicle,CUST-3257
Hamdy Adel,Doctor,65,Female,D,Vehicle,CUST-3258
Dina Ibrahim,Doctor,59,Male,A,Vehicle,CUST-3259
Khaled Reda,Doctor,34,Male,D,,CUST-3260
Wael Mansour,Teacher,48,Female,D,Vehicle,CUST-3261
Ahmed Hamdy,Teacher,29,Male,A,,CUST-3262
Salma Amr,Engineer,24,Female,D,Vehicle,CUST-3263
Heba El-Sayed,Freelancer,55,Male,B,,CUST-3264
,Freelancer,33,Female,C,Land,CUST-3265
Amira Amr,Doctor,26,Male,A,Vehicle,CUST-3266
Wael Saied,Teacher,21,Female,B,Land,CUST-3267
Hamdy El-Sayed,Freelancer,25,Male,A,,CUST-3268
Mahmoud Hamdy,Teacher,27,Male,B,Vehicle,CUST-3269
Mahmoud Amr,Doctor,52,Female,D,Land,CUST-3270
Ibrahim Nabil,Doctor,28,Female,D,Vehicle,CUST-3271
Khaled Amr,Doctor,36,Female,B,Vehicle,CUST-3272
Ibrahim El-Sayed,Freelancer,50,Female,D,Vehicle,CUST-3273
Karim Mahmoud,Engineer,45,Female,D,,CUST-3274
Omar Mahmoud,Teacher,46,Female,B,Vehicle,CUST-3275
Hassan Kamel,Teacher,39,Female,B,Vehicle,CUST-3276
Nabil Nabil,Accountant,25,Female,C,,CUST-3277
Amira Abdel-Aziz,Accountant,50,Female,B,Land,CUST-3278
Mahmoud Hamdy,Sales_Rep,49,Male,A,Vehicle,CUST-3279
Hassan Zaki,Sales_Rep,51,Female,C,Vehicle,CUST-3280
Hassan Abdel-Aziz,Engineer,62,Male,A,Vehicle,CUST-3281
Wael Mansour,Sales_Rep,31,Female,A,,CUST-3282
Zaki Abdel-Aziz,Accountant,41,Female,B,,CUST-3283
,Technician,31,Female,B,Land,CUST-3284
Hoda Fawzy,Technician,33,Female,C,Land,CUST-3285
Sherif Hamdy,Sales_Rep,55,Male,B,Vehicle,CUST-3286
Bassem Nabil,Technician,38,Female,C,Vehicle,CUST-3287
Sherif Abdel-Aziz,Engineer,46,Male,D,Vehicle,CUST-3288
Tarek Abdel-Aziz,Sales_Rep,52,Male,D,Land,CUST-3289
Heba Kamel,Technician,29,Male,B,,CUST-3290
Nabil Zaki,Teacher,30,Female,A,Land,CUST-3291
Dina Adel,Engineer,30,Male,C,Vehicle,CUST-3292
Bassem Zaki,Sales_Rep,62,Female,C,,CUST-3293
Sherif Mansour,Engineer,51,Female,D,Vehicle,CUST-3294
Amira Ghanem,Sales_Rep,47,Female,C,Land,CUST-3295
Karim Mahmoud,Engineer,55,Male,D,,CUST-3296
Hassan Adel,Sales_Rep,36,Male,D,Vehicle,CUST-3297
Wael Abdel-Aziz,Doctor,38,Female,C,Vehicle,CUST-3298
Fatma Nabil,Freelancer,29,Female,A,Land,CUST-3299
Salma Amr,Doctor,37,Male,B,Land,CUST-3300
Layla Hamdy,Teacher,23,Female,C,Land,CUST-3301
,Teacher,39,Female,B,Vehicle,CUST-3302
Fatma El-Sayed,Teacher,36,Male,B,,CUST-3303
Wael Mahmoud,Technician,45,Male,C,Vehicle,CUST-3304
Ibrahim Hamdy,Engineer,36,Male,A,Vehicle,CUST-3305
Hassan Adel,Technician,31,Male,B,Land,CUST-3306
Omar Mahmoud,Accountant,43,Male,B,Vehicle,CUST-3307
Khaled Ghanem,Sales_Rep,44,Female,D,Vehicle,CUST-3308
Tarek Kamel,Sales_Rep,24,Female,B,Vehicle,CUST-3309
Sherif Nabil,Accountant,26,Male,B,Vehicle,CUST-3310
Mona Mahmoud,Sales_Rep,33,Female,B,,CUST-3311
Salma Hamdy,Accountant,58,Female,C,Land,CUST-3312
Sara Saied,Teacher,41,Female,B,Vehicle,CUST-3313
Ahmed Abdel-Aziz,Accountant,32,Female,A,Land,CUST-3314
Fatma Zaki,Technician,56,Male,B,,CUST-3315
Hamdy El-Sayed,Teacher,31,Male,B,Land,CUST-3316
Amira Abdel-Aziz,Doctor,33,Male,C,Land,CUST-3317
Bassem Mahmoud,Accountant,50,Female,D,Land,CUST-3318
,Engineer,30,Male,D,,CUST-3319
Mona Ibrahim,Doctor,21,Female,A,Land,CUST-3320
Nabil El-Sayed,Doctor,61,Female,A,Land,CUST-3321
Omar Abdel-Aziz,Doctor,63,Female,A,Vehicle,CUST-3322
Mahmoud Hassan,Accountant,36,Female,B,,CUST-3323
Nabil Fawzy,Accountant,35,Male,A,Vehicle,CUST-3324
Mostafa Abdel-Aziz,Engineer,50,Male,A,,CUST-3325
Sherif Hassan,Doctor,44,Female,D,Land,CUST-3326
Zaki Reda,Teacher,42,Male,B,Vehicle,CUST-3327
Layla Nabil,Teacher,29,Female,C,Vehicle,CUST-3328
Sara Amr,Freelancer,37,Male,D,Vehicle,CUST-3329
Mahmoud Mahmoud,Teacher,45,Female,A,,CUST-3330
Mohamed Fawzy,Engineer,43,Male,C,Land,CUST-3331
Bassem Mansour,Sales_Rep,48,Female,C,,CUST-3332
Hoda Ibrahim,Sales_Rep,42,Male,C,,CUST-3333
Layla Mansour,Engineer,32,Female,B,Land,CUST-3334
Fatma El-Sayed,Freelancer,30,Female,B,Vehicle,CUST-3335
Sara Kamel,Doctor,39,Female,B,Land,CUST-3336
Ahmed Ghanem,Accountant,41,Female,B,Vehicle,CUST-3337
Tarek Adel,Teacher,48,Male,C,Land,CUST-3338
Fatma Fawzy,Accountant,44,Male,B,Land,CUST-3339
Khaled Hassan,Sales_Rep,38,Male,B,,CUST-3340
Salma Nabil,Technician,21,Male,A,Land,CUST-3341
Ibrahim Kamel,Doctor,51,Female,A,Land,CUST-3342
Sara Ibrahim,Engineer,40,Female,B,Vehicle,CUST-3343
Dina Saied,Freelancer,29,Male,D,,CUST-3344
,Teacher,47,Male,C,Vehicle,CUST-3345
Omar Nabil,Sales_Rep,23,Male,A,Vehicle,CUST-3346
Bassem Saied,Teacher,65,Male,B,,CUST-3347
Karim Reda,Sales_Rep,27,Female,A,,CUST-3348
Amira Saied,Technician,63,Female,D,,CUST-3349
Hassan El-Sayed,Engineer,23,Male,A,Land,CUST-3350
Salma Zaki,Doctor,30,Female,B,Land,CUST-3351
Sherif Fawzy,Doctor,31,Male,B,Vehicle,CUST-3352
Bassem Reda,Technician,54,Male,A,,CUST-3353
Khaled Adel,Technician,61,Male,A,Land,CUST-3354
Mona Mansour,Engineer,23,Male,C,Land,CUST-3355
Sherif Adel,Freelancer,48,Female,C,Vehicle,CUST-3356
Salma Kamel,Engineer,55,Male,B,Land,CUST-3357
Fatma Saied,Sales_Rep,63,Male,A,Land,CUST-3358
Sherif Reda,Technician,58,Male,D,Vehicle,CUST-3359
Mohamed Reda,Teacher,26,Male,C,Vehicle,CUST-3360
Omar Ibrahim,Sales_Rep,45,Male,C,Vehicle,CUST-3361
Mostafa Reda,Teacher,27,Female,B,Vehicle,CUST-3362
Mostafa Adel,Teacher,52,Male,D,Vehicle,CUST-3363
Khaled Hamdy,Sales_Rep,64,Female,D,Vehicle,CUST-3364
Ibrahim El-Sayed,Sales_Rep,23,Male,D,,CUST-3365
Hassan Mansour,Technician,47,Male,C,,CUST-3366
Karim Fawzy,Accountant,22,Female,B,,CUST-3367
,Sales_Rep,62,Male,D,Land,CUST-3368
Karim Kamel,Doctor,50,Male,C,Vehicle,CUST-3369
Sherif Ghanem,Engineer,51,Female,D,,CUST-3370
Salma Adel,Technician,62,Female,C,Land,CUST-3371
Dina Abdel-Aziz,Accountant,39,Female,C,,CUST-3372
,Engineer,50,Male,A,Vehicle,CUST-3373
Hassan Ghanem,Freelancer,29,Female,A,Land,CUST-3374
Mohamed Fawzy,Technician,58,Female,A,Vehicle,CUST-3375
Ahmed Saied,Teacher,51,Male,C,Vehicle,CUST-3376
Ibrahim Kamel,Sales_Rep,30,Male,D,,CUST-3377
Khaled Nabil,Engineer,52,Female,B,Vehicle,CUST-3378
Heba Amr,Accountant,45,Female,B,Land,CUST-3379
Zaki Ibrahim,Sales_Rep,62,Male,B,Vehicle,CUST-3380
Hamdy Hassan,Freelancer,43,Female,D,Land,CUST-3381
Ahmed Fawzy,Sales_Rep,49,Female,C,,CUST-3382
Khaled Mansour,Teacher,43,Female,D,Land,CUST-3383
Layla Mansour,Engineer,34,Male,A,,CUST-3384
Karim Ibrahim,Sales_Rep,46,Male,C,Land,CUST-3385
Fatma Adel,Teacher,25,Male,D,,CUST-3386
Sara El-Sayed,Doctor,52,Male,A,Vehicle,CUST-3387
Hoda Fawzy,Technician,64,Male,C,Land,CUST-3388
Ibrahim Kamel,Accountant,41,Female,C,Land,CUST-3389
Mahmoud Saied,Engineer,27,Male,A,Vehicle,CUST-3390
,Accountant,29,Female,C,,CUST-3391
Mostafa Abdel-Aziz,Engineer,27,Female,D,Vehicle,CUST-3392
Wael El-Sayed,Sales_Rep,30,Male,B,Vehicle,CUST-3393
Mona Hamdy,Teacher,43,Female,A,,CUST-3394
Mahmoud Ghanem,Doctor,47,Male,C,Vehicle,CUST-3395
Wael Fawzy,Technician,63,Male,A,,CUST-3396
Sara Nabil,Accountant,33,Male,C,,CUST-3397
Dina Hamdy,Engineer,64,Female,B,,CUST-3398
Bassem Reda,Freelancer,57,Female,B,Land,CUST-3399
Mona Hamdy,Sales_Rep,62,Male,B,Land,CUST-3400
Hoda Saied,Engineer,37,Male,C,,CUST-3401
Fatma Mansour,Engineer,57,Female,C,Land,CUST-3402
,Teacher,26,Female,A,Vehicle,CUST-3403
Khaled Zaki,Sales_Rep,62,Female,B,Land,CUST-3404
Zaki Adel,Accountant,46,Female,B,,CUST-3405
Karim Kamel,Doctor,21,Male,B,Land,CUST-3406
Heba Zaki,Freelancer,39,Female,A,Land,CUST-3407
Bassem Reda,Doctor,35,Male,C,,CUST-3408
Hoda Fawzy,Doctor,35,Female,C,Vehicle,CUST-3409
Sara Zaki,Engineer,49,Female,D,Land,CUST-3410
Karim El-Sayed,Sales_Rep,48,Male,D,Land,CUST-3411
,Sales_Rep,65,Female,A,Land,CUST-3412
,Doctor,25,Female,D,Land,CUST-3413
Dina Amr,Freelancer,50,Female,D,Vehicle,CUST-3414
Fatma Amr,Teacher,38,Male,A,Vehicle,CUST-3415
Hamdy Amr,Accountant,38,Male,D,Vehicle,CUST-3416
Mahmoud Kamel,Doctor,34,Female,B,Land,CUST-3417
Tarek Hamdy,Technician,21,Female,C,Land,CUST-3418
Hoda Hamdy,Sales_Rep,37,Female,B,,CUST-3419
Mohamed Mansour,Accountant,41,Female,A,Vehicle,CUST-3420
Wael El-Sayed,Doctor,23,Female,A,Land,CUST-3421
Ibrahim El-Sayed,Doctor,27,Male,D,Land,CUST-3422
Karim Mansour,Engineer,31,Female,B,,CUST-3423
Hassan El-Sayed,Accountant,47,Female,D,Vehicle,CUST-3424
Hamdy Nabil,Engineer,41,Female,C,Vehicle,CUST-3425
Amira Hamdy,Engineer,52,Female,C,,CUST-3426
Heba Nabil,Technician,26,Male,D,Land,CUST-3427
Ibrahim Hassan,Accountant,33,Female,B,,CUST-3428
Dina Amr,Freelancer,22,Female,C,Land,CUST-3429
Ibrahim Ibrahim,Freelancer,64,Female,B,Land,CUST-3430
Hoda Mahmoud,Technician,22,Female,A,,CUST-3431
Heba Mansour,Technician,32,Female,D,Land,CUST-3432
Sherif Mansour,Teacher,65,Female,A,,CUST-3433
Fatma Ghanem,Technician,21,Male,D,Land,CUST-3434
Nabil Abdel-Aziz,Teacher,57,Male,C,Land,CUST-3435
Omar Amr,Technician,62,Female,B,Vehicle,CUST-3436
Sherif El-Sayed,Teacher,49,Female,D,Vehicle,CUST-3437
Nabil Adel,Doctor,39,Male,C,Vehicle,CUST-3438
Omar Abdel-Aziz,Teacher,40,Male,B,,CUST-3439
Ibrahim Reda,Teacher,47,Male,D,Land,CUST-3440
Hassan Reda,Technician,22,Male,D,,CUST-3441
Tarek Ghanem,Doctor,47,Female,B,,CUST-3442
Heba Reda,Accountant,59,Female,D,Vehicle,CUST-3443
Layla Saied,Teacher,57,Female,B,Land,CUST-3444
Khaled Adel,Doctor,38,Female,A,Land,CUST-3445
Heba Fawzy,Freelancer,32,Male,B,Vehicle,CUST-3446
Nabil Ibrahim,Technician,29,Female,C,Vehicle,CUST-3447
Ahmed Zaki,Accountant,23,Male,D,Vehicle,CUST-3448
Zaki Hassan,Engineer,35,Female,D,Land,CUST-3449
Ibrahim El-Sayed,Engineer,23,Female,A,Land,CUST-3450
Heba Ghanem,Doctor,45,Female,C,Vehicle,CUST-3451
Hoda Mansour,Accountant,26,Female,A,Land,CUST-3452
Dina Hassan,Doctor,24,Female,B,,CUST-3453
Zaki El-Sayed,Technician,27,Female,B,Land,CUST-3454
Salma El-Sayed,Freelancer,34,Female,A,Land,CUST-3455
Fatma Amr,Teacher,65,Male,B,Vehicle,CUST-3456
Fatma Hamdy,Accountant,41,Male,B,Land,CUST-3457
Zaki Nabil,Engineer,24,Female,D,,CUST-3458
Heba Hassan,Technician,35,Male,B,Vehicle,CUST-3459
Ibrahim Mahmoud,Freelancer,36,Female,B,,CUST-3460
Tarek Kamel,Accountant,47,Female,A,Vehicle,CUST-3461
Salma Abdel-Aziz,Technician,44,Male,C,Vehicle,CUST-3462
Bassem Saied,Sales_Rep,57,Male,B,Vehicle,CUST-3463
Karim Hassan,Accountant,59,Male,D,,CUST-3464
Sara Nabil,Freelancer,44,Male,D,Land,CUST-3465
Mohamed Ghanem,Sales_Rep,35,Male,A,,CUST-3466
Hassan Fawzy,Teacher,49,Male,C,Vehicle,CUST-3467
Salma Zaki,Engineer,38,Female,C,Vehicle,CUST-3468
,Technician,33,Female,D,Vehicle,CUST-3469
Layla Hamdy,Doctor,38,Male,B,,CUST-3470
Fatma Mansour,Freelancer,47,Female,C,,CUST-3471
Mahmoud Hassan,Technician,65,Female,A,Vehicle,CUST-3472
Karim Hamdy,Technician,61,Female,B,Vehicle,CUST-3473
Heba Mansour,Engineer,50,Female,D,Vehicle,CUST-3474
Hoda Abdel-Aziz,Sales_Rep,22,Male,C,,CUST-3475
Sara Hassan,Technician,59,Male,A,Vehicle,CUST-3476
Heba El-Sayed,Doctor,54,Female,D,Land,CUST-3477
Sara Zaki,Engineer,36,Female,A,,CUST-3478
Karim Amr,Teacher,31,Female,B,Vehicle,CUST-3479
Khaled Mahmoud,Doctor,21,Female,D,Land,CUST-3480
Sara Ghanem,Engineer,39,Male,D,Land,CUST-3481
Zaki Ghanem,Freelancer,59,Female,D,Vehicle,CUST-3482
Sara Hamdy,Freelancer,59,Female,C,Vehicle,CUST-3483
Karim Hassan,Technician,34,Female,A,Land,CUST-3484
,Technician,58,Male,A,,CUST-3485
Sara Reda,Accountant,30,Female,B,,CUST-3486
Wael Mansour,Doctor,62,Female,A,Land,CUST-3487
Hoda Ibrahim,Teacher,42,Female,C,,CUST-3488
Sherif Hassan,Doctor,31,Female,A,Vehicle,CUST-3489
Mona Mahmoud,Freelancer,62,Female,C,Land,CUST-3490
Zaki Mansour,Sales_Rep,52,Male,B,Land,CUST-3491
Sara Mansour,Engineer,36,Female,D,Vehicle,CUST-3492
,Technician,21,Male,A,,CUST-3493
Mostafa Mahmoud,Doctor,63,Male,B,Land,CUST-3494
Karim Zaki,Sales_Rep,21,Female,A,Vehicle,CUST-3495
Salma Adel,Teacher,50,Female,C,Land,CUST-3496
,Accountant,65,Female,B,Vehicle,CUST-3497
Heba Mansour,Engineer,44,Male,C,,CUST-3498
Dina Reda,Accountant,35,Female,B,,CUST-3499
Dina Hamdy,Freelancer,23,Female,D,,CUST-3500
Omar Zaki,Sales_Rep,34,Female,B,Vehicle,CUST-3501
Layla Reda,Engineer,51,Female,A,Vehicle,CUST-3502
Fatma Mahmoud,Sales_Rep,44,Female,C,Vehicle,CUST-3503
Omar Ibrahim,Sales_Rep,54,Female,D,,CUST-3504
Hoda Ibrahim,Accountant,26,Female,D,,CUST-3505
Khaled El-Sayed,Accountant,34,Male,C,Land,CUST-3506
Hassan Saied,Technician,31,Female,A,Land,CUST-3507
Hoda Amr,Teacher,63,Male,C,Vehicle,CUST-3508
Nabil Reda,Sales_Rep,62,Male,D,Land,CUST-3509
Fatma Hamdy,Doctor,54,Male,C,Land,CUST-3510
Bassem Amr,Doctor,57,Female,B,,CUST-3511
Ibrahim Amr,Engineer,29,Male,B,Land,CUST-3512
Nabil Mansour,Accountant,26,Female,C,Land,CUST-3513
Ahmed Hassan,Sales_Rep,62,Female,B,Vehicle,CUST-3514
Bassem Zaki,Freelancer,60,Male,B,Vehicle,CUST-3515
Hassan Saied,Accountant,23,Female,A,Land,CUST-3516
Sherif Ghanem,Technician,57,Male,A,Land,CUST-3517
Sara Mansour,Freelancer,51,Male,A,Vehicle,CUST-3518
Mona Ghanem,Freelancer,39,Male,A,Vehicle,CUST-3519
Sherif Saied,Accountant,29,Male,C,Land,CUST-3520
Mostafa Reda,Technician,51,Male,C,Vehicle,CUST-3521
Ahmed Abdel-Aziz,Doctor,35,Male,B,Vehicle,CUST-3522
Nabil Ibrahim,Sales_Rep,28,Female,A,,CUST-3523
Omar Zaki,Sales_Rep,59,Female,B,Vehicle,CUST-3524
Sara Nabil,Sales_Rep,21,Male,C,,CUST-3525
Wael Hamdy,Teacher,47,Female,B,,CUST-3526
Tarek Hassan,Sales_Rep,50,Female,A,Vehicle,CUST-3527
Omar Abdel-Aziz,Technician,41,Male,D,Land,CUST-3528
Mohamed Reda,Sales_Rep,37,Male,A,Vehicle,CUST-3529
Heba Zaki,Engineer,28,Female,B,,CUST-3530
Zaki Ghanem,Engineer,29,Female,C,,CUST-3531
Hamdy Mansour,Accountant,50,Male,A,Land,CUST-3532
Karim Saied,Freelancer,43,Male,D,Vehicle,CUST-3533
Khaled Kamel,Technician,63,Female,D,Land,CUST-3534
,Freelancer,55,Female,C,Land,CUST-3535
Khaled Fawzy,Doctor,56,Male,C,,CUST-3536
Salma Hamdy,Teacher,28,Female,B,,CUST-3537
Khaled Amr,Freelancer,30,Male,C,Land,CUST-3538
,Sales_Rep,55,Female,D,,CUST-3539
Zaki Mansour,Freelancer,54,Female,A,Vehicle,CUST-3540
Omar Mahmoud,Teacher,56,Female,B,Land,CUST-3541
Ibrahim Kamel,Sales_Rep,39,Male,D,,CUST-3542
Nabil Hassan,Doctor,43,Male,D,Land,CUST-3543
Hamdy El-Sayed,Accountant,28,Female,C,Vehicle,CUST-3544
Omar Zaki,Engineer,58,Female,C,,CUST-3545
Sherif Abdel-Aziz,Doctor,59,Female,C,Vehicle,CUST-3546
Ahmed Amr,Freelancer,60,Male,C,Land,CUST-3547
Salma Hamdy,Sales_Rep,59,Female,B,,CUST-3548
Amira Ibrahim,Engineer,29,Male,C,Land,CUST-3549
Heba Kamel,Accountant,56,Female,C,Vehicle,CUST-3550
Nabil Abdel-Aziz,Engineer,21,Male,D,Vehicle,CUST-3551
Nabil Kamel,Teacher,52,Female,B,Land,CUST-3552
Tarek Adel,Doctor,26,Male,B,Vehicle,CUST-3553
Dina Adel,Technician,26,Male,D,Land,CUST-3554
Omar Reda,Engineer,49,Male,D,,CUST-3555
Mona Abdel-Aziz,Sales_Rep,62,Female,B,Land,CUST-3556
Mahmoud Hamdy,Sales_Rep,39,Female,D,,CUST-3557
Omar Ghanem,Sales_Rep,29,Female,A,Vehicle,CUST-3558
Sara Mahmoud,Freelancer,29,Female,C,Land,CUST-3559
Hoda Ghanem,Accountant,44,Female,A,,CUST-3560
Khaled Abdel-Aziz,Technician,43,Female,D,Land,CUST-3561
Heba Adel,Doctor,61,Female,B,Land,CUST-3562
Hamdy Reda,Freelancer,33,Female,A,Vehicle,CUST-3563
Amira Ghanem,Teacher,61,Male,D,,CUST-3564
Karim Kamel,Doctor,59,Female,D,Vehicle,CUST-3565
Fatma Nabil,Technician,54,Female,B,Land,CUST-3566
Mona El-Sayed,Technician,48,Male,B,Land,CUST-3567
Hamdy Fawzy,Sales_Rep,63,Male,C,Vehicle,CUST-3568
Ahmed Hamdy,Accountant,48,Female,C,,CUST-3569
Hassan Fawzy,Freelancer,41,Female,A,,CUST-3570
Hamdy Nabil,Sales_Rep,57,Male,A,,CUST-3571
Sara Mahmoud,Accountant,41,Female,B,Vehicle,CUST-3572
Ibrahim Hassan,Accountant,48,Female,A,Land,CUST-3573
Sherif Ghanem,Engineer,47,Male,A,,CUST-3574
Mona Saied,Freelancer,25,Female,C,Land,CUST-3575
Hamdy Ghanem,Technician,42,Male,C,Land,CUST-3576
Mahmoud Hassan,Accountant,41,Female,C,,CUST-3577
Mohamed Zaki,Teacher,58,Male,D,Vehicle,CUST-3578
Wael Abdel-Aziz,Teacher,65,Male,A,,CUST-3579
Amira Ibrahim,Freelancer,24,Female,D,Land,CUST-3580
Karim Fawzy,Accountant,21,Male,D,,CUST-3581
Mona Saied,Freelancer,57,Male,A,Land,CUST-3582
Mahmoud Adel,Sales_Rep,50,Female,D,,CUST-3583
Wael Kamel,Technician,45,Male,B,Land,CUST-3584
Omar Kamel,Teacher,22,Male,B,Land,CUST-3585
Mona El-Sayed,Accountant,25,Female,A,Land,CUST-3586
Layla Adel,Teacher,58,Female,A,Land,CUST-3587
Layla Abdel-Aziz,Freelancer,42,Female,D,,CUST-3588
Amira Mahmoud,Doctor,28,Male,D,,CUST-3589
Khaled Zaki,Sales_Rep,36,Female,D,Land,CUST-3590
Mostafa Nabil,Accountant,21,Female,C,,CUST-3591
Karim Reda,Accountant,51,Male,D,,CUST-3592
Hoda Amr,Sales_Rep,50,Male,D,,CUST-3593
Hamdy Hamdy,Freelancer,56,Male,A,Vehicle,CUST-3594
Nabil Adel,Technician,26,Female,C,Land,CUST-3595
Nabil Mahmoud,Technician,25,Male,B,,CUST-3596
Hassan Nabil,Doctor,31,Male,A,Land,CUST-3597
Mohamed Saied,Teacher,41,Male,B,Vehicle,CUST-3598
Tarek Ghanem,Doctor,28,Female,B,Vehicle,CUST-3599
Amira Ibrahim,Freelancer,50,Male,A,,CUST-3600
Wael Saied,Freelancer,60,Male,B,Vehicle,CUST-3601
Hassan El-Sayed,Accountant,32,Female,C,,CUST-3602
Zaki Amr,Accountant,22,Female,D,,CUST-3603
Mona Saied,Sales_Rep,65,Male,B,,CUST-3604
Hassan Nabil,Sales_Rep,49,Female,C,Land,CUST-3605
Bassem Saied,Doctor,65,Male,B,,CUST-3606
Hamdy Amr,Doctor,37,Male,C,,CUST-3607
,Sales_Rep,56,Male,D,Land,CUST-3608
Omar El-Sayed,Sales_Rep,41,Female,B,Vehicle,CUST-3609
Dina Adel,Teacher,28,Female,B,Land,CUST-3610
Amira Nabil,Freelancer,59,Male,D,Vehicle,CUST-3611
Salma Zaki,Teacher,61,Female,C,,CUST-3612
Dina Fawzy,Freelancer,63,Female,C,Land,CUST-3613
Tarek Reda,Freelancer,24,Male,D,Vehicle,CUST-3614
,Engineer,48,Male,A,Vehicle,CUST-3615
Karim Hamdy,Engineer,22,Male,C,Land,CUST-3616
Sara Adel,Sales_Rep,40,Male,C,Land,CUST-3617
Karim Reda,Teacher,49,Female,A,,CUST-3618
Fatma Saied,Accountant,34,Male,D,Vehicle,CUST-3619
Sherif Mansour,Technician,56,Female,C,Land,CUST-3620
Ibrahim Mahmoud,Technician,31,Male,A,Vehicle,CUST-3621
Ahmed Amr,Freelancer,29,Male,D,Land,CUST-3622
Hamdy Kamel,Teacher,24,Male,B,,CUST-3623
Hamdy Saied,Accountant,41,Male,A,Vehicle,CUST-3624
Sara Saied,Accountant,29,Male,B,Land,CUST-3625
Nabil Mahmoud,Teacher,25,Male,B,Land,CUST-3626
Nabil Nabil,Accountant,32,Female,B,Vehicle,CUST-3627
Mohamed Ibrahim,Engineer,39,Female,C,Vehicle,CUST-3628
Mohamed Saied,Engineer,60,Female,A,Land,CUST-3629
Wael Abdel-Aziz,Engineer,49,Male,B,Vehicle,CUST-3630
Ibrahim El-Sayed,Sales_Rep,34,Female,A,Land,CUST-3631
Wael Abdel-Aziz,Technician,40,Male,C,,CUST-3632
Hassan Reda,Sales_Rep,60,Male,B,Vehicle,CUST-3633
Salma Mahmoud,Accountant,54,Male,B,,CUST-3634
Mona Reda,Teacher,28,Female,C,Land,CUST-3635
Khaled Ghanem,Doctor,62,Female,B,Land,CUST-3636
Mostafa Hassan,Sales_Rep,24,Female,C,Vehicle,CUST-3637
,Engineer,35,Male,A,Vehicle,CUST-3638
Sherif El-Sayed,Doctor,37,Male,B,Vehicle,CUST-3639
,Freelancer,26,Male,D,Land,CUST-3640
Ibrahim Kamel,Sales_Rep,25,Female,C,,CUST-3641
Wael Abdel-Aziz,Freelancer,27,Male,D,Land,CUST-3642
Sara Hassan,Technician,51,Male,A,,CUST-3643
Dina Hassan,Technician,32,Female,D,Vehicle,CUST-3644
Mona Kamel,Engineer,21,Female,C,Land,CUST-3645
Salma Nabil,Engineer,59,Female,C,Land,CUST-3646
Dina Kamel,Doctor,59,Male,B,Land,CUST-3647
Heba Saied,Teacher,23,Male,C,Land,CUST-3648
Layla Ghanem,Engineer,31,Female,D,,CUST-3649
Amira Saied,Teacher,37,Male,A,,CUST-3650
Fatma Mansour,Accountant,34,Male,B,Vehicle,CUST-3651
Omar Abdel-Aziz,Sales_Rep,61,Male,C,,CUST-3652
Heba El-Sayed,Freelancer,65,Female,D,Vehicle,CUST-3653
Hamdy Mahmoud,Freelancer,58,Male,D,Vehicle,CUST-3654
Omar Adel,Freelancer,48,Female,C,Vehicle,CUST-3655
,Doctor,40,Female,B,Land,CUST-3656
Sara Nabil,Sales_Rep,52,Female,A,,CUST-3657
Mona Mahmoud,Technician,41,Male,A,,CUST-3658
Sherif Reda,Engineer,59,Female,B,Vehicle,CUST-3659
Sherif El-Sayed,Accountant,55,Male,C,,CUST-3660
Khaled Ghanem,Accountant,26,Male,B,Land,CUST-3661
Mona Ibrahim,Engineer,49,Male,D,,CUST-3662
Mahmoud Saied,Accountant,36,Female,A,Land,CUST-3663
Sherif Hassan,Sales_Rep,59,Female,A,,CUST-3664
Wael Ibrahim,Engineer,29,Female,B,Vehicle,CUST-3665
Zaki El-Sayed,Engineer,65,Female,A,,CUST-3666
Tarek Amr,Freelancer,52,Female,C,Land,CUST-3667
Zaki Fawzy,Technician,43,Male,C,Land,CUST-3668
Dina Ibrahim,Sales_Rep,49,Female,D,Vehicle,CUST-3669
Bassem Reda,Freelancer,38,Female,D,,CUST-3670
Ahmed Hamdy,Teacher,42,Female,C,Land,CUST-3671
,Teacher,65,Male,C,Land,CUST-3672
Bassem Saied,Teacher,52,Female,A,Land,CUST-3673
Salma El-Sayed,Engineer,47,Female,B,,CUST-3674
Hoda Abdel-Aziz,Sales_Rep,62,Female,A,Land,CUST-3675
Tarek Ghanem,Freelancer,48,Female,A,,CUST-3676
Wael El-Sayed,Teacher,48,Female,D,Land,CUST-3677
Mahmoud Ghanem,Engineer,60,Female,A,Land,CUST-3678
Hoda Nabil,Sales_Rep,63,Female,A,Vehicle,CUST-3679
Bassem Ghanem,Sales_Rep,22,Male,D,,CUST-3680
Mona Kamel,Sales_Rep,56,Male,A,Land,CUST-3681
Ahmed Zaki,Technician,65,Male,B,Vehicle,CUST-3682
Layla Mansour,Freelancer,43,Male,A,Vehicle,CUST-3683
,Technician,31,Female,D,Vehicle,CUST-3684
Mahmoud Amr,Engineer,23,Female,B,Land,CUST-3685
Mahmoud Nabil,Sales_Rep,51,Female,C,Vehicle,CUST-3686
Sherif Adel,Accountant,48,Female,A,Land,CUST-3687
Bassem El-Sayed,Technician,53,Male,B,Land,CUST-3688
Hamdy Mansour,Teacher,32,Male,A,Vehicle,CUST-3689
Omar Amr,Doctor,26,Male,B,,CUST-3690
,Accountant,39,Male,A,Land,CUST-3691
Amira Mahmoud,Freelancer,49,Male,C,,CUST-3692
Wael Fawzy,Technician,23,Male,C,Land,CUST-3693
Salma El-Sayed,Technician,48,Male,A,,CUST-3694
Dina Ibrahim,Freelancer,50,Male,A,Land,CUST-3695
Khaled Saied,Technician,33,Female,C,Land,CUST-3696
Layla Ghanem,Doctor,35,Female,A,Land,CUST-3697
Bassem Adel,Engineer,26,Male,D,,CUST-3698
Fatma Fawzy,Accountant,27,Female,C,,CUST-3699
Bassem Kamel,Freelancer,26,Female,C,Vehicle,CUST-3700
Dina Reda,Accountant,34,Female,A,Land,CUST-3701
Zaki Reda,Engineer,47,Male,D,,CUST-3702
Khaled Mansour,Technician,24,Female,C,,CUST-3703
Zaki Adel,Freelancer,36,Female,C,Vehicle,CUST-3704
Wael El-Sayed,Accountant,53,Male,B,,CUST-3705
Hoda Hassan,Sales_Rep,39,Male,A,Land,CUST-3706
Sherif Reda,Doctor,21,Male,A,Land,CUST-3707
Khaled Mahmoud,Doctor,55,Male,A,Vehicle,CUST-3708
Sherif Ghanem,Accountant,23,Male,A,,CUST-3709
Hassan Fawzy,Accountant,34,Male,B,,CUST-3710
Mona Hassan,Accountant,54,Male,D,Vehicle,CUST-3711
Amira Hamdy,Engineer,51,Male,C,Land,CUST-3712
Mona Hamdy,Freelancer,28,Male,C,Land,CUST-3713
Bassem Hamdy,Engineer,36,Male,B,,CUST-3714
Ahmed Zaki,Engineer,45,Male,A,Vehicle,CUST-3715
Tarek Zaki,Sales_Rep,40,Female,D,,CUST-3716
Hamdy Mansour,Engineer,46,Male,B,,CUST-3717
Mona Hassan,Freelancer,35,Male,B,,CUST-3718
Ahmed Nabil,Doctor,55,Male,C,Vehicle,CUST-3719
Mahmoud El-Sayed,Doctor,33,Female,D,,CUST-3720
Wael Adel,Accountant,48,Male,D,,CUST-3721
Khaled Adel,Sales_Rep,33,Female,C,Vehicle,CUST-3722
Fatma Mahmoud,Accountant,23,Female,D,,CUST-3723
Sherif Amr,Engineer,41,Female,B,Land,CUST-3724
Nabil Fawzy,Sales_Rep,31,Male,B,,CUST-3725
Layla Reda,Accountant,33,Male,B,Vehicle,CUST-3726
Fatma Zaki,Doctor,56,Female,A,Land,CUST-3727
Hoda Adel,Technician,54,Female,B,Land,CUST-3728
Ibrahim Zaki,Accountant,62,Male,C,Land,CUST-3729
Salma Adel,Freelancer,25,Male,A,Land,CUST-3730
Khaled Ibrahim,Teacher,27,Female,C,Land,CUST-3731
,Technician,42,Female,A,Vehicle,CUST-3732
Bassem Hamdy,Doctor,65,Female,D,Vehicle,CUST-3733
Ibrahim Abdel-Aziz,Teacher,30,Female,C,Vehicle,CUST-3734
Bassem Zaki,Sales_Rep,55,Male,B,,CUST-3735
Hoda Hassan,Teacher,27,Female,A,,CUST-3736
Layla Nabil,Accountant,21,Female,C,,CUST-3737
Hassan Nabil,Freelancer,64,Male,D,Land,CUST-3738
Ibrahim El-Sayed,Sales_Rep,27,Male,C,,CUST-3739
Sherif Mahmoud,Doctor,64,Female,A,Vehicle,CUST-3740
Bassem Fawzy,Teacher,37,Female,D,Vehicle,CUST-3741
Karim Reda,Freelancer,30,Female,C,,CUST-3742
Ibrahim Kamel,Sales_Rep,56,Female,D,Land,CUST-3743
Ahmed El-Sayed,Engineer,30,Female,B,Vehicle,CUST-3744
Hamdy Adel,Teacher,57,Male,A,,CUST-3745
Hoda Saied,Accountant,45,Female,B,,CUST-3746
Salma Zaki,Teacher,28,Male,B,,CUST-3747
Sherif Abdel-Aziz,Technician,41,Female,B,,CUST-3748
Hamdy Kamel,Sales_Rep,40,Male,A,,CUST-3749
Ibrahim Reda,Technician,60,Female,B,Land,CUST-3750
Tarek Kamel,Engineer,57,Female,A,Vehicle,CUST-3751
Hamdy Mansour,Accountant,29,Male,A,Land,CUST-3752
Hoda Ghanem,Teacher,58,Male,D,Land,CUST-3753
Sherif Kamel,Technician,43,Male,A,Vehicle,CUST-3754
,Technician,61,Female,A,Vehicle,CUST-3755
Zaki Hamdy,Engineer,44,Male,D,,CUST-3756
Salma Reda,Engineer,49,Female,C,Land,CUST-3757
Bassem El-Sayed,Doctor,24,Male,C,Land,CUST-3758
Hoda Ibrahim,Accountant,47,Male,B,Land,CUST-3759
Khaled Ghanem,Engineer,56,Female,A,,CUST-3760
Mahmoud Nabil,Doctor,24,Male,A,Land,CUST-3761
Ahmed Mahmoud,Accountant,52,Female,A,Vehicle,CUST-3762
Hoda Amr,Accountant,23,Female,D,Land,CUST-3763
Mahmoud Nabil,Freelancer,55,Male,D,,CUST-3764
Heba El-Sayed,Engineer,33,Male,D,Vehicle,CUST-3765
Khaled Reda,Technician,35,Male,D,Vehicle,CUST-3766
Karim Mansour,Freelancer,42,Female,A,Vehicle,CUST-3767
Hamdy Abdel-Aziz,Accountant,52,Male,B,Vehicle,CUST-3768
Mahmoud Abdel-Aziz,Freelancer,43,Male,A,Vehicle,CUST-3769
Bassem Abdel-Aziz,Doctor,52,Male,D,Land,CUST-3770
Dina Zaki,Doctor,26,Female,A,Land,CUST-3771
Mahmoud Nabil,Doctor,30,Male,A,Vehicle,CUST-3772
Hamdy Mahmoud,Freelancer,52,Male,A,Land,CUST-3773
Layla Fawzy,Sales_Rep,44,Female,A,,CUST-3774
Sherif Fawzy,Teacher,40,Female,B,,CUST-3775
Mohamed Fawzy,Sales_Rep,40,Female,D,,CUST-3776
,Teacher,54,Female,A,Land,CUST-3777
Karim Ibrahim,Sales_Rep,57,Female,D,Land,CUST-3778
,Technician,38,Male,C,,CUST-3779
Bassem Adel,Freelancer,35,Male,D,Vehicle,CUST-3780
Mahmoud Amr,Freelancer,34,Female,D,Vehicle,CUST-3781
Tarek El-Sayed,Teacher,46,Male,A,Vehicle,CUST-3782
Bassem Hassan,Teacher,47,Female,B,Land,CUST-3783
Hoda Reda,Freelancer,49,Male,B,,CUST-3784
Tarek Reda,Teacher,28,Male,D,Vehicle,CUST-3785
Wael Abdel-Aziz,Accountant,56,Male,C,,CUST-3786
Bassem Amr,Engineer,44,Male,C,Land,CUST-3787
Nabil Mahmoud,Freelancer,27,Male,C,,CUST-3788
Hamdy Kamel,Engineer,25,Male,B,Land,CUST-3789
,Technician,24,Male,C,Vehicle,CUST-3790
Hassan El-Sayed,Sales_Rep,39,Female,D,,CUST-3791
Salma Hassan,Technician,37,Female,B,,CUST-3792
Hassan Amr,Teacher,59,Male,A,,CUST-3793
Mona Ibrahim,Teacher,60,Male,C,Vehicle,CUST-3794
Heba Reda,Freelancer,26,Male,D,,CUST-3795
Salma El-Sayed,Teacher,33,Male,A,Vehicle,CUST-3796
Omar Ghanem,Technician,56,Female,A,Vehicle,CUST-3797
Mona Kamel,Freelancer,22,Female,C,Land,CUST-3798
Fatma Kamel,Freelancer,55,Female,C,Vehicle,CUST-3799
Bassem Saied,Sales_Rep,46,Male,B,,CUST-3800
Wael Mahmoud,Accountant,60,Male,C,Vehicle,CUST-3801
Wael Abdel-Aziz,Accountant,32,Male,D,,CUST-3802
,Sales_Rep,42,Male,C,Land,CUST-3803
Ibrahim Hassan,Freelancer,51,Male,C,,CUST-3804
Fatma Adel,Accountant,21,Male,D,Land,CUST-3805
Sara El-Sayed,Freelancer,25,Male,C,,CUST-3806
Amira El-Sayed,Doctor,40,Female,D,Land,CUST-3807
Wael Ghanem,Engineer,61,Female,B,Land,CUST-3808
Hassan Kamel,Technician,22,Female,A,,CUST-3809
Hassan Saied,Doctor,27,Male,D,,CUST-3810
Khaled Abdel-Aziz,Technician,50,Male,A,Land,CUST-3811
Heba Kamel,Freelancer,34,Male,A,Vehicle,CUST-3812
Mohamed Hassan,Accountant,30,Female,A,Land,CUST-3813
Tarek Ghanem,Teacher,31,Female,D,,CUST-3814
Tarek Ibrahim,Doctor,42,Male,C,,CUST-3815
,Sales_Rep,41,Female,C,,CUST-3816
Hassan Adel,Doctor,36,Male,D,Vehicle,CUST-3817
Sara Mahmoud,Sales_Rep,41,Female,B,,CUST-3818
,Freelancer,22,Female,B,Land,CUST-3819
,Sales_Rep,50,Female,D,Vehicle,CUST-3820
Layla Kamel,Freelancer,26,Male,A,,CUST-3821
Sherif Ghanem,Technician,44,Female,B,Land,CUST-3822
Amira Nabil,Freelancer,35,Female,A,Vehicle,CUST-3823
Heba Ibrahim,Sales_Rep,53,Female,A,Land,CUST-3824
Nabil Zaki,Teacher,54,Female,D,Land,CUST-3825
Fatma Saied,Sales_Rep,61,Female,A,Land,CUST-3826
Omar Kamel,Freelancer,57,Male,D,Land,CUST-3827
Hassan Mansour,Doctor,44,Female,A,,CUST-3828
Hoda Zaki,Technician,41,Male,B,Land,CUST-3829
Wael Zaki,Teacher,27,Male,D,Vehicle,CUST-3830
Mostafa Fawzy,Accountant,55,Male,A,,CUST-3831
Dina Zaki,Freelancer,56,Male,A,Land,CUST-3832
Sara Abdel-Aziz,Teacher,46,Male,D,Vehicle,CUST-3833
Mahmoud Zaki,Technician,53,Female,C,Vehicle,CUST-3834
Tarek Adel,Accountant,51,Male,C,Vehicle,CUST-3835
Mostafa Abdel-Aziz,Sales_Rep,41,Female,C,Vehicle,CUST-3836
Dina Zaki,Engineer,60,Male,C,Vehicle,CUST-3837
Mohamed Adel,Doctor,40,Female,B,Vehicle,CUST-3838
Heba Mansour,Doctor,62,Female,C,Vehicle,CUST-3839
Sara Hamdy,Engineer,56,Female,A,Vehicle,CUST-3840
Bassem Hamdy,Doctor,26,Male,A,Vehicle,CUST-3841
Sara Fawzy,Technician,48,Male,B,Land,CUST-3842
Wael Adel,Sales_Rep,32,Male,B,Land,CUST-3843
Mohamed Ibrahim,Accountant,38,Male,A,Vehicle,CUST-3844
Mostafa Saied,Sales_Rep,50,Male,A,,CUST-3845
Ibrahim Kamel,Doctor,36,Female,C,,CUST-3846
Sherif Ibrahim,Teacher,23,Female,B,,CUST-3847
Nabil Amr,Doctor,33,Male,A,Vehicle,CUST-3848
Mohamed Amr,Engineer,38,Male,B,Land,CUST-3849
Amira Saied,Engineer,59,Male,B,,CUST-3850
Hassan Hassan,Accountant,28,Female,A,Vehicle,CUST-3851
Fatma Hassan,Sales_Rep,58,Male,A,,CUST-3852
Amira Reda,Technician,21,Male,B,,CUST-3853
Khaled Nabil,Engineer,55,Male,C,Vehicle,CUST-3854
Mostafa Adel,Freelancer,42,Female,C,,CUST-3855
Salma Mahmoud,Sales_Rep,24,Male,C,,CUST-3856
Mostafa Hamdy,Freelancer,47,Male,B,Vehicle,CUST-3857
Layla Ibrahim,Technician,47,Male,A,Land,CUST-3858
Ahmed Saied,Engineer,51,Female,D,,CUST-3859
Omar Hassan,Accountant,32,Male,C,,CUST-3860
,Engineer,59,Male,D,Vehicle,CUST-3861
Omar Reda,Freelancer,31,Female,D,Vehicle,CUST-3862
Bassem Saied,Sales_Rep,25,Female,C,Vehicle,CUST-3863
Amira Ghanem,Technician,53,Female,B,Vehicle,CUST-3864
Amira Kamel,Teacher,28,Male,B,Vehicle,CUST-3865
Heba Abdel-Aziz,Sales_Rep,42,Female,D,,CUST-3866
Layla El-Sayed,Accountant,22,Male,B,,CUST-3867
Sherif Hassan,Sales_Rep,50,Male,A,Land,CUST-3868
Mahmoud Nabil,Freelancer,46,Male,D,,CUST-3869
Omar Hamdy,Sales_Rep,52,Male,B,Land,CUST-3870
Sara Kamel,Sales_Rep,38,Male,B,Vehicle,CUST-3871
Tarek Hamdy,Doctor,35,Male,D,Land,CUST-3872
Ibrahim Kamel,Engineer,63,Female,A,Land,CUST-3873
Nabil Adel,Freelancer,52,Female,A,,CUST-3874
Salma Mansour,Engineer,27,Female,B,Land,CUST-3875
Salma Adel,Sales_Rep,62,Female,C,,CUST-3876
Hassan Adel,Teacher,64,Male,B,,CUST-3877
Hoda El-Sayed,Technician,41,Male,A,Vehicle,CUST-3878
Hoda Fawzy,Accountant,58,Male,C,Land,CUST-3879
Karim Reda,Teacher,53,Male,C,,CUST-3880
Salma Ghanem,Doctor,57,Female,D,Land,CUST-3881
Salma Mansour,Doctor,49,Male,A,Land,CUST-3882
,Engineer,25,Female,A,Land,CUST-3883
Heba Amr,Engineer,40,Female,A,Vehicle,CUST-3884
Wael Nabil,Accountant,49,Male,A,Land,CUST-3885
Hoda Hamdy,Teacher,22,Male,D,,CUST-3886
Wael Kamel,Engineer,51,Male,B,Vehicle,CUST-3887
Salma Fawzy,Accountant,39,Male,C,Land,CUST-3888
Khaled Hassan,Engineer,61,Female,B,Land,CUST-3889
Karim Adel,Doctor,44,Female,D,Land,CUST-3890
Omar Ibrahim,Freelancer,58,Female,B,,CUST-3891
Tarek Ghanem,Accountant,64,Female,B,,CUST-3892
Wael Amr,Engineer,30,Male,C,,CUST-3893
Bassem Abdel-Aziz,Engineer,40,Male,A,Vehicle,CUST-3894
Wael Fawzy,Accountant,27,Male,C,,CUST-3895
Mona Hassan,Accountant,57,Female,A,Vehicle,CUST-3896
Zaki Ibrahim,Accountant,47,Female,B,Land,CUST-3897
,Engineer,65,Male,A,Vehicle,CUST-3898
Ahmed Amr,Accountant,60,Male,B,Land,CUST-3899
Sherif Hassan,Sales_Rep,52,Female,B,,CUST-3900
Sara Nabil,Doctor,33,Female,D,,CUST-3901
Ahmed Adel,Sales_Rep,40,Female,A,,CUST-3902
Heba El-Sayed,Engineer,21,Female,A,,CUST-3903
Karim Adel,Doctor,27,Male,B,Land,CUST-3904
Hamdy Adel,Freelancer,34,Female,C,,CUST-3905
Dina Hassan,Doctor,58,Male,C,,CUST-3906
Hassan Mahmoud,Accountant,46,Male,A,Vehicle,CUST-3907
Zaki Kamel,Doctor,56,Male,C,Vehicle,CUST-3908
Hamdy Abdel-Aziz,Engineer,26,Male,D,Land,CUST-3909
Bassem Fawzy,Engineer,33,Male,B,Land,CUST-3910
Tarek Abdel-Aziz,Accountant,42,Male,C,Land,CUST-3911
Tarek Saied,Engineer,63,Male,B,Land,CUST-3912
Amira Mansour,Doctor,51,Female,B,Land,CUST-3913
Mahmoud Hamdy,Freelancer,45,Female,B,Land,CUST-3914
Mahmoud Kamel,Teacher,28,Male,B,Vehicle,CUST-3915
Mostafa Adel,Technician,41,Male,D,Land,CUST-3916
Wael Reda,Freelancer,56,Male,B,Land,CUST-3917
Karim Fawzy,Freelancer,58,Male,C,Vehicle,CUST-3918
Layla Abdel-Aziz,Sales_Rep,23,Female,A,,CUST-3919
Hoda Ibrahim,Technician,49,Female,C,Land,CUST-3920
Ibrahim Adel,Engineer,39,Female,A,,CUST-3921
Hassan Abdel-Aziz,Teacher,59,Male,D,,CUST-3922
,Engineer,31,Female,B,,CUST-3923
,Accountant,42,Male,D,Land,CUST-3924
Layla Nabil,Freelancer,36,Female,A,Land,CUST-3925
Sara Nabil,Accountant,64,Male,C,Vehicle,CUST-3926
Ahmed Saied,Doctor,44,Female,D,,CUST-3927
Hassan Ibrahim,Accountant,49,Male,A,Vehicle,CUST-3928
Omar Ghanem,Freelancer,55,Female,A,,CUST-3929
Nabil Amr,Technician,64,Male,B,Land,CUST-3930
Mohamed Reda,Freelancer,39,Female,B,,CUST-3931
Mostafa Hassan,Sales_Rep,54,Male,A,Vehicle,CUST-3932
Omar Ibrahim,Teacher,22,Female,C,,CUST-3933
Fatma Hassan,Accountant,42,Male,D,Land,CUST-3934
Ibrahim Amr,Engineer,64,Female,D,Land,CUST-3935
,Accountant,23,Male,B,Land,CUST-3936
Khaled Kamel,Doctor,44,Female,A,Vehicle,CUST-3937
Ibrahim Nabil,Freelancer,24,Female,B,Vehicle,CUST-3938
Khaled Nabil,Teacher,38,Male,A,Vehicle,CUST-3939
Zaki Nabil,Teacher,38,Female,C,Vehicle,CUST-3940
Bassem Mahmoud,Sales_Rep,47,Male,C,,CUST-3941
Layla Zaki,Sales_Rep,27,Female,D,,CUST-3942
Salma Hassan,Sales_Rep,51,Male,A,Vehicle,CUST-3943
Zaki Ghanem,Sales_Rep,33,Male,B,Vehicle,CUST-3944
Heba Hamdy,Teacher,50,Male,C,,CUST-3945
,Engineer,62,Female,B,Vehicle,CUST-3946
Hoda El-Sayed,Technician,54,Male,D,Vehicle,CUST-3947
Hamdy Zaki,Freelancer,61,Female,A,,CUST-3948
Omar Zaki,Sales_Rep,64,Female,A,Land,CUST-3949
Tarek Zaki,Sales_Rep,31,Female,A,Land,CUST-3950
Zaki Fawzy,Engineer,25,Male,D,Vehicle,CUST-3951
Karim Zaki,Engineer,25,Male,D,,CUST-3952
Salma Saied,Teacher,29,Male,C,Land,CUST-3953
Zaki Abdel-Aziz,Technician,63,Male,B,Land,CUST-3954
Sherif Mahmoud,Sales_Rep,24,Female,A,Vehicle,CUST-3955
Sara El-Sayed,Accountant,37,Female,B,,CUST-3956
Zaki Nabil,Teacher,64,Female,A,Land,CUST-3957
Hamdy Mansour,Freelancer,36,Male,B,Vehicle,CUST-3958
Nabil Saied,Engineer,61,Female,B,,CUST-3959
,Technician,39,Female,D,,CUST-3960
Hamdy Hassan,Accountant,49,Female,D,Land,CUST-3961
Tarek Mansour,Engineer,38,Female,B,Vehicle,CUST-3962
Hamdy Fawzy,Technician,47,Female,B,Vehicle,CUST-3963
Ibrahim Mahmoud,Teacher,52,Female,C,Land,CUST-3964
Ibrahim Zaki,Accountant,43,Female,C,Vehicle,CUST-3965
Mohamed Amr,Teacher,63,Male,C,,CUST-3966
Nabil Mahmoud,Accountant,56,Male,D,Vehicle,CUST-3967
Zaki Hamdy,Technician,26,Male,A,,CUST-3968
Tarek Mansour,Freelancer,25,Female,A,,CUST-3969
Ibrahim Kamel,Freelancer,27,Female,D,Land,CUST-3970
Karim Kamel,Engineer,32,Female,D,Land,CUST-3971
Mona Zaki,Accountant,41,Female,B,,CUST-3972
Heba Hamdy,Sales_Rep,57,Male,D,,CUST-3973
Bassem Reda,Technician,59,Female,D,Land,CUST-3974
Karim El-Sayed,Teacher,34,Male,D,Land,CUST-3975
Bassem Ghanem,Doctor,28,Female,D,Vehicle,CUST-3976
Ibrahim Zaki,Doctor,48,Female,B,,CUST-3977
Sherif Saied,Doctor,45,Female,C,Vehicle,CUST-3978
Mahmoud Saied,Freelancer,46,Female,C,Land,CUST-3979
Salma Saied,Sales_Rep,55,Female,D,Vehicle,CUST-3980
Layla Nabil,Accountant,53,Female,B,Vehicle,CUST-3981
Hassan Saied,Technician,24,Female,C,Land,CUST-3982
Omar Zaki,Accountant,28,Female,D,Land,CUST-3983
Mohamed Zaki,Technician,53,Male,C,Vehicle,CUST-3984
Hassan Ghanem,Freelancer,23,Male,A,Vehicle,CUST-3985
Khaled Adel,Accountant,25,Male,A,Vehicle,CUST-3986
Mona Mahmoud,Doctor,31,Female,C,,CUST-3987
Omar Adel,Accountant,56,Female,A,Land,CUST-3988
Hassan Reda,Sales_Rep,23,Male,D,Vehicle,CUST-3989
Zaki Amr,Doctor,23,Male,A,Vehicle,CUST-3990
Mostafa Saied,Engineer,23,Male,C,,CUST-3991
Mona Amr,Sales_Rep,59,Female,B,Vehicle,CUST-3992
Mona Hassan,Teacher,52,Male,B,Land,CUST-3993
Amira Adel,Freelancer,40,Male,D,,CUST-3994
Khaled Mansour,Technician,49,Male,C,Land,CUST-3995
Omar Ibrahim,Technician,25,Male,A,Vehicle,CUST-3996
Mona Ibrahim,Teacher,63,Male,D,Land,CUST-3997
Ibrahim Mahmoud,Technician,65,Male,A,,CUST-3998
Ibrahim Abdel-Aziz,Sales_Rep,58,Female,A,Land,CUST-3999
Mahmoud Zaki,Engineer,22,Female,C,Land,CUST-4000
Salma Zaki,Engineer,65,Female,A,,CUST-4001
Fatma Abdel-Aziz,Freelancer,40,Male,A,Vehicle,CUST-4002
Sara Fawzy,Sales_Rep,40,Male,B,Land,CUST-4003
Mona Mahmoud,Freelancer,59,Female,B,Land,CUST-4004
Karim Abdel-Aziz,Sales_Rep,62,Male,C,Land,CUST-4005
Omar Kamel,Accountant,61,Female,B,Vehicle,CUST-4006
Mostafa Nabil,Teacher,46,Male,C,Land,CUST-4007
Ibrahim Hamdy,Sales_Rep,25,Female,D,,CUST-4008
Heba Fawzy,Freelancer,34,Female,B,Land,CUST-4009
Heba Reda,Technician,40,Female,D,,CUST-4010
Heba Reda,Freelancer,28,Male,D,Vehicle,CUST-4011
Zaki Hamdy,Technician,65,Male,C,Vehicle,CUST-4012
,Engineer,55,Female,D,Land,CUST-4013
Wael Adel,Technician,47,Female,C,,CUST-4014
Karim Saied,Doctor,63,Female,D,,CUST-4015
Tarek Mansour,Technician,41,Female,D,Land,CUST-4016
Sherif Kamel,Sales_Rep,38,Male,A,Vehicle,CUST-4017
Mostafa Reda,Technician,37,Female,D,Vehicle,CUST-4018
Mohamed Adel,Freelancer,30,Male,B,Land,CUST-4019
Karim Mahmoud,Doctor,57,Male,C,Land,CUST-4020
Hoda Hamdy,Teacher,40,Female,A,,CUST-4021
Zaki Kamel,Engineer,33,Male,B,Land,CUST-4022
Ahmed Hamdy,Engineer,38,Female,B,,CUST-4023
Hamdy Mansour,Accountant,54,Female,B,Vehicle,CUST-4024
Sara El-Sayed,Sales_Rep,52,Male,C,,CUST-4025
Khaled Hassan,Engineer,30,Female,B,Vehicle,CUST-4026
Zaki Nabil,Engineer,28,Female,C,Land,CUST-4027
Fatma Zaki,Technician,64,Female,D,,CUST-4028
Karim Zaki,Technician,54,Female,B,,CUST-4029
Layla Hassan,Sales_Rep,63,Female,B,,CUST-4030
Wael Adel,Sales_Rep,47,Female,B,Land,CUST-4031
Sara Fawzy,Technician,38,Female,A,Vehicle,CUST-4032
Hoda Fawzy,Accountant,48,Female,D,,CUST-4033
Sherif Fawzy,Doctor,26,Male,D,,CUST-4034
Karim Kamel,Technician,32,Female,A,Vehicle,CUST-4035
Ibrahim Adel,Sales_Rep,22,Female,B,,CUST-4036
Omar Kamel,Teacher,52,Female,A,Land,CUST-4037
,Accountant,23,Male,C,Land,CUST-4038
Nabil Mahmoud,Accountant,24,Female,C,Land,CUST-4039
Khaled Fawzy,Accountant,21,Female,B,,CUST-4040
Nabil Hassan,Sales_Rep,29,Female,C,Vehicle,CUST-4041
Ibrahim Kamel,Technician,24,Male,A,Vehicle,CUST-4042
Sara Ibrahim,Freelancer,36,Female,D,Vehicle,CUST-4043
,Teacher,36,Male,C,,CUST-4044
Ibrahim Ibrahim,Technician,51,Male,C,Land,CUST-4045
Fatma Adel,Engineer,42,Male,A,,CUST-4046
Fatma Fawzy,Sales_Rep,36,Male,B,Land,CUST-4047
Mahmoud Ghanem,Sales_Rep,51,Female,A,Vehicle,CUST-4048
Tarek Fawzy,Sales_Rep,53,Female,A,Vehicle,CUST-4049
Hamdy El-Sayed,Accountant,30,Female,B,Vehicle,CUST-4050
Salma Abdel-Aziz,Teacher,40,Female,C,Vehicle,CUST-4051
Hassan Reda,Technician,60,Female,C,,CUST-4052
Ahmed Zaki,Accountant,50,Male,D,,CUST-4053
Khaled Nabil,Freelancer,61,Male,C,Land,CUST-4054
Tarek El-Sayed,Technician,37,Male,D,Vehicle,CUST-4055
Ibrahim Amr,Engineer,47,Female,C,Vehicle,CUST-4056
Ahmed Fawzy,Teacher,45,Male,C,Land,CUST-4057
Hamdy Abdel-Aziz,Doctor,61,Male,B,,CUST-4058
Salma Mahmoud,Freelancer,48,Female,D,Vehicle,CUST-4059
,Accountant,24,Female,D,,CUST-4060
Tarek Nabil,Doctor,32,Male,B,Land,CUST-4061
Fatma Amr,Engineer,60,Male,C,Vehicle,CUST-4062
Sherif Hamdy,Freelancer,65,Male,C,,CUST-4063
Sherif Nabil,Technician,46,Male,B,,CUST-4064
Zaki Zaki,Sales_Rep,54,Female,C,Land,CUST-4065
Zaki Adel,Teacher,52,Male,B,Vehicle,CUST-4066
Khaled Ibrahim,Freelancer,62,Female,A,Vehicle,CUST-4067
Mostafa El-Sayed,Sales_Rep,56,Female,B,,CUST-4068
Nabil Nabil,Accountant,29,Female,D,,CUST-4069
Ahmed Reda,Sales_Rep,26,Male,D,,CUST-4070
Mostafa Mahmoud,Sales_Rep,50,Female,D,Land,CUST-4071
Omar Zaki,Technician,57,Male,B,Land,CUST-4072
Hamdy Mahmoud,Teacher,34,Male,D,Land,CUST-4073
Salma Adel,Accountant,64,Female,B,Land,CUST-4074
Zaki Zaki,Doctor,21,Male,C,,CUST-4075
Wael Kamel,Accountant,40,Female,A,Land,CUST-4076
Hoda Mansour,Technician,53,Male,B,,CUST-4077
Ibrahim Hamdy,Accountant,57,Female,C,,CUST-4078
Amira Hassan,Teacher,44,Female,D,Vehicle,CUST-4079
Nabil Saied,Sales_Rep,30,Male,D,,CUST-4080
Mohamed Mahmoud,Freelancer,40,Female,C,Land,CUST-4081
Dina Kamel,Accountant,44,Male,B,Land,CUST-4082
Dina Reda,Engineer,46,Male,B,,CUST-4083
Sherif Hassan,Accountant,65,Male,D,Vehicle,CUST-4084
Sara Hassan,Engineer,27,Male,C,,CUST-4085
Dina Saied,Technician,51,Female,C,,CUST-4086
Heba Abdel-Aziz,Doctor,48,Male,A,Land,CUST-4087
Sherif Fawzy,Doctor,37,Female,A,Vehicle,CUST-4088
Karim Adel,Doctor,25,Female,D,Vehicle,CUST-4089
Khaled Kamel,Technician,64,Male,C,Land,CUST-4090
Salma Zaki,Teacher,65,Male,D,Land,CUST-4091
Zaki Hassan,Sales_Rep,35,Female,B,Land,CUST-4092
Salma Hassan,Technician,41,Female,A,Land,CUST-4093
Hoda Saied,Doctor,62,Male,C,,CUST-4094
Mostafa Hassan,Doctor,28,Male,C,,CUST-4095
Hamdy Nabil,Technician,51,Female,B,Land,CUST-4096
Ahmed Kamel,Teacher,40,Female,B,,CUST-4097
Amira Saied,Freelancer,65,Male,D,,CUST-4098
,Accountant,31,Male,A,Land,CUST-4099
Nabil Nabil,Freelancer,45,Male,C,,CUST-4100
Bassem Abdel-Aziz,Accountant,62,Male,A,Vehicle,CUST-4101
Ahmed Ghanem,Teacher,25,Female,A,Vehicle,CUST-4102
Wael Mahmoud,Sales_Rep,56,Female,B,,CUST-4103
Mostafa Nabil,Doctor,39,Male,C,Land,CUST-4104
Bassem Fawzy,Accountant,33,Male,A,Land,CUST-4105
Sara El-Sayed,Engineer,47,Male,D,Vehicle,CUST-4106
Nabil Hassan,Sales_Rep,39,Female,C,Land,CUST-4107
Mostafa Hamdy,Teacher,46,Male,B,Land,CUST-4108
Salma Hamdy,Freelancer,26,Female,A,,CUST-4109
Dina Reda,Technician,60,Female,B,Vehicle,CUST-4110
Salma Reda,Doctor,29,Male,A,Land,CUST-4111
Omar Reda,Freelancer,56,Female,C,Vehicle,CUST-4112
Hamdy Adel,Doctor,26,Male,C,Land,CUST-4113
Wael Kamel,Sales_Rep,53,Male,D,,CUST-4114
Zaki Kamel,Engineer,51,Female,A,Land,CUST-4115
Mohamed Ibrahim,Freelancer,50,Male,C,Vehicle,CUST-4116
Hoda Amr,Accountant,41,Male,D,,CUST-4117
Nabil Saied,Teacher,38,Male,A,,CUST-4118
Ibrahim Reda,Teacher,35,Male,A,,CUST-4119
Zaki Reda,Teacher,58,Male,C,Land,CUST-4120
,Doctor,57,Male,D,Land,CUST-4121
Hamdy Abdel-Aziz,Engineer,53,Female,C,Vehicle,CUST-4122
Amira Zaki,Freelancer,50,Female,D,,CUST-4123
Sherif Ghanem,Sales_Rep,29,Male,B,Vehicle,CUST-4124
Bassem Adel,Teacher,21,Male,C,Vehicle,CUST-4125
Nabil Hamdy,Engineer,64,Male,D,,CUST-4126
Omar Amr,Sales_Rep,56,Male,D,Land,CUST-4127
Tarek Saied,Accountant,29,Female,D,Land,CUST-4128
Wael Hamdy,Teacher,28,Female,D,,CUST-4129
,Teacher,46,Female,B,Land,CUST-4130
Amira Zaki,Engineer,27,Female,D,Vehicle,CUST-4131
Wael El-Sayed,Engineer,51,Male,D,Land,CUST-4132
Karim Fawzy,Teacher,36,Male,A,Land,CUST-4133
Khaled Ibrahim,Engineer,37,Male,A,Vehicle,CUST-4134
Salma Abdel-Aziz,Technician,53,Male,A,,CUST-4135
Layla Hamdy,Teacher,65,Male,C,Land,CUST-4136
Zaki Amr,Sales_Rep,38,Female,A,Vehicle,CUST-4137
Sara Saied,Engineer,60,Female,D,,CUST-4138
Omar Mansour,Sales_Rep,26,Male,C,Vehicle,CUST-4139
Ibrahim Ibrahim,Technician,46,Female,A,,CUST-4140
Hoda Saied,Engineer,37,Male,A,Land,CUST-4141
Karim Hassan,Teacher,32,Male,A,Vehicle,CUST-4142
Mostafa Adel,Freelancer,37,Female,D,Vehicle,CUST-4143
,Engineer,23,Female,B,Vehicle,CUST-4144
Heba Ghanem,Accountant,52,Male,D,,CUST-4145
Fatma Ghanem,Doctor,45,Female,A,Land,CUST-4146
Nabil Hamdy,Teacher,38,Female,C,Land,CUST-4147
Ibrahim Hassan,Engineer,46,Male,A,,CUST-4148
Zaki Kamel,Teacher,22,Male,C,Land,CUST-4149
,Accountant,64,Female,D,,CUST-4150
Bassem Hassan,Technician,50,Female,A,,CUST-4151
Sherif Saied,Freelancer,39,Male,A,Land,CUST-4152
Mostafa Ibrahim,Doctor,52,Male,B,,CUST-4153
Hamdy Ghanem,Engineer,47,Male,B,Land,CUST-4154
Tarek Abdel-Aziz,Accountant,29,Female,C,Land,CUST-4155
Wael Mansour,Teacher,42,Female,B,Land,CUST-4156
Khaled Ibrahim,Teacher,45,Male,D,Land,CUST-4157
Bassem El-Sayed,Doctor,26,Female,A,,CUST-4158
Mona Hamdy,Freelancer,59,Female,D,Vehicle,CUST-4159
Karim Zaki,Doctor,50,Female,A,,CUST-4160
Wael Ghanem,Accountant,37,Male,A,Land,CUST-4161
Hoda Mahmoud,Freelancer,25,Male,D,Vehicle,CUST-4162
Mona Nabil,Accountant,60,Male,A,,CUST-4163
Fatma Nabil,Engineer,61,Female,B,Land,CUST-4164
Mahmoud Saied,Doctor,45,Female,C,,CUST-4165
Hamdy Adel,Teacher,31,Female,D,,CUST-4166
Mohamed Mahmoud,Sales_Rep,62,Female,C,Vehicle,CUST-4167
Mostafa Ghanem,Teacher,59,Male,C,Vehicle,CUST-4168
Karim Adel,Accountant,21,Male,B,Land,CUST-4169
Mahmoud Fawzy,Engineer,58,Male,C,Vehicle,CUST-4170
Layla Zaki,Engineer,30,Male,C,Vehicle,CUST-4171
Tarek Abdel-Aziz,Technician,28,Male,A,Land,CUST-4172
Sara Abdel-Aziz,Doctor,57,Female,A,Land,CUST-4173
Heba Reda,Doctor,46,Male,C,Land,CUST-4174
Sherif Kamel,Freelancer,37,Female,B,Land,CUST-4175
Nabil Zaki,Technician,59,Female,D,,CUST-4176
Ahmed Abdel-Aziz,Sales_Rep,50,Male,B,Vehicle,CUST-4177
Mahmoud Mahmoud,Doctor,48,Male,B,,CUST-4178
Sherif Mahmoud,Sales_Rep,27,Female,A,Land,CUST-4179
Layla Mansour,Sales_Rep,47,Male,D,,CUST-4180
Hassan Fawzy,Sales_Rep,42,Male,C,Vehicle,CUST-4181
Mohamed Nabil,Doctor,37,Female,C,,CUST-4182
Salma Fawzy,Freelancer,27,Female,B,Vehicle,CUST-4183
Sara Ibrahim,Freelancer,63,Female,D,Vehicle,CUST-4184
Salma Fawzy,Freelancer,31,Female,D,Vehicle,CUST-4185
Bassem Fawzy,Technician,35,Female,C,Land,CUST-4186
Ibrahim Mahmoud,Technician,61,Female,B,,CUST-4187
Hamdy Mahmoud,Teacher,43,Male,D,,CUST-4188
Zaki Adel,Technician,33,Male,C,,CUST-4189
Mahmoud Mansour,Accountant,44,Female,D,Vehicle,CUST-4190
Zaki Abdel-Aziz,Sales_Rep,39,Male,D,Land,CUST-4191
Wael Nabil,Technician,63,Male,B,,CUST-4192
Layla Nabil,Doctor,32,Female,B,Vehicle,CUST-4193
Mohamed Adel,Doctor,37,Female,C,,CUST-4194
Ahmed Mansour,Teacher,33,Female,B,Land,CUST-4195
Omar Amr,Accountant,62,Female,C,Vehicle,CUST-4196
Wael Amr,Technician,21,Female,C,Vehicle,CUST-4197
Zaki Ibrahim,Technician,55,Female,C,Vehicle,CUST-4198
Hamdy Fawzy,Doctor,35,Male,B,Vehicle,CUST-4199
Sherif Fawzy,Technician,33,Female,C,Land,CUST-4200
Bassem Ibrahim,Freelancer,44,Male,D,Land,CUST-4201
Hassan Fawzy,Engineer,62,Male,A,Land,CUST-4202
Khaled Mansour,Doctor,27,Female,A,Land,CUST-4203
Sherif Fawzy,Engineer,63,Female,A,,CUST-4204
Tarek Reda,Technician,58,Male,B,,CUST-4205
Bassem Abdel-Aziz,Sales_Rep,60,Female,D,Land,CUST-4206
Karim El-Sayed,Sales_Rep,25,Female,B,,CUST-4207
Salma Amr,Teacher,61,Male,C,Vehicle,CUST-4208
,Teacher,59,Male,A,Land,CUST-4209
Hoda Mansour,Engineer,31,Female,C,,CUST-4210
Hassan Ibrahim,Teacher,62,Female,A,Vehicle,CUST-4211
Mahmoud Kamel,Teacher,28,Female,B,,CUST-4212
Hamdy Ibrahim,Sales_Rep,24,Male,B,,CUST-4213
Sherif Fawzy,Accountant,43,Female,C,Land,CUST-4214
Layla Saied,Accountant,22,Female,A,,CUST-4215
Salma El-Sayed,Teacher,62,Male,A,Vehicle,CUST-4216
Salma El-Sayed,Sales_Rep,38,Male,C,,CUST-4217
Zaki Amr,Teacher,51,Female,A,Land,CUST-4218
Karim Hamdy,Sales_Rep,50,Male,D,,CUST-4219
Layla Abdel-Aziz,Technician,58,Female,B,Vehicle,CUST-4220
Khaled El-Sayed,Accountant,60,Male,D,,CUST-4221
Amira Reda,Freelancer,34,Male,B,Vehicle,CUST-4222
Hoda Saied,Teacher,25,Male,B,Vehicle,CUST-4223
Hamdy Hamdy,Teacher,52,Male,B,,CUST-4224
Bassem Saied,Freelancer,30,Male,B,Land,CUST-4225
Hoda Kamel,Freelancer,31,Male,C,Land,CUST-4226
Ahmed Mansour,Sales_Rep,59,Female,A,Vehicle,CUST-4227
Hoda Mahmoud,Engineer,61,Male,C,,CUST-4228
Nabil Ibrahim,Doctor,63,Female,D,,CUST-4229
Hamdy Adel,Technician,55,Female,C,Vehicle,CUST-4230
Hassan Mansour,Technician,36,Male,B,Vehicle,CUST-4231
Sherif Saied,Technician,22,Female,A,Vehicle,CUST-4232
Wael Nabil,Doctor,50,Female,D,Vehicle,CUST-4233
Mahmoud Kamel,Accountant,31,Female,B,Land,CUST-4234
Karim El-Sayed,Teacher,62,Female,A,Vehicle,CUST-4235
Hamdy Ibrahim,Sales_Rep,43,Male,D,,CUST-4236
Layla Ibrahim,Accountant,54,Female,B,Land,CUST-4237
Amira Ibrahim,Sales_Rep,26,Female,D,,CUST-4238
Dina Ibrahim,Freelancer,41,Female,C,Vehicle,CUST-4239
Amira Abdel-Aziz,Doctor,65,Male,A,Land,CUST-4240
,Sales_Rep,26,Female,B,Land,CUST-4241
Nabil Reda,Accountant,62,Female,D,Vehicle,CUST-4242
Ahmed Nabil,Freelancer,64,Female,A,,CUST-4243
Amira Ibrahim,Engineer,40,Male,C,,CUST-4244
Mahmoud Saied,Technician,37,Male,D,Land,CUST-4245
Nabil Nabil,Sales_Rep,23,Male,C,Land,CUST-4246
Dina Amr,Sales_Rep,27,Female,B,Land,CUST-4247
Mona Hassan,Sales_Rep,65,Female,A,Land,CUST-4248
Wael Abdel-Aziz,Accountant,21,Male,A,,CUST-4249
Hamdy Amr,Sales_Rep,50,Female,B,,CUST-4250
Zaki Mansour,Technician,42,Female,B,Land,CUST-4251
Ibrahim Nabil,Sales_Rep,21,Male,A,Land,CUST-4252
Hamdy Fawzy,Engineer,43,Female,A,Land,CUST-4253
Mostafa Ghanem,Doctor,24,Male,A,Vehicle,CUST-4254
Bassem Reda,Technician,21,Female,A,Land,CUST-4255
Mahmoud Kamel,Engineer,49,Male,D,,CUST-4256
Sherif Mahmoud,Engineer,30,Male,C,Vehicle,CUST-4257
,Teacher,64,Female,C,Vehicle,CUST-4258
Hassan Saied,Sales_Rep,25,Female,C,Land,CUST-4259
Sherif Hassan,Engineer,23,Male,B,,CUST-4260
Wael Hamdy,Teacher,32,Female,B,Vehicle,CUST-4261
Nabil Kamel,Teacher,65,Female,D,,CUST-4262
Tarek Reda,Freelancer,38,Male,D,Land,CUST-4263
Mohamed Hassan,Engineer,37,Female,D,,CUST-4264
Mahmoud Reda,Technician,33,Female,D,,CUST-4265
Bassem Fawzy,Sales_Rep,24,Male,C,,CUST-4266
Khaled Adel,Freelancer,36,Male,B,Land,CUST-4267
Tarek Adel,Doctor,60,Female,B,Land,CUST-4268
Tarek Zaki,Doctor,51,Female,B,Vehicle,CUST-4269
Mahmoud Fawzy,Doctor,62,Female,C,Vehicle,CUST-4270
Nabil El-Sayed,Accountant,31,Male,B,Vehicle,CUST-4271
Karim Hamdy,Engineer,43,Male,A,,CUST-4272
Bassem Reda,Freelancer,27,Female,B,Land,CUST-4273
Amira Abdel-Aziz,Teacher,41,Male,C,,CUST-4274
Heba Hamdy,Teacher,49,Female,A,Vehicle,CUST-4275
Zaki Mahmoud,Teacher,34,Male,C,Vehicle,CUST-4276
Heba Saied,Engineer,24,Female,B,,CUST-4277
Hoda Mansour,Accountant,46,Male,D,Vehicle,CUST-4278
Sara Hassan,Doctor,63,Male,D,Land,CUST-4279
Ahmed Saied,Doctor,21,Female,D,Vehicle,CUST-4280
Bassem Saied,Freelancer,32,Male,B,,CUST-4281
Sara Amr,Teacher,45,Male,B,Vehicle,CUST-4282
Mona Mansour,Sales_Rep,22,Female,D,Vehicle,CUST-4283
Amira Mansour,Doctor,28,Male,A,Land,CUST-4284
Layla Zaki,Freelancer,55,Female,A,Land,CUST-4285
Nabil Saied,Technician,40,Male,B,Vehicle,CUST-4286
Ahmed Nabil,Sales_Rep,21,Female,D,Land,CUST-4287
Salma Mansour,Doctor,34,Female,A,Land,CUST-4288
Layla Reda,Technician,30,Female,A,Vehicle,CUST-4289
Tarek Ghanem,Sales_Rep,21,Female,B,,CUST-4290
Fatma Abdel-Aziz,Sales_Rep,32,Female,C,,CUST-4291
Amira Hamdy,Freelancer,26,Female,B,Land,CUST-4292
Hoda Ibrahim,Engineer,50,Female,A,Land,CUST-4293
Hoda Kamel,Accountant,22,Male,A,Land,CUST-4294
Layla Fawzy,Freelancer,30,Male,D,,CUST-4295
Mona Kamel,Engineer,35,Female,D,,CUST-4296
Sara Reda,Teacher,23,Female,C,Vehicle,CUST-4297
Salma Mansour,Sales_Rep,54,Male,D,,CUST-4298
Mostafa Mansour,Accountant,36,Male,C,Vehicle,CUST-4299
Zaki Nabil,Doctor,21,Female,D,,CUST-4300
Salma Ghanem,Doctor,57,Male,B,Vehicle,CUST-4301
Karim Zaki,Engineer,41,Male,C,,CUST-4302
Hamdy Saied,Accountant,59,Male,C,Vehicle,CUST-4303
Zaki Zaki,Freelancer,39,Male,A,,CUST-4304
Mahmoud Fawzy,Accountant,33,Male,A,,CUST-4305
Mahmoud Mansour,Accountant,21,Female,B,Land,CUST-4306
Karim Fawzy,Teacher,60,Male,C,Land,CUST-4307
Hoda El-Sayed,Technician,34,Male,B,Vehicle,CUST-4308
Mona Kamel,Engineer,28,Male,C,Land,CUST-4309
Amira Fawzy,Engineer,59,Female,D,Vehicle,CUST-4310
Zaki El-Sayed,Sales_Rep,37,Male,A,Vehicle,CUST-4311
Sara Ghanem,Accountant,33,Female,A,Vehicle,CUST-4312
Fatma Adel,Accountant,45,Male,D,Land,CUST-4313
Karim Hassan,Doctor,37,Male,D,Vehicle,CUST-4314
Sara Nabil,Technician,45,Male,A,Land,CUST-4315
Dina Reda,Sales_Rep,22,Male,B,Land,CUST-4316
,Teacher,30,Female,A,Vehicle,CUST-4317
Nabil Nabil,Technician,40,Male,A,Land,CUST-4318
Hamdy Hamdy,Sales_Rep,51,Female,A,Vehicle,CUST-4319
,Technician,47,Male,B,,CUST-4320
Salma Adel,Accountant,40,Male,A,Land,CUST-4321
Layla Amr,Sales_Rep,27,Male,A,Land,CUST-4322
Wael Mahmoud,Freelancer,26,Female,D,Land,CUST-4323
Mostafa Nabil,Engineer,63,Male,D,Land,CUST-4324
Hoda Mansour,Engineer,51,Male,D,,CUST-4325
Wael Mahmoud,Sales_Rep,26,Female,D,Land,CUST-4326
Hassan Ghanem,Teacher,40,Male,D,Land,CUST-4327
Dina Abdel-Aziz,Accountant,40,Female,B,Vehicle,CUST-4328
Mohamed Ibrahim,Accountant,29,Female,B,,CUST-4329
Khaled Mansour,Doctor,38,Female,B,Land,CUST-4330
,Teacher,56,Female,C,,CUST-4331
Mona El-Sayed,Engineer,44,Female,D,Vehicle,CUST-4332
Tarek Adel,Accountant,48,Male,A,Vehicle,CUST-4333
Salma Fawzy,Doctor,43,Male,C,Vehicle,CUST-4334
Fatma Ghanem,Freelancer,24,Male,B,,CUST-4335
Heba Reda,Freelancer,56,Male,C,Vehicle,CUST-4336
Sara Amr,Sales_Rep,22,Female,B,,CUST-4337
Sherif Ibrahim,Accountant,52,Male,C,Vehicle,CUST-4338
Mona Kamel,Technician,35,Male,B,Land,CUST-4339
Amira Abdel-Aziz,Sales_Rep,34,Male,D,,CUST-4340
Dina Ibrahim,Sales_Rep,52,Female,B,Vehicle,CUST-4341
Mahmoud Kamel,Teacher,59,Male,D,Land,CUST-4342
Layla Hassan,Teacher,65,Male,A,,CUST-4343
Mahmoud Zaki,Sales_Rep,32,Female,B,Land,CUST-4344
Nabil Mahmoud,Technician,51,Male,A,Land,CUST-4345
Tarek Saied,Sales_Rep,56,Female,C,Land,CUST-4346
Omar Hamdy,Accountant,37,Male,B,,CUST-4347
Sherif Ghanem,Engineer,63,Male,A,,CUST-4348
Khaled Fawzy,Engineer,41,Female,B,,CUST-4349
Karim Ibrahim,Teacher,60,Female,C,Land,CUST-4350
Omar Nabil,Freelancer,65,Male,A,Vehicle,CUST-4351
Khaled Hamdy,Technician,23,Female,B,Vehicle,CUST-4352
Hamdy Hamdy,Technician,50,Female,A,Land,CUST-4353
Zaki Ghanem,Accountant,43,Male,C,Land,CUST-4354
Tarek Amr,Sales_Rep,63,Female,B,Vehicle,CUST-4355
Fatma Adel,Freelancer,57,Female,C,Land,CUST-4356
Sherif Reda,Accountant,62,Female,D,Vehicle,CUST-4357
Mona Nabil,Sales_Rep,57,Male,A,Vehicle,CUST-4358
Tarek Mahmoud,Engineer,52,Female,C,Land,CUST-4359
Wael Hassan,Accountant,41,Female,A,Vehicle,CUST-4360
Sherif Adel,Accountant,46,Male,D,Land,CUST-4361
Bassem Ibrahim,Engineer,56,Male,C,Vehicle,CUST-4362
Dina Saied,Teacher,60,Female,A,Vehicle,CUST-4363
Wael Reda,Teacher,31,Male,D,Vehicle,CUST-4364
Omar Kamel,Sales_Rep,34,Male,C,,CUST-4365
Bassem Abdel-Aziz,Technician,28,Female,B,Vehicle,CUST-4366
Amira Mahmoud,Doctor,49,Female,D,Land,CUST-4367
Dina Mahmoud,Sales_Rep,26,Male,B,Vehicle,CUST-4368
Hoda El-Sayed,Teacher,25,Female,A,Vehicle,CUST-4369
Ahmed Ibrahim,Sales_Rep,46,Male,B,Land,CUST-4370
Fatma Ghanem,Freelancer,56,Male,C,Vehicle,CUST-4371
Mahmoud Ibrahim,Engineer,38,Female,D,Land,CUST-4372
Karim Adel,Freelancer,24,Female,D,,CUST-4373
Omar Amr,Engineer,29,Female,D,Land,CUST-4374
Mostafa Adel,Doctor,32,Male,B,,CUST-4375
Fatma Reda,Technician,58,Male,D,Land,CUST-4376
Omar Hassan,Sales_Rep,23,Male,A,Land,CUST-4377
Heba Mansour,Doctor,61,Female,C,Land,CUST-4378
Tarek Kamel,Accountant,21,Male,C,Land,CUST-4379
Zaki Adel,Freelancer,57,Male,A,Land,CUST-4380
Sara Fawzy,Doctor,35,Male,A,,CUST-4381
Dina Abdel-Aziz,Doctor,49,Male,D,Land,CUST-4382
Dina Reda,Doctor,50,Male,B,Land,CUST-4383
Hassan Amr,Freelancer,64,Male,D,,CUST-4384
Mohamed Abdel-Aziz,Technician,62,Male,B,Land,CUST-4385
Omar Mansour,Freelancer,32,Female,D,Land,CUST-4386
Mohamed Nabil,Engineer,60,Male,B,,CUST-4387
Karim Amr,Teacher,26,Male,A,Vehicle,CUST-4388
Nabil Mansour,Doctor,60,Female,D,,CUST-4389
Karim Zaki,Freelancer,51,Male,D,Land,CUST-4390
Hoda Zaki,Doctor,49,Male,C,Land,CUST-4391
,Teacher,33,Female,A,,CUST-4392
Hoda Hassan,Freelancer,26,Male,D,,CUST-4393
Hamdy El-Sayed,Technician,40,Male,A,Vehicle,CUST-4394
Mahmoud Nabil,Doctor,37,Male,A,Vehicle,CUST-4395
,Accountant,64,Male,D,,CUST-4396
Mostafa El-Sayed,Freelancer,31,Female,A,,CUST-4397
Ibrahim Fawzy,Doctor,36,Female,C,Land,CUST-4398
Mona Amr,Engineer,64,Female,D,,CUST-4399
Khaled Abdel-Aziz,Doctor,31,Female,D,,CUST-4400
Mahmoud Saied,Technician,25,Female,D,Vehicle,CUST-4401
Nabil Kamel,Accountant,38,Male,C,Vehicle,CUST-4402
Sara Ghanem,Sales_Rep,31,Male,A,Land,CUST-4403
Amira Abdel-Aziz,Engineer,43,Male,D,Vehicle,CUST-4404
Bassem Fawzy,Sales_Rep,24,Female,D,Vehicle,CUST-4405
Wael Saied,Engineer,32,Male,D,,CUST-4406
Karim Saied,Engineer,38,Male,D,Vehicle,CUST-4407
Omar Mansour,Teacher,22,Female,A,Land,CUST-4408
Sara Reda,Freelancer,31,Male,A,,CUST-4409
Ibrahim Hamdy,Teacher,32,Male,A,Vehicle,CUST-4410
Layla Abdel-Aziz,Sales_Rep,40,Female,C,Land,CUST-4411
Mona Reda,Teacher,28,Male,C,,CUST-4412
Hamdy El-Sayed,Technician,53,Male,C,Vehicle,CUST-4413
Layla Hamdy,Accountant,24,Female,D,,CUST-4414
Salma Reda,Teacher,48,Male,D,,CUST-4415
Omar Zaki,Technician,30,Female,C,,CUST-4416
Omar Amr,Technician,46,Female,C,,CUST-4417
Sherif Nabil,Engineer,34,Female,C,Vehicle,CUST-4418
Dina Reda,Doctor,26,Female,C,,CUST-4419
Wael Mansour,Technician,21,Male,D,Vehicle,CUST-4420
Ahmed El-Sayed,Teacher,29,Male,C,Vehicle,CUST-4421
Mahmoud Kamel,Sales_Rep,32,Female,C,Vehicle,CUST-4422
Amira Saied,Freelancer,61,Female,B,Vehicle,CUST-4423
,Freelancer,40,Male,D,Vehicle,CUST-4424
Nabil Zaki,Technician,27,Male,A,,CUST-4425
Amira Ghanem,Teacher,45,Male,D,,CUST-4426
Salma Hamdy,Engineer,54,Female,A,Vehicle,CUST-4427
Hassan Kamel,Sales_Rep,32,Male,D,,CUST-4428
Sherif Hamdy,Sales_Rep,48,Male,B,,CUST-4429
Sara Fawzy,Engineer,49,Female,A,,CUST-4430
Hassan Adel,Engineer,31,Male,B,Vehicle,CUST-4431
Khaled Zaki,Sales_Rep,62,Female,C,Vehicle,CUST-4432
Omar Zaki,Technician,50,Male,C,Land,CUST-4433
Ahmed Saied,Teacher,50,Female,A,Land,CUST-4434
Amira Hamdy,Engineer,37,Female,A,Vehicle,CUST-4435
Mohamed Ghanem,Technician,56,Female,A,Vehicle,CUST-4436
Amira Amr,Sales_Rep,22,Female,C,Vehicle,CUST-4437
Hassan Amr,Doctor,25,Female,A,Land,CUST-4438
Fatma Kamel,Accountant,32,Male,D,Land,CUST-4439
Mona Ghanem,Technician,47,Male,D,Land,CUST-4440
Layla Reda,Freelancer,37,Male,C,,CUST-4441
Heba Adel,Technician,52,Male,D,Vehicle,CUST-4442
,Teacher,37,Female,C,Land,CUST-4443
Amira Kamel,Accountant,45,Male,C,,CUST-4444
Amira Kamel,Freelancer,24,Male,A,Land,CUST-4445
Hoda Saied,Freelancer,60,Female,D,,CUST-4446
Ibrahim Hassan,Technician,40,Male,C,Vehicle,CUST-4447
Salma El-Sayed,Technician,61,Female,B,,CUST-4448
Hoda Hassan,Accountant,52,Female,A,Land,CUST-4449
Mahmoud Ghanem,Accountant,25,Male,D,,CUST-4450
Nabil Mansour,Doctor,26,Female,D,Land,CUST-4451
Khaled Amr,Engineer,26,Female,D,,CUST-4452
Layla Ghanem,Technician,47,Male,C,Land,CUST-4453
Wael Zaki,Teacher,48,Female,B,Vehicle,CUST-4454
Nabil Reda,Accountant,51,Female,A,Vehicle,CUST-4455
Mahmoud Mahmoud,Accountant,56,Female,A,Land,CUST-4456
Sara Kamel,Sales_Rep,32,Female,C,Land,CUST-4457
Amira Reda,Technician,50,Female,D,,CUST-4458
Salma Saied,Engineer,27,Male,C,Land,CUST-4459
Amira Mansour,Accountant,58,Female,A,Land,CUST-4460
Khaled Ghanem,Accountant,56,Male,D,,CUST-4461
Amira Abdel-Aziz,Freelancer,59,Female,C,,CUST-4462
Ahmed El-Sayed,Engineer,56,Male,A,Vehicle,CUST-4463
Amira El-Sayed,Technician,65,Male,C,Land,CUST-4464
Mahmoud Ibrahim,Teacher,21,Female,D,Vehicle,CUST-4465
Mostafa Ibrahim,Teacher,36,Male,B,,CUST-4466
Mona Fawzy,Technician,39,Male,B,,CUST-4467
Sara Fawzy,Engineer,32,Male,C,Land,CUST-4468
Sara Abdel-Aziz,Technician,22,Female,B,,CUST-4469
Hassan Mahmoud,Engineer,33,Male,D,,CUST-4470
Ahmed Reda,Teacher,59,Male,B,,CUST-4471
Bassem Nabil,Sales_Rep,52,Male,C,,CUST-4472
Salma Reda,Freelancer,40,Male,D,,CUST-4473
Hoda Ibrahim,Sales_Rep,62,Female,B,Vehicle,CUST-4474
,Freelancer,37,Male,C,Land,CUST-4475
Bassem Hamdy,Sales_Rep,41,Male,C,Land,CUST-4476
Khaled Zaki,Doctor,25,Female,A,,CUST-4477
,Teacher,37,Female,B,Land,CUST-4478
,Doctor,46,Female,C,Vehicle,CUST-4479
Sara Saied,Sales_Rep,49,Male,C,Vehicle,CUST-4480
Dina Reda,Technician,51,Female,D,,CUST-4481
Hamdy Nabil,Engineer,32,Female,D,Land,CUST-4482
Layla Abdel-Aziz,Engineer,56,Female,B,Vehicle,CUST-4483
Wael Zaki,Accountant,54,Male,D,Land,CUST-4484
Nabil Ghanem,Doctor,55,Female,B,,CUST-4485
Ibrahim Saied,Freelancer,39,Male,A,Land,CUST-4486
Sherif Mansour,Doctor,45,Female,D,Land,CUST-4487
Salma Ibrahim,Engineer,38,Female,A,Land,CUST-4488
Layla Mahmoud,Technician,31,Female,D,Vehicle,CUST-4489
Mahmoud Reda,Freelancer,44,Female,C,Land,CUST-4490
Hamdy Fawzy,Teacher,24,Male,C,,CUST-4491
Amira Mahmoud,Accountant,65,Female,B,Land,CUST-4492
Heba Amr,Engineer,48,Female,B,,CUST-4493
Khaled Ghanem,Freelancer,65,Male,B,,CUST-4494
Sara Amr,Accountant,31,Male,B,Vehicle,CUST-4495
Bassem Hassan,Accountant,35,Male,A,Vehicle,CUST-4496
Wael Ghanem,Teacher,40,Male,C,Vehicle,CUST-4497
Bassem Fawzy,Freelancer,43,Female,B,,CUST-4498
Nabil Hassan,Technician,31,Female,C,Land,CUST-4499
Sherif Adel,Engineer,50,Male,C,Vehicle,CUST-4500
Salma Nabil,Engineer,24,Female,A,Vehicle,CUST-4501
Mostafa Mahmoud,Freelancer,27,Female,C,,CUST-4502
Nabil El-Sayed,Engineer,27,Female,D,Land,CUST-4503
Sherif Hamdy,Doctor,21,Female,B,,CUST-4504
Mahmoud Zaki,Teacher,46,Male,C,Land,CUST-4505
Sherif Hamdy,Doctor,35,Male,D,Vehicle,CUST-4506
Karim Zaki,Accountant,60,Male,B,Vehicle,CUST-4507
Hoda Saied,Technician,60,Male,A,Land,CUST-4508
Bassem Adel,Engineer,46,Male,C,,CUST-4509
Hoda Saied,Accountant,62,Female,B,Land,CUST-4510
Khaled El-Sayed,Technician,65,Male,A,Land,CUST-4511
Hoda Abdel-Aziz,Freelancer,45,Female,D,Land,CUST-4512
Khaled Kamel,Technician,21,Male,C,,CUST-4513
Mohamed Reda,Doctor,22,Female,A,Vehicle,CUST-4514
Khaled Zaki,Teacher,41,Female,D,Vehicle,CUST-4515
Sherif Hamdy,Teacher,26,Female,A,Vehicle,CUST-4516
Hoda Hamdy,Technician,30,Male,A,Land,CUST-4517
Khaled Kamel,Freelancer,53,Female,D,,CUST-4518
Zaki Hamdy,Technician,28,Male,C,,CUST-4519
Sherif Abdel-Aziz,Sales_Rep,62,Male,D,Vehicle,CUST-4520
Hamdy Hassan,Technician,34,Male,C,Land,CUST-4521
Fatma Mahmoud,Technician,27,Male,C,,CUST-4522
Wael Fawzy,Doctor,25,Male,C,Land,CUST-4523
Ahmed Reda,Accountant,42,Female,D,Vehicle,CUST-4524
Mahmoud Nabil,Technician,23,Male,C,,CUST-4525
Bassem Abdel-Aziz,Engineer,45,Male,B,,CUST-4526
Hoda Nabil,Engineer,43,Male,D,,CUST-4527
Omar Mahmoud,Sales_Rep,38,Female,C,Vehicle,CUST-4528
Omar Adel,Sales_Rep,52,Female,A,Vehicle,CUST-4529
Mohamed Amr,Technician,22,Male,A,Land,CUST-4530
Karim El-Sayed,Doctor,62,Female,A,,CUST-4531
Sara Zaki,Technician,32,Male,C,,CUST-4532
Salma Zaki,Sales_Rep,41,Male,C,Land,CUST-4533
Hamdy Abdel-Aziz,Doctor,26,Male,A,,CUST-4534
Mohamed Reda,Teacher,55,Female,D,Vehicle,CUST-4535
Fatma El-Sayed,Accountant,40,Male,B,,CUST-4536
Tarek Ibrahim,Technician,26,Male,C,Land,CUST-4537
Mostafa Mahmoud,Engineer,53,Female,B,Vehicle,CUST-4538
Ibrahim Fawzy,Accountant,21,Female,C,Vehicle,CUST-4539
Karim El-Sayed,Technician,21,Female,D,Land,CUST-4540
Tarek Fawzy,Sales_Rep,30,Male,B,Vehicle,CUST-4541
Hamdy Hamdy,Accountant,52,Male,A,,CUST-4542
Amira Amr,Accountant,53,Female,D,Land,CUST-4543
Karim Nabil,Sales_Rep,39,Male,A,Land,CUST-4544
Layla Abdel-Aziz,Sales_Rep,37,Male,C,Land,CUST-4545
Hoda Nabil,Doctor,38,Female,A,Vehicle,CUST-4546
Omar Adel,Accountant,23,Male,B,,CUST-4547
Ibrahim Fawzy,Accountant,61,Female,B,Land,CUST-4548
Fatma Saied,Accountant,34,Female,A,Vehicle,CUST-4549
Omar Fawzy,Technician,58,Male,B,Land,CUST-4550
Salma Ghanem,Doctor,48,Female,A,Vehicle,CUST-4551
Hassan Fawzy,Teacher,60,Male,A,Land,CUST-4552
Sherif Reda,Technician,33,Female,D,Land,CUST-4553
Hamdy Adel,Doctor,32,Male,C,Vehicle,CUST-4554
Wael Hamdy,Teacher,59,Female,C,,CUST-4555
Mahmoud Amr,Accountant,50,Female,A,Vehicle,CUST-4556
Khaled Ibrahim,Sales_Rep,31,Male,A,,CUST-4557
Heba Mansour,Accountant,51,Female,C,Land,CUST-4558
Mahmoud Hamdy,Teacher,56,Female,D,Vehicle,CUST-4559
Nabil Nabil,Doctor,55,Female,C,Vehicle,CUST-4560
Wael Hassan,Doctor,58,Female,D,Vehicle,CUST-4561
Mohamed Reda,Sales_Rep,65,Female,D,Vehicle,CUST-4562
Mahmoud Abdel-Aziz,Technician,40,Female,A,,CUST-4563
Dina El-Sayed,Teacher,57,Female,C,Land,CUST-4564
Fatma Mahmoud,Teacher,64,Male,D,,CUST-4565
Tarek Zaki,Doctor,57,Female,C,Land,CUST-4566
Nabil Ghanem,Technician,60,Female,B,,CUST-4567
Mahmoud Adel,Freelancer,48,Male,C,Land,CUST-4568
Bassem Mahmoud,Technician,23,Male,D,Land,CUST-4569
Layla Kamel,Technician,42,Male,D,Land,CUST-4570
,Accountant,55,Female,B,,CUST-4571
Mohamed Ghanem,Technician,40,Male,A,Vehicle,CUST-4572
,Technician,58,Female,C,Land,CUST-4573
Mostafa Reda,Accountant,46,Female,A,,CUST-4574
Nabil Zaki,Freelancer,26,Female,D,Land,CUST-4575
Wael Ibrahim,Technician,40,Male,D,Vehicle,CUST-4576
Hassan Zaki,Technician,39,Female,B,,CUST-4577
Sherif Mansour,Freelancer,32,Male,B,Vehicle,CUST-4578
Hoda Ibrahim,Teacher,38,Female,A,Land,CUST-4579
Ibrahim Zaki,Doctor,49,Male,D,Vehicle,CUST-4580
Ahmed Ibrahim,Sales_Rep,32,Female,D,Land,CUST-4581
Fatma Adel,Technician,50,Female,C,,CUST-4582
Amira Saied,Technician,49,Female,A,,CUST-4583
Hamdy Reda,Teacher,39,Female,B,,CUST-4584
Bassem El-Sayed,Doctor,46,Male,A,,CUST-4585
Hamdy Hamdy,Accountant,54,Female,A,Vehicle,CUST-4586
Karim Hamdy,Technician,52,Male,C,Land,CUST-4587
Mona Adel,Teacher,32,Female,A,Land,CUST-4588
Layla Amr,Doctor,65,Female,D,,CUST-4589
Salma Abdel-Aziz,Engineer,31,Male,C,Vehicle,CUST-4590
Sherif Abdel-Aziz,Engineer,64,Female,A,,CUST-4591
Hassan Kamel,Doctor,23,Female,D,Vehicle,CUST-4592
Ahmed Amr,Technician,22,Male,B,,CUST-4593
Nabil Ibrahim,Accountant,40,Male,B,Vehicle,CUST-4594
Hamdy Reda,Teacher,41,Female,B,Land,CUST-4595
Hassan Adel,Teacher,55,Female,B,Vehicle,CUST-4596
Hamdy Fawzy,Technician,36,Male,D,,CUST-4597
,Teacher,46,Female,B,,CUST-4598
Nabil Mahmoud,Sales_Rep,28,Male,D,Land,CUST-4599
Khaled Saied,Technician,21,Female,B,,CUST-4600
Karim Nabil,Technician,26,Male,C,,CUST-4601
Wael Zaki,Engineer,35,Female,B,,CUST-4602
Heba Hamdy,Freelancer,34,Male,B,Land,CUST-4603
Tarek Zaki,Engineer,51,Female,D,Vehicle,CUST-4604
Tarek Nabil,Accountant,52,Male,B,,CUST-4605
Sherif Reda,Teacher,23,Male,B,Land,CUST-4606
Hoda Ghanem,Sales_Rep,25,Female,B,Vehicle,CUST-4607
Zaki Ghanem,Teacher,50,Female,C,,CUST-4608
Ibrahim Hassan,Teacher,57,Male,D,,CUST-4609
Wael Abdel-Aziz,Technician,65,Male,B,Vehicle,CUST-4610
Heba Zaki,Sales_Rep,37,Female,D,Land,CUST-4611
Ibrahim El-Sayed,Freelancer,48,Male,D,,CUST-4612
Amira Ibrahim,Doctor,50,Male,C,Vehicle,CUST-4613
Fatma Amr,Freelancer,50,Female,D,Vehicle,CUST-4614
Mohamed Mahmoud,Accountant,58,Female,C,Land,CUST-4615
,Engineer,65,Female,C,,CUST-4616
Sara Nabil,Accountant,44,Female,B,,CUST-4617
Khaled Abdel-Aziz,Accountant,53,Female,B,Land,CUST-4618
Tarek Saied,Teacher,38,Female,C,Land,CUST-4619
Amira Hassan,Technician,50,Female,C,Vehicle,CUST-4620
Tarek Amr,Technician,36,Female,D,Vehicle,CUST-4621
Bassem Adel,Teacher,40,Male,C,Vehicle,CUST-4622
Salma El-Sayed,Sales_Rep,54,Male,B,Vehicle,CUST-4623
Sherif Adel,Teacher,50,Female,B,Land,CUST-4624
Hoda Reda,Accountant,65,Male,D,Vehicle,CUST-4625
Sherif Nabil,Sales_Rep,56,Female,D,Vehicle,CUST-4626
Zaki Nabil,Accountant,49,Male,D,Land,CUST-4627
Karim Nabil,Accountant,50,Female,A,Vehicle,CUST-4628
Zaki Ghanem,Accountant,41,Female,C,,CUST-4629
Sara El-Sayed,Accountant,58,Male,B,Vehicle,CUST-4630
Tarek Adel,Sales_Rep,47,Female,C,,CUST-4631
Omar Fawzy,Accountant,63,Male,B,,CUST-4632
Amira Zaki,Teacher,38,Male,C,Land,CUST-4633
Dina Mansour,Technician,42,Female,C,Vehicle,CUST-4634
Layla Mansour,Sales_Rep,31,Female,B,Land,CUST-4635
Wael Mahmoud,Technician,52,Female,A,,CUST-4636
Sara El-Sayed,Accountant,22,Male,D,Vehicle,CUST-4637
Tarek Ghanem,Accountant,60,Male,D,Land,CUST-4638
Heba Fawzy,Technician,55,Female,D,Vehicle,CUST-4639
Sara Zaki,Engineer,31,Male,C,Vehicle,CUST-4640
Heba Reda,Accountant,32,Female,A,Vehicle,CUST-4641
Hoda Ibrahim,Technician,58,Male,A,,CUST-4642
Hoda Ghanem,Teacher,61,Female,B,,CUST-4643
Khaled Hamdy,Sales_Rep,48,Male,C,,CUST-4644
Mahmoud Mansour,Doctor,24,Male,B,,CUST-4645
Wael Kamel,Freelancer,43,Female,B,Land,CUST-4646
Salma Saied,Doctor,59,Male,B,Vehicle,CUST-4647
Sherif Mahmoud,Freelancer,45,Male,A,Vehicle,CUST-4648
Mona Saied,Freelancer,39,Female,D,Land,CUST-4649
Khaled Hamdy,Accountant,31,Male,C,,CUST-4650
Heba Mansour,Doctor,55,Male,B,,CUST-4651
Amira Adel,Teacher,32,Male,C,Vehicle,CUST-4652
Fatma Saied,Technician,53,Female,B,Land,CUST-4653
Salma Adel,Freelancer,50,Female,C,,CUST-4654
Ahmed Kamel,Sales_Rep,42,Female,D,,CUST-4655
Layla Adel,Teacher,37,Male,A,Vehicle,CUST-4656
Tarek Ibrahim,Accountant,51,Female,D,,CUST-4657
Nabil Hassan,Sales_Rep,24,Female,A,,CUST-4658
Mona El-Sayed,Technician,27,Female,C,,CUST-4659
Sherif Kamel,Doctor,47,Female,D,,CUST-4660
Ahmed Adel,Accountant,35,Male,A,,CUST-4661
Hassan Reda,Technician,40,Male,A,Vehicle,CUST-4662
Mahmoud Amr,Technician,47,Male,A,,CUST-4663
Wael Hamdy,Sales_Rep,58,Male,B,Vehicle,CUST-4664
Hassan Hamdy,Engineer,58,Male,C,Land,CUST-4665
Salma Abdel-Aziz,Technician,33,Male,C,,CUST-4666
,Teacher,21,Male,B,,CUST-4667
Mostafa Mahmoud,Teacher,63,Male,B,,CUST-4668
Hamdy Nabil,Sales_Rep,35,Male,A,Land,CUST-4669
Omar Ibrahim,Doctor,32,Male,A,Vehicle,CUST-4670
Tarek Mahmoud,Teacher,55,Male,A,Land,CUST-4671
Mostafa Amr,Technician,32,Male,A,Vehicle,CUST-4672
Mona Fawzy,Engineer,55,Female,B,Vehicle,CUST-4673
Dina El-Sayed,Accountant,58,Male,C,,CUST-4674
Nabil Abdel-Aziz,Engineer,63,Female,A,,CUST-4675
Mostafa Abdel-Aziz,Doctor,65,Male,A,Vehicle,CUST-4676
Ahmed Ibrahim,Doctor,58,Male,B,Vehicle,CUST-4677
Khaled Mahmoud,Engineer,40,Male,B,,CUST-4678
Fatma Ibrahim,Sales_Rep,28,Female,D,Land,CUST-4679
Khaled Hassan,Teacher,25,Female,C,Land,CUST-4680
Ahmed Ghanem,Technician,44,Male,B,,CUST-4681
Hamdy Ghanem,Sales_Rep,38,Female,C,,CUST-4682
Dina Ghanem,Doctor,45,Male,D,,CUST-4683
Karim Abdel-Aziz,Doctor,65,Male,C,Land,CUST-4684
Mona Hamdy,Technician,37,Female,A,Vehicle,CUST-4685
Karim Fawzy,Freelancer,26,Female,B,,CUST-4686
Khaled Ghanem,Freelancer,31,Male,C,Vehicle,CUST-4687
Omar Adel,Accountant,31,Female,D,Land,CUST-4688
Hassan Hamdy,Teacher,33,Male,C,Vehicle,CUST-4689
Layla Hamdy,Engineer,52,Male,D,,CUST-4690
Khaled Ghanem,Engineer,52,Male,D,Vehicle,CUST-4691
Hamdy Adel,Freelancer,64,Female,C,Vehicle,CUST-4692
Karim Abdel-Aziz,Freelancer,53,Male,A,Vehicle,CUST-4693
Sherif El-Sayed,Teacher,61,Female,B,,CUST-4694
Sara Amr,Accountant,65,Male,C,Vehicle,CUST-4695
Hamdy Mansour,Engineer,24,Female,A,Vehicle,CUST-4696
Zaki Reda,Freelancer,57,Male,A,Land,CUST-4697
Sara Abdel-Aziz,Sales_Rep,32,Male,B,Vehicle,CUST-4698
Tarek Mahmoud,Doctor,32,Female,A,,CUST-4699
Ahmed El-Sayed,Accountant,65,Male,B,Vehicle,CUST-4700
Hamdy Zaki,Freelancer,29,Female,A,,CUST-4701
Mahmoud Ibrahim,Sales_Rep,38,Male,D,,CUST-4702
Layla Saied,Freelancer,37,Female,A,Vehicle,CUST-4703
Salma Hamdy,Doctor,22,Male,D,Vehicle,CUST-4704
,Doctor,21,Female,C,Vehicle,CUST-4705
Karim Nabil,Freelancer,49,Male,D,,CUST-4706
Karim Ghanem,Teacher,55,Female,D,Vehicle,CUST-4707
Mostafa Mansour,Freelancer,35,Male,B,,CUST-4708
Hoda Mahmoud,Teacher,65,Female,B,Vehicle,CUST-4709
Ibrahim Hassan,Sales_Rep,35,Male,D,Vehicle,CUST-4710
Fatma Amr,Engineer,33,Female,D,,CUST-4711
Salma Reda,Teacher,23,Female,D,Vehicle,CUST-4712
Mahmoud Mahmoud,Accountant,22,Male,C,,CUST-4713
Mostafa Mahmoud,Technician,61,Female,A,Vehicle,CUST-4714
Mona Hassan,Teacher,64,Female,D,Land,CUST-4715
Ahmed Mansour,Doctor,47,Female,A,Vehicle,CUST-4716
Ibrahim Fawzy,Teacher,54,Female,B,,CUST-4717
Nabil Ghanem,Doctor,65,Male,A,Vehicle,CUST-4718
Mohamed Nabil,Technician,59,Female,D,Land,CUST-4719
Fatma Saied,Sales_Rep,53,Male,B,Vehicle,CUST-4720
Bassem Ghanem,Accountant,59,Male,B,Land,CUST-4721
Hamdy El-Sayed,Engineer,60,Male,A,,CUST-4722
Ibrahim Fawzy,Freelancer,32,Male,D,,CUST-4723
Omar Adel,Engineer,25,Male,A,Vehicle,CUST-4724
Fatma Nabil,Engineer,49,Male,A,Land,CUST-4725
Ibrahim Nabil,Teacher,25,Male,A,Vehicle,CUST-4726
Wael Zaki,Engineer,27,Male,A,,CUST-4727
Dina Abdel-Aziz,Technician,64,Male,D,Vehicle,CUST-4728
Ahmed Reda,Technician,29,Male,C,Land,CUST-4729
Tarek Hamdy,Teacher,36,Female,D,Vehicle,CUST-4730
Zaki Ghanem,Technician,30,Female,D,Land,CUST-4731
Karim Ghanem,Teacher,65,Male,A,Vehicle,CUST-4732
Khaled Abdel-Aziz,Technician,58,Male,C,Vehicle,CUST-4733
Tarek Zaki,Accountant,37,Female,D,,CUST-4734
Bassem Zaki,Sales_Rep,57,Male,D,,CUST-4735
Fatma Ghanem,Teacher,33,Female,C,Vehicle,CUST-4736
Heba Nabil,Sales_Rep,30,Male,B,Land,CUST-4737
Mahmoud Zaki,Engineer,25,Female,D,,CUST-4738
Sherif Amr,Sales_Rep,24,Male,D,Land,CUST-4739
Bassem El-Sayed,Sales_Rep,63,Male,B,Land,CUST-4740
Mohamed Saied,Accountant,60,Male,A,Land,CUST-4741
Wael El-Sayed,Teacher,21,Male,A,Vehicle,CUST-4742
Mona Mansour,Teacher,55,Male,D,Vehicle,CUST-4743
Mohamed Adel,Teacher,46,Male,D,Vehicle,CUST-4744
Tarek Amr,Freelancer,35,Female,B,,CUST-4745
Bassem Reda,Sales_Rep,49,Male,B,Land,CUST-4746
Omar Hamdy,Technician,51,Male,A,Land,CUST-4747
Sara Hamdy,Doctor,28,Male,A,Land,CUST-4748
Heba Nabil,Freelancer,45,Female,C,Land,CUST-4749
Layla Kamel,Engineer,49,Male,C,,CUST-4750
Dina Ghanem,Engineer,51,Male,D,Land,CUST-4751
Hamdy Mahmoud,Sales_Rep,58,Female,D,Land,CUST-4752
Layla Kamel,Doctor,55,Female,A,Vehicle,CUST-4753
Mahmoud El-Sayed,Doctor,50,Female,D,Land,CUST-4754
Salma Nabil,Freelancer,33,Male,A,,CUST-4755
Khaled Mahmoud,Teacher,21,Female,D,,CUST-4756
Hoda Reda,Doctor,34,Female,B,Vehicle,CUST-4757
Mostafa Amr,Doctor,28,Female,C,Land,CUST-4758
Ahmed Kamel,Engineer,53,Female,B,Vehicle,CUST-4759
Mahmoud Adel,Technician,41,Male,A,Land,CUST-4760
Hoda Fawzy,Sales_Rep,55,Female,D,Land,CUST-4761
Fatma Ghanem,Sales_Rep,65,Male,D,Vehicle,CUST-4762
Khaled Ghanem,Accountant,41,Female,C,,CUST-4763
Nabil El-Sayed,Freelancer,54,Female,B,Vehicle,CUST-4764
Amira Kamel,Accountant,32,Male,B,,CUST-4765
Bassem El-Sayed,Technician,62,Male,A,Land,CUST-4766
Tarek Amr,Sales_Rep,32,Female,B,Vehicle,CUST-4767
Hassan El-Sayed,Accountant,24,Male,C,Land,CUST-4768
Sherif Kamel,Sales_Rep,38,Female,B,Vehicle,CUST-4769
Bassem Hamdy,Sales_Rep,59,Male,A,Land,CUST-4770
Zaki Reda,Sales_Rep,25,Male,B,,CUST-4771
Hoda Zaki,Doctor,50,Female,B,,CUST-4772
Ahmed Kamel,Sales_Rep,44,Female,D,Vehicle,CUST-4773
Ibrahim Ibrahim,Technician,45,Male,A,Vehicle,CUST-4774
Mahmoud Saied,Accountant,40,Female,B,Land,CUST-4775
Hassan Adel,Sales_Rep,26,Male,D,Vehicle,CUST-4776
Mona Mahmoud,Accountant,45,Male,A,Vehicle,CUST-4777
Nabil Kamel,Doctor,64,Male,B,Vehicle,CUST-4778
Wael Reda,Freelancer,64,Female,A,,CUST-4779
Wael Mahmoud,Engineer,43,Male,B,,CUST-4780
Hassan Abdel-Aziz,Doctor,53,Male,C,,CUST-4781
Khaled El-Sayed,Teacher,32,Female,D,,CUST-4782
Zaki Ghanem,Freelancer,51,Male,A,Vehicle,CUST-4783
Wael Hamdy,Engineer,42,Male,B,,CUST-4784
Zaki Ibrahim,Freelancer,52,Female,C,,CUST-4785
Wael Saied,Sales_Rep,33,Male,C,Land,CUST-4786
Amira Hassan,Technician,52,Male,A,,CUST-4787
Karim Fawzy,Sales_Rep,64,Female,B,,CUST-4788
Ahmed Ghanem,Doctor,38,Female,C,,CUST-4789
Hassan Adel,Engineer,65,Female,D,,CUST-4790
Mohamed Zaki,Freelancer,53,Male,D,Land,CUST-4791
Hassan Mahmoud,Teacher,53,Female,A,Land,CUST-4792
Mostafa Nabil,Accountant,37,Female,A,Vehicle,CUST-4793
Zaki Nabil,Engineer,61,Female,A,Vehicle,CUST-4794
Layla El-Sayed,Teacher,41,Male,D,Land,CUST-4795
Omar Zaki,Accountant,50,Female,C,Vehicle,CUST-4796
Salma Ibrahim,Engineer,31,Female,D,,CUST-4797
Mahmoud Ghanem,Teacher,36,Male,B,Vehicle,CUST-4798
Layla Reda,Teacher,32,Male,D,Land,CUST-4799
Hoda Amr,Sales_Rep,31,Male,B,,CUST-4800
Karim Amr,Sales_Rep,35,Male,D,Vehicle,CUST-4801
Hoda Mansour,Engineer,55,Male,A,Land,CUST-4802
Mahmoud Amr,Technician,34,Male,C,,CUST-4803
Mahmoud Reda,Engineer,27,Female,D,,CUST-4804
Ahmed Ibrahim,Sales_Rep,64,Male,C,,CUST-4805
Sherif Abdel-Aziz,Engineer,46,Male,D,,CUST-4806
Omar Kamel,Doctor,44,Female,C,,CUST-4807
Mona Ghanem,Technician,45,Male,B,Vehicle,CUST-4808
Khaled Ibrahim,Sales_Rep,58,Female,C,Vehicle,CUST-4809
Khaled Ibrahim,Engineer,32,Male,C,,CUST-4810
Hoda Kamel,Freelancer,33,Female,D,Vehicle,CUST-4811
Sara Nabil,Sales_Rep,56,Male,B,Land,CUST-4812
Mostafa Saied,Technician,57,Male,B,Land,CUST-4813
Dina Ghanem,Technician,60,Female,A,Vehicle,CUST-4814
Heba Adel,Freelancer,25,Female,A,,CUST-4815
Ahmed Zaki,Accountant,41,Male,C,Land,CUST-4816
Hoda Kamel,Engineer,49,Female,C,Vehicle,CUST-4817
Sherif Zaki,Technician,56,Male,C,Land,CUST-4818
Heba Ibrahim,Teacher,46,Female,A,Vehicle,CUST-4819
Karim Amr,Teacher,64,Female,D,Land,CUST-4820
Hoda Nabil,Freelancer,53,Female,B,,CUST-4821
Fatma Amr,Technician,55,Female,C,,CUST-4822
Nabil Hassan,Freelancer,32,Male,A,Vehicle,CUST-4823
Mostafa Hassan,Doctor,37,Female,A,Land,CUST-4824
Hamdy El-Sayed,Sales_Rep,46,Male,C,Land,CUST-4825
Sherif Kamel,Freelancer,52,Male,C,,CUST-4826
Wael Abdel-Aziz,Technician,21,Female,B,Vehicle,CUST-4827
Sara El-Sayed,Technician,51,Male,B,,CUST-4828
Wael Hassan,Sales_Rep,65,Female,A,Vehicle,CUST-4829
Hoda Saied,Accountant,63,Female,C,Vehicle,CUST-4830
Dina Ghanem,Accountant,40,Female,D,Vehicle,CUST-4831
Omar Hassan,Teacher,23,Female,A,Vehicle,CUST-4832
Mona Fawzy,Technician,25,Male,A,Vehicle,CUST-4833
Mahmoud Hassan,Accountant,21,Female,D,Vehicle,CUST-4834
Ibrahim Ghanem,Technician,31,Male,D,,CUST-4835
Fatma Hamdy,Sales_Rep,38,Female,B,Vehicle,CUST-4836
Amira Abdel-Aziz,Teacher,59,Female,B,Vehicle,CUST-4837
Tarek El-Sayed,Engineer,27,Male,A,Vehicle,CUST-4838
Mohamed Fawzy,Freelancer,30,Male,A,Land,CUST-4839
Hamdy Kamel,Teacher,49,Male,D,Land,CUST-4840
Mostafa Amr,Sales_Rep,21,Male,D,,CUST-4841
Hassan Abdel-Aziz,Teacher,39,Male,C,,CUST-4842
Fatma Adel,Accountant,45,Male,D,Vehicle,CUST-4843
Hassan Mansour,Doctor,34,Female,B,,CUST-4844
Sherif Ibrahim,Engineer,31,Male,A,Vehicle,CUST-4845
Tarek Ibrahim,Teacher,63,Male,A,Land,CUST-4846
Omar Amr,Engineer,34,Male,C,Vehicle,CUST-4847
Sherif Reda,Engineer,57,Male,B,Vehicle,CUST-4848
Sara Mansour,Doctor,41,Male,B,,CUST-4849
Ibrahim Nabil,Technician,55,Female,B,Vehicle,CUST-4850
,Doctor,52,Male,D,,CUST-4851
Hassan Hamdy,Doctor,30,Female,D,,CUST-4852
Zaki Fawzy,Teacher,64,Female,C,Vehicle,CUST-4853
Mahmoud Hassan,Teacher,44,Female,D,Vehicle,CUST-4854
Hoda Abdel-Aziz,Accountant,51,Female,D,,CUST-4855
Ibrahim Saied,Accountant,24,Male,A,Vehicle,CUST-4856
Salma Ghanem,Freelancer,53,Male,A,Vehicle,CUST-4857
Nabil Fawzy,Engineer,61,Female,C,Vehicle,CUST-4858
Bassem Adel,Doctor,39,Male,A,Land,CUST-4859
Layla Kamel,Teacher,53,Male,B,Vehicle,CUST-4860
Nabil Amr,Accountant,56,Male,B,Vehicle,CUST-4861
Bassem Adel,Doctor,31,Female,B,,CUST-4862
Omar Abdel-Aziz,Sales_Rep,21,Female,D,Land,CUST-4863
Omar Reda,Teacher,21,Female,A,Land,CUST-4864
Hoda Zaki,Sales_Rep,31,Female,A,Land,CUST-4865
Mostafa Saied,Technician,28,Female,C,Land,CUST-4866
Mostafa Mansour,Accountant,27,Female,B,,CUST-4867
Amira Abdel-Aziz,Technician,65,Male,A,Vehicle,CUST-4868
Amira El-Sayed,Technician,62,Male,C,,CUST-4869
Mohamed Zaki,Sales_Rep,31,Female,B,Vehicle,CUST-4870
Hassan Hassan,Engineer,56,Male,A,Vehicle,CUST-4871
Hoda Adel,Freelancer,48,Male,A,,CUST-4872
Bassem Nabil,Sales_Rep,52,Female,C,Land,CUST-4873
Hamdy El-Sayed,Doctor,43,Female,B,Land,CUST-4874
Ibrahim Hassan,Doctor,45,Male,A,,CUST-4875
Sara Mahmoud,Teacher,64,Female,A,Vehicle,CUST-4876
Dina Adel,Teacher,25,Male,D,,CUST-4877
Nabil Abdel-Aziz,Accountant,39,Male,D,Vehicle,CUST-4878
Hoda Mahmoud,Technician,29,Male,D,Vehicle,CUST-4879
,Freelancer,65,Female,C,,CUST-4880
Dina Zaki,Technician,30,Male,C,Vehicle,CUST-4881
Mostafa Hamdy,Freelancer,29,Male,A,Vehicle,CUST-4882
Nabil Zaki,Sales_Rep,38,Female,C,Land,CUST-4883
Zaki Saied,Sales_Rep,62,Female,D,Land,CUST-4884
Omar Adel,Accountant,53,Female,C,Vehicle,CUST-4885
Omar Abdel-Aziz,Accountant,55,Female,C,,CUST-4886
Zaki Ibrahim,Doctor,22,Male,D,Land,CUST-4887
Hamdy Ibrahim,Teacher,40,Female,C,Land,CUST-4888
Hoda Zaki,Teacher,38,Female,C,Vehicle,CUST-4889
Mostafa Kamel,Accountant,24,Male,A,Land,CUST-4890
Tarek Zaki,Technician,53,Male,B,,CUST-4891
Karim Ghanem,Freelancer,43,Male,C,Land,CUST-4892
Salma Hassan,Engineer,31,Male,D,Land,CUST-4893
Hassan Hamdy,Freelancer,56,Female,D,Land,CUST-4894
Fatma Saied,Sales_Rep,27,Male,C,,CUST-4895
Wael Kamel,Technician,47,Male,B,Vehicle,CUST-4896
Fatma Adel,Freelancer,27,Female,B,Land,CUST-4897
Nabil Mahmoud,Freelancer,23,Male,A,Vehicle,CUST-4898
Wael Nabil,Engineer,65,Female,D,,CUST-4899
Wael Adel,Engineer,57,Female,C,,CUST-4900
Ibrahim Ibrahim,Accountant,58,Male,D,Vehicle,CUST-4901
Mona Mansour,Accountant,49,Male,B,,CUST-4902
Khaled Mansour,Accountant,53,Male,A,Vehicle,CUST-4903
Mohamed El-Sayed,Freelancer,35,Male,C,Vehicle,CUST-4904
Heba Reda,Sales_Rep,27,Male,A,,CUST-4905
Dina Adel,Accountant,24,Female,A,,CUST-4906
Salma Mahmoud,Teacher,46,Female,C,,CUST-4907
Ahmed El-Sayed,Sales_Rep,50,Female,D,,CUST-4908
Bassem Reda,Accountant,63,Female,B,,CUST-4909
Layla Ghanem,Accountant,27,Male,A,,CUST-4910
Khaled Hassan,Technician,49,Male,C,Vehicle,CUST-4911
Mahmoud Mansour,Doctor,57,Female,B,Land,CUST-4912
Tarek Hamdy,Technician,55,Female,B,Vehicle,CUST-4913
Ahmed Adel,Technician,37,Female,B,Land,CUST-4914
Salma Fawzy,Engineer,29,Male,B,,CUST-4915
Zaki Ghanem,Engineer,47,Female,A,,CUST-4916
Mohamed Adel,Teacher,59,Female,A,Vehicle,CUST-4917
Amira Kamel,Freelancer,50,Female,C,,CUST-4918
Dina Zaki,Engineer,29,Female,B,Vehicle,CUST-4919
Mostafa Zaki,Sales_Rep,54,Male,C,,CUST-4920
Wael Mansour,Doctor,64,Male,D,Vehicle,CUST-4921
Omar Saied,Sales_Rep,59,Female,B,Vehicle,CUST-4922
Tarek El-Sayed,Engineer,52,Male,A,Vehicle,CUST-4923
Mona El-Sayed,Freelancer,24,Male,C,Vehicle,CUST-4924
Zaki Amr,Technician,58,Male,B,Vehicle,CUST-4925
Hamdy Zaki,Sales_Rep,44,Male,A,,CUST-4926
Hamdy Fawzy,Engineer,30,Female,B,Land,CUST-4927
Mahmoud Hassan,Engineer,52,Female,C,,CUST-4928
Layla Hassan,Engineer,37,Female,D,Land,CUST-4929
Amira Fawzy,Technician,57,Male,D,Vehicle,CUST-4930
Khaled Zaki,Engineer,56,Male,A,Land,CUST-4931
Mona Saied,Sales_Rep,27,Male,B,Vehicle,CUST-4932
Hamdy Ghanem,Sales_Rep,42,Male,C,,CUST-4933
Nabil Mansour,Technician,56,Female,B,Land,CUST-4934
Hamdy Zaki,Engineer,50,Female,C,Land,CUST-4935
Dina Zaki,Engineer,35,Female,C,Vehicle,CUST-4936
Dina Mahmoud,Teacher,45,Male,B,Land,CUST-4937
Dina Mahmoud,Technician,48,Male,B,,CUST-4938
Bassem Saied,Accountant,43,Male,C,Land,CUST-4939
Mona Ghanem,Doctor,23,Male,D,,CUST-4940
Mahmoud Zaki,Freelancer,30,Male,B,Vehicle,CUST-4941
Mahmoud El-Sayed,Doctor,55,Female,B,Land,CUST-4942
Fatma Hamdy,Technician,47,Female,A,,CUST-4943
Fatma Mahmoud,Engineer,60,Female,A,Land,CUST-4944
Heba El-Sayed,Doctor,40,Female,B,Vehicle,CUST-4945
Mahmoud Mahmoud,Doctor,39,Female,A,Land,CUST-4946
Khaled Adel,Doctor,40,Female,A,Land,CUST-4947
Heba Saied,Technician,34,Male,B,Vehicle,CUST-4948
,Sales_Rep,57,Female,C,Vehicle,CUST-4949
Wael Amr,Engineer,52,Male,B,,CUST-4950
Dina Reda,Engineer,48,Female,C,,CUST-4951
Zaki Reda,Engineer,57,Male,D,Land,CUST-4952
Zaki Abdel-Aziz,Accountant,35,Male,D,Vehicle,CUST-4953
Heba Hamdy,Technician,47,Female,D,Vehicle,CUST-4954
Hamdy Amr,Technician,41,Female,B,Vehicle,CUST-4955
Sherif Hamdy,Teacher,51,Male,C,,CUST-4956
Dina Mahmoud,Technician,43,Male,C,,CUST-4957
Hamdy Fawzy,Technician,44,Male,A,,CUST-4958
Heba Hamdy,Doctor,30,Female,A,,CUST-4959
Karim Adel,Freelancer,35,Male,C,Vehicle,CUST-4960
Salma El-Sayed,Freelancer,62,Female,C,Vehicle,CUST-4961
Mohamed Ghanem,Sales_Rep,62,Male,D,Land,CUST-4962
Bassem El-Sayed,Teacher,27,Female,A,,CUST-4963
Mahmoud Nabil,Doctor,43,Male,B,,CUST-4964
Ahmed Fawzy,Freelancer,59,Male,A,Land,CUST-4965
Nabil Kamel,Freelancer,28,Male,C,Land,CUST-4966
Hamdy El-Sayed,Teacher,24,Female,A,Vehicle,CUST-4967
Layla Hassan,Sales_Rep,21,Male,C,Vehicle,CUST-4968
Bassem Mansour,Freelancer,26,Male,C,Vehicle,CUST-4969
Mona Mahmoud,Doctor,42,Male,A,Vehicle,CUST-4970
Fatma Hamdy,Sales_Rep,47,Female,D,Vehicle,CUST-4971
Mohamed Ghanem,Doctor,56,Female,D,,CUST-4972
,Teacher,55,Male,A,,CUST-4973
Heba Amr,Accountant,44,Male,B,,CUST-4974
Tarek Amr,Teacher,51,Female,D,Land,CUST-4975
Karim Amr,Accountant,46,Female,A,Land,CUST-4976
Ibrahim Amr,Engineer,34,Male,C,Land,CUST-4977
Heba Ibrahim,Doctor,55,Male,A,,CUST-4978
Fatma Abdel-Aziz,Technician,49,Male,B,,CUST-4979
Sara Zaki,Sales_Rep,30,Female,C,Vehicle,CUST-4980
Hoda Zaki,Accountant,32,Male,D,Vehicle,CUST-4981
Tarek Hassan,Accountant,55,Female,D,,CUST-4982
Khaled Adel,Accountant,60,Male,A,Land,CUST-4983
Hassan Ghanem,Technician,64,Female,D,Land,CUST-4984
Hassan Hassan,Freelancer,23,Male,D,,CUST-4985
Nabil Saied,Engineer,21,Female,D,Land,CUST-4986
Nabil Zaki,Engineer,29,Male,B,Vehicle,CUST-4987
Amira El-Sayed,Technician,27,Female,D,Land,CUST-4988
Omar Reda,Sales_Rep,42,Male,C,Land,CUST-4989
Dina Nabil,Teacher,64,Male,A,,CUST-4990
Sara Hassan,Technician,31,Female,A,Vehicle,CUST-4991
Mona Zaki,Engineer,41,Male,D,Vehicle,CUST-4992
Bassem El-Sayed,Engineer,65,Female,D,Land,CUST-4993
Ahmed Hamdy,Teacher,44,Male,B,Land,CUST-4994
Dina Mahmoud,Technician,27,Female,C,Land,CUST-4995
Tarek Amr,Technician,62,Male,C,Vehicle,CUST-4996
Amira El-Sayed,Freelancer,24,Female,D,Land,CUST-4997
Hassan Adel,Technician,64,Male,A,Vehicle,CUST-4998
Zaki Saied,Sales_Rep,65,Female,D,,CUST-4999
Bassem Ibrahim,Teacher,27,Female,D,,CUST-5000
Salma Mahmoud,Engineer,39,Male,C,Land,CUST-5001
Mostafa Ibrahim,Freelancer,63,Female,B,Land,CUST-5002
Bassem Saied,Freelancer,23,Male,B,,CUST-5003
Hamdy Kamel,Technician,59,Female,A,Land,CUST-5004
Salma Ghanem,Accountant,26,Female,C,Land,CUST-5005
Mona Kamel,Engineer,61,Female,A,Vehicle,CUST-5006
Mostafa Ghanem,Accountant,27,Male,B,,CUST-5007
Zaki Kamel,Engineer,38,Female,C,,CUST-5008
Fatma Reda,Doctor,25,Male,B,,CUST-5009
Dina Fawzy,Teacher,36,Female,D,Vehicle,CUST-5010
Nabil Abdel-Aziz,Engineer,50,Female,C,Vehicle,CUST-5011
Amira Abdel-Aziz,Technician,33,Female,B,,CUST-5012
Hoda Ghanem,Accountant,57,Female,B,Vehicle,CUST-5013
Karim El-Sayed,Accountant,32,Male,B,Land,CUST-5014
Salma Mahmoud,Technician,34,Female,A,Land,CUST-5015
Salma Mahmoud,Doctor,29,Female,A,,CUST-5016
Hoda Mansour,Sales_Rep,52,Female,D,Land,CUST-5017
Mona Nabil,Sales_Rep,46,Female,D,Vehicle,CUST-5018
Mona Ghanem,Technician,61,Female,D,Land,CUST-5019
Salma Adel,Freelancer,59,Male,D,,CUST-5020
Wael Kamel,Engineer,48,Male,B,,CUST-5021
Heba Ibrahim,Accountant,22,Female,D,,CUST-5022
Amira Hassan,Teacher,35,Female,A,Land,CUST-5023
Mahmoud Zaki,Freelancer,43,Female,A,,CUST-5024
Khaled Adel,Freelancer,45,Male,A,Land,CUST-5025
Hamdy Hamdy,Teacher,62,Female,B,Land,CUST-5026
Salma Reda,Doctor,41,Male,A,Land,CUST-5027
Amira Mahmoud,Doctor,38,Male,C,Land,CUST-5028
Amira Ibrahim,Accountant,48,Male,B,,CUST-5029
Ibrahim Nabil,Technician,52,Female,C,,CUST-5030
Hoda Reda,Engineer,33,Male,D,Vehicle,CUST-5031
Heba Amr,Accountant,24,Female,A,Land,CUST-5032
Khaled Fawzy,Accountant,53,Female,D,Vehicle,CUST-5033
Karim Kamel,Engineer,54,Female,C,Vehicle,CUST-5034
Fatma Hassan,Teacher,24,Female,D,Vehicle,CUST-5035
Ahmed Ibrahim,Engineer,35,Female,D,,CUST-5036
Layla Amr,Doctor,49,Male,A,Vehicle,CUST-5037
,Technician,36,Female,A,,CUST-5038
Zaki Kamel,Teacher,32,Female,C,Vehicle,CUST-5039
,Technician,49,Male,C,,CUST-5040
Karim Ibrahim,Engineer,35,Female,B,,CUST-5041
Ahmed Adel,Teacher,32,Male,A,Vehicle,CUST-5042
Wael Abdel-Aziz,Sales_Rep,29,Male,B,Vehicle,CUST-5043
Heba Reda,Sales_Rep,58,Male,B,Vehicle,CUST-5044
Mohamed Nabil,Accountant,40,Female,B,Vehicle,CUST-5045
Sherif El-Sayed,Technician,61,Female,C,Land,CUST-5046
Mahmoud Zaki,Sales_Rep,48,Male,C,Land,CUST-5047
Tarek Mansour,Doctor,59,Male,C,,CUST-5048
Sara Zaki,Sales_Rep,58,Female,D,,CUST-5049
Wael Mansour,Teacher,57,Female,C,Vehicle,CUST-5050
Heba El-Sayed,Freelancer,29,Female,C,Vehicle,CUST-5051
Layla Adel,Freelancer,63,Male,B,Vehicle,CUST-5052
Mostafa Saied,Engineer,22,Female,A,Vehicle,CUST-5053
Sara Ghanem,Accountant,64,Female,D,Land,CUST-5054
Omar Fawzy,Sales_Rep,40,Male,C,Land,CUST-5055
Salma Abdel-Aziz,Doctor,34,Male,A,Land,CUST-5056
Hassan Hamdy,Sales_Rep,28,Female,A,,CUST-5057
Hoda Mahmoud,Technician,44,Male,D,Land,CUST-5058
Fatma Fawzy,Teacher,34,Male,D,Vehicle,CUST-5059
Tarek Ibrahim,Freelancer,55,Female,C,Land,CUST-5060
Khaled Abdel-Aziz,Freelancer,36,Male,C,Land,CUST-5061
Zaki Hamdy,Doctor,49,Male,C,,CUST-5062
Salma Zaki,Freelancer,63,Male,B,Vehicle,CUST-5063
Hamdy Amr,Freelancer,56,Male,C,Vehicle,CUST-5064
Omar Kamel,Doctor,24,Female,D,,CUST-5065
Sara Kamel,Accountant,24,Male,B,,CUST-5066
Omar Abdel-Aziz,Engineer,49,Female,C,Vehicle,CUST-5067
Mohamed Zaki,Teacher,58,Female,D,Vehicle,CUST-5068
Sherif Hassan,Accountant,47,Female,D,Vehicle,CUST-5069
Dina Zaki,Freelancer,32,Female,A,,CUST-5070
Salma El-Sayed,Technician,26,Female,D,,CUST-5071
,Freelancer,38,Female,B,,CUST-5072
Fatma Reda,Teacher,59,Female,C,,CUST-5073
Hoda Kamel,Freelancer,28,Female,A,Vehicle,CUST-5074
Ibrahim Zaki,Freelancer,30,Female,B,Vehicle,CUST-5075
Amira El-Sayed,Accountant,62,Male,B,,CUST-5076
Amira Adel,Accountant,26,Female,A,Vehicle,CUST-5077
Hamdy Amr,Engineer,34,Female,A,Vehicle,CUST-5078
Sara Saied,Accountant,42,Female,B,Land,CUST-5079
Mahmoud Zaki,Accountant,26,Male,C,Vehicle,CUST-5080
Zaki Adel,Freelancer,26,Male,C,Vehicle,CUST-5081
Bassem Reda,Sales_Rep,43,Male,A,Vehicle,CUST-5082
Hassan Mahmoud,Technician,45,Male,B,,CUST-5083
Zaki Zaki,Freelancer,25,Male,A,Land,CUST-5084
Wael Nabil,Accountant,44,Female,B,Land,CUST-5085
Layla El-Sayed,Sales_Rep,27,Male,D,Vehicle,CUST-5086
Tarek Hassan,Doctor,61,Female,A,Vehicle,CUST-5087
Amira Zaki,Freelancer,58,Female,C,,CUST-5088
Sherif El-Sayed,Technician,27,Male,A,Land,CUST-5089
Hoda Mansour,Accountant,37,Male,C,Land,CUST-5090
Zaki Ibrahim,Accountant,43,Female,B,Vehicle,CUST-5091
Wael El-Sayed,Sales_Rep,61,Male,A,Vehicle,CUST-5092
Sara Amr,Freelancer,47,Male,B,Land,CUST-5093
Khaled Ibrahim,Teacher,29,Female,C,Vehicle,CUST-5094
Fatma Hamdy,Sales_Rep,56,Female,D,Vehicle,CUST-5095
Zaki Mahmoud,Teacher,61,Male,C,Land,CUST-5096
Ahmed Adel,Engineer,48,Female,D,Vehicle,CUST-5097
Tarek Saied,Sales_Rep,53,Male,D,Land,CUST-5098
Sara Saied,Accountant,45,Male,C,Land,CUST-5099
Hamdy Ibrahim,Technician,40,Male,B,,CUST-5100
Salma Kamel,Freelancer,33,Male,D,Vehicle,CUST-5101
Amira Hamdy,Engineer,43,Male,A,,CUST-5102
Wael Kamel,Technician,24,Female,A,Land,CUST-5103
Karim Amr,Technician,33,Male,A,,CUST-5104
Hassan Nabil,Engineer,52,Male,A,Vehicle,CUST-5105
Omar Ibrahim,Teacher,43,Male,C,,CUST-5106
Mohamed Amr,Sales_Rep,61,Male,C,Vehicle,CUST-5107
Fatma Nabil,Doctor,56,Female,D,Land,CUST-5108
Tarek Ghanem,Sales_Rep,61,Male,C,Land,CUST-5109
Omar Adel,Freelancer,36,Female,B,Vehicle,CUST-5110
Sara Nabil,Sales_Rep,41,Female,D,Land,CUST-5111
Ahmed Hamdy,Engineer,65,Male,D,,CUST-5112
Wael Mahmoud,Accountant,34,Female,D,Vehicle,CUST-5113
Heba Fawzy,Doctor,29,Female,C,Land,CUST-5114
Nabil Hamdy,Teacher,51,Female,B,Land,CUST-5115
Mahmoud Abdel-Aziz,Freelancer,56,Male,A,Land,CUST-5116
Mohamed Mansour,Accountant,38,Male,B,,CUST-5117
Tarek Abdel-Aziz,Sales_Rep,29,Male,C,Vehicle,CUST-5118
Hamdy Mahmoud,Freelancer,45,Female,C,,CUST-5119
Fatma Fawzy,Sales_Rep,21,Male,D,,CUST-5120
Hassan Ghanem,Freelancer,53,Female,A,,CUST-5121
Heba Mansour,Teacher,36,Male,B,,CUST-5122
Sara Ghanem,Technician,42,Female,D,,CUST-5123
Sherif Nabil,Sales_Rep,58,Male,D,Vehicle,CUST-5124
Tarek Nabil,Freelancer,21,Male,A,Land,CUST-5125
Heba Hamdy,Doctor,43,Male,D,,CUST-5126
Tarek Reda,Accountant,24,Female,A,,CUST-5127
Nabil Amr,Teacher,33,Female,A,Land,CUST-5128
Omar Abdel-Aziz,Freelancer,63,Female,D,,CUST-5129
Layla Zaki,Freelancer,47,Male,B,Land,CUST-5130
Karim Fawzy,Accountant,37,Male,C,,CUST-5131
Mohamed Fawzy,Accountant,34,Male,D,Land,CUST-5132
Karim Adel,Sales_Rep,23,Male,A,Land,CUST-5133
Mona Amr,Accountant,43,Female,D,,CUST-5134
Amira Zaki,Sales_Rep,62,Male,D,Vehicle,CUST-5135
Mona Amr,Teacher,24,Male,D,Land,CUST-5136
Dina Ibrahim,Doctor,54,Male,D,,CUST-5137
Mohamed Zaki,Engineer,37,Male,D,Vehicle,CUST-5138
Ibrahim Adel,Engineer,58,Female,A,Land,CUST-5139
Wael Mahmoud,Doctor,25,Male,B,Vehicle,CUST-5140
Mohamed El-Sayed,Doctor,44,Male,D,,CUST-5141
Salma Hassan,Accountant,25,Female,C,Land,CUST-5142
Wael Mansour,Engineer,37,Female,D,,CUST-5143
Mahmoud Fawzy,Sales_Rep,26,Male,D,,CUST-5144
Mohamed Fawzy,Sales_Rep,58,Male,C,Vehicle,CUST-5145
Khaled Mansour,Freelancer,56,Male,D,Land,CUST-5146
Hoda Mahmoud,Teacher,65,Female,A,Vehicle,CUST-5147
Nabil Hassan,Sales_Rep,56,Female,B,,CUST-5148
Nabil Hassan,Accountant,23,Female,A,Vehicle,CUST-5149
Sara Adel,Technician,43,Male,B,Land,CUST-5150
Omar El-Sayed,Engineer,50,Male,C,,CUST-5151
Zaki Kamel,Freelancer,36,Female,A,Vehicle,CUST-5152
Omar Hassan,Engineer,50,Female,D,,CUST-5153
Hoda Nabil,Sales_Rep,56,Female,C,Land,CUST-5154
Mohamed Saied,Technician,25,Male,B,Land,CUST-5155
Mona Zaki,Engineer,28,Female,C,Vehicle,CUST-5156
,Doctor,59,Female,D,Vehicle,CUST-5157
Sara Mahmoud,Engineer,42,Female,C,,CUST-5158
Sherif Zaki,Teacher,33,Male,A,Vehicle,CUST-5159
Mahmoud Kamel,Accountant,35,Male,C,,CUST-5160
Hoda Fawzy,Freelancer,29,Female,C,,CUST-5161
Karim Kamel,Doctor,51,Male,B,Vehicle,CUST-5162
,Freelancer,60,Male,D,,CUST-5163
Tarek Ibrahim,Accountant,36,Male,D,Vehicle,CUST-5164
Mahmoud Amr,Freelancer,58,Female,D,Land,CUST-5165
Khaled Mahmoud,Technician,34,Male,A,Land,CUST-5166
Salma Kamel,Freelancer,57,Female,A,Land,CUST-5167
Sara El-Sayed,Sales_Rep,22,Female,D,,CUST-5168
Khaled Abdel-Aziz,Teacher,33,Male,D,,CUST-5169
Hassan Ibrahim,Sales_Rep,22,Female,B,,CUST-5170
Heba Adel,Freelancer,41,Male,B,Vehicle,CUST-5171
Tarek Hamdy,Technician,24,Female,D,Land,CUST-5172
Sara Abdel-Aziz,Accountant,29,Male,A,Land,CUST-5173
Hoda Mansour,Engineer,34,Male,B,Land,CUST-5174
Omar Reda,Freelancer,53,Female,C,Vehicle,CUST-5175
Mona Saied,Sales_Rep,33,Male,B,,CUST-5176
Dina Abdel-Aziz,Doctor,51,Male,A,,CUST-5177
Khaled Zaki,Accountant,54,Female,B,Vehicle,CUST-5178
Amira Saied,Sales_Rep,48,Male,D,Land,CUST-5179
Layla Hassan,Engineer,59,Female,B,Land,CUST-5180
Hoda Abdel-Aziz,Technician,47,Male,B,,CUST-5181
Zaki Amr,Sales_Rep,46,Female,D,Vehicle,CUST-5182
Omar Nabil,Freelancer,31,Male,A,Land,CUST-5183
Zaki Hamdy,Accountant,38,Male,A,Land,CUST-5184
Dina El-Sayed,Doctor,64,Female,A,Vehicle,CUST-5185
Karim Mansour,Doctor,43,Male,C,Vehicle,CUST-5186
Hoda Hamdy,Accountant,64,Female,C,,CUST-5187
Ahmed Adel,Engineer,26,Female,B,,CUST-5188
Sherif Mahmoud,Engineer,64,Female,A,,CUST-5189
Hoda Amr,Engineer,58,Female,A,,CUST-5190
Mohamed Reda,Teacher,42,Male,A,Vehicle,CUST-5191
Mostafa Amr,Sales_Rep,63,Female,D,Land,CUST-5192
Amira Mahmoud,Engineer,34,Male,B,Land,CUST-5193
Zaki Mansour,Teacher,54,Male,B,Vehicle,CUST-5194
Heba Zaki,Sales_Rep,46,Female,B,,CUST-5195
Nabil El-Sayed,Doctor,51,Male,A,Land,CUST-5196
Wael Mahmoud,Freelancer,47,Male,C,,CUST-5197
Hoda Amr,Technician,31,Female,D,,CUST-5198
Karim Abdel-Aziz,Technician,26,Male,B,Vehicle,CUST-5199
Dina Ghanem,Freelancer,26,Male,D,Land,CUST-5200
Fatma Kamel,Technician,41,Female,B,,CUST-5201
Salma Reda,Doctor,46,Female,D,,CUST-5202
Bassem Ibrahim,Freelancer,38,Female,B,,CUST-5203
Sara Mahmoud,Engineer,46,Female,D,Land,CUST-5204
Hamdy Adel,Engineer,53,Female,C,,CUST-5205
Hamdy Fawzy,Accountant,39,Female,C,,CUST-5206
Bassem El-Sayed,Engineer,40,Male,C,,CUST-5207
Heba Fawzy,Teacher,50,Female,B,,CUST-5208
Tarek Reda,Teacher,39,Female,B,Vehicle,CUST-5209
,Sales_Rep,44,Female,D,,CUST-5210
Ibrahim Mansour,Engineer,52,Male,A,Land,CUST-5211
Zaki Nabil,Teacher,31,Female,D,,CUST-5212
Salma Ghanem,Doctor,51,Female,B,Land,CUST-5213
,Sales_Rep,64,Female,B,Land,CUST-5214
Mohamed Nabil,Doctor,63,Female,B,,CUST-5215
Sherif Mahmoud,Sales_Rep,61,Male,B,Land,CUST-5216
Amira Kamel,Sales_Rep,53,Male,D,Vehicle,CUST-5217
Mohamed Abdel-Aziz,Doctor,54,Male,B,Land,CUST-5218
Wael Nabil,Sales_Rep,58,Female,C,,CUST-5219
Karim El-Sayed,Engineer,44,Female,A,,CUST-5220
Ibrahim Mahmoud,Technician,38,Female,A,Vehicle,CUST-5221
Layla Nabil,Freelancer,38,Male,B,,CUST-5222
Layla Hassan,Sales_Rep,48,Female,D,Land,CUST-5223
Mostafa Abdel-Aziz,Technician,23,Female,A,Land,CUST-5224
Mahmoud Zaki,Freelancer,48,Female,C,,CUST-5225
Heba Reda,Accountant,40,Female,A,Land,CUST-5226
Tarek Kamel,Teacher,41,Female,D,Land,CUST-5227
Fatma Ibrahim,Teacher,53,Female,B,,CUST-5228
Mostafa Reda,Sales_Rep,55,Female,D,Land,CUST-5229
Mostafa El-Sayed,Engineer,44,Male,B,Vehicle,CUST-5230
Nabil Amr,Sales_Rep,44,Male,A,Vehicle,CUST-5231
,Doctor,31,Female,B,Land,CUST-5232
Hamdy Reda,Teacher,45,Female,A,,CUST-5233
,Sales_Rep,25,Female,D,Land,CUST-5234
Zaki Saied,Freelancer,49,Male,B,Vehicle,CUST-5235
Ibrahim Fawzy,Accountant,52,Male,C,Land,CUST-5236
Wael Saied,Sales_Rep,48,Female,A,,CUST-5237
Layla Ghanem,Teacher,53,Male,D,,CUST-5238
Layla Reda,Doctor,31,Female,A,Land,CUST-5239
Salma Ibrahim,Doctor,43,Male,D,Land,CUST-5240
Mahmoud Ghanem,Sales_Rep,58,Female,D,Land,CUST-5241
Khaled Zaki,Engineer,26,Female,C,,CUST-5242
Ibrahim Mansour,Technician,26,Male,A,,CUST-5243
Sara Abdel-Aziz,Sales_Rep,61,Male,B,Vehicle,CUST-5244
Mohamed Fawzy,Sales_Rep,22,Male,B,Land,CUST-5245
Dina Adel,Technician,52,Male,B,Land,CUST-5246
Salma El-Sayed,Technician,58,Female,D,Land,CUST-5247
Zaki Hassan,Doctor,61,Male,D,Land,CUST-5248
Khaled Nabil,Technician,44,Female,D,,CUST-5249
,Accountant,46,Male,B,,CUST-5250
Layla Saied,Engineer,30,Male,B,Vehicle,CUST-5251
Mona Ibrahim,Teacher,58,Female,D,Vehicle,CUST-5252
Sherif Abdel-Aziz,Doctor,27,Female,A,,CUST-5253
Sara Fawzy,Engineer,59,Female,C,,CUST-5254
Nabil Ghanem,Engineer,21,Female,A,,CUST-5255
Ibrahim El-Sayed,Engineer,46,Male,D,Vehicle,CUST-5256
,Engineer,57,Female,D,Land,CUST-5257
Wael Mansour,Freelancer,46,Female,A,Land,CUST-5258
Amira Kamel,Accountant,23,Female,D,Land,CUST-5259
Tarek Nabil,Teacher,54,Male,D,,CUST-5260
Hoda Hassan,Engineer,45,Male,B,,CUST-5261
Khaled Nabil,Accountant,38,Female,C,,CUST-5262
Karim Zaki,Teacher,37,Male,D,Land,CUST-5263
Nabil Ghanem,Sales_Rep,38,Female,B,Land,CUST-5264
Hoda Reda,Accountant,37,Male,B,,CUST-5265
Dina Abdel-Aziz,Freelancer,45,Female,B,Land,CUST-5266
Salma Zaki,Freelancer,23,Male,D,Vehicle,CUST-5267
Mostafa Mahmoud,Sales_Rep,30,Male,C,Vehicle,CUST-5268
Bassem Mahmoud,Doctor,24,Male,B,,CUST-5269
,Sales_Rep,24,Male,A,Vehicle,CUST-5270
Ahmed Hassan,Engineer,51,Female,B,,CUST-5271
Fatma Saied,Engineer,61,Male,A,,CUST-5272
Fatma Fawzy,Teacher,51,Female,A,Land,CUST-5273
,Freelancer,27,Female,B,Land,CUST-5274
Hamdy Mansour,Accountant,57,Female,B,,CUST-5275
Hassan Reda,Engineer,58,Male,D,Vehicle,CUST-5276
Tarek Mahmoud,Doctor,26,Female,C,Vehicle,CUST-5277
Zaki Adel,Engineer,23,Male,B,Land,CUST-5278
Mahmoud Abdel-Aziz,Accountant,27,Female,A,Vehicle,CUST-5279
Salma Abdel-Aziz,Doctor,50,Male,D,Vehicle,CUST-5280
Hassan Saied,Sales_Rep,57,Female,D,Vehicle,CUST-5281
Layla Abdel-Aziz,Teacher,60,Female,B,Land,CUST-5282
Karim El-Sayed,Technician,65,Female,A,Land,CUST-5283
Fatma Amr,Teacher,39,Male,B,Land,CUST-5284
Wael El-Sayed,Freelancer,30,Female,A,Land,CUST-5285
Salma Mansour,Freelancer,47,Male,C,,CUST-5286
Wael Nabil,Technician,54,Female,A,,CUST-5287
Nabil Nabil,Engineer,23,Female,A,Land,CUST-5288
Wael Nabil,Engineer,50,Female,A,,CUST-5289
Amira Hamdy,Freelancer,34,Male,D,Land,CUST-5290
Dina Saied,Engineer,32,Male,A,Vehicle,CUST-5291
Sara Fawzy,Freelancer,37,Female,B,Land,CUST-5292
Hamdy Hassan,Engineer,54,Female,A,Land,CUST-5293
Ibrahim El-Sayed,Sales_Rep,22,Female,B,,CUST-5294
Fatma Reda,Teacher,23,Female,D,Vehicle,CUST-5295
Layla Ghanem,Doctor,52,Male,D,Land,CUST-5296
Mostafa Ghanem,Engineer,23,Female,C,Land,CUST-5297
Hassan Mahmoud,Engineer,26,Male,C,Vehicle,CUST-5298
Nabil Mansour,Freelancer,43,Male,C,Land,CUST-5299
Omar Fawzy,Doctor,26,Male,B,Vehicle,CUST-5300
Khaled Fawzy,Freelancer,63,Female,D,Land,CUST-5301
Sherif Abdel-Aziz,Accountant,64,Female,A,Land,CUST-5302
Layla Kamel,Accountant,26,Female,C,Land,CUST-5303
Mostafa Ibrahim,Doctor,54,Male,B,Vehicle,CUST-5304
Mostafa Zaki,Technician,49,Female,D,Land,CUST-5305
Fatma Nabil,Engineer,22,Female,C,,CUST-5306
Bassem Mansour,Sales_Rep,63,Female,B,,CUST-5307
Wael Mahmoud,Doctor,39,Female,C,Vehicle,CUST-5308
Sara Fawzy,Teacher,30,Female,C,Land,CUST-5309
Nabil Nabil,Technician,25,Female,B,Land,CUST-5310
Tarek Ghanem,Technician,30,Female,C,,CUST-5311
,Teacher,43,Male,B,Vehicle,CUST-5312
Heba Mahmoud,Sales_Rep,44,Female,C,,CUST-5313
Omar Hamdy,Sales_Rep,59,Female,D,Land,CUST-5314
Wael Zaki,Sales_Rep,27,Male,A,Land,CUST-5315
Mahmoud Reda,Teacher,43,Female,A,Land,CUST-5316
Mostafa Reda,Teacher,26,Male,B,Vehicle,CUST-5317
Bassem Kamel,Accountant,33,Male,D,,CUST-5318
Heba Ghanem,Doctor,55,Female,D,Land,CUST-5319
Layla Fawzy,Teacher,65,Female,A,Land,CUST-5320
Ahmed Saied,Accountant,32,Male,C,Land,CUST-5321
Ibrahim Saied,Engineer,28,Female,D,,CUST-5322
Khaled Zaki,Sales_Rep,47,Male,A,Land,CUST-5323
Sherif Abdel-Aziz,Teacher,31,Male,A,Land,CUST-5324
Ahmed Ghanem,Freelancer,22,Female,A,Land,CUST-5325
Omar Abdel-Aziz,Sales_Rep,64,Male,A,Vehicle,CUST-5326
Hassan Ghanem,Accountant,58,Male,D,Vehicle,CUST-5327
Heba Saied,Teacher,37,Female,C,Land,CUST-5328
Omar Hassan,Doctor,38,Female,A,,CUST-5329
Tarek Ghanem,Freelancer,27,Male,A,Land,CUST-5330
Hamdy Reda,Teacher,39,Male,C,Land,CUST-5331
Karim Mansour,Teacher,53,Female,C,Land,CUST-5332
Heba Reda,Accountant,53,Male,B,Vehicle,CUST-5333
Zaki Zaki,Technician,47,Female,A,Vehicle,CUST-5334
Mahmoud Hassan,Freelancer,60,Male,B,Land,CUST-5335
Mona Nabil,Teacher,59,Female,D,,CUST-5336
Ahmed Ghanem,Freelancer,21,Male,D,Land,CUST-5337
Sara Amr,Sales_Rep,60,Female,C,Land,CUST-5338
Tarek Mansour,Teacher,60,Female,B,,CUST-5339
Dina Hamdy,Engineer,46,Male,A,,CUST-5340
Mostafa Fawzy,Engineer,44,Male,B,,CUST-5341
Sherif Nabil,Accountant,43,Female,A,,CUST-5342
Ahmed Ghanem,Doctor,59,Female,D,,CUST-5343
Hoda Mansour,Technician,65,Female,C,Land,CUST-5344
Mona Adel,Accountant,56,Female,D,Vehicle,CUST-5345
Mona Ibrahim,Engineer,62,Female,D,,CUST-5346
Mahmoud Reda,Engineer,31,Female,C,Vehicle,CUST-5347
Hassan Ghanem,Teacher,49,Male,B,Vehicle,CUST-5348
Mahmoud Mansour,Technician,42,Male,A,Vehicle,CUST-5349
Heba Fawzy,Doctor,58,Male,B,,CUST-5350
Omar Adel,Technician,27,Male,D,,CUST-5351
Hamdy Saied,Doctor,47,Male,B,,CUST-5352
Khaled Amr,Freelancer,61,Female,B,Vehicle,CUST-5353
Amira Mansour,Engineer,44,Male,B,Vehicle,CUST-5354
Omar Abdel-Aziz,Freelancer,43,Male,C,,CUST-5355
Ahmed Mansour,Accountant,51,Female,A,Land,CUST-5356
Nabil Adel,Teacher,63,Female,A,,CUST-5357
Fatma Abdel-Aziz,Accountant,60,Female,D,,CUST-5358
Nabil Mahmoud,Accountant,58,Female,B,,CUST-5359
Hamdy Mahmoud,Sales_Rep,28,Male,D,Vehicle,CUST-5360
Mona Mansour,Doctor,28,Female,B,,CUST-5361
Heba Reda,Freelancer,62,Male,B,,CUST-5362
Heba Ibrahim,Sales_Rep,23,Female,C,,CUST-5363
Ahmed Adel,Doctor,65,Female,C,Vehicle,CUST-5364
Mahmoud Ghanem,Accountant,45,Female,B,,CUST-5365
Tarek Reda,Sales_Rep,52,Male,C,Land,CUST-5366
Mona Ghanem,Technician,50,Female,B,Land,CUST-5367
Ibrahim Amr,Freelancer,65,Female,A,Vehicle,CUST-5368
Zaki Kamel,Doctor,23,Female,C,Land,CUST-5369
Sherif Fawzy,Technician,57,Male,C,,CUST-5370
Heba Abdel-Aziz,Technician,23,Male,C,Vehicle,CUST-5371
Dina Ghanem,Freelancer,29,Female,D,Vehicle,CUST-5372
Omar Mansour,Engineer,31,Male,A,,CUST-5373
Khaled Nabil,Engineer,52,Female,B,,CUST-5374
Mostafa Saied,Freelancer,41,Male,D,Vehicle,CUST-5375
Hassan Ghanem,Sales_Rep,53,Male,B,,CUST-5376
Hamdy Fawzy,Technician,49,Male,C,Vehicle,CUST-5377
Omar Mahmoud,Freelancer,34,Female,B,Vehicle,CUST-5378
Layla Hassan,Teacher,30,Female,D,Land,CUST-5379
Amira Ibrahim,Engineer,49,Male,C,,CUST-5380
Zaki Reda,Freelancer,25,Female,B,,CUST-5381
Ibrahim Mahmoud,Freelancer,42,Male,B,,CUST-5382
Sherif Reda,Technician,39,Male,D,Vehicle,CUST-5383
,Teacher,56,Male,D,Vehicle,CUST-5384
Dina Saied,Freelancer,32,Female,A,Land,CUST-5385
Bassem Ibrahim,Doctor,63,Male,D,Vehicle,CUST-5386
Mona Zaki,Freelancer,24,Female,A,Land,CUST-5387
Dina Ghanem,Accountant,37,Female,B,Vehicle,CUST-5388
Dina Saied,Engineer,33,Female,A,Vehicle,CUST-5389
Layla Mansour,Accountant,36,Female,A,Vehicle,CUST-5390
Khaled Reda,Freelancer,34,Female,D,Land,CUST-5391
Sherif Zaki,Technician,39,Female,D,Land,CUST-5392
Layla Reda,Sales_Rep,58,Female,A,Land,CUST-5393
Hamdy Fawzy,Freelancer,33,Female,B,Vehicle,CUST-5394
,Accountant,46,Male,C,Land,CUST-5395
Wael Hassan,Teacher,58,Female,D,Vehicle,CUST-5396
Heba Reda,Engineer,54,Male,D,Vehicle,CUST-5397
Khaled Adel,Technician,33,Male,C,Vehicle,CUST-5398
Dina Nabil,Sales_Rep,22,Female,B,,CUST-5399
Khaled Abdel-Aziz,Doctor,38,Male,D,Vehicle,CUST-5400
Amira Abdel-Aziz,Teacher,50,Male,C,Land,CUST-5401
Hassan Nabil,Sales_Rep,54,Male,D,Land,CUST-5402
Layla Abdel-Aziz,Teacher,39,Female,A,,CUST-5403
Wael Fawzy,Accountant,32,Male,D,Vehicle,CUST-5404
Layla Kamel,Technician,28,Female,C,Vehicle,CUST-5405
Fatma Ghanem,Sales_Rep,37,Female,B,Land,CUST-5406
Karim Ibrahim,Engineer,34,Female,C,Land,CUST-5407
Karim Mahmoud,Doctor,27,Female,B,Land,CUST-5408
Mostafa Amr,Technician,22,Male,D,Vehicle,CUST-5409
Ibrahim El-Sayed,Teacher,57,Female,D,Land,CUST-5410
Tarek Ibrahim,Technician,60,Male,B,Vehicle,CUST-5411
Bassem Kamel,Doctor,52,Female,B,Vehicle,CUST-5412
Karim Zaki,Freelancer,47,Female,A,Vehicle,CUST-5413
Mona Mahmoud,Doctor,50,Male,C,Vehicle,CUST-5414
Hoda Ibrahim,Engineer,41,Female,D,Land,CUST-5415
Khaled Amr,Engineer,60,Female,A,Land,CUST-5416
Heba Hassan,Accountant,49,Female,C,Land,CUST-5417
Heba Nabil,Freelancer,63,Female,D,Land,CUST-5418
Sherif Amr,Teacher,45,Female,B,,CUST-5419
Mahmoud Mansour,Engineer,49,Male,B,Vehicle,CUST-5420
Hoda Reda,Technician,31,Male,B,,CUST-5421
Hassan Abdel-Aziz,Teacher,61,Male,C,Land,CUST-5422
Tarek Ibrahim,Accountant,60,Male,C,,CUST-5423
Bassem Reda,Teacher,43,Female,D,Land,CUST-5424
Salma Ibrahim,Accountant,42,Female,A,Land,CUST-5425
Hoda Reda,Freelancer,53,Male,B,Vehicle,CUST-5426
Mona Ghanem,Accountant,46,Male,D,Vehicle,CUST-5427
Fatma Amr,Accountant,33,Male,D,Vehicle,CUST-5428
Mahmoud El-Sayed,Sales_Rep,24,Male,C,Vehicle,CUST-5429
Mostafa Reda,Sales_Rep,21,Male,B,,CUST-5430
,Sales_Rep,52,Female,B,Vehicle,CUST-5431
Khaled Adel,Doctor,53,Male,D,,CUST-5432
Mostafa Hassan,Teacher,37,Female,A,Land,CUST-5433
Salma Reda,Doctor,35,Male,D,Vehicle,CUST-5434
Salma Nabil,Sales_Rep,55,Female,C,Vehicle,CUST-5435
Sara Saied,Doctor,62,Female,B,,CUST-5436
Fatma Reda,Doctor,65,Male,A,,CUST-5437
Hoda Adel,Freelancer,22,Female,C,Vehicle,CUST-5438
Dina Nabil,Teacher,21,Female,A,Land,CUST-5439
Amira Abdel-Aziz,Doctor,29,Male,B,,CUST-5440
Hamdy El-Sayed,Freelancer,43,Female,B,Land,CUST-5441
Mostafa Hamdy,Teacher,27,Female,B,Vehicle,CUST-5442
Hamdy Abdel-Aziz,Technician,56,Female,A,Land,CUST-5443
Dina Fawzy,Technician,24,Female,A,Vehicle,CUST-5444
Layla Ghanem,Engineer,30,Female,A,Vehicle,CUST-5445
Fatma Reda,Technician,36,Female,B,Vehicle,CUST-5446
Mostafa Adel,Technician,30,Male,B,Land,CUST-5447
Fatma Nabil,Engineer,54,Female,B,Vehicle,CUST-5448
Zaki Zaki,Engineer,62,Male,D,Vehicle,CUST-5449
Khaled Ibrahim,Freelancer,39,Female,C,Land,CUST-5450
Nabil Mahmoud,Technician,37,Female,C,Vehicle,CUST-5451
Sherif Zaki,Technician,30,Male,B,,CUST-5452
Salma Mansour,Freelancer,53,Male,C,Land,CUST-5453
Tarek Ibrahim,Teacher,32,Male,B,Land,CUST-5454
Hamdy Ibrahim,Engineer,22,Male,A,,CUST-5455
Mahmoud Fawzy,Teacher,37,Female,B,,CUST-5456
Omar Abdel-Aziz,Technician,34,Male,A,Vehicle,CUST-5457
Amira Saied,Engineer,57,Female,B,,CUST-5458
Mahmoud Hamdy,Teacher,27,Male,D,Vehicle,CUST-5459
Nabil Zaki,Teacher,39,Male,B,,CUST-5460
Layla Amr,Doctor,29,Female,A,Vehicle,CUST-5461
Omar Reda,Teacher,22,Female,D,Land,CUST-5462
Zaki Adel,Engineer,34,Male,C,Vehicle,CUST-5463
Heba Saied,Sales_Rep,57,Female,B,Land,CUST-5464
Nabil Adel,Freelancer,32,Female,D,Vehicle,CUST-5465
Heba Mansour,Doctor,44,Female,B,Vehicle,CUST-5466
Karim Hassan,Doctor,28,Male,B,,CUST-5467
Sara Nabil,Sales_Rep,46,Female,C,Vehicle,CUST-5468
Zaki Abdel-Aziz,Doctor,26,Female,C,Land,CUST-5469
Khaled Mahmoud,Doctor,24,Male,A,,CUST-5470
Hoda Nabil,Doctor,49,Female,A,Vehicle,CUST-5471
,Technician,54,Male,A,Land,CUST-5472
Ibrahim Zaki,Teacher,26,Female,D,Land,CUST-5473
Mostafa Zaki,Freelancer,45,Male,A,Land,CUST-5474
,Teacher,46,Female,D,Land,CUST-5475
Mahmoud El-Sayed,Sales_Rep,42,Female,B,Land,CUST-5476
Tarek Reda,Accountant,56,Male,C,Vehicle,CUST-5477
Sara Hassan,Doctor,34,Male,B,,CUST-5478
Mona El-Sayed,Sales_Rep,58,Female,C,Vehicle,CUST-5479
Hassan Zaki,Freelancer,57,Female,A,Vehicle,CUST-5480
Ahmed Kamel,Sales_Rep,39,Female,A,Land,CUST-5481
Layla Abdel-Aziz,Freelancer,63,Female,C,,CUST-5482
Nabil Abdel-Aziz,Technician,23,Male,A,Vehicle,CUST-5483
Mohamed Ghanem,Teacher,58,Female,D,Land,CUST-5484
Nabil Nabil,Freelancer,48,Female,B,Vehicle,CUST-5485
,Teacher,48,Male,A,Land,CUST-5486
Sherif Mansour,Sales_Rep,47,Female,A,,CUST-5487
Mohamed Reda,Sales_Rep,54,Female,D,Land,CUST-5488
Karim Adel,Doctor,50,Female,C,Land,CUST-5489
Mohamed Reda,Sales_Rep,55,Male,B,,CUST-5490
Omar Kamel,Freelancer,32,Female,A,Vehicle,CUST-5491
Sara Hamdy,Teacher,27,Male,B,,CUST-5492
Amira El-Sayed,Sales_Rep,22,Female,D,Land,CUST-5493
Nabil Ghanem,Freelancer,37,Female,D,Vehicle,CUST-5494
Sherif Reda,Accountant,57,Female,C,Vehicle,CUST-5495
Sherif Zaki,Doctor,61,Male,C,Land,CUST-5496
Hoda Zaki,Sales_Rep,63,Female,D,Land,CUST-5497
Tarek Nabil,Teacher,42,Male,C,Vehicle,CUST-5498
Salma Ibrahim,Accountant,49,Female,C,,CUST-5499
Amira Zaki,Sales_Rep,53,Female,D,,CUST-5500
Wael Hassan,Sales_Rep,40,Male,D,,CUST-5501
Heba Mansour,Doctor,32,Male,B,Land,CUST-5502
Sara Ibrahim,Accountant,30,Female,B,,CUST-5503
Zaki Ibrahim,Accountant,34,Female,C,Land,CUST-5504
Khaled Amr,Technician,47,Female,C,Vehicle,CUST-5505
Mona Reda,Technician,65,Male,C,Land,CUST-5506
Sara Ibrahim,Doctor,36,Female,B,,CUST-5507
Sara Hassan,Technician,33,Female,B,Vehicle,CUST-5508
Omar Ghanem,Technician,42,Female,B,Vehicle,CUST-5509
Salma Nabil,Doctor,32,Female,D,Vehicle,CUST-5510
Sara Kamel,Teacher,64,Female,D,Land,CUST-5511
Hamdy Saied,Doctor,60,Male,A,Vehicle,CUST-5512
Karim Hamdy,Teacher,23,Male,B,Vehicle,CUST-5513
Fatma Hamdy,Engineer,50,Male,B,Land,CUST-5514
Nabil Hassan,Teacher,37,Female,B,Land,CUST-5515
Bassem Mahmoud,Sales_Rep,24,Female,A,Land,CUST-5516
Dina Fawzy,Accountant,34,Male,A,,CUST-5517
Sara Zaki,Technician,29,Male,A,Vehicle,CUST-5518
Khaled Mansour,Teacher,22,Male,D,,CUST-5519
Hoda Adel,Engineer,25,Male,C,Land,CUST-5520
Sherif Reda,Technician,57,Male,A,Land,CUST-5521
Amira Fawzy,Engineer,55,Female,C,Vehicle,CUST-5522
Karim Kamel,Accountant,46,Male,D,Vehicle,CUST-5523
Tarek Reda,Accountant,65,Female,A,Land,CUST-5524
Zaki Hassan,Freelancer,58,Female,C,Land,CUST-5525
Fatma Hassan,Accountant,40,Male,B,Vehicle,CUST-5526
Hamdy Mansour,Doctor,24,Male,B,Land,CUST-5527
Hassan Fawzy,Engineer,61,Male,D,,CUST-5528
Tarek Hassan,Doctor,41,Male,C,Land,CUST-5529
Sherif Amr,Accountant,39,Male,D,,CUST-5530
,Engineer,31,Male,B,Land,CUST-5531
Sara Adel,Freelancer,38,Male,C,Land,CUST-5532
Sara Amr,Sales_Rep,58,Male,D,,CUST-5533
Nabil Reda,Engineer,55,Male,C,Vehicle,CUST-5534
Dina Mahmoud,Engineer,31,Female,C,,CUST-5535
Ahmed Ghanem,Engineer,29,Male,B,,CUST-5536
Mona Ibrahim,Freelancer,23,Female,B,Vehicle,CUST-5537
Ahmed Fawzy,Accountant,54,Male,A,Land,CUST-5538
Karim Reda,Doctor,61,Male,C,,CUST-5539
Dina Ibrahim,Accountant,63,Female,B,Land,CUST-5540
Hassan Ibrahim,Freelancer,32,Male,A,Land,CUST-5541
Nabil Hamdy,Accountant,48,Male,A,Land,CUST-5542
Khaled Saied,Accountant,40,Female,D,Vehicle,CUST-5543
Khaled Hamdy,Freelancer,49,Female,D,,CUST-5544
Nabil Ghanem,Freelancer,25,Female,A,Land,CUST-5545
Hamdy Kamel,Teacher,64,Male,D,,CUST-5546
Bassem Zaki,Engineer,42,Male,A,,CUST-5547
Sherif Kamel,Sales_Rep,51,Female,C,,CUST-5548
Khaled Hassan,Doctor,48,Male,B,Vehicle,CUST-5549
Karim Hassan,Accountant,63,Female,C,,CUST-5550
Hamdy Fawzy,Teacher,64,Female,B,Land,CUST-5551
Tarek Reda,Doctor,59,Female,B,,CUST-5552
Amira Amr,Engineer,37,Male,C,Vehicle,CUST-5553
,Engineer,52,Female,C,Land,CUST-5554
Mostafa Ibrahim,Technician,27,Female,C,Vehicle,CUST-5555
Zaki Nabil,Technician,30,Female,D,,CUST-5556
Dina Adel,Sales_Rep,45,Male,D,Vehicle,CUST-5557
Ahmed Ibrahim,Freelancer,54,Male,B,Land,CUST-5558
Layla Fawzy,Teacher,24,Female,C,Land,CUST-5559
Omar Mahmoud,Technician,53,Female,D,Land,CUST-5560
Layla Hamdy,Teacher,47,Female,A,Land,CUST-5561
Omar Adel,Sales_Rep,30,Male,A,,CUST-5562
Zaki Nabil,Accountant,27,Female,C,Vehicle,CUST-5563
Heba Ghanem,Technician,25,Male,C,Vehicle,CUST-5564
Hassan Amr,Accountant,45,Female,B,Land,CUST-5565
Karim Adel,Sales_Rep,52,Male,B,Land,CUST-5566
Mahmoud Reda,Teacher,45,Female,B,,CUST-5567
Wael Ibrahim,Accountant,28,Female,A,Vehicle,CUST-5568
Sara Mansour,Freelancer,44,Female,A,Land,CUST-5569
Amira Kamel,Sales_Rep,36,Male,D,,CUST-5570
Tarek El-Sayed,Sales_Rep,41,Female,B,Vehicle,CUST-5571
Dina El-Sayed,Sales_Rep,59,Female,C,,CUST-5572
Layla Abdel-Aziz,Engineer,49,Male,C,Land,CUST-5573
Omar Ghanem,Accountant,42,Female,D,Land,CUST-5574
Zaki Reda,Engineer,44,Female,B,Land,CUST-5575
Nabil Mansour,Freelancer,50,Female,B,,CUST-5576
Tarek Adel,Sales_Rep,31,Male,C,,CUST-5577
Amira Mahmoud,Freelancer,26,Male,D,Vehicle,CUST-5578
Karim Hassan,Doctor,62,Female,D,Vehicle,CUST-5579
Mohamed Adel,Engineer,43,Female,C,Land,CUST-5580
Mohamed Nabil,Doctor,55,Female,D,Land,CUST-5581
,Freelancer,59,Male,A,Land,CUST-5582
,Freelancer,52,Female,B,Vehicle,CUST-5583
Nabil Mahmoud,Accountant,43,Male,A,,CUST-5584
Dina Saied,Teacher,36,Female,C,Land,CUST-5585
Omar Abdel-Aziz,Accountant,36,Male,D,,CUST-5586
Mohamed Fawzy,Doctor,41,Female,D,,CUST-5587
Ahmed Abdel-Aziz,Technician,51,Male,D,,CUST-5588
Sara Hamdy,Technician,47,Male,D,,CUST-5589
Bassem Amr,Accountant,44,Female,B,Vehicle,CUST-5590
Sherif Hamdy,Engineer,45,Male,D,Land,CUST-5591
Hassan Fawzy,Accountant,43,Male,C,Vehicle,CUST-5592
Salma El-Sayed,Sales_Rep,43,Male,D,Vehicle,CUST-5593
Fatma Ibrahim,Teacher,35,Female,A,,CUST-5594
Mostafa Mahmoud,Technician,36,Female,D,,CUST-5595
Karim Adel,Engineer,28,Male,A,Vehicle,CUST-5596
Sara Kamel,Sales_Rep,22,Female,B,Land,CUST-5597
Layla Reda,Sales_Rep,25,Male,C,Vehicle,CUST-5598
Omar Fawzy,Doctor,43,Male,D,Vehicle,CUST-5599
Mona Reda,Doctor,47,Female,D,Vehicle,CUST-5600
Bassem Saied,Sales_Rep,40,Female,A,Vehicle,CUST-5601
Layla Amr,Doctor,43,Female,D,Land,CUST-5602
Bassem Hamdy,Doctor,39,Male,C,Vehicle,CUST-5603
Tarek Mahmoud,Engineer,23,Female,B,,CUST-5604
Amira Hassan,Sales_Rep,45,Male,A,Land,CUST-5605
Amira Nabil,Teacher,62,Male,A,Land,CUST-5606
Mohamed Adel,Engineer,57,Male,C,Vehicle,CUST-5607
Mahmoud Abdel-Aziz,Engineer,43,Female,D,Vehicle,CUST-5608
Tarek Ghanem,Doctor,54,Female,C,Land,CUST-5609
Mona Nabil,Doctor,32,Female,C,,CUST-5610
Heba Ghanem,Technician,51,Female,A,Vehicle,CUST-5611
Hassan Fawzy,Accountant,56,Female,A,Land,CUST-5612
Hassan Ibrahim,Freelancer,38,Female,D,Vehicle,CUST-5613
Bassem Mahmoud,Accountant,35,Male,A,Land,CUST-5614
Hoda Mansour,Technician,28,Male,B,,CUST-5615
Khaled Reda,Teacher,47,Female,A,Vehicle,CUST-5616
Salma Nabil,Freelancer,46,Male,D,Vehicle,CUST-5617
,Freelancer,52,Female,D,Vehicle,CUST-5618
Hamdy Amr,Sales_Rep,58,Female,C,Land,CUST-5619
Dina Reda,Freelancer,48,Male,B,Vehicle,CUST-5620
Ahmed Ibrahim,Technician,22,Female,D,,CUST-5621
Karim Mansour,Engineer,62,Female,D,Land,CUST-5622
Mohamed El-Sayed,Teacher,55,Male,A,Land,CUST-5623
Ahmed Kamel,Teacher,55,Male,A,Land,CUST-5624
Bassem Kamel,Doctor,34,Female,B,Land,CUST-5625
Heba El-Sayed,Engineer,65,Male,B,Land,CUST-5626
Ahmed Saied,Technician,58,Male,A,Land,CUST-5627
,Technician,49,Female,A,Land,CUST-5628
Mona Hamdy,Sales_Rep,22,Female,A,,CUST-5629
Mohamed Hassan,Engineer,40,Male,B,Vehicle,CUST-5630
Sherif Zaki,Freelancer,26,Male,C,,CUST-5631
Fatma Saied,Freelancer,49,Female,C,Vehicle,CUST-5632
,Engineer,27,Male,B,,CUST-5633
,Doctor,28,Male,C,Land,CUST-5634
Dina Saied,Sales_Rep,30,Male,B,,CUST-5635
Hoda Mahmoud,Teacher,43,Female,B,,CUST-5636
,Sales_Rep,33,Male,A,Vehicle,CUST-5637
Tarek Mahmoud,Engineer,64,Female,B,Land,CUST-5638
Mostafa Abdel-Aziz,Doctor,49,Male,C,,CUST-5639
Bassem Ibrahim,Teacher,54,Female,C,Vehicle,CUST-5640
Heba Saied,Accountant,61,Female,B,Land,CUST-5641
Bassem Hassan,Engineer,62,Female,C,Land,CUST-5642
Sara Kamel,Doctor,32,Female,B,Vehicle,CUST-5643
Mostafa Nabil,Doctor,21,Female,D,,CUST-5644
Mostafa Reda,Sales_Rep,41,Female,C,Vehicle,CUST-5645
Tarek Ibrahim,Freelancer,36,Female,A,,CUST-5646
Hassan Adel,Teacher,45,Male,C,Land,CUST-5647
Bassem Ibrahim,Technician,41,Male,C,Land,CUST-5648
Bassem Kamel,Doctor,33,Female,A,Land,CUST-5649
,Sales_Rep,40,Female,D,Land,CUST-5650
Khaled Kamel,Freelancer,38,Male,B,Vehicle,CUST-5651
Mahmoud Amr,Engineer,27,Female,B,Vehicle,CUST-5652
Mona Nabil,Doctor,29,Female,D,Vehicle,CUST-5653
Zaki Adel,Engineer,47,Male,D,,CUST-5654
Hassan Amr,Sales_Rep,48,Female,A,Vehicle,CUST-5655
Heba Reda,Technician,42,Male,C,Vehicle,CUST-5656
Ahmed Hassan,Doctor,36,Female,D,Land,CUST-5657
Salma El-Sayed,Accountant,37,Male,B,Land,CUST-5658
Sherif Mahmoud,Freelancer,48,Male,A,Land,CUST-5659
Zaki Kamel,Engineer,36,Male,D,Land,CUST-5660
Amira Hassan,Technician,56,Male,B,Land,CUST-5661
Mostafa Ibrahim,Teacher,43,Female,A,,CUST-5662
Hoda Kamel,Accountant,58,Male,C,Vehicle,CUST-5663
Khaled Mansour,Sales_Rep,49,Male,C,Vehicle,CUST-5664
Sherif Hassan,Sales_Rep,65,Female,B,Land,CUST-5665
Amira Abdel-Aziz,Teacher,38,Male,D,Vehicle,CUST-5666
Ahmed El-Sayed,Freelancer,55,Male,B,,CUST-5667
Mohamed Abdel-Aziz,Engineer,30,Male,D,Vehicle,CUST-5668
Hassan Ghanem,Doctor,31,Female,B,Land,CUST-5669
Layla Amr,Teacher,61,Female,C,,CUST-5670
Amira Hassan,Freelancer,65,Female,C,,CUST-5671
Khaled Ghanem,Engineer,25,Female,B,Vehicle,CUST-5672
Zaki Reda,Doctor,34,Male,B,Land,CUST-5673
Dina Amr,Sales_Rep,33,Female,A,Vehicle,CUST-5674
Sara Zaki,Sales_Rep,41,Female,B,Vehicle,CUST-5675
Wael Mansour,Engineer,33,Female,B,,CUST-5676
Mostafa Amr,Engineer,26,Female,D,,CUST-5677
Hamdy Mahmoud,Engineer,43,Female,B,Vehicle,CUST-5678
Dina Nabil,Engineer,49,Male,D,Vehicle,CUST-5679
Nabil Mahmoud,Sales_Rep,41,Male,D,,CUST-5680
Fatma Nabil,Technician,47,Male,B,,CUST-5681
Fatma Mahmoud,Sales_Rep,26,Male,B,,CUST-5682
Fatma Hassan,Freelancer,52,Male,C,,CUST-5683
Nabil Ghanem,Teacher,23,Male,C,,CUST-5684
Zaki Mahmoud,Teacher,60,Male,A,,CUST-5685
Hamdy Adel,Teacher,46,Male,D,,CUST-5686
Mona Mahmoud,Freelancer,25,Female,A,,CUST-5687
Karim Adel,Sales_Rep,24,Male,A,Land,CUST-5688
Ibrahim Ibrahim,Doctor,58,Female,B,Land,CUST-5689
Omar Mahmoud,Teacher,21,Female,B,Land,CUST-5690
Amira Fawzy,Technician,44,Female,D,Vehicle,CUST-5691
Mona Hassan,Technician,25,Male,B,,CUST-5692
Mostafa Ghanem,Doctor,41,Female,A,,CUST-5693
Karim Ghanem,Teacher,65,Female,B,Vehicle,CUST-5694
Nabil Adel,Doctor,34,Female,A,,CUST-5695
Fatma Kamel,Teacher,38,Male,A,Land,CUST-5696
Hassan Hamdy,Freelancer,57,Male,D,Land,CUST-5697
Hassan Saied,Teacher,59,Male,B,,CUST-5698
Zaki Hamdy,Accountant,36,Female,D,,CUST-5699
Khaled Hassan,Technician,39,Male,B,,CUST-5700
Hoda Ghanem,Freelancer,29,Female,C,Vehicle,CUST-5701
Wael Hassan,Technician,22,Female,A,,CUST-5702
Hamdy Ghanem,Accountant,47,Male,D,Vehicle,CUST-5703
Tarek Kamel,Doctor,63,Male,B,Vehicle,CUST-5704
Hamdy Ghanem,Sales_Rep,24,Female,B,Vehicle,CUST-5705
Fatma El-Sayed,Accountant,62,Male,A,,CUST-5706
Bassem Ghanem,Freelancer,42,Male,C,Vehicle,CUST-5707
Tarek Zaki,Teacher,48,Male,C,Vehicle,CUST-5708
Nabil Nabil,Engineer,27,Female,B,Vehicle,CUST-5709
Wael Mansour,Accountant,44,Female,A,Vehicle,CUST-5710
Zaki Hassan,Engineer,52,Female,B,Land,CUST-5711
Karim Saied,Accountant,32,Male,D,Land,CUST-5712
Mohamed Hassan,Sales_Rep,62,Female,A,Vehicle,CUST-5713
Hamdy Amr,Freelancer,45,Male,C,Vehicle,CUST-5714
Hoda Abdel-Aziz,Freelancer,64,Male,A,,CUST-5715
Ahmed El-Sayed,Freelancer,32,Male,A,,CUST-5716
Tarek Reda,Doctor,28,Female,A,Land,CUST-5717
Mahmoud Ghanem,Teacher,41,Female,D,Vehicle,CUST-5718
Zaki Nabil,Sales_Rep,44,Female,C,,CUST-5719
Tarek Reda,Technician,29,Female,A,Land,CUST-5720
Mahmoud Abdel-Aziz,Freelancer,41,Male,D,Vehicle,CUST-5721
Ahmed Amr,Engineer,40,Male,A,Vehicle,CUST-5722
Dina Reda,Teacher,36,Male,A,Vehicle,CUST-5723
Amira Kamel,Technician,24,Female,C,,CUST-5724
Mona Mahmoud,Doctor,28,Female,D,Vehicle,CUST-5725
Karim Abdel-Aziz,Freelancer,61,Male,B,,CUST-5726
Zaki Amr,Accountant,51,Male,A,,CUST-5727
Nabil Zaki,Teacher,45,Male,B,Land,CUST-5728
Sara Mahmoud,Sales_Rep,56,Male,C,,CUST-5729
Hoda Amr,Engineer,51,Female,D,,CUST-5730
,Accountant,27,Female,D,,CUST-5731
Sara Abdel-Aziz,Doctor,64,Female,D,Vehicle,CUST-5732
Sherif Ghanem,Technician,48,Female,B,Vehicle,CUST-5733
Khaled Reda,Technician,39,Female,A,Vehicle,CUST-5734
Amira Ghanem,Teacher,63,Male,D,Vehicle,CUST-5735
Mahmoud Amr,Freelancer,26,Male,D,,CUST-5736
Mohamed Mansour,Accountant,40,Female,D,Land,CUST-5737
Mona Nabil,Sales_Rep,54,Male,B,Vehicle,CUST-5738
Mohamed Nabil,Teacher,29,Male,A,,CUST-5739
Khaled Zaki,Sales_Rep,56,Male,D,,CUST-5740
Ahmed Saied,Accountant,38,Male,A,Land,CUST-5741
Mahmoud Reda,Sales_Rep,43,Female,B,,CUST-5742
Khaled Abdel-Aziz,Engineer,33,Male,D,Vehicle,CUST-5743
Ibrahim Mahmoud,Engineer,53,Female,C,,CUST-5744
Layla Hamdy,Freelancer,33,Male,D,Land,CUST-5745
Salma Adel,Engineer,28,Female,A,,CUST-5746
Mohamed Kamel,Technician,56,Male,A,Land,CUST-5747
Zaki Reda,Freelancer,55,Female,B,,CUST-5748
Layla Amr,Teacher,21,Female,C,Land,CUST-5749
Wael Hamdy,Teacher,61,Male,B,Vehicle,CUST-5750
Fatma Hamdy,Technician,38,Female,B,Land,CUST-5751
Amira Zaki,Technician,43,Female,A,,CUST-5752
Nabil Fawzy,Freelancer,24,Female,B,,CUST-5753
Sara Kamel,Technician,57,Male,D,Land,CUST-5754
Dina Saied,Doctor,63,Female,B,,CUST-5755
Ibrahim Mansour,Doctor,44,Male,C,,CUST-5756
Ahmed Ibrahim,Doctor,51,Male,B,,CUST-5757
Wael Abdel-Aziz,Freelancer,39,Male,D,Vehicle,CUST-5758
Mona El-Sayed,Doctor,40,Male,B,,CUST-5759
Mostafa Mansour,Freelancer,44,Female,D,Land,CUST-5760
Mohamed Zaki,Engineer,32,Male,D,Vehicle,CUST-5761
Khaled Mansour,Doctor,65,Female,B,Vehicle,CUST-5762
Hamdy Fawzy,Doctor,49,Male,C,Vehicle,CUST-5763
Ahmed Adel,Technician,36,Male,C,Land,CUST-5764
Mahmoud Mahmoud,Freelancer,35,Female,C,,CUST-5765
Ahmed Saied,Doctor,22,Female,D,Vehicle,CUST-5766
Hamdy Adel,Teacher,58,Male,D,Land,CUST-5767
Amira Nabil,Doctor,33,Male,C,,CUST-5768
Omar Ibrahim,Freelancer,25,Female,C,Land,CUST-5769
Hassan Fawzy,Doctor,39,Male,A,Vehicle,CUST-5770
Bassem Zaki,Teacher,24,Male,A,Land,CUST-5771
Hamdy Kamel,Teacher,61,Male,C,Vehicle,CUST-5772
Amira Fawzy,Accountant,57,Female,C,Land,CUST-5773
Mostafa Hamdy,Doctor,59,Male,A,Vehicle,CUST-5774
Nabil Mahmoud,Freelancer,44,Male,D,Land,CUST-5775
Zaki El-Sayed,Freelancer,61,Male,C,,CUST-5776
Fatma Amr,Accountant,41,Male,A,,CUST-5777
Amira Mahmoud,Technician,22,Female,C,Vehicle,CUST-5778
Ahmed El-Sayed,Accountant,45,Female,B,Vehicle,CUST-5779
Bassem Abdel-Aziz,Teacher,40,Male,A,,CUST-5780
Mahmoud Reda,Technician,43,Male,A,Land,CUST-5781
Heba Amr,Freelancer,29,Male,A,,CUST-5782
Hamdy Hassan,Doctor,58,Male,C,Vehicle,CUST-5783
,Engineer,57,Male,B,,CUST-5784
Bassem Hamdy,Accountant,28,Female,A,Land,CUST-5785
Omar Nabil,Accountant,48,Female,D,Vehicle,CUST-5786
Khaled El-Sayed,Sales_Rep,52,Male,B,,CUST-5787
Ahmed Hassan,Freelancer,21,Male,D,,CUST-5788
Salma Amr,Accountant,57,Male,D,,CUST-5789
Heba El-Sayed,Sales_Rep,45,Female,B,Land,CUST-5790
Hassan Zaki,Freelancer,62,Female,D,,CUST-5791
Hamdy Kamel,Doctor,54,Female,D,Vehicle,CUST-5792
Salma Mansour,Accountant,41,Female,A,Vehicle,CUST-5793
Tarek Hamdy,Teacher,29,Female,A,Vehicle,CUST-5794
Salma Hassan,Technician,40,Male,A,,CUST-5795
Ahmed Hamdy,Engineer,52,Female,D,Land,CUST-5796
Sherif Hamdy,Engineer,37,Female,D,,CUST-5797
Sherif Nabil,Teacher,53,Female,C,,CUST-5798
Khaled Amr,Accountant,47,Female,B,Vehicle,CUST-5799
Mona Reda,Technician,38,Female,D,Land,CUST-5800
,Sales_Rep,63,Male,B,Vehicle,CUST-5801
Dina Amr,Doctor,62,Male,B,Vehicle,CUST-5802
Karim Reda,Freelancer,22,Female,A,Land,CUST-5803
Fatma Fawzy,Teacher,53,Male,C,Vehicle,CUST-5804
Tarek Abdel-Aziz,Doctor,64,Male,C,Land,CUST-5805
Sara Reda,Accountant,38,Female,B,Vehicle,CUST-5806
Karim Ibrahim,Sales_Rep,59,Male,B,Land,CUST-5807
Bassem Fawzy,Engineer,51,Male,B,Vehicle,CUST-5808
Ibrahim Fawzy,Technician,49,Male,D,Land,CUST-5809
Hamdy Ibrahim,Technician,35,Male,D,,CUST-5810
Salma Kamel,Doctor,32,Female,A,Land,CUST-5811
Karim Nabil,Freelancer,31,Female,D,Vehicle,CUST-5812
Mostafa Hassan,Sales_Rep,49,Male,B,Vehicle,CUST-5813
Sherif Saied,Technician,34,Female,D,Land,CUST-5814
Nabil Nabil,Freelancer,36,Female,A,,CUST-5815
Tarek Abdel-Aziz,Teacher,56,Female,C,Land,CUST-5816
Omar Mansour,Sales_Rep,45,Female,B,Vehicle,CUST-5817
Sherif Mansour,Technician,32,Male,C,Vehicle,CUST-5818
Hamdy Hassan,Freelancer,56,Male,C,Land,CUST-5819
Omar Hamdy,Technician,34,Male,B,,CUST-5820
Khaled Ibrahim,Freelancer,62,Male,B,,CUST-5821
Fatma Ibrahim,Engineer,44,Female,B,Land,CUST-5822
Heba Ibrahim,Sales_Rep,37,Male,D,Vehicle,CUST-5823
Mahmoud Zaki,Technician,48,Male,C,Vehicle,CUST-5824
Bassem Adel,Teacher,60,Female,A,Vehicle,CUST-5825
Mahmoud Mahmoud,Freelancer,27,Male,A,,CUST-5826
Mohamed Zaki,Doctor,37,Female,B,Vehicle,CUST-5827
Fatma Mansour,Sales_Rep,55,Female,B,Land,CUST-5828
Wael Hamdy,Engineer,51,Male,D,,CUST-5829
Sherif Ibrahim,Teacher,64,Male,B,Land,CUST-5830
Amira Fawzy,Technician,45,Female,A,Land,CUST-5831
Amira Adel,Technician,59,Male,D,,CUST-5832
Mona Hamdy,Technician,52,Male,D,Vehicle,CUST-5833
Hassan Fawzy,Technician,30,Male,A,Land,CUST-5834
Karim Adel,Accountant,49,Male,D,Land,CUST-5835
Salma Adel,Technician,56,Male,C,Vehicle,CUST-5836
Hoda Amr,Engineer,53,Male,D,,CUST-5837
Sherif Abdel-Aziz,Teacher,58,Male,B,,CUST-5838
Dina Kamel,Engineer,62,Female,D,Land,CUST-5839
Hoda Saied,Doctor,28,Female,D,Vehicle,CUST-5840
Bassem Abdel-Aziz,Doctor,47,Female,B,,CUST-5841
Mona Hamdy,Teacher,24,Female,A,Land,CUST-5842
Ibrahim Saied,Sales_Rep,32,Female,B,Vehicle,CUST-5843
Ibrahim Reda,Technician,38,Female,C,,CUST-5844
Tarek Zaki,Doctor,55,Female,A,,CUST-5845
Heba Hamdy,Sales_Rep,55,Male,B,Vehicle,CUST-5846
Hoda Kamel,Teacher,38,Female,D,,CUST-5847
Mona Kamel,Sales_Rep,38,Female,D,,CUST-5848
Heba Adel,Doctor,57,Male,A,,CUST-5849
Ahmed Mahmoud,Technician,46,Male,A,,CUST-5850
Dina Nabil,Sales_Rep,52,Male,D,Land,CUST-5851
Mohamed Fawzy,Doctor,41,Male,C,,CUST-5852
Bassem Ghanem,Engineer,30,Male,A,Land,CUST-5853
Heba Amr,Sales_Rep,57,Male,C,,CUST-5854
Fatma Fawzy,Technician,42,Male,B,Vehicle,CUST-5855
Mostafa Abdel-Aziz,Teacher,42,Male,B,Vehicle,CUST-5856
Hamdy El-Sayed,Accountant,45,Female,B,,CUST-5857
Sherif Mahmoud,Sales_Rep,56,Female,B,,CUST-5858
Karim Kamel,Freelancer,47,Female,A,,CUST-5859
Dina Ibrahim,Sales_Rep,53,Female,D,Land,CUST-5860
Sara Fawzy,Accountant,60,Male,C,Land,CUST-5861
Sara Ibrahim,Sales_Rep,62,Female,C,Land,CUST-5862
Tarek Saied,Freelancer,29,Female,B,,CUST-5863
Mona Mansour,Accountant,61,Male,C,Vehicle,CUST-5864
Wael Adel,Accountant,33,Male,C,Land,CUST-5865
Zaki Abdel-Aziz,Freelancer,39,Female,B,Land,CUST-5866
Amira El-Sayed,Technician,29,Female,B,Land,CUST-5867
Omar El-Sayed,Technician,32,Female,A,,CUST-5868
Heba Fawzy,Teacher,31,Female,B,Vehicle,CUST-5869
Tarek Hamdy,Freelancer,44,Male,A,Land,CUST-5870
Zaki Mahmoud,Doctor,29,Female,D,,CUST-5871
Omar Hamdy,Doctor,48,Male,B,Vehicle,CUST-5872
Ahmed Hamdy,Teacher,38,Female,D,Land,CUST-5873
Sherif Adel,Accountant,59,Female,C,Land,CUST-5874
Bassem El-Sayed,Freelancer,24,Male,D,Vehicle,CUST-5875
Amira Reda,Doctor,62,Male,C,Vehicle,CUST-5876
Dina Ghanem,Engineer,24,Male,C,Land,CUST-5877
Fatma Amr,Teacher,49,Female,D,,CUST-5878
Zaki Hassan,Engineer,37,Male,A,Vehicle,CUST-5879
Mahmoud Zaki,Accountant,57,Female,B,,CUST-5880
Bassem Hamdy,Teacher,25,Female,D,Vehicle,CUST-5881
Tarek Ghanem,Freelancer,34,Female,D,Vehicle,CUST-5882
Wael Hassan,Engineer,30,Female,B,Vehicle,CUST-5883
Zaki El-Sayed,Doctor,57,Female,D,Land,CUST-5884
Zaki Mahmoud,Freelancer,56,Female,C,Land,CUST-5885
,Freelancer,50,Female,B,Land,CUST-5886
Zaki Reda,Doctor,40,Male,C,,CUST-5887
Sara El-Sayed,Accountant,53,Male,C,Land,CUST-5888
Khaled Amr,Technician,58,Female,D,Vehicle,CUST-5889
Mostafa Hassan,Sales_Rep,26,Female,B,,CUST-5890
Sara Hamdy,Engineer,37,Female,C,Vehicle,CUST-5891
Hassan Adel,Accountant,29,Male,D,,CUST-5892
Tarek Mansour,Accountant,31,Male,D,Vehicle,CUST-5893
,Doctor,58,Female,D,,CUST-5894
Khaled El-Sayed,Sales_Rep,55,Male,B,Vehicle,CUST-5895
Nabil Ghanem,Doctor,65,Female,A,Land,CUST-5896
Amira Nabil,Freelancer,53,Male,B,,CUST-5897
Fatma Zaki,Teacher,28,Male,B,Land,CUST-5898
Mona Mahmoud,Doctor,60,Male,B,Land,CUST-5899
Nabil Amr,Technician,43,Female,B,,CUST-5900
Nabil Reda,Teacher,31,Female,D,,CUST-5901
Layla Kamel,Freelancer,44,Female,D,Vehicle,CUST-5902
Heba Nabil,Freelancer,34,Female,B,Vehicle,CUST-5903
Mohamed Saied,Technician,50,Male,B,Vehicle,CUST-5904
Ahmed Saied,Engineer,51,Male,A,Vehicle,CUST-5905
Salma Mansour,Sales_Rep,41,Female,B,,CUST-5906
Ahmed Hassan,Technician,47,Male,D,,CUST-5907
Layla Ibrahim,Technician,52,Female,A,,CUST-5908
Amira Mansour,Technician,25,Male,D,,CUST-5909
Mohamed Amr,Teacher,33,Male,C,,CUST-5910
Layla Hassan,Technician,38,Male,D,Land,CUST-5911
Mona Ghanem,Technician,41,Male,B,Land,CUST-5912
Hassan Amr,Sales_Rep,61,Male,A,Vehicle,CUST-5913
Sara Reda,Engineer,43,Male,A,,CUST-5914
Hamdy Nabil,Doctor,64,Male,A,Vehicle,CUST-5915
Tarek Nabil,Engineer,52,Female,B,Land,CUST-5916
Fatma Reda,Accountant,37,Male,B,Land,CUST-5917
Sherif Saied,Freelancer,32,Male,B,Vehicle,CUST-5918
Sara Ghanem,Doctor,61,Female,B,,CUST-5919
Ahmed Zaki,Accountant,35,Female,D,,CUST-5920
Mohamed Reda,Freelancer,57,Female,C,Land,CUST-5921
Bassem Amr,Doctor,52,Female,C,,CUST-5922
Heba Reda,Sales_Rep,28,Male,A,,CUST-5923
Ibrahim Hamdy,Freelancer,49,Female,D,Vehicle,CUST-5924
Zaki Amr,Accountant,51,Female,A,,CUST-5925
Heba Adel,Engineer,64,Female,B,Vehicle,CUST-5926
Hassan El-Sayed,Technician,40,Female,A,,CUST-5927
Tarek Fawzy,Engineer,47,Female,D,Land,CUST-5928
Tarek Adel,Engineer,23,Female,D,Land,CUST-5929
,Teacher,21,Female,B,,CUST-5930
Ibrahim Amr,Technician,22,Male,A,Vehicle,CUST-5931
Hassan Saied,Accountant,48,Male,A,Vehicle,CUST-5932
Mohamed Zaki,Technician,64,Female,C,,CUST-5933
Layla Zaki,Accountant,59,Male,A,,CUST-5934
Fatma Saied,Doctor,39,Female,C,,CUST-5935
Ahmed Nabil,Freelancer,23,Male,A,,CUST-5936
Wael Adel,Technician,34,Male,D,,CUST-5937
Sherif Reda,Freelancer,56,Male,C,Land,CUST-5938
Amira Adel,Technician,46,Female,A,Vehicle,CUST-5939
Tarek Saied,Engineer,45,Male,C,,CUST-5940
Dina Mahmoud,Doctor,46,Female,C,Land,CUST-5941
,Sales_Rep,38,Male,B,Vehicle,CUST-5942
Ahmed Mahmoud,Engineer,23,Female,D,Vehicle,CUST-5943
Sara Mahmoud,Technician,41,Male,B,Vehicle,CUST-5944
Heba Fawzy,Accountant,38,Male,B,Vehicle,CUST-5945
Mostafa Hassan,Freelancer,48,Male,B,Vehicle,CUST-5946
Karim Ibrahim,Engineer,54,Male,A,Vehicle,CUST-5947
,Freelancer,45,Female,D,Land,CUST-5948
Dina Mahmoud,Accountant,55,Female,A,Vehicle,CUST-5949
Fatma Adel,Sales_Rep,60,Male,C,Land,CUST-5950
Bassem Hassan,Engineer,59,Male,D,Land,CUST-5951
Bassem Abdel-Aziz,Engineer,61,Female,A,Vehicle,CUST-5952
Salma Saied,Accountant,32,Male,D,,CUST-5953
Mona El-Sayed,Accountant,23,Male,A,,CUST-5954
Heba Hassan,Doctor,40,Female,D,Land,CUST-5955
Amira Zaki,Engineer,54,Female,C,Land,CUST-5956
Fatma Saied,Freelancer,41,Female,C,Land,CUST-5957
Omar Amr,Engineer,48,Female,A,Land,CUST-5958
Ahmed Fawzy,Technician,36,Female,B,Land,CUST-5959
Tarek Ghanem,Engineer,59,Female,A,Vehicle,CUST-5960
Mostafa Mansour,Engineer,31,Male,A,Land,CUST-5961
Bassem Adel,Teacher,33,Male,B,Land,CUST-5962
Hamdy Ibrahim,Sales_Rep,51,Female,D,,CUST-5963
Dina Ibrahim,Accountant,59,Female,D,,CUST-5964
Tarek Nabil,Freelancer,24,Male,B,Vehicle,CUST-5965
Tarek Adel,Engineer,26,Female,D,,CUST-5966
Sara Mahmoud,Accountant,37,Male,D,Land,CUST-5967
Ibrahim Mansour,Engineer,34,Male,B,Vehicle,CUST-5968
Tarek Kamel,Doctor,58,Male,A,Land,CUST-5969
Bassem Amr,Sales_Rep,64,Female,A,Land,CUST-5970
Dina Adel,Sales_Rep,28,Female,D,Vehicle,CUST-5971
Nabil Ibrahim,Freelancer,46,Male,C,Land,CUST-5972
Hamdy Hamdy,Engineer,29,Male,B,,CUST-5973
Khaled Hamdy,Accountant,64,Female,C,Vehicle,CUST-5974
Tarek Amr,Teacher,46,Female,C,,CUST-5975
Layla Nabil,Teacher,34,Female,D,,CUST-5976
Tarek Mansour,Accountant,59,Female,B,Vehicle,CUST-5977
Zaki Mahmoud,Teacher,50,Female,B,Vehicle,CUST-5978
Salma Mahmoud,Technician,41,Male,D,Land,CUST-5979
Mahmoud Hamdy,Doctor,27,Male,C,Vehicle,CUST-5980
Hoda Ibrahim,Engineer,56,Female,A,Land,CUST-5981
Mostafa Reda,Accountant,23,Male,B,,CUST-5982
,Doctor,27,Female,B,Vehicle,CUST-5983
Karim Hassan,Freelancer,43,Male,B,,CUST-5984
Sara Nabil,Freelancer,43,Female,C,Vehicle,CUST-5985
Heba Reda,Engineer,43,Male,B,,CUST-5986
Hamdy Saied,Doctor,23,Male,C,Land,CUST-5987
Sara Nabil,Teacher,62,Female,C,Land,CUST-5988
Mahmoud El-Sayed,Technician,30,Male,A,,CUST-5989
Layla Kamel,Engineer,58,Female,A,,CUST-5990
Bassem Zaki,Technician,36,Female,A,Land,CUST-5991
Bassem Amr,Freelancer,55,Male,A,Vehicle,CUST-5992
Mostafa Ghanem,Technician,56,Male,C,,CUST-5993
Mahmoud Hassan,Sales_Rep,64,Female,A,,CUST-5994
Mohamed Mansour,Sales_Rep,59,Female,D,,CUST-5995
Mona Ghanem,Freelancer,50,Male,D,Vehicle,CUST-5996
Sara Ghanem,Freelancer,28,Male,C,Vehicle,CUST-5997
Khaled Kamel,Technician,57,Male,A,,CUST-5998
Hoda Ibrahim,Freelancer,40,Female,D,Vehicle,CUST-5999
Omar Kamel,Sales_Rep,22,Female,C,Vehicle,CUST-6000
Salma Ibrahim,Teacher,62,Male,C,Vehicle,CUST-6001
Hassan Hassan,Freelancer,59,Female,B,,CUST-6002
Mohamed Ibrahim,Technician,30,Male,C,,CUST-6003
Layla El-Sayed,Teacher,46,Male,D,Land,CUST-6004
Khaled Nabil,Accountant,53,Male,B,Vehicle,CUST-6005
Sara Fawzy,Doctor,59,Male,C,,CUST-6006
Layla Hamdy,Doctor,48,Female,A,Land,CUST-6007
Sara Ibrahim,Teacher,57,Female,B,,CUST-6008
Salma Kamel,Teacher,43,Male,B,Vehicle,CUST-6009
Fatma Kamel,Sales_Rep,25,Female,D,Vehicle,CUST-6010
,Freelancer,36,Female,C,Land,CUST-6011
Mostafa Mansour,Teacher,36,Female,B,,CUST-6012
Salma Saied,Doctor,22,Female,C,Vehicle,CUST-6013
Amira Hassan,Engineer,65,Female,B,,CUST-6014
Hamdy Kamel,Engineer,61,Male,B,,CUST-6015
Hamdy Mahmoud,Teacher,55,Male,D,,CUST-6016
Sara Reda,Sales_Rep,44,Male,D,Vehicle,CUST-6017
Mona Mansour,Engineer,51,Female,A,,CUST-6018
Hassan Mansour,Teacher,54,Male,A,Land,CUST-6019
Mahmoud Abdel-Aziz,Sales_Rep,37,Male,A,,CUST-6020
Amira Hamdy,Technician,63,Male,C,,CUST-6021
Fatma Mahmoud,Accountant,39,Male,A,,CUST-6022
Tarek Hassan,Technician,29,Male,B,Vehicle,CUST-6023
Hamdy Amr,Doctor,24,Male,D,Land,CUST-6024
Ahmed Hamdy,Doctor,37,Male,A,Land,CUST-6025
Dina Ibrahim,Teacher,37,Female,D,Land,CUST-6026
Mostafa El-Sayed,Accountant,29,Female,B,Land,CUST-6027
Amira Fawzy,Teacher,62,Male,C,Land,CUST-6028
Zaki Ibrahim,Technician,56,Female,D,,CUST-6029
Karim Nabil,Engineer,25,Male,C,Land,CUST-6030
Heba Fawzy,Sales_Rep,58,Male,A,,CUST-6031
Sherif Ghanem,Technician,24,Male,B,,CUST-6032
Sara Hassan,Accountant,41,Male,D,Land,CUST-6033
Tarek Ibrahim,Doctor,62,Female,C,Vehicle,CUST-6034
,Engineer,33,Male,D,Vehicle,CUST-6035
Ahmed Hamdy,Accountant,29,Female,D,Land,CUST-6036
Hamdy Abdel-Aziz,Accountant,35,Female,A,Vehicle,CUST-6037
Mona Hassan,Doctor,22,Female,A,,CUST-6038
Heba Kamel,Accountant,46,Female,B,Land,CUST-6039
Zaki Adel,Doctor,47,Female,B,Land,CUST-6040
Mostafa Nabil,Doctor,23,Female,D,,CUST-6041
Nabil Hassan,Sales_Rep,35,Male,B,,CUST-6042
Zaki Reda,Doctor,53,Female,C,Vehicle,CUST-6043
Sara Nabil,Sales_Rep,60,Female,C,Vehicle,CUST-6044
Wael Nabil,Accountant,24,Male,B,,CUST-6045
Nabil Kamel,Teacher,56,Male,C,Vehicle,CUST-6046
Mona Zaki,Technician,51,Female,B,Vehicle,CUST-6047
Amira Hassan,Sales_Rep,27,Male,D,,CUST-6048
Hoda Nabil,Sales_Rep,50,Female,A,Land,CUST-6049
Ibrahim Mahmoud,Freelancer,33,Male,B,Vehicle,CUST-6050
Karim Adel,Engineer,65,Female,D,Land,CUST-6051
Hoda Kamel,Accountant,24,Female,B,Vehicle,CUST-6052
Ahmed Mahmoud,Engineer,39,Female,B,Vehicle,CUST-6053
Dina Kamel,Engineer,43,Female,A,Vehicle,CUST-6054
Zaki Amr,Accountant,52,Female,B,Land,CUST-6055
Heba Mahmoud,Sales_Rep,33,Male,C,Land,CUST-6056
Salma Mahmoud,Teacher,31,Male,B,,CUST-6057
Mohamed Fawzy,Engineer,42,Male,B,Vehicle,CUST-6058
Sherif Abdel-Aziz,Doctor,38,Male,C,Land,CUST-6059
Fatma Mansour,Teacher,24,Female,C,,CUST-6060
Salma Fawzy,Technician,46,Female,C,,CUST-6061
Heba Adel,Accountant,57,Male,A,,CUST-6062
Sara Nabil,Sales_Rep,22,Female,C,Vehicle,CUST-6063
Fatma Mansour,Doctor,46,Male,C,Land,CUST-6064
Khaled Amr,Doctor,43,Female,C,Vehicle,CUST-6065
Wael Kamel,Engineer,35,Female,B,,CUST-6066
Ahmed Fawzy,Technician,30,Female,A,Land,CUST-6067
Ibrahim Adel,Teacher,48,Male,B,Vehicle,CUST-6068
Omar Saied,Engineer,64,Female,C,Vehicle,CUST-6069
Hoda Ibrahim,Doctor,37,Female,A,,CUST-6070
Zaki El-Sayed,Freelancer,57,Female,C,Vehicle,CUST-6071
Ibrahim Hamdy,Teacher,37,Male,D,,CUST-6072
Layla Kamel,Doctor,60,Female,B,Land,CUST-6073
Karim Abdel-Aziz,Doctor,56,Male,B,,CUST-6074
Layla Saied,Technician,54,Male,D,Vehicle,CUST-6075
Sara El-Sayed,Technician,29,Female,D,Vehicle,CUST-6076
Dina Abdel-Aziz,Technician,34,Male,A,Land,CUST-6077
Wael Mansour,Freelancer,48,Female,B,,CUST-6078
Mahmoud Nabil,Teacher,63,Female,C,Vehicle,CUST-6079
Dina Ibrahim,Technician,41,Female,A,Land,CUST-6080
Dina Nabil,Accountant,46,Female,A,,CUST-6081
Omar El-Sayed,Technician,53,Female,B,Land,CUST-6082
Ahmed Saied,Accountant,35,Female,A,Land,CUST-6083
Tarek Hamdy,Sales_Rep,37,Female,A,Vehicle,CUST-6084
Khaled Hamdy,Teacher,55,Female,B,Vehicle,CUST-6085
Heba Nabil,Teacher,48,Female,D,,CUST-6086
Hassan Saied,Freelancer,47,Male,D,Land,CUST-6087
Fatma Hamdy,Accountant,42,Female,B,Land,CUST-6088
Salma El-Sayed,Engineer,47,Male,C,Vehicle,CUST-6089
Omar El-Sayed,Accountant,33,Male,A,Vehicle,CUST-6090
Mostafa Hassan,Accountant,42,Male,A,Vehicle,CUST-6091
Heba Hassan,Accountant,25,Female,C,,CUST-6092
Ahmed Hamdy,Sales_Rep,63,Male,C,Vehicle,CUST-6093
Bassem Fawzy,Accountant,29,Male,C,,CUST-6094
Heba Ibrahim,Sales_Rep,47,Female,A,Land,CUST-6095
Mahmoud Adel,Doctor,28,Male,C,Land,CUST-6096
Hamdy Hassan,Teacher,29,Male,A,Land,CUST-6097
Khaled Hassan,Freelancer,38,Male,A,Vehicle,CUST-6098
Dina Kamel,Accountant,48,Female,A,Vehicle,CUST-6099
Mohamed Zaki,Technician,28,Male,B,,CUST-6100
Omar Hamdy,Engineer,24,Male,B,Vehicle,CUST-6101
Mona Zaki,Engineer,54,Male,A,Land,CUST-6102
Hamdy Nabil,Sales_Rep,44,Male,D,Land,CUST-6103
Khaled Abdel-Aziz,Doctor,52,Female,A,Vehicle,CUST-6104
Ibrahim Fawzy,Engineer,23,Female,D,Land,CUST-6105
Tarek Hassan,Doctor,56,Male,D,Vehicle,CUST-6106
Layla Ghanem,Teacher,23,Female,C,Land,CUST-6107
,Teacher,23,Female,B,,CUST-6108
Karim Mansour,Engineer,36,Male,A,Vehicle,CUST-6109
Zaki Ibrahim,Engineer,36,Male,D,Land,CUST-6110
,Freelancer,51,Male,D,Land,CUST-6111
Sherif Mansour,Sales_Rep,59,Female,C,,CUST-6112
Sara Hassan,Teacher,58,Female,C,Vehicle,CUST-6113
Hamdy Adel,Teacher,23,Male,A,Vehicle,CUST-6114
Omar Adel,Accountant,65,Male,C,,CUST-6115
Salma El-Sayed,Accountant,25,Female,D,Land,CUST-6116
Ahmed El-Sayed,Technician,61,Female,A,Vehicle,CUST-6117
Mahmoud Zaki,Technician,49,Female,D,Vehicle,CUST-6118
Ahmed Hassan,Freelancer,22,Male,A,,CUST-6119
,Accountant,58,Male,A,Vehicle,CUST-6120
Mahmoud El-Sayed,Technician,25,Male,C,,CUST-6121
Sara Nabil,Technician,34,Female,A,Vehicle,CUST-6122
Bassem Nabil,Sales_Rep,50,Female,C,,CUST-6123
Heba Mansour,Teacher,41,Male,C,,CUST-6124
Dina Mahmoud,Doctor,39,Male,D,,CUST-6125
Ahmed Saied,Accountant,46,Male,D,Vehicle,CUST-6126
Khaled Saied,Teacher,53,Female,C,Land,CUST-6127
Mahmoud Mansour,Technician,63,Female,A,Vehicle,CUST-6128
Tarek Fawzy,Technician,22,Male,D,Vehicle,CUST-6129
Ahmed Ghanem,Technician,22,Female,D,Land,CUST-6130
Heba Hassan,Accountant,37,Female,D,Vehicle,CUST-6131
Ibrahim Mahmoud,Technician,53,Female,C,Vehicle,CUST-6132
,Sales_Rep,30,Female,A,Vehicle,CUST-6133
Bassem Zaki,Teacher,27,Female,B,Land,CUST-6134
Ibrahim Hamdy,Doctor,42,Male,A,Land,CUST-6135
Salma Mahmoud,Teacher,34,Female,A,Vehicle,CUST-6136
Mostafa Mahmoud,Freelancer,22,Female,D,Land,CUST-6137
Mohamed Nabil,Doctor,31,Female,B,Land,CUST-6138
Mona Mansour,Sales_Rep,27,Male,C,Vehicle,CUST-6139
Karim Saied,Doctor,61,Female,B,Vehicle,CUST-6140
Heba Amr,Engineer,23,Male,B,,CUST-6141
Nabil El-Sayed,Teacher,51,Male,A,Land,CUST-6142
Karim Abdel-Aziz,Engineer,42,Male,C,,CUST-6143
Salma Saied,Accountant,62,Male,C,,CUST-6144
,Accountant,26,Male,C,Land,CUST-6145
Hamdy Mansour,Engineer,58,Male,D,,CUST-6146
Mona Reda,Teacher,59,Male,B,Vehicle,CUST-6147
Amira Reda,Freelancer,61,Male,A,Vehicle,CUST-6148
Mahmoud Amr,Accountant,63,Male,C,Land,CUST-6149
Layla Nabil,Engineer,43,Male,B,,CUST-6150
Ibrahim Kamel,Teacher,37,Female,A,Vehicle,CUST-6151
Layla Nabil,Accountant,64,Female,B,Vehicle,CUST-6152
Karim Mansour,Freelancer,30,Male,D,,CUST-6153
Mahmoud Amr,Sales_Rep,30,Female,A,Vehicle,CUST-6154
Mohamed Amr,Technician,27,Male,B,,CUST-6155
Layla Mansour,Sales_Rep,39,Male,B,Vehicle,CUST-6156
,Freelancer,47,Male,A,Land,CUST-6157
Hoda Hamdy,Technician,33,Male,B,Vehicle,CUST-6158
Hamdy Amr,Engineer,58,Male,B,,CUST-6159
Ahmed Ghanem,Doctor,45,Female,D,,CUST-6160
Dina Ghanem,Teacher,58,Male,C,Land,CUST-6161
Mona Amr,Engineer,33,Male,C,Land,CUST-6162
Dina Kamel,Freelancer,34,Male,B,,CUST-6163
Sara Reda,Accountant,36,Male,D,Land,CUST-6164
Dina Amr,Engineer,45,Female,D,Vehicle,CUST-6165
Hamdy El-Sayed,Doctor,22,Female,B,Vehicle,CUST-6166
Salma Ibrahim,Doctor,63,Female,A,Vehicle,CUST-6167
Omar Hassan,Sales_Rep,34,Female,A,,CUST-6168
Khaled Zaki,Freelancer,47,Female,A,Land,CUST-6169
Fatma Kamel,Teacher,28,Male,B,Vehicle,CUST-6170
Wael Adel,Sales_Rep,49,Female,B,,CUST-6171
Omar Hamdy,Accountant,55,Male,B,,CUST-6172
Sherif Ibrahim,Sales_Rep,63,Male,B,Land,CUST-6173
Zaki Adel,Doctor,27,Female,C,Vehicle,CUST-6174
Hamdy Zaki,Accountant,45,Female,C,Land,CUST-6175
Fatma El-Sayed,Engineer,40,Male,B,,CUST-6176
Dina Mahmoud,Technician,33,Female,C,Vehicle,CUST-6177
Sherif Adel,Freelancer,49,Female,B,,CUST-6178
Mahmoud Mahmoud,Freelancer,52,Female,B,Land,CUST-6179
Hassan Ghanem,Accountant,26,Male,D,Land,CUST-6180
Dina Kamel,Freelancer,65,Male,C,Land,CUST-6181
Karim Amr,Sales_Rep,49,Male,A,,CUST-6182
Tarek Ghanem,Sales_Rep,26,Female,D,Land,CUST-6183
Layla Abdel-Aziz,Accountant,54,Male,C,Vehicle,CUST-6184
Mona Kamel,Sales_Rep,45,Male,C,Land,CUST-6185
Dina Ghanem,Teacher,60,Male,A,Vehicle,CUST-6186
Wael Mansour,Sales_Rep,63,Male,A,,CUST-6187
Ibrahim Abdel-Aziz,Teacher,49,Male,B,Vehicle,CUST-6188
Omar Hassan,Freelancer,21,Female,C,Land,CUST-6189
Mostafa Nabil,Freelancer,35,Male,D,Land,CUST-6190
Hassan Adel,Accountant,57,Male,D,Vehicle,CUST-6191
Hoda Ghanem,Accountant,63,Female,B,Vehicle,CUST-6192
Omar Kamel,Doctor,41,Male,A,Land,CUST-6193
Layla Abdel-Aziz,Technician,65,Female,C,Vehicle,CUST-6194
,Teacher,21,Male,B,Land,CUST-6195
Ahmed Hassan,Engineer,38,Female,D,Vehicle,CUST-6196
Amira Zaki,Freelancer,34,Male,D,,CUST-6197
Karim Abdel-Aziz,Engineer,22,Female,B,Land,CUST-6198
,Freelancer,43,Female,B,,CUST-6199
Mahmoud Zaki,Doctor,53,Female,D,,CUST-6200
,Doctor,28,Female,D,,CUST-6201
Ibrahim Abdel-Aziz,Freelancer,29,Male,C,Land,CUST-6202
Amira Nabil,Doctor,45,Male,C,Vehicle,CUST-6203
Sherif Zaki,Technician,56,Female,D,Land,CUST-6204
Mona Fawzy,Teacher,31,Male,B,Land,CUST-6205
Dina Adel,Technician,23,Female,B,Vehicle,CUST-6206
Hoda Abdel-Aziz,Sales_Rep,40,Male,D,Land,CUST-6207
Hoda Zaki,Accountant,30,Female,B,Vehicle,CUST-6208
Mahmoud Abdel-Aziz,Accountant,59,Female,B,Vehicle,CUST-6209
Mona Ghanem,Accountant,47,Male,B,Vehicle,CUST-6210
Sara Ibrahim,Technician,34,Male,C,Land,CUST-6211
Khaled Saied,Accountant,53,Male,B,Land,CUST-6212
Khaled Mansour,Doctor,46,Female,D,Vehicle,CUST-6213
Mostafa Abdel-Aziz,Technician,21,Male,C,Land,CUST-6214
Wael Hamdy,Sales_Rep,57,Female,D,Vehicle,CUST-6215
Mona Abdel-Aziz,Freelancer,41,Female,A,Vehicle,CUST-6216
Khaled Zaki,Freelancer,63,Male,C,Vehicle,CUST-6217
Salma Hassan,Technician,25,Male,B,Vehicle,CUST-6218
Salma Mahmoud,Engineer,28,Female,C,Vehicle,CUST-6219
Bassem Reda,Doctor,56,Female,A,Land,CUST-6220
Hamdy Zaki,Engineer,48,Female,C,,CUST-6221
Nabil Saied,Doctor,46,Male,D,,CUST-6222
Mohamed Fawzy,Teacher,41,Female,D,,CUST-6223
Wael Ibrahim,Freelancer,23,Male,A,,CUST-6224
Bassem Saied,Doctor,37,Female,A,Vehicle,CUST-6225
Ahmed Saied,Engineer,27,Female,D,Vehicle,CUST-6226
Zaki Hamdy,Engineer,36,Male,D,,CUST-6227
Mostafa Hassan,Accountant,26,Female,C,Land,CUST-6228
Nabil Hassan,Teacher,21,Male,A,,CUST-6229
Sara Zaki,Sales_Rep,61,Male,A,,CUST-6230
Karim Adel,Freelancer,46,Male,A,,CUST-6231
Nabil Ghanem,Freelancer,64,Female,D,Vehicle,CUST-6232
Amira Kamel,Accountant,49,Male,D,Vehicle,CUST-6233
Salma Abdel-Aziz,Freelancer,63,Male,C,Land,CUST-6234
Zaki Abdel-Aziz,Engineer,55,Male,A,Vehicle,CUST-6235
,Teacher,42,Male,D,Vehicle,CUST-6236
Bassem Ibrahim,Engineer,28,Female,D,,CUST-6237
Ahmed Reda,Sales_Rep,48,Female,B,,CUST-6238
Ibrahim Adel,Sales_Rep,48,Male,C,Land,CUST-6239
Bassem Adel,Freelancer,39,Female,B,,CUST-6240
Heba Saied,Accountant,51,Female,C,Land,CUST-6241
Salma Fawzy,Accountant,35,Male,D,,CUST-6242
Layla Ibrahim,Accountant,54,Male,C,Vehicle,CUST-6243
Tarek Reda,Engineer,42,Male,C,Vehicle,CUST-6244
Wael Ibrahim,Accountant,45,Male,D,,CUST-6245
Sara Adel,Doctor,63,Female,A,Land,CUST-6246
Nabil Kamel,Engineer,50,Male,A,Land,CUST-6247
Zaki Nabil,Engineer,64,Male,A,,CUST-6248
Sherif Hassan,Teacher,54,Female,A,Vehicle,CUST-6249
Dina Hamdy,Sales_Rep,64,Female,C,,CUST-6250
Karim Kamel,Teacher,53,Female,A,Land,CUST-6251
Hassan Fawzy,Sales_Rep,23,Male,B,Land,CUST-6252
Bassem Hassan,Technician,49,Male,A,Land,CUST-6253
Hassan Nabil,Accountant,26,Female,C,,CUST-6254
,Teacher,23,Male,A,Vehicle,CUST-6255
Ibrahim Mansour,Sales_Rep,21,Male,A,,CUST-6256
Heba Hassan,Freelancer,30,Female,C,Vehicle,CUST-6257
Dina Saied,Technician,24,Male,D,Vehicle,CUST-6258
Mohamed Mansour,Engineer,56,Male,C,Vehicle,CUST-6259
Mostafa Mansour,Engineer,22,Female,A,Vehicle,CUST-6260
Mahmoud Mahmoud,Sales_Rep,49,Male,B,Vehicle,CUST-6261
Mostafa El-Sayed,Engineer,56,Male,A,,CUST-6262
Fatma Saied,Accountant,31,Male,C,Vehicle,CUST-6263
Hamdy Adel,Freelancer,44,Female,C,Land,CUST-6264
Hamdy Adel,Teacher,21,Female,B,,CUST-6265
Sara Fawzy,Freelancer,46,Male,D,Vehicle,CUST-6266
Hoda El-Sayed,Sales_Rep,32,Female,A,Land,CUST-6267
Mostafa Mahmoud,Sales_Rep,36,Male,B,,CUST-6268
Salma Abdel-Aziz,Engineer,61,Male,D,Land,CUST-6269
Dina El-Sayed,Freelancer,25,Female,A,Land,CUST-6270
Mohamed Ghanem,Accountant,46,Female,B,Land,CUST-6271
Mahmoud Mahmoud,Technician,43,Male,B,Land,CUST-6272
Salma Fawzy,Accountant,64,Male,D,,CUST-6273
Khaled Zaki,Sales_Rep,39,Male,A,Vehicle,CUST-6274
Ahmed Kamel,Accountant,58,Female,B,Vehicle,CUST-6275
Amira El-Sayed,Doctor,57,Male,D,Vehicle,CUST-6276
Tarek Hassan,Technician,45,Female,C,Vehicle,CUST-6277
Hoda Hassan,Accountant,49,Male,B,,CUST-6278
Tarek Fawzy,Technician,49,Male,D,Land,CUST-6279
Fatma Kamel,Engineer,39,Female,C,,CUST-6280
Amira Ghanem,Sales_Rep,40,Male,C,Land,CUST-6281
Ahmed Reda,Accountant,44,Male,C,Land,CUST-6282
Ibrahim Ghanem,Freelancer,59,Female,D,,CUST-6283
Mostafa Zaki,Technician,42,Female,C,Vehicle,CUST-6284
Tarek Amr,Freelancer,34,Male,B,Vehicle,CUST-6285
Mahmoud Saied,Technician,48,Female,A,Vehicle,CUST-6286
Hassan Ibrahim,Technician,51,Female,A,Vehicle,CUST-6287
Layla Hamdy,Teacher,60,Male,B,Vehicle,CUST-6288
Layla Reda,Accountant,44,Female,A,Vehicle,CUST-6289
Fatma Ghanem,Freelancer,26,Male,A,,CUST-6290
Omar El-Sayed,Teacher,55,Female,B,Land,CUST-6291
,Freelancer,50,Female,B,,CUST-6292
Zaki Nabil,Sales_Rep,44,Male,A,Land,CUST-6293
Heba Ibrahim,Freelancer,27,Female,D,Vehicle,CUST-6294
Mohamed Hassan,Freelancer,22,Male,C,Land,CUST-6295
Ibrahim Nabil,Technician,63,Male,B,,CUST-6296
Bassem Kamel,Technician,45,Female,A,,CUST-6297
Wael Nabil,Engineer,31,Male,D,,CUST-6298
Amira Saied,Engineer,37,Male,A,Land,CUST-6299
Hoda Reda,Sales_Rep,44,Female,B,Land,CUST-6300
Tarek Saied,Freelancer,29,Male,C,Land,CUST-6301
Wael Mahmoud,Technician,53,Male,D,Vehicle,CUST-6302
Sherif Mansour,Doctor,28,Male,A,Land,CUST-6303
Ibrahim Ghanem,Teacher,59,Male,D,Vehicle,CUST-6304
Zaki Adel,Technician,50,Male,D,,CUST-6305
Hassan El-Sayed,Engineer,21,Female,D,,CUST-6306
Nabil Adel,Accountant,39,Male,B,Vehicle,CUST-6307
Fatma El-Sayed,Accountant,43,Female,A,Vehicle,CUST-6308
Salma Hamdy,Doctor,59,Male,C,Vehicle,CUST-6309
Sherif El-Sayed,Technician,56,Male,B,,CUST-6310
Bassem Mahmoud,Engineer,39,Female,A,Land,CUST-6311
Ibrahim Mansour,Technician,61,Male,B,,CUST-6312
Mohamed Kamel,Doctor,22,Male,A,Vehicle,CUST-6313
Fatma Amr,Engineer,38,Male,C,Land,CUST-6314
Mona El-Sayed,Technician,39,Male,C,Vehicle,CUST-6315
Sara Mansour,Technician,27,Female,D,,CUST-6316
Heba Fawzy,Teacher,32,Female,A,Land,CUST-6317
Zaki Reda,Sales_Rep,21,Female,A,Vehicle,CUST-6318
Salma Fawzy,Technician,59,Male,D,Vehicle,CUST-6319
Mohamed Abdel-Aziz,Teacher,24,Male,B,Vehicle,CUST-6320
,Technician,49,Male,B,,CUST-6321
Mona El-Sayed,Accountant,47,Female,A,,CUST-6322
Hoda Hassan,Teacher,30,Male,C,Vehicle,CUST-6323
Mahmoud Nabil,Freelancer,61,Female,B,Land,CUST-6324
Zaki Amr,Doctor,58,Male,C,Land,CUST-6325
Khaled Hassan,Freelancer,65,Female,D,Land,CUST-6326
Mahmoud Kamel,Sales_Rep,43,Male,B,Land,CUST-6327
Hamdy Kamel,Technician,45,Male,C,Vehicle,CUST-6328
,Sales_Rep,47,Female,B,,CUST-6329
Hamdy Nabil,Accountant,31,Male,C,Land,CUST-6330
Mohamed Abdel-Aziz,Freelancer,48,Male,A,Land,CUST-6331
Ahmed El-Sayed,Accountant,36,Female,A,Vehicle,CUST-6332
Hassan Kamel,Accountant,47,Male,D,Vehicle,CUST-6333
Salma Ibrahim,Engineer,43,Male,D,,CUST-6334
Sherif Kamel,Technician,36,Female,B,Land,CUST-6335
Sherif Kamel,Technician,21,Male,A,Land,CUST-6336
Dina Kamel,Doctor,61,Male,B,Land,CUST-6337
Zaki Fawzy,Technician,47,Male,B,Land,CUST-6338
Hassan Ghanem,Accountant,28,Male,D,,CUST-6339
Wael Mahmoud,Teacher,32,Male,B,Land,CUST-6340
Sara Adel,Technician,27,Female,C,,CUST-6341
Mostafa Hassan,Teacher,54,Female,A,Vehicle,CUST-6342
Salma Ibrahim,Teacher,41,Male,B,Land,CUST-6343
Bassem Adel,Accountant,61,Female,B,,CUST-6344
Salma Hassan,Sales_Rep,63,Female,B,,CUST-6345
Ibrahim Ghanem,Accountant,31,Male,D,Land,CUST-6346
Heba Hamdy,Freelancer,41,Male,B,Vehicle,CUST-6347
Sara Mansour,Doctor,40,Male,D,,CUST-6348
Mahmoud El-Sayed,Technician,43,Female,C,Vehicle,CUST-6349
Hamdy Zaki,Doctor,37,Female,B,,CUST-6350
Hassan Ghanem,Teacher,24,Male,D,Land,CUST-6351
Ibrahim Nabil,Sales_Rep,38,Male,A,Land,CUST-6352
Mostafa Mahmoud,Engineer,37,Female,B,Vehicle,CUST-6353
Mostafa Nabil,Engineer,24,Female,B,Land,CUST-6354
Mostafa Ghanem,Doctor,45,Female,A,Land,CUST-6355
Fatma Reda,Engineer,44,Male,A,Vehicle,CUST-6356
Sherif Zaki,Teacher,57,Male,C,,CUST-6357
Tarek Zaki,Sales_Rep,27,Female,C,,CUST-6358
Bassem Adel,Doctor,52,Male,C,Land,CUST-6359
Ibrahim El-Sayed,Engineer,37,Female,D,,CUST-6360
Ahmed Hamdy,Sales_Rep,48,Male,B,Vehicle,CUST-6361
Khaled Ibrahim,Doctor,34,Male,D,Vehicle,CUST-6362
Tarek Fawzy,Sales_Rep,36,Male,A,Land,CUST-6363
Bassem Ibrahim,Technician,37,Male,C,,CUST-6364
Khaled Mansour,Doctor,59,Female,B,,CUST-6365
Omar Hamdy,Accountant,58,Male,D,Land,CUST-6366
Mohamed Ghanem,Doctor,55,Male,C,,CUST-6367
Mona Mahmoud,Sales_Rep,61,Male,A,Vehicle,CUST-6368
Ahmed Ibrahim,Doctor,32,Female,A,Vehicle,CUST-6369
Ibrahim Reda,Engineer,49,Male,C,Vehicle,CUST-6370
Sara Abdel-Aziz,Teacher,39,Male,C,Vehicle,CUST-6371
Salma Mansour,Freelancer,46,Male,B,Vehicle,CUST-6372
Mostafa Adel,Doctor,32,Male,D,Land,CUST-6373
Hoda Amr,Teacher,56,Female,C,Vehicle,CUST-6374
Omar Ghanem,Technician,55,Male,B,Land,CUST-6375
Tarek Adel,Accountant,59,Male,D,Land,CUST-6376
Heba El-Sayed,Teacher,62,Male,B,,CUST-6377
Wael El-Sayed,Teacher,43,Male,D,,CUST-6378
Mahmoud Saied,Doctor,53,Female,A,,CUST-6379
Mona Zaki,Freelancer,54,Male,C,Land,CUST-6380
Ahmed El-Sayed,Sales_Rep,22,Male,C,Vehicle,CUST-6381
Mostafa Nabil,Sales_Rep,46,Female,A,Vehicle,CUST-6382
Sara Fawzy,Engineer,28,Female,A,Vehicle,CUST-6383
Wael Hassan,Sales_Rep,49,Female,A,Land,CUST-6384
Tarek Mahmoud,Technician,47,Male,A,Land,CUST-6385
Bassem Amr,Accountant,55,Female,A,,CUST-6386
Fatma El-Sayed,Doctor,43,Female,C,Vehicle,CUST-6387
Heba El-Sayed,Freelancer,64,Male,A,Vehicle,CUST-6388
Zaki Saied,Engineer,34,Female,B,Vehicle,CUST-6389
Nabil Abdel-Aziz,Teacher,59,Male,D,Vehicle,CUST-6390
Tarek Reda,Accountant,42,Female,B,Vehicle,CUST-6391
Ibrahim Hassan,Sales_Rep,63,Male,A,Land,CUST-6392
Sara Zaki,Accountant,25,Male,B,Vehicle,CUST-6393
Salma Mahmoud,Engineer,39,Female,A,Vehicle,CUST-6394
Fatma Adel,Freelancer,34,Female,B,,CUST-6395
Bassem Kamel,Doctor,57,Male,B,,CUST-6396
Heba Fawzy,Doctor,42,Female,B,Land,CUST-6397
Ahmed Ghanem,Sales_Rep,56,Female,C,Land,CUST-6398
Hoda Hassan,Accountant,51,Male,D,Land,CUST-6399
Ibrahim Mansour,Teacher,33,Male,A,,CUST-6400
Nabil Mahmoud,Technician,54,Male,D,Land,CUST-6401
Ahmed Saied,Teacher,35,Male,B,Land,CUST-6402
,Sales_Rep,22,Male,B,,CUST-6403
Mahmoud Nabil,Engineer,49,Female,B,,CUST-6404
Hassan Abdel-Aziz,Teacher,60,Male,B,,CUST-6405
Hamdy Ibrahim,Teacher,50,Female,C,,CUST-6406
Sara Zaki,Doctor,47,Male,C,Land,CUST-6407
Mostafa Adel,Accountant,46,Male,B,Land,CUST-6408
Sherif Fawzy,Technician,64,Male,B,,CUST-6409
Wael Amr,Teacher,34,Male,B,,CUST-6410
Hassan Hassan,Technician,46,Female,C,Vehicle,CUST-6411
Mahmoud Adel,Teacher,27,Male,B,Land,CUST-6412
Tarek Ibrahim,Engineer,28,Male,A,Vehicle,CUST-6413
,Teacher,40,Male,A,,CUST-6414
Amira Hamdy,Doctor,51,Male,D,Land,CUST-6415
Hoda Zaki,Accountant,39,Male,B,Vehicle,CUST-6416
Heba Abdel-Aziz,Sales_Rep,51,Male,A,Vehicle,CUST-6417
Layla Saied,Doctor,21,Male,D,,CUST-6418
Omar Mansour,Doctor,26,Male,A,Vehicle,CUST-6419
Layla Amr,Doctor,36,Female,A,,CUST-6420
Mona Nabil,Technician,35,Female,B,Vehicle,CUST-6421
Amira El-Sayed,Teacher,24,Female,A,,CUST-6422
Amira Fawzy,Freelancer,37,Female,A,Land,CUST-6423
Omar Ghanem,Sales_Rep,37,Female,D,Land,CUST-6424
Hoda Hamdy,Engineer,23,Male,A,Vehicle,CUST-6425
Salma Reda,Doctor,32,Female,C,,CUST-6426
,Doctor,26,Female,B,Vehicle,CUST-6427
Hamdy Amr,Doctor,24,Female,B,,CUST-6428
Heba Mahmoud,Teacher,48,Male,A,Land,CUST-6429
Amira Amr,Sales_Rep,34,Male,A,Land,CUST-6430
Hoda Kamel,Doctor,41,Female,B,,CUST-6431
Heba Hamdy,Freelancer,29,Female,B,Land,CUST-6432
Hamdy Ghanem,Freelancer,55,Male,A,Vehicle,CUST-6433
Wael Abdel-Aziz,Freelancer,56,Male,D,Vehicle,CUST-6434
Mona Hamdy,Engineer,53,Male,A,Land,CUST-6435
Hassan Zaki,Accountant,49,Male,A,Land,CUST-6436
Sara Amr,Sales_Rep,22,Male,C,,CUST-6437
Zaki Ibrahim,Freelancer,60,Female,A,Vehicle,CUST-6438
Tarek Nabil,Technician,55,Male,C,Land,CUST-6439
Karim Saied,Sales_Rep,35,Male,A,Vehicle,CUST-6440
Mohamed Mahmoud,Doctor,32,Female,C,Land,CUST-6441
Sherif Ghanem,Accountant,35,Male,B,,CUST-6442
Bassem Amr,Sales_Rep,65,Male,A,Vehicle,CUST-6443
Mona Amr,Technician,39,Female,C,,CUST-6444
Tarek Reda,Technician,25,Male,D,Vehicle,CUST-6445
Hoda Hassan,Teacher,49,Male,A,,CUST-6446
Layla Mansour,Engineer,37,Male,A,,CUST-6447
Salma Abdel-Aziz,Accountant,28,Male,A,,CUST-6448
Layla Zaki,Doctor,53,Male,C,,CUST-6449
Nabil Ibrahim,Doctor,61,Male,C,Vehicle,CUST-6450
Mahmoud Saied,Engineer,45,Female,A,Land,CUST-6451
Sara Abdel-Aziz,Freelancer,42,Female,C,Vehicle,CUST-6452
,Engineer,51,Female,D,,CUST-6453
Ahmed Adel,Freelancer,44,Female,B,Vehicle,CUST-6454
Amira Amr,Doctor,50,Female,B,,CUST-6455
Hoda Abdel-Aziz,Doctor,31,Female,B,Vehicle,CUST-6456
Nabil Adel,Engineer,44,Female,B,Vehicle,CUST-6457
Fatma Mahmoud,Sales_Rep,21,Male,B,Vehicle,CUST-6458
Mahmoud Ibrahim,Teacher,30,Male,A,Land,CUST-6459
Sherif Mahmoud,Teacher,40,Female,D,Vehicle,CUST-6460
Wael Hamdy,Freelancer,49,Female,C,Land,CUST-6461
Tarek El-Sayed,Sales_Rep,28,Male,C,Vehicle,CUST-6462
Nabil Adel,Engineer,45,Female,C,Land,CUST-6463
Ahmed Amr,Teacher,58,Female,D,Land,CUST-6464
,Freelancer,64,Female,D,,CUST-6465
Karim Adel,Doctor,55,Female,D,Land,CUST-6466
Khaled Mahmoud,Teacher,51,Female,C,,CUST-6467
Nabil Hassan,Sales_Rep,45,Female,A,Land,CUST-6468
Ibrahim Adel,Doctor,21,Male,B,Vehicle,CUST-6469
,Engineer,37,Male,B,,CUST-6470
Hassan Ghanem,Doctor,54,Female,A,,CUST-6471
Omar Adel,Technician,36,Female,A,Vehicle,CUST-6472
Dina Abdel-Aziz,Accountant,27,Female,A,Land,CUST-6473
Fatma Saied,Teacher,23,Male,D,Vehicle,CUST-6474
Nabil Hamdy,Teacher,38,Male,C,Vehicle,CUST-6475
Hoda Abdel-Aziz,Sales_Rep,35,Female,C,Land,CUST-6476
Ibrahim Mansour,Freelancer,54,Male,C,Vehicle,CUST-6477
Ahmed El-Sayed,Teacher,47,Male,B,Land,CUST-6478
Karim Fawzy,Teacher,45,Female,C,Vehicle,CUST-6479
Ibrahim Hamdy,Freelancer,24,Male,C,Land,CUST-6480
Fatma Hamdy,Sales_Rep,33,Female,C,Land,CUST-6481
Karim Mahmoud,Technician,45,Male,B,Vehicle,CUST-6482
Amira Mansour,Sales_Rep,23,Male,D,Land,CUST-6483
Hamdy Mansour,Doctor,36,Male,C,Land,CUST-6484
Nabil Hamdy,Technician,49,Male,D,Vehicle,CUST-6485
Mahmoud Abdel-Aziz,Teacher,21,Female,B,Vehicle,CUST-6486
Zaki Mansour,Teacher,23,Male,B,,CUST-6487
Dina Ibrahim,Accountant,51,Male,D,,CUST-6488
Wael Ghanem,Teacher,53,Male,A,Vehicle,CUST-6489
Mahmoud Hamdy,Accountant,37,Female,B,,CUST-6490
Ibrahim Adel,Teacher,42,Female,C,Land,CUST-6491
Heba Zaki,Accountant,30,Female,A,Land,CUST-6492
Fatma Mansour,Freelancer,52,Male,D,Vehicle,CUST-6493
Mostafa Mansour,Accountant,50,Male,C,Land,CUST-6494
Hassan Adel,Technician,62,Female,C,Vehicle,CUST-6495
Ahmed Hassan,Freelancer,33,Female,D,,CUST-6496
Mostafa Adel,Teacher,47,Male,B,Vehicle,CUST-6497
Hoda Kamel,Teacher,54,Female,C,Land,CUST-6498
Nabil Saied,Engineer,33,Female,A,,CUST-6499
Zaki Mansour,Engineer,22,Female,C,,CUST-6500
Nabil Fawzy,Freelancer,23,Male,A,,CUST-6501
Wael Mansour,Freelancer,61,Male,B,,CUST-6502
Ahmed Fawzy,Engineer,23,Male,C,,CUST-6503
Hamdy Mahmoud,Sales_Rep,31,Female,D,,CUST-6504
Sara El-Sayed,Freelancer,21,Female,D,Vehicle,CUST-6505
Salma Reda,Engineer,34,Female,B,Land,CUST-6506
Hassan Amr,Engineer,33,Female,A,Land,CUST-6507
Wael Fawzy,Freelancer,60,Female,C,Land,CUST-6508
Wael El-Sayed,Freelancer,50,Female,D,Vehicle,CUST-6509
Bassem Mansour,Sales_Rep,27,Male,A,,CUST-6510
Hoda Ghanem,Engineer,56,Male,A,Vehicle,CUST-6511
,Doctor,41,Female,D,,CUST-6512
Nabil Ibrahim,Technician,37,Male,C,Land,CUST-6513
Fatma Abdel-Aziz,Sales_Rep,30,Male,D,,CUST-6514
Omar Zaki,Freelancer,60,Female,B,Vehicle,CUST-6515
Heba Zaki,Technician,34,Male,B,Land,CUST-6516
Layla Ghanem,Freelancer,30,Male,D,,CUST-6517
Khaled Hamdy,Doctor,21,Female,A,,CUST-6518
Nabil Hassan,Accountant,42,Female,B,,CUST-6519
Wael Fawzy,Doctor,62,Female,B,Vehicle,CUST-6520
Wael Abdel-Aziz,Technician,36,Male,C,Vehicle,CUST-6521
Mahmoud Reda,Doctor,58,Male,B,Land,CUST-6522
Tarek Ibrahim,Sales_Rep,35,Female,A,,CUST-6523
Mahmoud Adel,Technician,64,Female,C,Vehicle,CUST-6524
Zaki Hamdy,Teacher,56,Female,B,Land,CUST-6525
Mohamed Kamel,Teacher,41,Female,D,Vehicle,CUST-6526
Karim Abdel-Aziz,Accountant,48,Male,B,Vehicle,CUST-6527
Heba Fawzy,Accountant,32,Male,B,,CUST-6528
Ahmed Adel,Freelancer,23,Female,C,,CUST-6529
Khaled Kamel,Engineer,38,Male,C,,CUST-6530
Ahmed Hassan,Technician,65,Female,C,,CUST-6531
Omar El-Sayed,Doctor,63,Female,D,,CUST-6532
Nabil Fawzy,Teacher,40,Female,B,Land,CUST-6533
Mahmoud Nabil,Engineer,23,Male,A,,CUST-6534
Sara Fawzy,Accountant,63,Female,B,Vehicle,CUST-6535
,Engineer,45,Female,B,Land,CUST-6536
Hamdy Hassan,Engineer,61,Female,B,Vehicle,CUST-6537
Mohamed Kamel,Doctor,65,Female,B,,CUST-6538
Layla Ibrahim,Accountant,55,Male,C,,CUST-6539
Karim El-Sayed,Accountant,61,Female,C,Vehicle,CUST-6540
Omar El-Sayed,Doctor,57,Male,D,Vehicle,CUST-6541
Karim Ibrahim,Doctor,33,Female,B,Vehicle,CUST-6542
,Engineer,51,Female,A,Land,CUST-6543
Tarek Hassan,Accountant,38,Male,D,Land,CUST-6544
Tarek Amr,Sales_Rep,52,Male,C,Land,CUST-6545
Mostafa Kamel,Sales_Rep,45,Male,A,Land,CUST-6546
Sara Mansour,Doctor,44,Female,C,Land,CUST-6547
Nabil Hassan,Technician,46,Female,D,,CUST-6548
Omar Abdel-Aziz,Engineer,62,Male,C,,CUST-6549
Khaled Saied,Freelancer,30,Male,C,Land,CUST-6550
Layla Fawzy,Technician,22,Male,B,,CUST-6551
Omar Amr,Technician,23,Male,B,Vehicle,CUST-6552
Heba Saied,Doctor,36,Male,A,Vehicle,CUST-6553
Heba Hamdy,Sales_Rep,28,Male,A,,CUST-6554
Fatma Ghanem,Doctor,22,Female,D,Vehicle,CUST-6555
Zaki Hassan,Sales_Rep,50,Male,C,Vehicle,CUST-6556
Mahmoud Adel,Teacher,59,Male,D,,CUST-6557
Salma Adel,Sales_Rep,23,Female,A,Vehicle,CUST-6558
Mohamed El-Sayed,Sales_Rep,59,Male,C,,CUST-6559
Bassem Reda,Accountant,31,Male,D,Land,CUST-6560
Bassem Ibrahim,Doctor,51,Female,D,Land,CUST-6561
Nabil Abdel-Aziz,Engineer,61,Male,D,,CUST-6562
Sara El-Sayed,Freelancer,39,Female,C,,CUST-6563
Karim Amr,Accountant,57,Female,A,Land,CUST-6564
Mahmoud Mahmoud,Freelancer,30,Male,C,Vehicle,CUST-6565
Omar Saied,Freelancer,46,Male,A,,CUST-6566
Tarek Fawzy,Accountant,21,Male,C,,CUST-6567
Layla Kamel,Teacher,24,Male,A,Land,CUST-6568
Heba Hamdy,Sales_Rep,65,Male,A,Vehicle,CUST-6569
Heba Ghanem,Freelancer,33,Female,D,,CUST-6570
Fatma Zaki,Accountant,39,Male,A,Land,CUST-6571
Fatma Abdel-Aziz,Doctor,42,Male,C,Land,CUST-6572
Hassan Adel,Sales_Rep,44,Male,D,Land,CUST-6573
Mohamed Hamdy,Sales_Rep,33,Female,D,Vehicle,CUST-6574
Khaled Fawzy,Engineer,46,Male,A,,CUST-6575
Zaki Nabil,Accountant,34,Female,B,Vehicle,CUST-6576
Sara Fawzy,Freelancer,27,Male,B,Vehicle,CUST-6577
Sara Reda,Engineer,53,Female,C,Vehicle,CUST-6578
Sherif Hamdy,Freelancer,50,Male,A,Vehicle,CUST-6579
Layla Ibrahim,Accountant,57,Male,A,Land,CUST-6580
Sara Reda,Engineer,58,Male,C,Land,CUST-6581
Heba Nabil,Technician,44,Female,A,Vehicle,CUST-6582
Sara Nabil,Freelancer,61,Male,C,Land,CUST-6583
Hamdy Adel,Doctor,49,Female,D,Vehicle,CUST-6584
Mohamed Nabil,Teacher,28,Male,B,Vehicle,CUST-6585
Hamdy Hassan,Sales_Rep,41,Female,C,Land,CUST-6586
Mostafa Zaki,Teacher,34,Male,C,Land,CUST-6587
Amira Ghanem,Technician,49,Female,D,Land,CUST-6588
Layla Saied,Teacher,21,Male,A,Vehicle,CUST-6589
Omar Hassan,Accountant,61,Male,A,,CUST-6590
Nabil Hamdy,Engineer,44,Female,C,Vehicle,CUST-6591
Wael Ibrahim,Freelancer,21,Female,D,Vehicle,CUST-6592
Amira Ghanem,Teacher,58,Female,C,,CUST-6593
Amira Mahmoud,Engineer,50,Female,C,Vehicle,CUST-6594
Omar Ghanem,Technician,21,Male,B,Land,CUST-6595
Hoda Adel,Freelancer,42,Female,C,Vehicle,CUST-6596
Khaled Ibrahim,Technician,50,Male,B,Land,CUST-6597
Mona Mahmoud,Freelancer,58,Female,A,,CUST-6598
Karim El-Sayed,Freelancer,33,Female,A,Land,CUST-6599
Salma Ghanem,Doctor,46,Female,D,Vehicle,CUST-6600
Sara Ibrahim,Doctor,50,Male,C,,CUST-6601
Hamdy Zaki,Freelancer,65,Female,C,Land,CUST-6602
Sherif Ibrahim,Freelancer,25,Male,A,Vehicle,CUST-6603
Wael Reda,Engineer,21,Female,C,Land,CUST-6604
Fatma Hassan,Teacher,53,Male,A,,CUST-6605
Layla Zaki,Technician,22,Male,A,,CUST-6606
Hassan Ibrahim,Accountant,50,Female,C,,CUST-6607
Tarek Reda,Sales_Rep,21,Male,C,Land,CUST-6608
Karim Fawzy,Technician,29,Male,C,Land,CUST-6609
Mohamed El-Sayed,Accountant,48,Male,C,,CUST-6610
Ahmed Hassan,Engineer,28,Male,C,Vehicle,CUST-6611
Mona Mahmoud,Technician,43,Female,C,,CUST-6612
Zaki Adel,Sales_Rep,60,Male,A,Vehicle,CUST-6613
Ahmed Mansour,Technician,27,Female,C,,CUST-6614
Mohamed El-Sayed,Engineer,65,Male,B,,CUST-6615
Karim Ibrahim,Teacher,22,Male,B,Land,CUST-6616
Mahmoud Amr,Sales_Rep,64,Male,A,Land,CUST-6617
Salma Adel,Teacher,30,Male,A,Vehicle,CUST-6618
Amira Hamdy,Accountant,54,Female,B,Vehicle,CUST-6619
Mahmoud Zaki,Technician,58,Male,D,,CUST-6620
Salma Mansour,Doctor,59,Female,A,,CUST-6621
Mohamed Hassan,Accountant,23,Male,B,,CUST-6622
Sherif Abdel-Aziz,Technician,24,Female,B,Vehicle,CUST-6623
Hassan Mahmoud,Teacher,42,Female,A,Land,CUST-6624
Fatma Amr,Engineer,46,Male,C,,CUST-6625
Amira Fawzy,Teacher,53,Male,D,Land,CUST-6626
,Sales_Rep,59,Female,B,Land,CUST-6627
Hoda Nabil,Technician,24,Female,D,,CUST-6628
Zaki Saied,Sales_Rep,37,Female,C,Vehicle,CUST-6629
Salma Hamdy,Technician,42,Male,D,,CUST-6630
Fatma Fawzy,Sales_Rep,28,Male,C,Land,CUST-6631
,Technician,27,Female,A,,CUST-6632
,Sales_Rep,61,Male,C,,CUST-6633
Dina El-Sayed,Technician,36,Female,B,Vehicle,CUST-6634
Mona Kamel,Engineer,39,Female,D,Land,CUST-6635
Mahmoud Ghanem,Doctor,65,Female,A,Land,CUST-6636
Layla Abdel-Aziz,Engineer,22,Male,A,Land,CUST-6637
Ibrahim Hassan,Freelancer,26,Male,D,Land,CUST-6638
Mostafa Amr,Doctor,30,Male,C,Land,CUST-6639
Mostafa Ibrahim,Sales_Rep,22,Male,A,Vehicle,CUST-6640
Wael Ghanem,Freelancer,27,Male,C,Vehicle,CUST-6641
Khaled Zaki,Sales_Rep,60,Female,C,,CUST-6642
,Accountant,60,Male,B,Vehicle,CUST-6643
Ibrahim Fawzy,Technician,50,Female,C,Land,CUST-6644
Salma Nabil,Freelancer,35,Male,B,,CUST-6645
Mona Zaki,Accountant,44,Male,B,Vehicle,CUST-6646
Ibrahim Nabil,Sales_Rep,51,Female,D,Vehicle,CUST-6647
Amira Ghanem,Freelancer,63,Male,D,,CUST-6648
Fatma Hamdy,Technician,45,Female,B,,CUST-6649
Salma Mahmoud,Doctor,30,Female,B,,CUST-6650
Nabil Nabil,Doctor,64,Female,A,Land,CUST-6651
Salma Abdel-Aziz,Technician,50,Female,B,Land,CUST-6652
Hassan Hassan,Freelancer,54,Female,A,Land,CUST-6653
Omar Fawzy,Freelancer,40,Male,D,,CUST-6654
Nabil Kamel,Accountant,52,Female,A,Land,CUST-6655
Khaled Nabil,Doctor,43,Male,C,Vehicle,CUST-6656
Salma Mansour,Freelancer,44,Female,A,Land,CUST-6657
Sara Amr,Freelancer,58,Male,B,Land,CUST-6658
Sherif El-Sayed,Sales_Rep,60,Female,C,,CUST-6659
Mostafa Mansour,Freelancer,56,Male,C,Vehicle,CUST-6660
Hassan Amr,Sales_Rep,33,Male,A,Land,CUST-6661
Amira Ibrahim,Technician,41,Male,A,Vehicle,CUST-6662
Zaki Mansour,Accountant,50,Female,D,Vehicle,CUST-6663
Mahmoud Adel,Freelancer,57,Female,C,,CUST-6664
Dina Hassan,Teacher,55,Male,B,,CUST-6665
Tarek Reda,Teacher,59,Male,D,Land,CUST-6666
Heba Nabil,Technician,48,Female,A,Land,CUST-6667
Nabil Kamel,Doctor,61,Male,D,,CUST-6668
Karim Adel,Engineer,31,Female,A,Land,CUST-6669
Mahmoud El-Sayed,Accountant,55,Male,D,Vehicle,CUST-6670
Dina Hamdy,Sales_Rep,31,Female,B,,CUST-6671
Nabil Fawzy,Engineer,35,Male,B,,CUST-6672
Mostafa Reda,Teacher,34,Male,C,Vehicle,CUST-6673
Heba Abdel-Aziz,Doctor,21,Male,B,Land,CUST-6674
,Doctor,23,Female,C,Vehicle,CUST-6675
Ibrahim Mansour,Teacher,45,Male,B,Land,CUST-6676
Wael Fawzy,Teacher,24,Male,B,,CUST-6677
Dina Fawzy,Engineer,62,Female,D,Land,CUST-6678
Hamdy Zaki,Technician,43,Female,A,Land,CUST-6679
Mona Zaki,Teacher,27,Female,B,Vehicle,CUST-6680
Sherif Saied,Freelancer,63,Female,B,Land,CUST-6681
Zaki Mansour,Sales_Rep,42,Female,C,Land,CUST-6682
Dina Mansour,Teacher,32,Male,B,Vehicle,CUST-6683
Sara Amr,Technician,52,Female,A,,CUST-6684
Salma Nabil,Technician,53,Male,A,,CUST-6685
Mohamed Mahmoud,Engineer,37,Female,A,,CUST-6686
Sherif Reda,Technician,62,Female,D,Vehicle,CUST-6687
Fatma Fawzy,Teacher,64,Female,A,Vehicle,CUST-6688
Sara Mahmoud,Accountant,40,Male,A,Vehicle,CUST-6689
Hoda Adel,Technician,48,Female,D,,CUST-6690
Mona Mahmoud,Freelancer,29,Male,C,Land,CUST-6691
Zaki Saied,Engineer,48,Female,D,Vehicle,CUST-6692
Mostafa Mahmoud,Accountant,21,Male,D,Land,CUST-6693
,Engineer,28,Female,C,,CUST-6694
Hamdy Kamel,Sales_Rep,27,Male,A,,CUST-6695
Tarek Mahmoud,Teacher,58,Male,D,Vehicle,CUST-6696
Zaki Mansour,Accountant,61,Male,C,,CUST-6697
Fatma Amr,Sales_Rep,38,Male,C,Land,CUST-6698
Mahmoud El-Sayed,Doctor,46,Male,A,Land,CUST-6699
Salma Adel,Doctor,39,Male,C,,CUST-6700
Heba El-Sayed,Doctor,24,Female,B,Vehicle,CUST-6701
Mona Kamel,Technician,44,Male,B,,CUST-6702
Hoda Reda,Engineer,47,Female,D,Land,CUST-6703
Karim Reda,Engineer,51,Female,A,Vehicle,CUST-6704
,Doctor,48,Male,D,Land,CUST-6705
Mohamed Saied,Technician,53,Male,A,Vehicle,CUST-6706
Amira Ibrahim,Sales_Rep,39,Male,C,Land,CUST-6707
Salma Adel,Freelancer,58,Female,D,Land,CUST-6708
Mohamed El-Sayed,Freelancer,35,Female,B,Land,CUST-6709
Amira Kamel,Engineer,34,Female,C,Land,CUST-6710
Wael Hamdy,Doctor,38,Male,D,Vehicle,CUST-6711
Bassem Amr,Technician,54,Male,D,,CUST-6712
Sherif Kamel,Freelancer,34,Female,B,Land,CUST-6713
Sherif Adel,Engineer,55,Female,C,Land,CUST-6714
Salma Kamel,Freelancer,37,Female,A,Vehicle,CUST-6715
Mahmoud Saied,Freelancer,35,Male,C,,CUST-6716
Tarek Saied,Accountant,31,Female,A,Vehicle,CUST-6717
,Doctor,32,Female,A,Land,CUST-6718
Nabil Reda,Sales_Rep,44,Male,D,,CUST-6719
Zaki Mahmoud,Doctor,34,Male,C,Vehicle,CUST-6720
Sara Abdel-Aziz,Accountant,38,Male,C,Land,CUST-6721
Dina Adel,Sales_Rep,43,Male,B,Vehicle,CUST-6722
Mahmoud Mansour,Accountant,41,Female,C,Land,CUST-6723
Layla Kamel,Accountant,45,Female,D,,CUST-6724
Ahmed Fawzy,Doctor,62,Male,D,Land,CUST-6725
Hassan Reda,Sales_Rep,33,Female,C,,CUST-6726
Mona Adel,Engineer,52,Male,A,Vehicle,CUST-6727
,Technician,51,Male,C,Land,CUST-6728
Sara Mansour,Freelancer,47,Female,A,Land,CUST-6729
Sherif Adel,Sales_Rep,24,Male,C,Land,CUST-6730
Mostafa Kamel,Sales_Rep,62,Male,D,Vehicle,CUST-6731
Mona Fawzy,Accountant,35,Male,A,,CUST-6732
,Engineer,36,Female,D,Vehicle,CUST-6733
Ahmed Amr,Accountant,38,Female,A,Vehicle,CUST-6734
Mostafa Ghanem,Freelancer,50,Female,B,Vehicle,CUST-6735
Fatma Amr,Technician,48,Male,A,Vehicle,CUST-6736
Heba Hassan,Doctor,31,Male,B,,CUST-6737
Nabil Nabil,Sales_Rep,45,Male,B,Land,CUST-6738
Mona Fawzy,Sales_Rep,43,Female,A,Vehicle,CUST-6739
Omar Abdel-Aziz,Engineer,58,Female,C,Vehicle,CUST-6740
Amira Saied,Technician,48,Male,D,Land,CUST-6741
Khaled Kamel,Accountant,51,Male,C,Land,CUST-6742
Zaki Adel,Accountant,22,Male,B,Land,CUST-6743
Ahmed Amr,Teacher,48,Male,C,,CUST-6744
Khaled Nabil,Accountant,27,Female,C,Land,CUST-6745
Hamdy Abdel-Aziz,Teacher,32,Male,D,Vehicle,CUST-6746
Mona Hassan,Doctor,48,Female,C,Land,CUST-6747
Hoda Kamel,Technician,29,Female,C,Vehicle,CUST-6748
Sara Kamel,Sales_Rep,35,Male,A,Land,CUST-6749
Ahmed Adel,Sales_Rep,49,Male,A,,CUST-6750
Wael Saied,Teacher,51,Male,D,,CUST-6751
Khaled Abdel-Aziz,Teacher,31,Male,C,Land,CUST-6752
Nabil Reda,Engineer,55,Female,C,Land,CUST-6753
Karim Hamdy,Technician,26,Male,C,Vehicle,CUST-6754
Hamdy Reda,Freelancer,44,Female,C,Vehicle,CUST-6755
Sara Mansour,Technician,24,Female,C,Land,CUST-6756
Layla Nabil,Doctor,30,Male,D,Vehicle,CUST-6757
Heba Mansour,Doctor,50,Female,B,,CUST-6758
Layla Zaki,Sales_Rep,46,Female,A,Land,CUST-6759
Mohamed Fawzy,Technician,34,Male,B,Vehicle,CUST-6760
Zaki Mahmoud,Teacher,43,Male,B,Land,CUST-6761
Fatma Mansour,Engineer,62,Female,C,Vehicle,CUST-6762
Mahmoud El-Sayed,Engineer,65,Female,C,,CUST-6763
Nabil Hamdy,Freelancer,51,Male,C,Land,CUST-6764
Nabil Fawzy,Technician,26,Male,D,Vehicle,CUST-6765
Salma Reda,Teacher,43,Male,C,Vehicle,CUST-6766
Fatma Abdel-Aziz,Accountant,34,Male,A,,CUST-6767
Mahmoud Zaki,Freelancer,36,Female,C,,CUST-6768
Omar El-Sayed,Engineer,52,Male,A,,CUST-6769
Hamdy Hamdy,Technician,30,Male,D,Vehicle,CUST-6770
Nabil Reda,Doctor,30,Male,B,,CUST-6771
Zaki Abdel-Aziz,Freelancer,44,Female,B,Land,CUST-6772
Heba Hamdy,Teacher,30,Male,C,Vehicle,CUST-6773
Salma El-Sayed,Doctor,50,Male,D,,CUST-6774
Omar El-Sayed,Freelancer,43,Female,B,Vehicle,CUST-6775
Hassan Adel,Teacher,63,Male,A,Land,CUST-6776
Salma Mahmoud,Teacher,29,Male,A,Land,CUST-6777
Amira Mansour,Accountant,38,Male,A,,CUST-6778
Karim Ibrahim,Sales_Rep,55,Male,D,Land,CUST-6779
Sherif Saied,Accountant,23,Female,B,,CUST-6780
Ibrahim Reda,Engineer,46,Female,D,Vehicle,CUST-6781
Nabil Kamel,Doctor,27,Male,C,Land,CUST-6782
Omar Ibrahim,Sales_Rep,29,Male,C,Vehicle,CUST-6783
Hamdy Kamel,Doctor,58,Male,A,,CUST-6784
Ibrahim Ibrahim,Technician,28,Male,B,,CUST-6785
Wael Reda,Doctor,59,Male,D,Vehicle,CUST-6786
Mahmoud Adel,Engineer,46,Male,D,Vehicle,CUST-6787
Hassan Mahmoud,Accountant,32,Male,B,,CUST-6788
Salma Ghanem,Teacher,31,Male,C,Vehicle,CUST-6789
Mahmoud Zaki,Freelancer,65,Female,D,,CUST-6790
Ahmed Hamdy,Engineer,27,Male,D,Land,CUST-6791
Hamdy Zaki,Doctor,22,Female,C,,CUST-6792
Bassem Mahmoud,Teacher,53,Female,D,Land,CUST-6793
Salma Nabil,Freelancer,60,Female,D,Land,CUST-6794
Heba Mahmoud,Accountant,58,Female,B,Vehicle,CUST-6795
Salma Nabil,Teacher,39,Male,D,Vehicle,CUST-6796
Nabil Zaki,Sales_Rep,23,Female,A,,CUST-6797
Mahmoud Hamdy,Engineer,47,Male,D,,CUST-6798
Fatma Hamdy,Doctor,65,Female,A,Land,CUST-6799
Hoda Adel,Sales_Rep,35,Male,B,Vehicle,CUST-6800
Karim El-Sayed,Technician,62,Male,A,,CUST-6801
Heba Abdel-Aziz,Teacher,42,Female,D,,CUST-6802
Mona Hassan,Doctor,29,Female,C,Vehicle,CUST-6803
Zaki Fawzy,Doctor,51,Female,B,Land,CUST-6804
Sara Kamel,Accountant,39,Female,A,,CUST-6805
Hamdy Nabil,Accountant,54,Male,B,Vehicle,CUST-6806
Hamdy Hassan,Engineer,21,Male,A,,CUST-6807
Fatma Ibrahim,Freelancer,64,Female,B,,CUST-6808
Wael Ghanem,Teacher,46,Male,C,Land,CUST-6809
Karim Zaki,Accountant,65,Male,D,Land,CUST-6810
,Teacher,24,Male,B,,CUST-6811
Bassem Hamdy,Doctor,57,Female,B,,CUST-6812
Omar Hamdy,Teacher,50,Female,C,,CUST-6813
Sara Amr,Doctor,52,Female,D,Land,CUST-6814
Ibrahim Zaki,Engineer,60,Male,C,Vehicle,CUST-6815
Zaki Mansour,Accountant,65,Male,D,,CUST-6816
Mahmoud Hassan,Engineer,57,Male,B,Land,CUST-6817
Salma Ibrahim,Engineer,57,Male,B,Vehicle,CUST-6818
Mona Saied,Teacher,24,Female,D,Land,CUST-6819
Mona Ghanem,Freelancer,46,Female,C,,CUST-6820
Nabil Fawzy,Accountant,33,Male,D,,CUST-6821
Zaki Ibrahim,Doctor,30,Male,D,Vehicle,CUST-6822
Tarek Kamel,Doctor,37,Male,C,Vehicle,CUST-6823
Hoda Zaki,Freelancer,41,Female,D,,CUST-6824
Ibrahim Kamel,Sales_Rep,55,Male,B,Vehicle,CUST-6825
Zaki Kamel,Doctor,47,Female,B,Land,CUST-6826
Mahmoud Mansour,Teacher,43,Female,C,Vehicle,CUST-6827
Amira Ibrahim,Accountant,30,Female,B,,CUST-6828
Dina Amr,Engineer,63,Female,D,,CUST-6829
Nabil Hamdy,Doctor,25,Male,B,Vehicle,CUST-6830
Nabil Amr,Doctor,49,Female,C,,CUST-6831
Mostafa Ghanem,Sales_Rep,51,Female,D,Vehicle,CUST-6832
Dina El-Sayed,Accountant,44,Female,B,Vehicle,CUST-6833
Nabil Ibrahim,Sales_Rep,56,Female,D,,CUST-6834
Ibrahim Mansour,Sales_Rep,45,Female,B,Land,CUST-6835
Mona Saied,Doctor,35,Male,B,,CUST-6836
Karim Nabil,Freelancer,52,Male,C,,CUST-6837
Heba Mahmoud,Accountant,22,Female,D,Vehicle,CUST-6838
Omar Amr,Sales_Rep,61,Male,D,Vehicle,CUST-6839
Mostafa Fawzy,Teacher,37,Male,D,Vehicle,CUST-6840
Mahmoud Amr,Engineer,54,Male,B,Vehicle,CUST-6841
Fatma Abdel-Aziz,Teacher,42,Female,C,Land,CUST-6842
Mohamed Nabil,Engineer,25,Male,A,Land,CUST-6843
Sara El-Sayed,Freelancer,55,Female,B,Land,CUST-6844
Hassan Hassan,Doctor,51,Male,C,,CUST-6845
Bassem Mansour,Accountant,29,Male,B,Land,CUST-6846
Fatma Kamel,Accountant,47,Female,D,Land,CUST-6847
Mohamed Ibrahim,Engineer,42,Female,D,,CUST-6848
Ahmed Zaki,Freelancer,43,Female,A,,CUST-6849
Khaled Amr,Freelancer,55,Female,D,,CUST-6850
Ibrahim Adel,Engineer,42,Male,B,Vehicle,CUST-6851
Fatma Saied,Technician,26,Female,D,,CUST-6852
Ibrahim Fawzy,Doctor,27,Male,A,Vehicle,CUST-6853
Sara Ghanem,Accountant,57,Male,D,Vehicle,CUST-6854
Heba Reda,Sales_Rep,42,Female,A,,CUST-6855
Dina Mahmoud,Technician,46,Female,B,Land,CUST-6856
Khaled Abdel-Aziz,Teacher,35,Male,C,Vehicle,CUST-6857
Mahmoud Amr,Engineer,43,Female,B,Land,CUST-6858
Hoda Mansour,Freelancer,22,Female,C,,CUST-6859
Karim Hamdy,Doctor,56,Male,D,Land,CUST-6860
Hassan Zaki,Freelancer,28,Male,D,,CUST-6861
Nabil Saied,Sales_Rep,40,Male,C,Land,CUST-6862
Karim Mahmoud,Freelancer,41,Female,C,,CUST-6863
Bassem Hassan,Engineer,31,Male,D,Vehicle,CUST-6864
Zaki Hassan,Technician,39,Female,A,Vehicle,CUST-6865
Sherif Amr,Freelancer,31,Male,B,,CUST-6866
Mona Nabil,Accountant,53,Male,B,Land,CUST-6867
,Freelancer,63,Female,B,Vehicle,CUST-6868
Omar Zaki,Sales_Rep,24,Female,A,,CUST-6869
Zaki Amr,Sales_Rep,34,Female,B,,CUST-6870
Mohamed Ghanem,Freelancer,36,Female,A,Vehicle,CUST-6871
Hassan Adel,Freelancer,41,Female,A,Vehicle,CUST-6872
Fatma Abdel-Aziz,Doctor,60,Male,B,Land,CUST-6873
Mahmoud Hassan,Engineer,58,Male,B,Land,CUST-6874
Wael Ibrahim,Doctor,37,Male,B,Vehicle,CUST-6875
Bassem El-Sayed,Doctor,45,Female,C,Vehicle,CUST-6876
Ibrahim Amr,Doctor,43,Male,D,,CUST-6877
Sherif Mansour,Teacher,64,Female,C,,CUST-6878
Mostafa Zaki,Engineer,45,Male,B,Vehicle,CUST-6879
Amira Hassan,Technician,28,Male,A,Vehicle,CUST-6880
Mona Kamel,Freelancer,60,Female,D,,CUST-6881
Layla El-Sayed,Freelancer,51,Male,A,Vehicle,CUST-6882
Mohamed Ibrahim,Engineer,37,Male,D,,CUST-6883
Tarek Ibrahim,Freelancer,29,Male,B,,CUST-6884
Dina Kamel,Technician,24,Male,B,Vehicle,CUST-6885
Hoda Kamel,Doctor,43,Male,C,,CUST-6886
,Sales_Rep,35,Male,B,,CUST-6887
Hoda Ghanem,Engineer,41,Female,B,Land,CUST-6888
Hamdy Ghanem,Freelancer,53,Male,C,,CUST-6889
Sara Hamdy,Accountant,56,Male,D,,CUST-6890
Layla Zaki,Technician,46,Female,D,,CUST-6891
Mostafa Ghanem,Accountant,26,Female,B,Vehicle,CUST-6892
Mahmoud Kamel,Accountant,47,Female,B,Land,CUST-6893
Hassan Fawzy,Engineer,43,Female,C,Vehicle,CUST-6894
Wael El-Sayed,Freelancer,28,Female,C,Vehicle,CUST-6895
Mahmoud Abdel-Aziz,Accountant,51,Female,D,Vehicle,CUST-6896
Bassem Adel,Engineer,33,Female,D,Vehicle,CUST-6897
Ibrahim Kamel,Technician,63,Male,C,Vehicle,CUST-6898
Karim Hassan,Teacher,40,Male,A,,CUST-6899
Hoda Nabil,Freelancer,42,Male,A,,CUST-6900
Fatma Hamdy,Teacher,31,Male,C,Land,CUST-6901
,Engineer,53,Female,D,,CUST-6902
Nabil Ibrahim,Freelancer,65,Female,A,,CUST-6903
Amira Zaki,Doctor,49,Male,B,Land,CUST-6904
Hamdy Saied,Doctor,54,Female,A,Land,CUST-6905
Bassem Hassan,Engineer,22,Female,A,Land,CUST-6906
Tarek Mansour,Technician,42,Female,A,Vehicle,CUST-6907
Mona Ibrahim,Technician,44,Female,D,Vehicle,CUST-6908
Mahmoud Reda,Teacher,32,Female,A,,CUST-6909
,Sales_Rep,62,Female,C,Land,CUST-6910
Hoda Reda,Doctor,33,Female,D,Vehicle,CUST-6911
Hamdy Mansour,Engineer,62,Male,D,,CUST-6912
Nabil Kamel,Doctor,37,Female,A,,CUST-6913
Karim Adel,Teacher,63,Male,A,Land,CUST-6914
Dina Saied,Engineer,27,Female,C,Vehicle,CUST-6915
Mona Zaki,Teacher,40,Female,D,,CUST-6916
Zaki Ibrahim,Sales_Rep,31,Male,C,Land,CUST-6917
Omar El-Sayed,Freelancer,21,Female,B,Vehicle,CUST-6918
Heba Ibrahim,Technician,55,Male,B,,CUST-6919
Mahmoud Kamel,Freelancer,54,Female,A,Land,CUST-6920
Ahmed Mahmoud,Engineer,59,Female,B,Land,CUST-6921
Karim Reda,Sales_Rep,38,Female,C,Vehicle,CUST-6922
Ibrahim Kamel,Doctor,33,Female,C,Vehicle,CUST-6923
Mohamed Mansour,Doctor,47,Female,C,,CUST-6924
Heba Ghanem,Freelancer,53,Male,A,Land,CUST-6925
Tarek Abdel-Aziz,Doctor,57,Female,B,Land,CUST-6926
,Freelancer,62,Female,D,,CUST-6927
Tarek Nabil,Sales_Rep,22,Male,B,Land,CUST-6928
Amira Adel,Accountant,28,Male,D,Land,CUST-6929
Hamdy Mahmoud,Doctor,33,Male,D,,CUST-6930
Layla Abdel-Aziz,Teacher,62,Male,A,Vehicle,CUST-6931
Nabil Mahmoud,Teacher,34,Female,A,Land,CUST-6932
Salma Mansour,Engineer,46,Female,B,,CUST-6933
Hamdy Amr,Freelancer,33,Female,A,Vehicle,CUST-6934
Zaki Mahmoud,Technician,56,Male,C,Land,CUST-6935
Heba Ghanem,Technician,46,Female,B,Land,CUST-6936
Amira Saied,Doctor,42,Female,D,Land,CUST-6937
Mona Adel,Sales_Rep,46,Male,B,,CUST-6938
Mostafa Adel,Sales_Rep,29,Female,D,Vehicle,CUST-6939
Heba Amr,Freelancer,63,Female,D,Vehicle,CUST-6940
Mostafa Saied,Accountant,54,Female,D,Vehicle,CUST-6941
Sherif Hassan,Accountant,47,Male,A,Vehicle,CUST-6942
Mona Ibrahim,Accountant,54,Female,B,Land,CUST-6943
Zaki Ibrahim,Technician,62,Male,A,Land,CUST-6944
Tarek Fawzy,Technician,33,Male,B,Land,CUST-6945
Salma Mansour,Freelancer,44,Male,A,,CUST-6946
Hassan Zaki,Technician,22,Female,A,Vehicle,CUST-6947
Tarek Abdel-Aziz,Engineer,24,Male,C,Vehicle,CUST-6948
Mahmoud Hamdy,Accountant,44,Female,A,,CUST-6949
Wael Hamdy,Teacher,46,Female,B,Vehicle,CUST-6950
Ibrahim Amr,Accountant,44,Male,C,Vehicle,CUST-6951
Mahmoud Zaki,Engineer,48,Female,A,Land,CUST-6952
Ahmed Abdel-Aziz,Accountant,58,Male,A,,CUST-6953
Mona Kamel,Freelancer,56,Female,A,Land,CUST-6954
Mostafa Kamel,Doctor,28,Male,B,Vehicle,CUST-6955
Khaled Reda,Technician,50,Female,A,,CUST-6956
Salma Mansour,Teacher,28,Male,C,,CUST-6957
Hamdy Kamel,Doctor,24,Female,B,Vehicle,CUST-6958
Heba Adel,Technician,33,Male,C,Land,CUST-6959
Mohamed Reda,Freelancer,60,Male,B,Land,CUST-6960
Wael Kamel,Accountant,49,Female,A,,CUST-6961
Ibrahim Fawzy,Doctor,54,Male,C,Vehicle,CUST-6962
Mostafa Kamel,Doctor,31,Male,A,Land,CUST-6963
Mahmoud Reda,Sales_Rep,28,Female,B,,CUST-6964
Salma Ibrahim,Engineer,21,Female,A,Vehicle,CUST-6965
Mona Mansour,Doctor,59,Male,B,Vehicle,CUST-6966
Mohamed Abdel-Aziz,Freelancer,45,Male,B,Land,CUST-6967
Dina Hassan,Sales_Rep,48,Male,C,Land,CUST-6968
Nabil Amr,Freelancer,36,Female,D,,CUST-6969
Tarek El-Sayed,Sales_Rep,26,Female,D,Land,CUST-6970
Bassem Nabil,Engineer,38,Male,B,Land,CUST-6971
Heba Abdel-Aziz,Freelancer,59,Male,C,Vehicle,CUST-6972
Dina Nabil,Sales_Rep,34,Female,D,Land,CUST-6973
Layla Mahmoud,Doctor,28,Male,D,,CUST-6974
Fatma Mahmoud,Engineer,29,Female,C,Land,CUST-6975
Salma Fawzy,Technician,62,Female,B,Vehicle,CUST-6976
Bassem Hamdy,Accountant,35,Female,B,,CUST-6977
Khaled Abdel-Aziz,Teacher,59,Female,C,Vehicle,CUST-6978
Ahmed Ghanem,Engineer,64,Female,A,Vehicle,CUST-6979
Sherif Mansour,Technician,22,Female,C,,CUST-6980
,Teacher,51,Male,B,,CUST-6981
Heba Abdel-Aziz,Doctor,59,Female,B,,CUST-6982
Layla Saied,Teacher,32,Female,B,Land,CUST-6983
Omar Adel,Technician,21,Male,C,Land,CUST-6984
Ibrahim El-Sayed,Freelancer,39,Male,B,,CUST-6985
Heba Ghanem,Sales_Rep,45,Male,C,Land,CUST-6986
Hassan Ibrahim,Teacher,33,Male,D,Vehicle,CUST-6987
Ibrahim Abdel-Aziz,Doctor,29,Male,D,Vehicle,CUST-6988
Hoda Hassan,Teacher,37,Male,B,Vehicle,CUST-6989
Zaki Adel,Technician,56,Male,A,Vehicle,CUST-6990
Amira Saied,Technician,49,Female,C,Land,CUST-6991
Salma Amr,Freelancer,58,Male,B,Land,CUST-6992
Omar Adel,Technician,56,Male,A,Land,CUST-6993
Khaled Reda,Teacher,65,Male,A,Land,CUST-6994
Sherif Adel,Teacher,25,Male,B,Vehicle,CUST-6995
Karim Mahmoud,Engineer,62,Male,A,Vehicle,CUST-6996
,Teacher,61,Female,C,Land,CUST-6997
Dina Reda,Teacher,59,Female,B,Land,CUST-6998
Fatma Fawzy,Engineer,59,Male,B,Land,CUST-6999
Mahmoud Ghanem,Teacher,24,Female,A,Vehicle,CUST-7000
,Teacher,35,Female,B,Land,CUST-7001
Sherif Mahmoud,Engineer,48,Male,D,Land,CUST-7002
Mahmoud Saied,Freelancer,65,Male,A,Land,CUST-7003
Layla El-Sayed,Teacher,31,Female,C,,CUST-7004
Dina Ibrahim,Engineer,23,Male,C,,CUST-7005
,Technician,38,Male,D,Land,CUST-7006
Zaki Adel,Accountant,23,Male,B,Vehicle,CUST-7007
Ibrahim El-Sayed,Teacher,46,Male,A,,CUST-7008
Dina Ibrahim,Freelancer,40,Male,A,Vehicle,CUST-7009
Zaki Nabil,Teacher,50,Female,B,,CUST-7010
Mohamed Nabil,Engineer,33,Male,A,Land,CUST-7011
Fatma Hamdy,Freelancer,55,Male,A,Land,CUST-7012
Ahmed Kamel,Teacher,63,Male,C,Vehicle,CUST-7013
Sara Mahmoud,Teacher,60,Male,B,Vehicle,CUST-7014
Ahmed Nabil,Teacher,23,Male,A,Vehicle,CUST-7015
Ahmed Nabil,Sales_Rep,43,Male,C,Land,CUST-7016
Mona El-Sayed,Doctor,64,Female,D,Vehicle,CUST-7017
Hassan Reda,Doctor,39,Male,B,Land,CUST-7018
Sherif Adel,Sales_Rep,45,Female,A,Vehicle,CUST-7019
Khaled Ibrahim,Doctor,61,Male,B,Vehicle,CUST-7020
Amira El-Sayed,Technician,42,Female,A,Land,CUST-7021
Ibrahim Ibrahim,Teacher,35,Male,A,Vehicle,CUST-7022
Mostafa El-Sayed,Sales_Rep,44,Female,C,Land,CUST-7023
Ibrahim Ibrahim,Doctor,54,Male,A,Land,CUST-7024
,Accountant,26,Male,C,,CUST-7025
Hoda Mansour,Engineer,25,Male,A,Land,CUST-7026
Ibrahim Mansour,Accountant,44,Female,C,,CUST-7027
Sara Reda,Technician,35,Male,A,,CUST-7028
Sherif Kamel,Freelancer,60,Male,D,Vehicle,CUST-7029
Heba Mansour,Accountant,35,Female,D,Land,CUST-7030
Tarek Amr,Freelancer,45,Male,D,Vehicle,CUST-7031
Omar Adel,Freelancer,21,Female,B,Land,CUST-7032
Hassan Ibrahim,Freelancer,29,Male,B,Land,CUST-7033
Mostafa Ibrahim,Doctor,42,Male,B,Vehicle,CUST-7034
Ibrahim Ibrahim,Technician,43,Male,B,Vehicle,CUST-7035
Amira Hassan,Technician,47,Female,B,Vehicle,CUST-7036
Layla Reda,Accountant,42,Female,B,Land,CUST-7037
Heba Mansour,Technician,44,Male,C,Land,CUST-7038
Mostafa Mahmoud,Engineer,55,Male,B,Land,CUST-7039
Bassem Hassan,Teacher,27,Male,C,Vehicle,CUST-7040
Hamdy Mansour,Freelancer,31,Female,B,,CUST-7041
Ibrahim Saied,Freelancer,27,Male,D,Land,CUST-7042
Mahmoud Mansour,Sales_Rep,31,Female,D,,CUST-7043
,Teacher,21,Female,C,Vehicle,CUST-7044
Hoda Zaki,Engineer,40,Male,D,Vehicle,CUST-7045
Hassan Kamel,Doctor,46,Male,B,,CUST-7046
Hamdy Saied,Teacher,55,Female,D,Land,CUST-7047
Mahmoud Hassan,Engineer,60,Female,B,Vehicle,CUST-7048
Mostafa El-Sayed,Teacher,22,Male,C,,CUST-7049
Tarek Saied,Sales_Rep,40,Female,A,Vehicle,CUST-7050
Nabil Saied,Technician,44,Female,C,Vehicle,CUST-7051
Amira Adel,Sales_Rep,54,Male,C,Vehicle,CUST-7052
Khaled Amr,Sales_Rep,64,Female,D,Land,CUST-7053
Zaki Ibrahim,Teacher,62,Male,B,Vehicle,CUST-7054
Layla Fawzy,Accountant,25,Male,A,,CUST-7055
Mostafa Ghanem,Engineer,36,Female,C,Land,CUST-7056
Bassem Mansour,Accountant,54,Female,D,,CUST-7057
Fatma Ghanem,Freelancer,58,Male,A,Vehicle,CUST-7058
Khaled Abdel-Aziz,Teacher,22,Male,A,Vehicle,CUST-7059
Omar Mansour,Accountant,24,Female,B,Vehicle,CUST-7060
Dina Hassan,Doctor,48,Male,D,,CUST-7061
Fatma Mansour,Teacher,61,Male,C,Vehicle,CUST-7062
Layla Abdel-Aziz,Accountant,34,Female,B,Land,CUST-7063
Karim Adel,Doctor,30,Female,D,,CUST-7064
Bassem Amr,Doctor,33,Female,A,,CUST-7065
Ibrahim Mansour,Sales_Rep,46,Male,B,Vehicle,CUST-7066
Ibrahim Zaki,Engineer,41,Female,C,Vehicle,CUST-7067
Hamdy Hamdy,Doctor,49,Male,A,Land,CUST-7068
Khaled Amr,Teacher,42,Male,B,Vehicle,CUST-7069
Salma Adel,Doctor,25,Male,B,Vehicle,CUST-7070
Hoda Adel,Teacher,57,Male,C,,CUST-7071
Fatma Mansour,Sales_Rep,31,Female,D,Land,CUST-7072
Omar Adel,Doctor,35,Female,C,Vehicle,CUST-7073
Hamdy Adel,Engineer,40,Female,D,,CUST-7074
Mona Fawzy,Doctor,48,Male,A,,CUST-7075
Fatma Mahmoud,Technician,59,Female,D,Land,CUST-7076
Ibrahim Kamel,Teacher,64,Female,D,Vehicle,CUST-7077
Sherif El-Sayed,Engineer,49,Male,A,Vehicle,CUST-7078
Fatma Mahmoud,Freelancer,30,Male,D,,CUST-7079
Mahmoud Mansour,Doctor,53,Female,C,Land,CUST-7080
Khaled Nabil,Sales_Rep,34,Male,C,,CUST-7081
Sherif Hassan,Doctor,56,Male,A,,CUST-7082
Tarek Zaki,Doctor,60,Male,C,Land,CUST-7083
Mohamed Adel,Engineer,48,Male,B,Land,CUST-7084
Mahmoud Zaki,Accountant,39,Female,B,Land,CUST-7085
Mostafa Hassan,Doctor,21,Male,C,,CUST-7086
Hamdy Ghanem,Freelancer,48,Female,B,Vehicle,CUST-7087
Wael Ghanem,Engineer,23,Male,A,Vehicle,CUST-7088
Khaled Zaki,Sales_Rep,51,Female,C,,CUST-7089
Mona Zaki,Engineer,49,Female,A,,CUST-7090
Heba Zaki,Teacher,24,Male,C,,CUST-7091
,Technician,24,Male,D,Vehicle,CUST-7092
Bassem Ghanem,Freelancer,30,Female,D,Vehicle,CUST-7093
Salma Mahmoud,Technician,54,Female,B,,CUST-7094
Hoda Saied,Technician,42,Female,D,,CUST-7095
Mona Kamel,Teacher,29,Female,C,Land,CUST-7096
Sara Ghanem,Technician,57,Female,A,,CUST-7097
Wael Nabil,Sales_Rep,35,Male,B,Land,CUST-7098
Hassan Reda,Sales_Rep,53,Female,C,Land,CUST-7099
Fatma Kamel,Technician,55,Female,C,,CUST-7100
Layla Zaki,Engineer,45,Female,C,Land,CUST-7101
,Freelancer,48,Female,B,Vehicle,CUST-7102
Wael Abdel-Aziz,Accountant,59,Female,C,Land,CUST-7103
Mohamed Amr,Doctor,61,Male,D,Vehicle,CUST-7104
Zaki Hassan,Teacher,61,Male,B,Vehicle,CUST-7105
Dina Saied,Freelancer,63,Female,C,Vehicle,CUST-7106
Layla Mansour,Doctor,31,Female,C,Vehicle,CUST-7107
Omar Zaki,Freelancer,60,Male,C,Vehicle,CUST-7108
Hamdy Mansour,Sales_Rep,46,Male,A,Vehicle,CUST-7109
Mohamed Adel,Sales_Rep,55,Male,D,,CUST-7110
Zaki Reda,Teacher,32,Male,D,Vehicle,CUST-7111
Layla Mansour,Freelancer,65,Female,C,Land,CUST-7112
Sara Hassan,Accountant,41,Female,C,,CUST-7113
Hamdy Mansour,Freelancer,26,Male,A,,CUST-7114
Mohamed El-Sayed,Technician,39,Female,D,Land,CUST-7115
Omar Nabil,Engineer,26,Female,B,Land,CUST-7116
Hoda Abdel-Aziz,Engineer,32,Female,B,Vehicle,CUST-7117
,Freelancer,62,Male,D,Vehicle,CUST-7118
,Teacher,53,Male,C,,CUST-7119
Khaled Amr,Technician,44,Male,C,Land,CUST-7120
Wael Hamdy,Engineer,44,Female,A,Vehicle,CUST-7121
Ibrahim Ghanem,Teacher,62,Female,A,Vehicle,CUST-7122
Sara Reda,Accountant,56,Female,B,Vehicle,CUST-7123
Tarek Amr,Doctor,43,Male,A,Land,CUST-7124
Hoda Hassan,Sales_Rep,51,Female,B,,CUST-7125
Zaki El-Sayed,Accountant,35,Male,D,Vehicle,CUST-7126
Omar Hamdy,Teacher,58,Female,A,,CUST-7127
Khaled Abdel-Aziz,Sales_Rep,48,Female,B,,CUST-7128
Wael El-Sayed,Teacher,57,Male,C,Land,CUST-7129
Hoda Hamdy,Teacher,44,Male,C,Vehicle,CUST-7130
Dina Ibrahim,Sales_Rep,57,Male,D,Land,CUST-7131
Amira Kamel,Doctor,50,Male,A,,CUST-7132
Heba Reda,Sales_Rep,37,Female,D,Land,CUST-7133
Layla Reda,Sales_Rep,25,Male,B,,CUST-7134
Karim El-Sayed,Teacher,37,Male,C,Land,CUST-7135
Sherif Mansour,Technician,23,Female,A,,CUST-7136
Omar Reda,Accountant,45,Female,C,Vehicle,CUST-7137
Sara Saied,Sales_Rep,59,Male,B,Land,CUST-7138
Bassem Zaki,Technician,56,Male,D,,CUST-7139
Karim Abdel-Aziz,Freelancer,37,Male,B,Land,CUST-7140
Dina Hamdy,Technician,51,Female,A,Land,CUST-7141
Layla Hassan,Sales_Rep,49,Male,B,,CUST-7142
Salma Mansour,Technician,62,Female,B,Land,CUST-7143
Dina Mahmoud,Sales_Rep,48,Female,C,Land,CUST-7144
Bassem Amr,Sales_Rep,34,Male,A,Vehicle,CUST-7145
Zaki Ghanem,Technician,39,Female,A,,CUST-7146
Nabil Abdel-Aziz,Accountant,59,Male,A,Land,CUST-7147
Layla Amr,Doctor,25,Female,B,Vehicle,CUST-7148
Fatma Abdel-Aziz,Technician,48,Male,C,,CUST-7149
Heba Zaki,Sales_Rep,58,Male,D,,CUST-7150
Dina Abdel-Aziz,Teacher,62,Female,B,Land,CUST-7151
Sara Saied,Doctor,48,Female,B,Vehicle,CUST-7152
Amira Saied,Doctor,35,Female,A,Land,CUST-7153
Mahmoud Ghanem,Freelancer,22,Male,D,,CUST-7154
Sara Ghanem,Technician,48,Male,B,,CUST-7155
Sara Abdel-Aziz,Engineer,37,Female,C,Vehicle,CUST-7156
Hoda Hamdy,Engineer,54,Female,C,,CUST-7157
Hassan El-Sayed,Engineer,36,Female,D,Vehicle,CUST-7158
Amira Kamel,Technician,50,Female,B,Vehicle,CUST-7159
Hamdy Kamel,Technician,35,Male,D,Land,CUST-7160
Ahmed Reda,Freelancer,45,Female,B,,CUST-7161
Mahmoud Abdel-Aziz,Freelancer,64,Male,C,Vehicle,CUST-7162
Wael Ghanem,Doctor,48,Female,A,Vehicle,CUST-7163
,Doctor,29,Male,C,,CUST-7164
Salma Saied,Freelancer,60,Male,B,Land,CUST-7165
Nabil Fawzy,Sales_Rep,26,Male,D,Land,CUST-7166
Khaled Zaki,Doctor,61,Male,D,Vehicle,CUST-7167
Amira Mahmoud,Sales_Rep,64,Male,D,Land,CUST-7168
Hassan Mahmoud,Accountant,51,Male,C,,CUST-7169
Sherif Saied,Engineer,64,Female,A,Land,CUST-7170
Omar Hamdy,Freelancer,45,Male,B,,CUST-7171
Mostafa Zaki,Sales_Rep,46,Male,C,Land,CUST-7172
Layla Nabil,Teacher,39,Male,C,Vehicle,CUST-7173
Khaled Ibrahim,Freelancer,27,Male,D,Land,CUST-7174
Salma Abdel-Aziz,Engineer,52,Female,B,,CUST-7175
,Teacher,23,Male,D,,CUST-7176
Fatma Zaki,Doctor,28,Female,D,,CUST-7177
Ahmed Nabil,Engineer,59,Male,D,Vehicle,CUST-7178
Khaled Amr,Sales_Rep,46,Male,C,Vehicle,CUST-7179
Ahmed Hassan,Sales_Rep,50,Female,C,Vehicle,CUST-7180
Mohamed Saied,Sales_Rep,65,Female,D,Land,CUST-7181
Hoda Ibrahim,Doctor,58,Male,B,,CUST-7182
Sara Hamdy,Freelancer,50,Male,B,Land,CUST-7183
Khaled Mahmoud,Teacher,28,Male,D,Vehicle,CUST-7184
Karim Mansour,Technician,53,Male,B,Vehicle,CUST-7185
Hoda El-Sayed,Sales_Rep,28,Male,D,Vehicle,CUST-7186
Karim Zaki,Technician,44,Female,C,Vehicle,CUST-7187
Mona Nabil,Engineer,40,Male,C,,CUST-7188
Heba Reda,Doctor,63,Male,B,Land,CUST-7189
Hoda Adel,Sales_Rep,60,Female,A,,CUST-7190
Heba Zaki,Engineer,28,Female,D,,CUST-7191
Wael Ghanem,Freelancer,54,Male,A,,CUST-7192
Karim Mahmoud,Technician,63,Male,A,Vehicle,CUST-7193
Nabil Nabil,Teacher,21,Male,B,Land,CUST-7194
Salma Reda,Accountant,24,Male,B,Vehicle,CUST-7195
Hassan Zaki,Teacher,52,Female,B,,CUST-7196
Mahmoud Reda,Teacher,22,Male,C,Vehicle,CUST-7197
Karim El-Sayed,Engineer,28,Female,D,Land,CUST-7198
Zaki Mahmoud,Teacher,60,Female,B,Land,CUST-7199
Wael Saied,Doctor,41,Female,B,,CUST-7200
Layla Nabil,Sales_Rep,61,Female,A,Land,CUST-7201
Salma Hamdy,Technician,61,Female,A,Vehicle,CUST-7202
Mohamed Hamdy,Engineer,52,Female,B,,CUST-7203
Khaled El-Sayed,Doctor,49,Male,B,Land,CUST-7204
Hoda Saied,Sales_Rep,21,Male,C,,CUST-7205
Bassem Hassan,Teacher,21,Female,B,,CUST-7206
Hassan Mahmoud,Sales_Rep,27,Male,B,Vehicle,CUST-7207
,Engineer,27,Female,D,Land,CUST-7208
Tarek Saied,Doctor,40,Female,A,Vehicle,CUST-7209
Tarek Zaki,Technician,48,Male,A,Land,CUST-7210
Layla El-Sayed,Freelancer,38,Female,B,Land,CUST-7211
Ibrahim Abdel-Aziz,Sales_Rep,30,Female,B,,CUST-7212
Amira Ghanem,Freelancer,48,Male,A,Land,CUST-7213
Karim Ghanem,Doctor,33,Female,C,Land,CUST-7214
Ibrahim Mahmoud,Teacher,51,Female,A,Vehicle,CUST-7215
Amira El-Sayed,Sales_Rep,39,Male,B,,CUST-7216
Ibrahim Abdel-Aziz,Accountant,47,Male,C,,CUST-7217
Dina Ghanem,Engineer,55,Male,B,Land,CUST-7218
Dina Ghanem,Teacher,36,Male,A,Land,CUST-7219
Bassem Zaki,Accountant,39,Male,A,,CUST-7220
Heba Reda,Sales_Rep,60,Female,D,Land,CUST-7221
Heba Abdel-Aziz,Accountant,62,Male,A,,CUST-7222
Dina Abdel-Aziz,Sales_Rep,44,Male,C,Vehicle,CUST-7223
Hoda Hassan,Doctor,50,Male,C,,CUST-7224
Amira Hamdy,Doctor,38,Female,B,,CUST-7225
Dina Fawzy,Doctor,21,Female,C,,CUST-7226
Omar Mahmoud,Sales_Rep,29,Male,C,,CUST-7227
Mohamed Adel,Sales_Rep,64,Male,D,Vehicle,CUST-7228
Hoda Amr,Engineer,25,Male,A,Land,CUST-7229
Bassem Fawzy,Technician,23,Male,C,,CUST-7230
Ibrahim Ibrahim,Sales_Rep,65,Female,C,Land,CUST-7231
Wael Saied,Engineer,50,Female,B,Vehicle,CUST-7232
Layla Hamdy,Sales_Rep,27,Female,A,,CUST-7233
Hoda Reda,Engineer,25,Male,B,,CUST-7234
Fatma Zaki,Freelancer,44,Female,D,Land,CUST-7235
Sara Adel,Teacher,44,Female,C,Vehicle,CUST-7236
Khaled Kamel,Accountant,53,Female,A,,CUST-7237
Salma Adel,Accountant,26,Male,B,,CUST-7238
Hamdy Adel,Accountant,54,Female,D,,CUST-7239
Heba Hassan,Teacher,51,Male,D,,CUST-7240
Layla Amr,Engineer,45,Female,C,Vehicle,CUST-7241
Tarek Nabil,Sales_Rep,36,Female,D,Vehicle,CUST-7242
Ibrahim Reda,Technician,30,Female,C,,CUST-7243
Mohamed Hassan,Technician,21,Male,A,Land,CUST-7244
Mostafa Hamdy,Accountant,39,Male,C,Land,CUST-7245
Ahmed Mahmoud,Teacher,21,Female,C,Land,CUST-7246
,Freelancer,60,Female,A,,CUST-7247
Mona Amr,Accountant,54,Female,C,Vehicle,CUST-7248
Zaki Kamel,Doctor,46,Male,B,,CUST-7249
Mahmoud Reda,Sales_Rep,48,Male,B,,CUST-7250
Fatma Adel,Technician,45,Male,B,Vehicle,CUST-7251
,Sales_Rep,45,Female,C,,CUST-7252
,Teacher,45,Male,A,Land,CUST-7253
Hassan Kamel,Doctor,37,Male,C,,CUST-7254
Bassem Reda,Sales_Rep,61,Male,D,,CUST-7255
Omar Mansour,Teacher,37,Female,C,Land,CUST-7256
Mohamed Mahmoud,Doctor,51,Female,B,,CUST-7257
Amira Hassan,Doctor,33,Male,C,Land,CUST-7258
Sherif Hassan,Sales_Rep,46,Female,A,Vehicle,CUST-7259
Hassan Kamel,Accountant,47,Male,C,,CUST-7260
Mahmoud Abdel-Aziz,Engineer,40,Female,B,Vehicle,CUST-7261
Karim Hamdy,Sales_Rep,47,Female,D,Vehicle,CUST-7262
Hamdy Amr,Freelancer,49,Female,C,Vehicle,CUST-7263
Heba Saied,Teacher,30,Female,B,Vehicle,CUST-7264
Sara Fawzy,Technician,28,Female,C,Land,CUST-7265
Amira El-Sayed,Doctor,53,Female,D,Vehicle,CUST-7266
Sara Zaki,Freelancer,62,Male,D,Vehicle,CUST-7267
Sara Amr,Engineer,62,Female,B,Vehicle,CUST-7268
Nabil Kamel,Teacher,63,Female,A,Land,CUST-7269
Karim Kamel,Engineer,52,Female,A,Vehicle,CUST-7270
Mostafa Nabil,Freelancer,51,Male,C,Vehicle,CUST-7271
Ahmed Zaki,Technician,23,Female,B,,CUST-7272
Hassan Ghanem,Engineer,21,Male,B,Land,CUST-7273
Amira Abdel-Aziz,Engineer,44,Female,B,Vehicle,CUST-7274
Ibrahim Fawzy,Freelancer,55,Female,A,Land,CUST-7275
Ahmed Adel,Technician,41,Male,D,Land,CUST-7276
Salma Fawzy,Doctor,49,Male,C,Vehicle,CUST-7277
Tarek El-Sayed,Accountant,46,Female,B,,CUST-7278
Zaki Kamel,Doctor,65,Female,A,Vehicle,CUST-7279
Mona Hassan,Freelancer,47,Male,D,Land,CUST-7280
Salma Mansour,Teacher,55,Female,C,,CUST-7281
Ahmed Ibrahim,Accountant,45,Female,B,Land,CUST-7282
Nabil Zaki,Engineer,63,Female,A,Land,CUST-7283
Hoda Mansour,Freelancer,27,Male,A,,CUST-7284
Wael Amr,Engineer,58,Female,C,,CUST-7285
Mona Mansour,Doctor,27,Female,D,,CUST-7286
Mahmoud Zaki,Freelancer,57,Female,A,,CUST-7287
Salma Mansour,Sales_Rep,21,Male,D,Land,CUST-7288
,Doctor,48,Female,D,,CUST-7289
Hoda Nabil,Technician,26,Male,C,Vehicle,CUST-7290
Mahmoud Hamdy,Doctor,29,Female,C,,CUST-7291
Mona El-Sayed,Engineer,33,Male,B,,CUST-7292
Amira Saied,Technician,25,Male,D,Vehicle,CUST-7293
Salma Reda,Sales_Rep,61,Male,D,Land,CUST-7294
Khaled Reda,Sales_Rep,42,Female,B,,CUST-7295
Nabil Hamdy,Teacher,56,Female,B,,CUST-7296
Nabil Reda,Freelancer,48,Male,A,Vehicle,CUST-7297
Mostafa Adel,Doctor,43,Male,C,,CUST-7298
Ahmed Mansour,Technician,65,Female,C,Land,CUST-7299
Wael Ghanem,Sales_Rep,28,Male,A,,CUST-7300
Bassem Mansour,Engineer,33,Male,C,,CUST-7301
Ahmed Hassan,Technician,54,Male,B,Vehicle,CUST-7302
Amira Ibrahim,Technician,35,Female,D,,CUST-7303
Mostafa Fawzy,Sales_Rep,27,Male,B,,CUST-7304
Mahmoud Mahmoud,Engineer,44,Male,A,,CUST-7305
Sherif Saied,Teacher,40,Female,A,Land,CUST-7306
Layla Hassan,Teacher,64,Female,A,Vehicle,CUST-7307
Hassan Ibrahim,Accountant,38,Male,A,,CUST-7308
Zaki Mansour,Sales_Rep,50,Female,A,Vehicle,CUST-7309
Mostafa El-Sayed,Freelancer,24,Male,C,,CUST-7310
Omar Zaki,Technician,53,Male,D,,CUST-7311
Mona Abdel-Aziz,Engineer,42,Female,B,Land,CUST-7312
Heba Saied,Doctor,31,Female,A,,CUST-7313
Dina Fawzy,Engineer,33,Male,D,,CUST-7314
Dina El-Sayed,Freelancer,32,Male,D,Vehicle,CUST-7315
Mona Ibrahim,Accountant,64,Male,A,Land,CUST-7316
Ahmed Ghanem,Engineer,64,Male,D,Land,CUST-7317
Omar Abdel-Aziz,Freelancer,62,Female,B,Land,CUST-7318
Mona Ghanem,Accountant,56,Female,D,Land,CUST-7319
Mahmoud Abdel-Aziz,Sales_Rep,53,Male,B,,CUST-7320
Salma Hamdy,Teacher,50,Male,D,,CUST-7321
Mohamed Abdel-Aziz,Engineer,64,Male,C,Vehicle,CUST-7322
Tarek Abdel-Aziz,Doctor,64,Female,C,,CUST-7323
Sara Abdel-Aziz,Freelancer,25,Male,A,Vehicle,CUST-7324
Nabil Ghanem,Teacher,24,Male,A,Land,CUST-7325
,Sales_Rep,53,Female,B,Land,CUST-7326
Layla Fawzy,Accountant,51,Female,A,Land,CUST-7327
Heba Hamdy,Freelancer,32,Male,B,Vehicle,CUST-7328
Mohamed Hassan,Sales_Rep,29,Male,A,Land,CUST-7329
Fatma Nabil,Engineer,62,Female,D,Land,CUST-7330
Heba Adel,Engineer,37,Male,C,Vehicle,CUST-7331
Dina Mahmoud,Sales_Rep,44,Male,C,Land,CUST-7332
Omar Mansour,Doctor,26,Male,D,Land,CUST-7333
Mahmoud Amr,Engineer,44,Female,B,Land,CUST-7334
Sherif Ghanem,Teacher,62,Female,B,Land,CUST-7335
Amira Mansour,Technician,59,Female,D,Vehicle,CUST-7336
Bassem Saied,Teacher,26,Male,B,Vehicle,CUST-7337
Nabil Mahmoud,Doctor,41,Male,A,Land,CUST-7338
Bassem Ghanem,Accountant,60,Male,A,Vehicle,CUST-7339
Hoda Mahmoud,Accountant,55,Male,D,Vehicle,CUST-7340
Tarek Kamel,Freelancer,34,Female,A,Vehicle,CUST-7341
Ibrahim Mansour,Freelancer,43,Female,B,Vehicle,CUST-7342
Khaled Hamdy,Accountant,33,Female,A,Land,CUST-7343
Hassan Adel,Teacher,44,Male,D,Land,CUST-7344
Zaki Kamel,Technician,27,Male,A,Vehicle,CUST-7345
Mona Abdel-Aziz,Engineer,31,Female,C,Vehicle,CUST-7346
,Freelancer,57,Female,C,Vehicle,CUST-7347
Salma Amr,Accountant,44,Male,C,Land,CUST-7348
Heba Ibrahim,Technician,37,Female,C,Vehicle,CUST-7349
Hoda Amr,Teacher,54,Male,B,,CUST-7350
Salma El-Sayed,Freelancer,24,Female,D,,CUST-7351
Sherif Ghanem,Freelancer,26,Female,B,Vehicle,CUST-7352
Amira Ghanem,Engineer,37,Female,D,Vehicle,CUST-7353
Hoda Hamdy,Teacher,23,Male,C,Land,CUST-7354
Ibrahim Hamdy,Technician,45,Female,A,Vehicle,CUST-7355
Amira Adel,Technician,30,Male,B,Land,CUST-7356
Heba Ghanem,Sales_Rep,48,Male,A,Vehicle,CUST-7357
Hassan Amr,Freelancer,36,Female,A,,CUST-7358
Khaled Hamdy,Freelancer,48,Female,A,,CUST-7359
Salma Nabil,Freelancer,23,Male,B,,CUST-7360
Mohamed Saied,Accountant,46,Male,A,,CUST-7361
Hamdy Nabil,Freelancer,22,Female,B,Land,CUST-7362
Ahmed Reda,Technician,30,Female,D,,CUST-7363
Amira Hamdy,Sales_Rep,62,Female,C,Vehicle,CUST-7364
,Freelancer,47,Female,B,,CUST-7365
Wael Abdel-Aziz,Technician,56,Female,D,,CUST-7366
Heba Fawzy,Sales_Rep,60,Male,A,,CUST-7367
Zaki El-Sayed,Teacher,33,Female,B,Vehicle,CUST-7368
Sherif Ghanem,Engineer,29,Male,D,Land,CUST-7369
Mostafa Zaki,Freelancer,55,Male,C,,CUST-7370
Tarek Ghanem,Sales_Rep,54,Female,C,Vehicle,CUST-7371
Bassem Saied,Technician,34,Male,D,,CUST-7372
Ibrahim Mahmoud,Sales_Rep,37,Female,A,Vehicle,CUST-7373
Dina Ghanem,Engineer,62,Female,C,,CUST-7374
Ahmed El-Sayed,Accountant,39,Female,A,,CUST-7375
Fatma Zaki,Teacher,51,Female,B,Land,CUST-7376
Mostafa Mansour,Freelancer,31,Male,B,Land,CUST-7377
Layla Mansour,Sales_Rep,64,Female,D,Vehicle,CUST-7378
Nabil Saied,Teacher,29,Male,C,,CUST-7379
Fatma Hassan,Teacher,61,Female,B,Vehicle,CUST-7380
Hoda Ghanem,Accountant,59,Male,D,Land,CUST-7381
Mahmoud Mahmoud,Teacher,54,Male,B,Land,CUST-7382
Fatma Zaki,Engineer,65,Male,C,Vehicle,CUST-7383
Karim El-Sayed,Freelancer,34,Male,C,Vehicle,CUST-7384
Layla Amr,Teacher,52,Male,B,Land,CUST-7385
Ahmed Saied,Sales_Rep,58,Male,C,Vehicle,CUST-7386
Layla Hamdy,Technician,21,Female,B,Vehicle,CUST-7387
Sara Kamel,Engineer,45,Male,D,,CUST-7388
Layla Abdel-Aziz,Doctor,44,Male,B,,CUST-7389
Hamdy Reda,Sales_Rep,25,Male,D,Vehicle,CUST-7390
Ibrahim Reda,Technician,39,Male,C,,CUST-7391
Mona Zaki,Doctor,40,Female,B,,CUST-7392
Hamdy Mansour,Technician,64,Male,C,Vehicle,CUST-7393
Amira Zaki,Engineer,35,Female,B,Vehicle,CUST-7394
Amira Hassan,Engineer,43,Male,D,,CUST-7395
Layla Mansour,Accountant,30,Female,A,,CUST-7396
Bassem Nabil,Doctor,51,Female,A,Land,CUST-7397
Hoda Saied,Accountant,52,Female,C,Vehicle,CUST-7398
Mona Saied,Engineer,29,Male,D,Land,CUST-7399
Tarek Ibrahim,Technician,53,Male,D,Land,CUST-7400
Mohamed Fawzy,Technician,49,Male,C,Land,CUST-7401
Tarek Hassan,Accountant,41,Male,A,Vehicle,CUST-7402
,Teacher,53,Male,A,Vehicle,CUST-7403
Hassan Nabil,Doctor,32,Female,A,Vehicle,CUST-7404
Dina Amr,Doctor,22,Female,C,,CUST-7405
Mona Hassan,Freelancer,30,Male,C,,CUST-7406
Tarek Abdel-Aziz,Freelancer,25,Female,A,Vehicle,CUST-7407
Mohamed Amr,Engineer,53,Female,B,Land,CUST-7408
Sherif Hassan,Sales_Rep,39,Female,A,,CUST-7409
Fatma Saied,Accountant,53,Female,A,Vehicle,CUST-7410
Zaki Ibrahim,Technician,59,Female,A,Land,CUST-7411
Khaled Reda,Sales_Rep,29,Female,A,Land,CUST-7412
Bassem Hassan,Engineer,46,Male,C,,CUST-7413
Nabil Mansour,Doctor,49,Female,B,Vehicle,CUST-7414
Ahmed El-Sayed,Teacher,51,Female,C,Land,CUST-7415
,Accountant,46,Female,B,Land,CUST-7416
,Freelancer,32,Male,C,Land,CUST-7417
Mohamed Hassan,Freelancer,55,Female,D,,CUST-7418
Fatma Nabil,Engineer,23,Male,D,,CUST-7419
Fatma Ghanem,Accountant,52,Male,D,,CUST-7420
Tarek Amr,Teacher,38,Female,C,,CUST-7421
Ibrahim Ghanem,Sales_Rep,21,Male,B,Land,CUST-7422
Sara Abdel-Aziz,Sales_Rep,31,Female,B,Vehicle,CUST-7423
Mona Ibrahim,Technician,48,Male,B,Vehicle,CUST-7424
Fatma Hamdy,Engineer,22,Male,D,Vehicle,CUST-7425
Mahmoud Mansour,Freelancer,39,Male,A,Vehicle,CUST-7426
Hassan Saied,Teacher,61,Female,D,Land,CUST-7427
Ibrahim Reda,Engineer,40,Male,B,Land,CUST-7428
,Doctor,63,Male,D,Land,CUST-7429
Tarek El-Sayed,Teacher,31,Male,A,Vehicle,CUST-7430
Fatma Hamdy,Engineer,63,Female,B,,CUST-7431
Wael Amr,Teacher,30,Female,C,Land,CUST-7432
Layla Fawzy,Technician,31,Male,D,Land,CUST-7433
Hoda Abdel-Aziz,Sales_Rep,26,Female,D,Land,CUST-7434
Layla Ghanem,Freelancer,23,Female,B,Land,CUST-7435
Karim Mansour,Accountant,21,Male,A,Land,CUST-7436
Mona Fawzy,Doctor,52,Female,A,,CUST-7437
Amira Fawzy,Doctor,33,Male,B,Land,CUST-7438
Ahmed Ghanem,Engineer,43,Female,A,,CUST-7439
Fatma Ibrahim,Accountant,35,Female,C,Land,CUST-7440
Karim Amr,Sales_Rep,33,Male,C,,CUST-7441
Salma Mansour,Freelancer,45,Female,D,Vehicle,CUST-7442
Sherif Saied,Engineer,33,Female,A,Vehicle,CUST-7443
Layla Ghanem,Teacher,58,Female,D,,CUST-7444
Dina Amr,Doctor,23,Male,D,,CUST-7445
Mona Mahmoud,Accountant,47,Female,C,Vehicle,CUST-7446
Khaled Nabil,Freelancer,49,Male,B,Vehicle,CUST-7447
Salma Ghanem,Sales_Rep,53,Male,D,Land,CUST-7448
Mahmoud Amr,Accountant,28,Male,B,Land,CUST-7449
Heba Reda,Doctor,64,Male,C,Vehicle,CUST-7450
Wael Kamel,Freelancer,40,Female,C,Vehicle,CUST-7451
Mostafa Ibrahim,Accountant,28,Female,C,Vehicle,CUST-7452
Layla Amr,Engineer,43,Female,D,Vehicle,CUST-7453
Dina Abdel-Aziz,Technician,57,Male,D,,CUST-7454
Tarek Kamel,Doctor,52,Female,D,Vehicle,CUST-7455
Ibrahim Fawzy,Doctor,46,Male,C,Land,CUST-7456
Tarek Amr,Accountant,49,Female,B,,CUST-7457
Karim Saied,Technician,64,Male,B,,CUST-7458
Amira Hassan,Accountant,45,Female,A,,CUST-7459
Khaled Nabil,Engineer,57,Male,C,Vehicle,CUST-7460
Sherif Abdel-Aziz,Doctor,40,Female,A,Land,CUST-7461
Hoda Adel,Technician,23,Male,C,Vehicle,CUST-7462
Hoda Fawzy,Doctor,22,Female,B,Vehicle,CUST-7463
Tarek Hamdy,Sales_Rep,62,Female,D,Land,CUST-7464
Hassan Nabil,Teacher,31,Female,C,,CUST-7465
,Sales_Rep,29,Male,D,Land,CUST-7466
Sara Fawzy,Sales_Rep,27,Male,A,,CUST-7467
Hamdy Abdel-Aziz,Freelancer,31,Male,B,Land,CUST-7468
Fatma Amr,Teacher,33,Female,D,,CUST-7469
Ibrahim Adel,Accountant,35,Male,D,Land,CUST-7470
Mona Nabil,Teacher,52,Female,A,Vehicle,CUST-7471
Mostafa Hamdy,Engineer,57,Female,A,,CUST-7472
Ibrahim Hassan,Accountant,32,Male,B,Vehicle,CUST-7473
Hoda Fawzy,Freelancer,32,Female,A,Vehicle,CUST-7474
Mohamed Adel,Accountant,58,Male,C,Vehicle,CUST-7475
Ahmed Fawzy,Engineer,62,Male,B,,CUST-7476
Hamdy Ibrahim,Technician,39,Male,A,Land,CUST-7477
,Technician,37,Male,D,Land,CUST-7478
Dina Reda,Accountant,36,Female,B,,CUST-7479
Mohamed El-Sayed,Sales_Rep,38,Male,C,,CUST-7480
Mohamed Fawzy,Teacher,65,Female,C,,CUST-7481
Ibrahim Hassan,Teacher,43,Female,D,Land,CUST-7482
Mona Amr,Freelancer,63,Female,B,Vehicle,CUST-7483
Mohamed Hamdy,Engineer,35,Male,B,Land,CUST-7484
Zaki El-Sayed,Doctor,56,Female,C,Vehicle,CUST-7485
Mohamed Hamdy,Freelancer,61,Male,A,,CUST-7486
Hoda Adel,Teacher,59,Male,D,Land,CUST-7487
Omar Kamel,Engineer,59,Male,C,Land,CUST-7488
Ibrahim Saied,Engineer,64,Male,A,,CUST-7489
Fatma Ghanem,Doctor,60,Male,D,,CUST-7490
Mohamed Nabil,Engineer,57,Male,D,,CUST-7491
Dina Saied,Teacher,40,Female,A,Land,CUST-7492
Sherif Nabil,Technician,23,Male,B,Vehicle,CUST-7493
Omar Fawzy,Sales_Rep,58,Male,A,,CUST-7494
Sara Fawzy,Freelancer,27,Female,A,Land,CUST-7495
Sara Ghanem,Sales_Rep,44,Female,B,,CUST-7496
Heba Ibrahim,Doctor,46,Female,C,,CUST-7497
Amira Kamel,Doctor,62,Male,A,Vehicle,CUST-7498
Hamdy Nabil,Accountant,31,Female,C,Vehicle,CUST-7499
Layla Zaki,Accountant,44,Female,B,Land,CUST-7500
Mostafa Adel,Technician,29,Male,B,Land,CUST-7501
Khaled Ghanem,Engineer,34,Male,A,Land,CUST-7502
Omar Adel,Engineer,56,Male,A,Land,CUST-7503
Karim Kamel,Sales_Rep,61,Male,A,Land,CUST-7504
Zaki El-Sayed,Engineer,64,Female,B,Land,CUST-7505
Hassan Saied,Doctor,44,Female,D,Land,CUST-7506
Bassem Amr,Freelancer,62,Male,B,Land,CUST-7507
Hamdy Saied,Sales_Rep,64,Male,A,,CUST-7508
Wael Hassan,Technician,33,Male,C,Land,CUST-7509
Sara Fawzy,Engineer,44,Female,B,,CUST-7510
Hassan El-Sayed,Freelancer,61,Male,B,Land,CUST-7511
Zaki Zaki,Teacher,38,Female,D,,CUST-7512
Dina Saied,Accountant,35,Male,B,,CUST-7513
Khaled Hamdy,Accountant,48,Female,C,Land,CUST-7514
,Accountant,23,Male,B,,CUST-7515
Zaki Zaki,Teacher,28,Male,D,,CUST-7516
Tarek Hamdy,Technician,27,Male,A,,CUST-7517
Wael Saied,Teacher,34,Male,D,Land,CUST-7518
Hoda Hassan,Doctor,63,Male,A,,CUST-7519
Ahmed Hassan,Sales_Rep,55,Male,A,,CUST-7520
Mona Zaki,Teacher,56,Female,C,,CUST-7521
Nabil Ibrahim,Sales_Rep,32,Female,A,Land,CUST-7522
Nabil Nabil,Sales_Rep,34,Male,B,Vehicle,CUST-7523
Hoda Hassan,Doctor,23,Female,D,Land,CUST-7524
Sara Abdel-Aziz,Technician,57,Female,D,Land,CUST-7525
Hamdy Reda,Teacher,62,Female,D,Vehicle,CUST-7526
Ahmed El-Sayed,Accountant,37,Male,B,Land,CUST-7527
Omar Ibrahim,Teacher,40,Male,C,,CUST-7528
Wael Fawzy,Doctor,35,Female,C,Vehicle,CUST-7529
Karim Reda,Freelancer,40,Female,C,Vehicle,CUST-7530
Sherif Kamel,Sales_Rep,38,Female,A,Vehicle,CUST-7531
Nabil El-Sayed,Freelancer,24,Male,D,Land,CUST-7532
Hamdy El-Sayed,Engineer,58,Female,C,Vehicle,CUST-7533
Mostafa Mahmoud,Teacher,29,Female,C,Land,CUST-7534
Sara El-Sayed,Doctor,38,Male,A,Land,CUST-7535
Dina Abdel-Aziz,Freelancer,29,Female,C,Land,CUST-7536
Mahmoud Fawzy,Technician,58,Male,C,Vehicle,CUST-7537
Karim Hassan,Sales_Rep,26,Male,D,,CUST-7538
Fatma Amr,Accountant,53,Female,B,,CUST-7539
Nabil Mansour,Technician,57,Male,C,,CUST-7540
Zaki El-Sayed,Technician,29,Male,D,Land,CUST-7541
Karim Reda,Sales_Rep,31,Female,C,Vehicle,CUST-7542
,Freelancer,45,Male,C,Vehicle,CUST-7543
Ibrahim Fawzy,Engineer,54,Female,B,,CUST-7544
Mohamed Ibrahim,Accountant,47,Male,A,,CUST-7545
Fatma Mansour,Technician,45,Male,A,Vehicle,CUST-7546
Nabil Ibrahim,Teacher,51,Male,C,Land,CUST-7547
Tarek Ghanem,Accountant,64,Female,A,Vehicle,CUST-7548
Dina Hamdy,Engineer,29,Female,A,Land,CUST-7549
Layla El-Sayed,Engineer,26,Male,C,Land,CUST-7550
Fatma Reda,Accountant,51,Male,B,Vehicle,CUST-7551
Sara Reda,Technician,63,Male,B,,CUST-7552
Wael Adel,Accountant,24,Female,A,Vehicle,CUST-7553
Dina Ibrahim,Freelancer,60,Male,C,Land,CUST-7554
Layla Hamdy,Accountant,62,Female,C,Land,CUST-7555
Hamdy Fawzy,Accountant,25,Male,C,Land,CUST-7556
Ibrahim Hamdy,Accountant,63,Female,D,Land,CUST-7557
Heba El-Sayed,Teacher,51,Female,C,,CUST-7558
Tarek Adel,Sales_Rep,38,Female,A,Land,CUST-7559
Dina Amr,Teacher,49,Male,D,Land,CUST-7560
Mohamed Abdel-Aziz,Technician,53,Male,A,Vehicle,CUST-7561
Bassem Ibrahim,Teacher,27,Male,D,,CUST-7562
Khaled Zaki,Accountant,64,Male,B,,CUST-7563
Sherif Adel,Sales_Rep,40,Male,C,Vehicle,CUST-7564
Amira El-Sayed,Accountant,46,Male,D,Vehicle,CUST-7565
Sara Fawzy,Freelancer,59,Male,A,Land,CUST-7566
Hoda Kamel,Freelancer,23,Male,D,Land,CUST-7567
Amira Zaki,Engineer,26,Female,D,Vehicle,CUST-7568
Mahmoud Adel,Accountant,21,Male,C,Vehicle,CUST-7569
Ahmed Nabil,Teacher,30,Male,A,Land,CUST-7570
Zaki Abdel-Aziz,Engineer,60,Female,D,,CUST-7571
Ahmed Mansour,Engineer,53,Male,C,Vehicle,CUST-7572
Zaki Ibrahim,Doctor,50,Female,A,Land,CUST-7573
Sara Amr,Technician,62,Female,D,Land,CUST-7574
Mahmoud Kamel,Sales_Rep,63,Male,B,Vehicle,CUST-7575
Nabil Fawzy,Freelancer,55,Female,D,,CUST-7576
Tarek Adel,Teacher,50,Male,A,Land,CUST-7577
Hassan Nabil,Engineer,26,Female,B,,CUST-7578
Sara Hamdy,Teacher,27,Female,D,Vehicle,CUST-7579
Mona Hassan,Engineer,36,Male,A,,CUST-7580
Omar Fawzy,Freelancer,25,Male,B,Land,CUST-7581
Hamdy Fawzy,Freelancer,42,Female,B,,CUST-7582
Amira Nabil,Doctor,42,Male,B,Vehicle,CUST-7583
Hoda Saied,Accountant,37,Male,D,Land,CUST-7584
Heba Mansour,Accountant,59,Female,B,Land,CUST-7585
Mona Mansour,Freelancer,33,Female,D,Land,CUST-7586
Layla Saied,Doctor,23,Male,D,Vehicle,CUST-7587
Ibrahim Reda,Technician,35,Female,D,Land,CUST-7588
Dina Ibrahim,Technician,22,Male,A,Land,CUST-7589
Amira Reda,Sales_Rep,21,Female,B,,CUST-7590
Layla Hamdy,Sales_Rep,27,Female,C,,CUST-7591
Dina Hamdy,Doctor,49,Male,A,Land,CUST-7592
Heba Saied,Teacher,38,Female,C,,CUST-7593
Omar Abdel-Aziz,Teacher,41,Male,A,Land,CUST-7594
Karim Adel,Engineer,32,Male,D,Vehicle,CUST-7595
Ibrahim Hassan,Technician,25,Male,A,Land,CUST-7596
Amira Mahmoud,Accountant,23,Male,B,,CUST-7597
Wael Mahmoud,Accountant,33,Male,C,,CUST-7598
Zaki Amr,Doctor,65,Female,D,Vehicle,CUST-7599
Hoda Zaki,Teacher,59,Female,D,Vehicle,CUST-7600
Layla Abdel-Aziz,Teacher,59,Male,D,Vehicle,CUST-7601
Amira Ghanem,Engineer,32,Female,C,,CUST-7602
Ibrahim El-Sayed,Teacher,29,Female,A,Vehicle,CUST-7603
Sara Kamel,Freelancer,51,Male,A,Land,CUST-7604
Layla Ibrahim,Engineer,62,Male,A,Land,CUST-7605
Bassem Adel,Teacher,51,Female,D,Vehicle,CUST-7606
Bassem Abdel-Aziz,Engineer,24,Female,A,,CUST-7607
Mohamed Saied,Sales_Rep,65,Male,A,,CUST-7608
Heba Fawzy,Freelancer,35,Female,B,,CUST-7609
Hassan Hassan,Engineer,49,Male,C,Land,CUST-7610
Fatma Fawzy,Sales_Rep,61,Female,D,,CUST-7611
Nabil Fawzy,Teacher,51,Male,D,Vehicle,CUST-7612
Khaled Ibrahim,Doctor,27,Female,C,Vehicle,CUST-7613
Hamdy Mansour,Sales_Rep,39,Female,C,Land,CUST-7614
Khaled Adel,Teacher,41,Female,B,Vehicle,CUST-7615
Ahmed Ibrahim,Engineer,51,Female,A,Land,CUST-7616
Sara Saied,Sales_Rep,64,Male,C,,CUST-7617
Layla Zaki,Engineer,23,Male,A,Land,CUST-7618
Karim Ghanem,Sales_Rep,26,Male,D,Vehicle,CUST-7619
Layla Nabil,Freelancer,53,Male,C,,CUST-7620
Nabil Hamdy,Technician,23,Male,A,Vehicle,CUST-7621
Hamdy Abdel-Aziz,Freelancer,29,Male,D,,CUST-7622
Ahmed Abdel-Aziz,Engineer,58,Male,A,,CUST-7623
Mohamed Reda,Technician,34,Male,C,,CUST-7624
Dina Zaki,Teacher,36,Male,D,Vehicle,CUST-7625
Tarek Ghanem,Engineer,56,Female,B,Vehicle,CUST-7626
Khaled Fawzy,Freelancer,48,Female,A,,CUST-7627
Nabil Abdel-Aziz,Doctor,56,Female,C,,CUST-7628
Khaled Saied,Engineer,23,Male,D,,CUST-7629
Sherif Adel,Sales_Rep,36,Male,D,Land,CUST-7630
Dina Saied,Accountant,41,Female,B,,CUST-7631
Layla Mansour,Teacher,44,Male,D,Vehicle,CUST-7632
Ibrahim Kamel,Accountant,23,Female,D,,CUST-7633
Salma Amr,Freelancer,24,Female,B,Land,CUST-7634
Wael Reda,Sales_Rep,31,Female,C,Vehicle,CUST-7635
Mostafa Ghanem,Doctor,56,Female,B,Vehicle,CUST-7636
Ibrahim Nabil,Freelancer,36,Male,D,Vehicle,CUST-7637
Layla Reda,Technician,55,Female,C,Vehicle,CUST-7638
Amira Abdel-Aziz,Technician,47,Male,A,Vehicle,CUST-7639
Layla Hamdy,Doctor,37,Female,D,Land,CUST-7640
Omar Hamdy,Accountant,59,Male,B,,CUST-7641
Omar Saied,Sales_Rep,30,Female,C,Vehicle,CUST-7642
Wael Hamdy,Engineer,28,Female,A,Land,CUST-7643
Hoda Ibrahim,Teacher,26,Female,C,Land,CUST-7644
Tarek Mansour,Engineer,64,Female,D,Vehicle,CUST-7645
Ahmed Mahmoud,Technician,35,Male,A,Vehicle,CUST-7646
Zaki El-Sayed,Engineer,36,Female,C,Vehicle,CUST-7647
Salma Mahmoud,Teacher,43,Male,A,Land,CUST-7648
Salma Amr,Accountant,50,Female,D,Vehicle,CUST-7649
Hassan Zaki,Sales_Rep,45,Female,B,Vehicle,CUST-7650
Omar Saied,Technician,24,Male,C,Land,CUST-7651
Ahmed Saied,Sales_Rep,60,Female,A,,CUST-7652
Salma Hassan,Freelancer,43,Male,D,Land,CUST-7653
Karim El-Sayed,Accountant,47,Male,B,Vehicle,CUST-7654
Amira Saied,Sales_Rep,53,Male,D,Land,CUST-7655
Zaki Zaki,Teacher,65,Male,D,,CUST-7656
Ahmed Ibrahim,Freelancer,39,Male,C,,CUST-7657
Sara Mahmoud,Technician,52,Female,B,Vehicle,CUST-7658
Nabil Reda,Accountant,24,Male,B,Vehicle,CUST-7659
Mahmoud Zaki,Accountant,31,Male,B,Vehicle,CUST-7660
Karim Ghanem,Engineer,27,Female,D,Land,CUST-7661
Salma Hamdy,Teacher,28,Female,C,,CUST-7662
Wael Mansour,Technician,43,Male,A,Vehicle,CUST-7663
,Sales_Rep,31,Male,C,,CUST-7664
Ahmed Hamdy,Engineer,64,Male,C,,CUST-7665
Wael Ghanem,Technician,26,Female,D,Vehicle,CUST-7666
Mahmoud El-Sayed,Sales_Rep,51,Female,B,Land,CUST-7667
Hamdy Ibrahim,Technician,63,Female,A,,CUST-7668
Nabil Saied,Technician,59,Female,D,,CUST-7669
Ibrahim Amr,Accountant,32,Male,C,Vehicle,CUST-7670
Wael Adel,Freelancer,64,Male,A,Land,CUST-7671
Sherif Hamdy,Teacher,36,Female,B,Vehicle,CUST-7672
Heba Ibrahim,Freelancer,51,Male,A,Vehicle,CUST-7673
Wael Adel,Doctor,47,Female,B,,CUST-7674
Hoda Zaki,Engineer,42,Male,A,Vehicle,CUST-7675
Mona Ghanem,Accountant,42,Male,A,Vehicle,CUST-7676
Dina Amr,Doctor,39,Female,C,Vehicle,CUST-7677
Ibrahim Ibrahim,Freelancer,42,Female,A,Vehicle,CUST-7678
Tarek Mahmoud,Accountant,59,Female,C,Vehicle,CUST-7679
Hamdy Fawzy,Accountant,22,Male,A,Land,CUST-7680
Ibrahim Ibrahim,Teacher,30,Male,D,Vehicle,CUST-7681
Zaki Ghanem,Technician,29,Female,D,Vehicle,CUST-7682
Sara Mansour,Accountant,61,Male,A,,CUST-7683
Mostafa Kamel,Accountant,37,Male,A,,CUST-7684
Zaki Hamdy,Engineer,62,Female,A,Land,CUST-7685
Wael Amr,Accountant,21,Male,D,Vehicle,CUST-7686
Amira Adel,Teacher,61,Male,A,Vehicle,CUST-7687
Mostafa Mahmoud,Sales_Rep,42,Male,A,Land,CUST-7688
Khaled Mahmoud,Accountant,26,Female,A,Vehicle,CUST-7689
Amira Zaki,Doctor,53,Male,D,Vehicle,CUST-7690
Mona Hamdy,Accountant,28,Female,C,Vehicle,CUST-7691
,Engineer,31,Female,C,,CUST-7692
Khaled Ibrahim,Doctor,47,Male,C,Vehicle,CUST-7693
Salma Amr,Freelancer,42,Female,B,Land,CUST-7694
Dina Hassan,Sales_Rep,53,Female,A,Vehicle,CUST-7695
Hassan Mansour,Sales_Rep,45,Male,B,Vehicle,CUST-7696
Hamdy Ghanem,Engineer,37,Male,D,Land,CUST-7697
Sherif Nabil,Teacher,41,Female,A,,CUST-7698
Mahmoud El-Sayed,Teacher,49,Male,A,Vehicle,CUST-7699
Nabil Nabil,Freelancer,38,Male,B,,CUST-7700
Omar El-Sayed,Doctor,48,Female,A,Vehicle,CUST-7701
Wael Mahmoud,Accountant,48,Male,A,Land,CUST-7702
Heba Hamdy,Accountant,65,Male,C,Vehicle,CUST-7703
Hassan Nabil,Engineer,41,Female,B,Vehicle,CUST-7704
Heba Ibrahim,Freelancer,57,Female,D,,CUST-7705
Mona Amr,Accountant,63,Female,C,Land,CUST-7706
Mohamed Mansour,Sales_Rep,34,Male,D,,CUST-7707
Mona Fawzy,Freelancer,31,Male,C,Vehicle,CUST-7708
Mostafa Adel,Engineer,44,Female,A,Vehicle,CUST-7709
Mahmoud Kamel,Freelancer,41,Male,B,,CUST-7710
Mahmoud Ghanem,Sales_Rep,55,Female,D,,CUST-7711
Heba Amr,Engineer,21,Female,B,Land,CUST-7712
Wael Hassan,Sales_Rep,28,Female,C,,CUST-7713
Tarek El-Sayed,Technician,60,Female,C,Land,CUST-7714
Karim Saied,Freelancer,24,Female,B,Land,CUST-7715
Mohamed Zaki,Teacher,23,Female,A,Vehicle,CUST-7716
Sherif Kamel,Doctor,65,Male,B,Vehicle,CUST-7717
Mona Saied,Engineer,43,Male,A,Land,CUST-7718
Zaki Adel,Doctor,46,Female,B,Vehicle,CUST-7719
Fatma Mahmoud,Sales_Rep,59,Female,B,Vehicle,CUST-7720
Wael Nabil,Accountant,61,Female,C,,CUST-7721
Hassan Amr,Doctor,35,Female,A,Land,CUST-7722
Bassem Ibrahim,Accountant,27,Male,A,Land,CUST-7723
Mona Zaki,Freelancer,49,Female,B,,CUST-7724
Karim Saied,Accountant,44,Male,D,Vehicle,CUST-7725
Wael Hamdy,Accountant,48,Male,A,,CUST-7726
Heba Reda,Engineer,56,Male,C,Vehicle,CUST-7727
Mohamed Fawzy,Accountant,65,Female,D,Vehicle,CUST-7728
Sara Hamdy,Teacher,62,Male,C,Vehicle,CUST-7729
Mostafa Hassan,Engineer,37,Female,C,,CUST-7730
Karim El-Sayed,Technician,31,Male,D,,CUST-7731
Mostafa Ibrahim,Sales_Rep,22,Male,A,Land,CUST-7732
Heba Mahmoud,Accountant,29,Female,A,Land,CUST-7733
Amira El-Sayed,Doctor,60,Female,B,Vehicle,CUST-7734
Heba Adel,Sales_Rep,36,Male,B,,CUST-7735
Salma Saied,Doctor,40,Female,D,Vehicle,CUST-7736
Ibrahim Amr,Technician,40,Male,A,,CUST-7737
Mohamed Mansour,Technician,42,Male,D,Vehicle,CUST-7738
Hassan Kamel,Doctor,41,Male,B,Vehicle,CUST-7739
Hamdy Fawzy,Sales_Rep,55,Female,D,,CUST-7740
Zaki Mahmoud,Freelancer,23,Male,D,Vehicle,CUST-7741
Tarek Fawzy,Teacher,47,Female,C,,CUST-7742
Amira Hassan,Accountant,62,Female,C,Land,CUST-7743
Zaki Mahmoud,Engineer,24,Female,D,Vehicle,CUST-7744
Amira Ibrahim,Freelancer,30,Male,A,,CUST-7745
Hassan Amr,Technician,35,Male,D,Land,CUST-7746
Salma Ghanem,Freelancer,65,Female,C,Vehicle,CUST-7747
Hassan Hamdy,Freelancer,64,Male,C,Vehicle,CUST-7748
Layla Hamdy,Doctor,50,Male,D,Vehicle,CUST-7749
Sherif Kamel,Accountant,48,Female,B,,CUST-7750
Nabil Saied,Freelancer,49,Female,A,,CUST-7751
Karim Nabil,Teacher,60,Female,A,,CUST-7752
Layla Nabil,Doctor,36,Male,C,,CUST-7753
Zaki Kamel,Technician,51,Female,C,Vehicle,CUST-7754
Karim Mansour,Freelancer,61,Female,C,,CUST-7755
Hassan El-Sayed,Accountant,48,Female,C,Vehicle,CUST-7756
Wael Fawzy,Accountant,40,Male,C,Vehicle,CUST-7757
,Teacher,37,Female,D,Vehicle,CUST-7758
Salma Zaki,Sales_Rep,42,Female,A,,CUST-7759
Layla Abdel-Aziz,Technician,51,Female,A,Vehicle,CUST-7760
Amira El-Sayed,Freelancer,33,Male,B,Vehicle,CUST-7761
Mohamed Mahmoud,Sales_Rep,38,Male,D,,CUST-7762
Hoda El-Sayed,Freelancer,36,Female,A,Land,CUST-7763
Hoda Hamdy,Freelancer,23,Male,A,Land,CUST-7764
Sara Mahmoud,Accountant,62,Female,A,,CUST-7765
Sara El-Sayed,Doctor,26,Female,B,Land,CUST-7766
Amira Mahmoud,Technician,27,Male,C,Land,CUST-7767
Mohamed Saied,Doctor,50,Male,A,Vehicle,CUST-7768
Sherif Hamdy,Technician,60,Male,A,Vehicle,CUST-7769
Tarek Nabil,Teacher,52,Female,B,Land,CUST-7770
Amira Amr,Teacher,36,Male,D,,CUST-7771
Zaki Ibrahim,Engineer,58,Male,C,Vehicle,CUST-7772
Mohamed Abdel-Aziz,Engineer,26,Male,B,Vehicle,CUST-7773
Mahmoud Fawzy,Doctor,63,Female,C,Land,CUST-7774
Fatma Zaki,Teacher,57,Female,A,,CUST-7775
Bassem Fawzy,Sales_Rep,25,Male,C,Land,CUST-7776
Khaled Hamdy,Technician,46,Male,C,Land,CUST-7777
Dina Amr,Engineer,43,Male,D,Vehicle,CUST-7778
Heba El-Sayed,Sales_Rep,24,Female,D,Vehicle,CUST-7779
Khaled Ibrahim,Teacher,64,Female,A,Land,CUST-7780
Heba Amr,Teacher,55,Male,C,,CUST-7781
Nabil Adel,Freelancer,33,Male,A,Vehicle,CUST-7782
Bassem Adel,Teacher,31,Male,D,Vehicle,CUST-7783
,Doctor,44,Male,B,Vehicle,CUST-7784
Layla Zaki,Doctor,23,Female,C,Land,CUST-7785
Wael Hamdy,Accountant,35,Male,C,Land,CUST-7786
Karim Kamel,Teacher,26,Female,D,Vehicle,CUST-7787
Zaki Hassan,Technician,59,Male,A,Vehicle,CUST-7788
Wael Adel,Sales_Rep,25,Male,C,Land,CUST-7789
Mahmoud Hassan,Doctor,49,Female,C,Vehicle,CUST-7790
Tarek Kamel,Technician,59,Male,D,Vehicle,CUST-7791
Sherif Mansour,Freelancer,63,Female,D,Vehicle,CUST-7792
Hassan Amr,Engineer,32,Female,A,,CUST-7793
Mahmoud Ghanem,Technician,22,Female,D,,CUST-7794
,Accountant,60,Male,C,,CUST-7795
Sara Abdel-Aziz,Engineer,59,Female,D,Vehicle,CUST-7796
Omar Zaki,Technician,24,Male,D,,CUST-7797
Ibrahim Amr,Teacher,53,Female,A,Vehicle,CUST-7798
Sara Nabil,Doctor,39,Female,B,Vehicle,CUST-7799
Amira Abdel-Aziz,Teacher,46,Female,D,Vehicle,CUST-7800
Nabil Amr,Teacher,39,Male,B,Vehicle,CUST-7801
Wael Ibrahim,Sales_Rep,63,Female,D,Land,CUST-7802
Mohamed Hamdy,Teacher,45,Female,B,,CUST-7803
Amira Ibrahim,Technician,59,Female,D,Vehicle,CUST-7804
Wael Adel,Freelancer,41,Male,B,Vehicle,CUST-7805
Layla Amr,Teacher,64,Male,C,Land,CUST-7806
,Freelancer,41,Female,D,Vehicle,CUST-7807
Zaki Abdel-Aziz,Accountant,35,Male,A,,CUST-7808
Mohamed Adel,Accountant,38,Female,C,,CUST-7809
Sara Ghanem,Doctor,41,Female,C,Land,CUST-7810
Bassem Mahmoud,Technician,56,Male,A,,CUST-7811
Hassan Nabil,Teacher,35,Female,C,Land,CUST-7812
Tarek Reda,Technician,36,Female,D,,CUST-7813
Karim Kamel,Freelancer,22,Female,B,Vehicle,CUST-7814
Hassan Ghanem,Engineer,36,Female,A,Land,CUST-7815
Mahmoud Adel,Accountant,61,Male,A,Vehicle,CUST-7816
Ibrahim El-Sayed,Engineer,58,Female,B,,CUST-7817
Ibrahim El-Sayed,Technician,26,Female,D,Land,CUST-7818
Hamdy Fawzy,Sales_Rep,30,Male,B,,CUST-7819
Omar Amr,Doctor,22,Male,B,Vehicle,CUST-7820
Salma Reda,Teacher,34,Female,A,,CUST-7821
Ahmed Hamdy,Doctor,32,Male,C,Land,CUST-7822
Fatma Kamel,Technician,59,Male,B,Land,CUST-7823
Omar Zaki,Technician,58,Male,A,Land,CUST-7824
Mona Mansour,Accountant,22,Female,A,,CUST-7825
Salma Ibrahim,Teacher,23,Male,A,,CUST-7826
Mona Hassan,Doctor,50,Female,D,Land,CUST-7827
Mona Hamdy,Accountant,26,Female,D,Vehicle,CUST-7828
Karim Abdel-Aziz,Engineer,32,Female,D,Land,CUST-7829
Fatma Kamel,Teacher,50,Female,A,Vehicle,CUST-7830
Bassem El-Sayed,Teacher,41,Male,C,Vehicle,CUST-7831
Ahmed Kamel,Doctor,40,Female,A,Land,CUST-7832
Sherif Ibrahim,Freelancer,48,Male,B,Land,CUST-7833
Mahmoud Zaki,Teacher,57,Female,B,,CUST-7834
Amira Saied,Accountant,26,Male,B,Vehicle,CUST-7835
Layla Zaki,Teacher,58,Male,D,,CUST-7836
Mona El-Sayed,Doctor,61,Male,C,Vehicle,CUST-7837
Salma Hamdy,Freelancer,53,Female,A,Vehicle,CUST-7838
Khaled Hassan,Teacher,57,Female,A,Vehicle,CUST-7839
Zaki El-Sayed,Engineer,25,Female,C,Land,CUST-7840
Amira Hassan,Technician,58,Male,B,Land,CUST-7841
Mostafa Hassan,Freelancer,26,Male,B,Land,CUST-7842
Sara Reda,Sales_Rep,33,Male,A,Land,CUST-7843
Heba Hassan,Sales_Rep,42,Male,D,Land,CUST-7844
Ibrahim Mahmoud,Doctor,30,Male,D,,CUST-7845
Layla Hassan,Engineer,65,Male,A,,CUST-7846
Nabil Hassan,Doctor,45,Female,D,,CUST-7847
Omar Abdel-Aziz,Engineer,35,Female,D,,CUST-7848
Hassan Kamel,Accountant,53,Male,C,Land,CUST-7849
Zaki Mahmoud,Freelancer,35,Male,B,Land,CUST-7850
Ibrahim Ibrahim,Freelancer,56,Female,D,Vehicle,CUST-7851
Mahmoud Abdel-Aziz,Engineer,49,Female,D,,CUST-7852
Wael Ibrahim,Technician,57,Male,A,Vehicle,CUST-7853
Mahmoud Kamel,Doctor,44,Female,C,Vehicle,CUST-7854
Ahmed Ghanem,Technician,57,Male,D,,CUST-7855
Hamdy Mansour,Freelancer,33,Female,B,Vehicle,CUST-7856
Nabil El-Sayed,Doctor,39,Male,B,,CUST-7857
Salma Amr,Engineer,53,Female,C,,CUST-7858
Mahmoud Ibrahim,Teacher,52,Male,B,Vehicle,CUST-7859
Mona Nabil,Technician,40,Female,A,Land,CUST-7860
Omar El-Sayed,Sales_Rep,51,Male,B,Vehicle,CUST-7861
Tarek Ghanem,Doctor,40,Female,D,Vehicle,CUST-7862
Layla Ibrahim,Doctor,56,Female,C,,CUST-7863
Mostafa Kamel,Engineer,31,Male,B,,CUST-7864
Mona Kamel,Freelancer,29,Female,A,Vehicle,CUST-7865
Khaled Adel,Freelancer,34,Female,D,,CUST-7866
Salma Mahmoud,Doctor,63,Female,B,Vehicle,CUST-7867
Mostafa Abdel-Aziz,Freelancer,57,Male,A,Land,CUST-7868
Bassem Hamdy,Teacher,51,Female,A,,CUST-7869
Khaled Saied,Accountant,54,Male,A,,CUST-7870
Sara Fawzy,Engineer,29,Female,C,,CUST-7871
Fatma Mansour,Teacher,54,Male,B,Vehicle,CUST-7872
Karim Mahmoud,Engineer,41,Male,D,,CUST-7873
,Accountant,27,Female,B,,CUST-7874
Tarek Zaki,Sales_Rep,53,Female,C,Vehicle,CUST-7875
Amira Amr,Doctor,51,Female,B,Vehicle,CUST-7876
Sara Zaki,Accountant,59,Male,B,Land,CUST-7877
Bassem Ibrahim,Technician,59,Female,B,,CUST-7878
Salma Fawzy,Engineer,37,Female,C,Vehicle,CUST-7879
Ibrahim Saied,Technician,23,Male,C,Vehicle,CUST-7880
Hassan Hassan,Doctor,52,Female,D,Land,CUST-7881
Layla Hassan,Accountant,45,Male,D,Land,CUST-7882
Mostafa Nabil,Freelancer,22,Male,C,,CUST-7883
Hamdy Mansour,Accountant,31,Male,C,Land,CUST-7884
Nabil Zaki,Technician,52,Male,B,Land,CUST-7885
Dina Ibrahim,Sales_Rep,30,Male,A,,CUST-7886
Ibrahim Hamdy,Teacher,65,Male,A,Land,CUST-7887
Layla Abdel-Aziz,Technician,58,Female,D,Land,CUST-7888
Amira Amr,Freelancer,50,Male,C,Land,CUST-7889
Heba Amr,Accountant,21,Female,C,,CUST-7890
Wael Reda,Technician,50,Female,B,Land,CUST-7891
Hoda Mansour,Doctor,32,Female,C,,CUST-7892
Ahmed Mahmoud,Sales_Rep,27,Female,B,Vehicle,CUST-7893
Omar Zaki,Technician,52,Male,D,Vehicle,CUST-7894
Mohamed Fawzy,Technician,53,Male,A,Land,CUST-7895
Bassem Adel,Engineer,53,Female,A,Vehicle,CUST-7896
Layla Amr,Doctor,39,Female,C,Land,CUST-7897
Salma Adel,Freelancer,30,Female,A,Vehicle,CUST-7898
Dina Saied,Accountant,62,Female,A,Vehicle,CUST-7899
Heba El-Sayed,Doctor,57,Male,D,Vehicle,CUST-7900
Ahmed El-Sayed,Accountant,32,Female,D,Vehicle,CUST-7901
Omar Abdel-Aziz,Freelancer,45,Female,A,Land,CUST-7902
Mostafa Ibrahim,Freelancer,35,Female,C,,CUST-7903
Bassem Amr,Sales_Rep,27,Male,B,Vehicle,CUST-7904
Omar El-Sayed,Accountant,25,Male,C,Vehicle,CUST-7905
Hassan Reda,Accountant,44,Female,B,,CUST-7906
Tarek Hamdy,Sales_Rep,37,Male,B,Land,CUST-7907
Karim Nabil,Doctor,43,Female,C,Land,CUST-7908
Heba Mahmoud,Teacher,25,Female,C,Land,CUST-7909
Sherif Hassan,Doctor,63,Male,D,,CUST-7910
Mona Mahmoud,Doctor,26,Male,C,,CUST-7911
Hamdy Adel,Freelancer,33,Female,A,,CUST-7912
Fatma El-Sayed,Sales_Rep,22,Male,A,,CUST-7913
Bassem Nabil,Sales_Rep,45,Female,B,Vehicle,CUST-7914
Mohamed Ibrahim,Teacher,31,Male,A,Land,CUST-7915
Salma Ibrahim,Teacher,22,Female,A,,CUST-7916
Hoda El-Sayed,Accountant,49,Male,B,Land,CUST-7917
Ibrahim Hamdy,Technician,32,Male,C,Land,CUST-7918
Heba Abdel-Aziz,Accountant,42,Female,B,Land,CUST-7919
Nabil Abdel-Aziz,Accountant,53,Female,A,Vehicle,CUST-7920
Zaki Hamdy,Doctor,53,Male,C,Vehicle,CUST-7921
Wael Mansour,Teacher,59,Male,C,,CUST-7922
Ibrahim Hamdy,Accountant,46,Female,D,,CUST-7923
Bassem Fawzy,Engineer,52,Male,A,Vehicle,CUST-7924
Ibrahim Ibrahim,Freelancer,62,Female,A,Vehicle,CUST-7925
Khaled Saied,Doctor,26,Female,C,Vehicle,CUST-7926
Karim Nabil,Technician,46,Male,D,,CUST-7927
Sherif Amr,Accountant,42,Female,D,,CUST-7928
Dina Reda,Sales_Rep,22,Female,A,Land,CUST-7929
Khaled Fawzy,Sales_Rep,54,Female,D,Vehicle,CUST-7930
Sherif Hassan,Accountant,28,Male,C,Land,CUST-7931
Layla Abdel-Aziz,Freelancer,30,Male,A,,CUST-7932
Ahmed Nabil,Freelancer,38,Female,B,Land,CUST-7933
Ibrahim Fawzy,Accountant,61,Male,D,,CUST-7934
Mostafa Saied,Accountant,48,Male,A,Land,CUST-7935
Heba Kamel,Doctor,48,Female,C,,CUST-7936
Mona Nabil,Teacher,35,Female,C,Land,CUST-7937
Layla Fawzy,Doctor,33,Female,B,Land,CUST-7938
Bassem Abdel-Aziz,Accountant,52,Male,C,Land,CUST-7939
Omar Mansour,Doctor,29,Male,C,Vehicle,CUST-7940
Bassem Reda,Accountant,26,Female,C,Vehicle,CUST-7941
Zaki Mahmoud,Doctor,46,Male,C,Vehicle,CUST-7942
Omar Kamel,Doctor,37,Male,A,Vehicle,CUST-7943
Dina El-Sayed,Sales_Rep,23,Male,C,Land,CUST-7944
Hamdy Hamdy,Sales_Rep,35,Male,B,Land,CUST-7945
,Freelancer,32,Female,B,Land,CUST-7946
Nabil Hassan,Accountant,25,Female,D,,CUST-7947
Hamdy Amr,Doctor,23,Male,D,,CUST-7948
Ahmed Hassan,Engineer,33,Male,B,Vehicle,CUST-7949
Hoda Adel,Sales_Rep,48,Female,D,Vehicle,CUST-7950
Hamdy Kamel,Doctor,50,Male,A,Vehicle,CUST-7951
Sara Hamdy,Doctor,24,Male,C,Vehicle,CUST-7952
Amira Reda,Doctor,35,Female,D,Land,CUST-7953
Heba Hassan,Accountant,53,Male,D,,CUST-7954
Nabil Hamdy,Technician,48,Male,D,Vehicle,CUST-7955
Zaki Kamel,Teacher,52,Male,B,Land,CUST-7956
Salma Amr,Engineer,41,Female,B,Land,CUST-7957
Layla Mahmoud,Doctor,47,Female,A,Land,CUST-7958
Khaled Ibrahim,Freelancer,46,Male,C,Land,CUST-7959
Nabil El-Sayed,Technician,54,Male,B,Land,CUST-7960
Mahmoud Hamdy,Teacher,51,Female,B,Vehicle,CUST-7961
Bassem Zaki,Teacher,36,Male,D,,CUST-7962
Mona Ghanem,Freelancer,41,Male,B,Vehicle,CUST-7963
Fatma Mansour,Freelancer,25,Female,B,Vehicle,CUST-7964
Omar Saied,Engineer,65,Male,B,Land,CUST-7965
Fatma El-Sayed,Freelancer,28,Female,C,Vehicle,CUST-7966
Mostafa Abdel-Aziz,Accountant,42,Female,C,,CUST-7967
Amira Mansour,Doctor,27,Female,C,,CUST-7968
Ahmed Reda,Accountant,57,Female,D,,CUST-7969
Sara Mahmoud,Teacher,57,Male,C,Land,CUST-7970
Hamdy Saied,Accountant,38,Male,A,,CUST-7971
Karim Hamdy,Engineer,49,Male,A,Land,CUST-7972
Mohamed Kamel,Doctor,47,Male,C,Land,CUST-7973
Tarek Saied,Teacher,53,Female,A,Vehicle,CUST-7974
Nabil Adel,Freelancer,37,Male,C,Land,CUST-7975
Wael Amr,Technician,34,Male,A,,CUST-7976
Fatma Reda,Accountant,47,Female,D,,CUST-7977
Bassem Ibrahim,Accountant,39,Female,A,Vehicle,CUST-7978
Ibrahim Ibrahim,Accountant,41,Male,A,Land,CUST-7979
Zaki Hamdy,Doctor,32,Male,D,Land,CUST-7980
Wael Hamdy,Sales_Rep,44,Female,C,,CUST-7981
Hamdy Reda,Engineer,55,Male,C,,CUST-7982
Heba Kamel,Sales_Rep,43,Female,C,Land,CUST-7983
Dina Hamdy,Freelancer,40,Male,B,,CUST-7984
Amira Kamel,Engineer,35,Female,A,,CUST-7985
Hoda Ibrahim,Technician,40,Female,B,,CUST-7986
Omar Adel,Technician,56,Female,D,Vehicle,CUST-7987
Mohamed Abdel-Aziz,Freelancer,64,Male,A,,CUST-7988
Omar El-Sayed,Teacher,51,Male,B,,CUST-7989
Wael Abdel-Aziz,Technician,63,Male,D,Land,CUST-7990
Ibrahim Reda,Technician,42,Male,D,Vehicle,CUST-7991
Hassan Zaki,Freelancer,42,Male,C,Vehicle,CUST-7992
Nabil Kamel,Engineer,65,Male,C,Vehicle,CUST-7993
Layla Amr,Accountant,51,Female,A,Vehicle,CUST-7994
Amira Ghanem,Technician,34,Female,B,Land,CUST-7995
Fatma Fawzy,Engineer,53,Male,C,Land,CUST-7996
Salma El-Sayed,Technician,55,Female,C,Land,CUST-7997
Layla Nabil,Engineer,53,Male,C,,CUST-7998
Mohamed Zaki,Technician,37,Female,B,,CUST-7999
Mahmoud Saied,Sales_Rep,64,Female,B,,CUST-8000
Heba El-Sayed,Teacher,43,Male,A,Vehicle,CUST-8001
Wael Abdel-Aziz,Accountant,42,Female,A,Land,CUST-8002
Hamdy Zaki,Freelancer,39,Male,C,Land,CUST-8003
Mahmoud Ibrahim,Accountant,61,Female,B,,CUST-8004
Karim Reda,Teacher,22,Female,A,,CUST-8005
Wael Reda,Doctor,53,Female,C,Land,CUST-8006
Mohamed Saied,Accountant,63,Female,C,,CUST-8007
Karim Fawzy,Technician,34,Male,A,Vehicle,CUST-8008
Ahmed El-Sayed,Freelancer,32,Female,B,Vehicle,CUST-8009
Ibrahim Ibrahim,Teacher,42,Male,A,Vehicle,CUST-8010
Heba Reda,Teacher,44,Male,A,Vehicle,CUST-8011
Hassan El-Sayed,Accountant,22,Female,B,Land,CUST-8012
Wael Hamdy,Engineer,29,Male,B,Vehicle,CUST-8013
Wael Nabil,Doctor,42,Male,A,Vehicle,CUST-8014
Tarek Zaki,Freelancer,40,Female,B,,CUST-8015
Fatma El-Sayed,Accountant,65,Female,D,Vehicle,CUST-8016
Hoda Amr,Technician,39,Male,B,Vehicle,CUST-8017
Mostafa Adel,Sales_Rep,55,Male,C,Land,CUST-8018
Tarek Adel,Technician,56,Female,D,,CUST-8019
Salma Adel,Technician,45,Female,B,Land,CUST-8020
Hassan Mansour,Sales_Rep,32,Male,D,Vehicle,CUST-8021
Ahmed Ibrahim,Doctor,31,Female,B,Vehicle,CUST-8022
Hassan Zaki,Doctor,47,Female,A,Land,CUST-8023
Wael Adel,Technician,62,Male,C,,CUST-8024
Sherif Saied,Freelancer,55,Female,D,Vehicle,CUST-8025
Mahmoud Adel,Accountant,35,Male,A,Vehicle,CUST-8026
Omar Hamdy,Freelancer,53,Female,D,Land,CUST-8027
Bassem Ghanem,Sales_Rep,50,Male,D,Land,CUST-8028
Nabil El-Sayed,Doctor,53,Female,C,,CUST-8029
Sara Hamdy,Doctor,30,Male,A,Vehicle,CUST-8030
Wael Mansour,Freelancer,44,Male,C,Vehicle,CUST-8031
Ahmed Amr,Engineer,22,Male,D,,CUST-8032
Zaki El-Sayed,Accountant,34,Male,D,,CUST-8033
Mona Abdel-Aziz,Engineer,55,Male,C,,CUST-8034
Mohamed Hamdy,Freelancer,37,Male,C,Vehicle,CUST-8035
Mahmoud Hassan,Teacher,26,Female,B,Vehicle,CUST-8036
Hassan El-Sayed,Freelancer,29,Male,B,Vehicle,CUST-8037
Ibrahim Zaki,Teacher,21,Female,A,Land,CUST-8038
Mahmoud El-Sayed,Sales_Rep,50,Female,B,Land,CUST-8039
Amira El-Sayed,Freelancer,38,Male,D,Land,CUST-8040
Sherif Fawzy,Doctor,54,Female,D,Land,CUST-8041
Mohamed Saied,Accountant,45,Male,D,,CUST-8042
Salma Zaki,Teacher,35,Female,B,,CUST-8043
Zaki Mahmoud,Sales_Rep,54,Female,B,,CUST-8044
Mohamed Hamdy,Freelancer,44,Female,C,Vehicle,CUST-8045
Omar Ghanem,Doctor,38,Female,B,,CUST-8046
Sherif Amr,Accountant,54,Female,B,Vehicle,CUST-8047
Amira Hassan,Sales_Rep,26,Male,B,Vehicle,CUST-8048
Sherif Fawzy,Technician,61,Female,A,Vehicle,CUST-8049
Zaki Adel,Teacher,57,Male,C,,CUST-8050
Dina Reda,Engineer,42,Male,D,Vehicle,CUST-8051
Wael El-Sayed,Technician,45,Female,A,Land,CUST-8052
Omar Kamel,Sales_Rep,21,Female,D,Vehicle,CUST-8053
,Teacher,63,Female,D,Vehicle,CUST-8054
Wael Reda,Sales_Rep,65,Female,B,Vehicle,CUST-8055
Mona Fawzy,Sales_Rep,56,Female,B,Land,CUST-8056
Heba Fawzy,Engineer,65,Female,C,,CUST-8057
Wael Nabil,Engineer,22,Female,B,Vehicle,CUST-8058
Fatma Zaki,Engineer,28,Male,D,Vehicle,CUST-8059
Mostafa Fawzy,Technician,25,Female,C,Vehicle,CUST-8060
Karim Ibrahim,Teacher,34,Male,B,Land,CUST-8061
Bassem Nabil,Technician,63,Male,B,Land,CUST-8062
Mahmoud Abdel-Aziz,Doctor,51,Male,B,Vehicle,CUST-8063
Amira Zaki,Sales_Rep,38,Male,A,Vehicle,CUST-8064
Sherif Abdel-Aziz,Engineer,37,Female,B,,CUST-8065
Nabil El-Sayed,Sales_Rep,24,Female,C,Land,CUST-8066
Mona Amr,Freelancer,24,Male,B,Land,CUST-8067
Wael Fawzy,Accountant,56,Male,B,,CUST-8068
Hamdy Hamdy,Sales_Rep,43,Male,A,Land,CUST-8069
Ahmed Mahmoud,Technician,37,Male,B,Vehicle,CUST-8070
Layla Abdel-Aziz,Freelancer,41,Male,B,Land,CUST-8071
Sara Abdel-Aziz,Engineer,34,Female,B,,CUST-8072
Ibrahim Fawzy,Technician,51,Female,B,Vehicle,CUST-8073
Hoda Hassan,Freelancer,49,Female,B,Land,CUST-8074
Layla Hamdy,Engineer,49,Male,B,Vehicle,CUST-8075
Fatma Hamdy,Doctor,28,Female,B,,CUST-8076
Hassan El-Sayed,Freelancer,56,Female,B,,CUST-8077
Mona Mansour,Sales_Rep,23,Male,B,Land,CUST-8078
Nabil Ghanem,Accountant,38,Female,B,,CUST-8079
Heba Kamel,Teacher,22,Female,B,Vehicle,CUST-8080
Mahmoud Ghanem,Technician,33,Male,B,,CUST-8081
Ahmed Hassan,Sales_Rep,51,Female,D,,CUST-8082
Ibrahim Reda,Sales_Rep,55,Female,D,,CUST-8083
Tarek Amr,Teacher,46,Female,D,Land,CUST-8084
Hamdy Mansour,Sales_Rep,54,Male,D,,CUST-8085
Nabil Hamdy,Doctor,61,Female,D,,CUST-8086
Layla Abdel-Aziz,Sales_Rep,49,Female,A,,CUST-8087
Wael Hassan,Technician,55,Female,C,,CUST-8088
Bassem Adel,Freelancer,63,Female,C,Vehicle,CUST-8089
Wael Hamdy,Sales_Rep,56,Female,C,,CUST-8090
Sara Nabil,Accountant,61,Male,B,Vehicle,CUST-8091
Mohamed Amr,Technician,25,Female,D,Land,CUST-8092
Khaled Nabil,Freelancer,26,Female,B,Land,CUST-8093
Hoda Mahmoud,Engineer,40,Female,A,Vehicle,CUST-8094
Ibrahim Reda,Doctor,50,Male,B,Vehicle,CUST-8095
Tarek Mahmoud,Doctor,59,Female,D,Vehicle,CUST-8096
Heba Amr,Sales_Rep,56,Female,D,Land,CUST-8097
Wael Ghanem,Teacher,29,Female,A,,CUST-8098
Wael Ibrahim,Technician,23,Female,A,Vehicle,CUST-8099
,Accountant,34,Male,D,Vehicle,CUST-8100
Wael Adel,Engineer,23,Male,C,Vehicle,CUST-8101
Omar Zaki,Technician,41,Female,C,Vehicle,CUST-8102
Nabil Abdel-Aziz,Freelancer,64,Female,D,,CUST-8103
Amira Fawzy,Accountant,58,Male,D,Vehicle,CUST-8104
Fatma Zaki,Freelancer,54,Male,A,Vehicle,CUST-8105
Heba Hassan,Accountant,25,Female,B,,CUST-8106
Hamdy Zaki,Engineer,59,Male,C,Vehicle,CUST-8107
Layla Kamel,Technician,43,Male,C,,CUST-8108
Mohamed Reda,Sales_Rep,52,Female,D,Land,CUST-8109
Hoda Adel,Freelancer,63,Female,B,Vehicle,CUST-8110
Karim Abdel-Aziz,Doctor,52,Female,B,Vehicle,CUST-8111
Dina Fawzy,Technician,50,Male,B,,CUST-8112
Mahmoud El-Sayed,Teacher,28,Male,B,,CUST-8113
Tarek Kamel,Doctor,43,Female,D,Vehicle,CUST-8114
Bassem Reda,Freelancer,53,Male,C,,CUST-8115
Nabil Reda,Accountant,51,Male,D,Vehicle,CUST-8116
Dina Zaki,Sales_Rep,26,Female,C,Land,CUST-8117
Sherif Hassan,Technician,43,Male,C,Vehicle,CUST-8118
Mahmoud Hassan,Technician,42,Male,C,Land,CUST-8119
Heba Adel,Doctor,31,Male,C,,CUST-8120
Zaki Reda,Technician,52,Male,B,,CUST-8121
Salma Hassan,Freelancer,43,Female,C,Land,CUST-8122
Hamdy El-Sayed,Sales_Rep,62,Female,B,Land,CUST-8123
Bassem Ghanem,Accountant,43,Male,D,Land,CUST-8124
Ahmed Hamdy,Sales_Rep,38,Female,B,Land,CUST-8125
Heba Hamdy,Doctor,57,Male,A,Vehicle,CUST-8126
Mostafa Hassan,Doctor,52,Male,A,Land,CUST-8127
Layla Hamdy,Technician,34,Female,D,,CUST-8128
Layla Kamel,Engineer,45,Male,B,Land,CUST-8129
Nabil Abdel-Aziz,Technician,31,Male,C,,CUST-8130
Sara Ibrahim,Accountant,24,Female,D,Land,CUST-8131
Dina Abdel-Aziz,Doctor,40,Female,C,,CUST-8132
Hassan Kamel,Engineer,28,Female,B,,CUST-8133
Zaki Hamdy,Freelancer,33,Male,B,Land,CUST-8134
Heba Adel,Freelancer,63,Male,C,,CUST-8135
Dina Adel,Engineer,40,Male,B,Vehicle,CUST-8136
Amira Kamel,Technician,36,Male,B,,CUST-8137
Zaki Ibrahim,Engineer,22,Female,D,Vehicle,CUST-8138
Fatma Adel,Teacher,41,Female,A,Vehicle,CUST-8139
Wael Zaki,Freelancer,49,Male,D,Land,CUST-8140
Mostafa Ibrahim,Teacher,53,Male,C,Vehicle,CUST-8141
Layla Saied,Engineer,45,Male,B,Land,CUST-8142
Dina Zaki,Freelancer,58,Male,A,,CUST-8143
Dina Amr,Doctor,44,Female,B,,CUST-8144
Sherif Hassan,Technician,50,Female,B,,CUST-8145
Khaled Mahmoud,Engineer,36,Female,D,Vehicle,CUST-8146
,Teacher,30,Male,C,,CUST-8147
Omar Saied,Doctor,54,Female,B,Vehicle,CUST-8148
Heba Mahmoud,Technician,42,Female,B,,CUST-8149
Amira Fawzy,Technician,54,Male,A,Land,CUST-8150
Omar Amr,Freelancer,35,Male,B,,CUST-8151
Khaled Hassan,Sales_Rep,41,Male,C,Vehicle,CUST-8152
Sara Abdel-Aziz,Engineer,50,Female,D,Vehicle,CUST-8153
Fatma Saied,Freelancer,23,Male,B,,CUST-8154
Mostafa Mansour,Doctor,25,Male,C,,CUST-8155
Zaki El-Sayed,Engineer,27,Male,D,Vehicle,CUST-8156
Fatma El-Sayed,Accountant,36,Female,C,Land,CUST-8157
Fatma Kamel,Engineer,62,Male,D,,CUST-8158
Mahmoud Kamel,Sales_Rep,31,Female,C,,CUST-8159
,Freelancer,58,Female,D,,CUST-8160
Mahmoud Nabil,Sales_Rep,37,Female,B,Vehicle,CUST-8161
Mohamed Reda,Technician,40,Male,D,Land,CUST-8162
Hoda Ibrahim,Teacher,52,Female,C,,CUST-8163
Karim Amr,Technician,34,Male,C,,CUST-8164
Amira Mansour,Doctor,37,Female,B,Vehicle,CUST-8165
Zaki Zaki,Freelancer,43,Male,D,,CUST-8166
Omar Hassan,Technician,29,Female,C,Land,CUST-8167
Salma El-Sayed,Teacher,39,Female,B,Land,CUST-8168
Ahmed Kamel,Doctor,62,Female,B,,CUST-8169
Mohamed Saied,Teacher,56,Female,B,Vehicle,CUST-8170
Omar Nabil,Teacher,37,Female,D,,CUST-8171
Hassan Kamel,Technician,62,Male,B,,CUST-8172
Sara Abdel-Aziz,Accountant,53,Male,B,,CUST-8173
Nabil Hamdy,Technician,55,Male,A,Land,CUST-8174
Bassem Mansour,Engineer,21,Male,C,Land,CUST-8175
Sara Abdel-Aziz,Engineer,36,Male,C,,CUST-8176
Sara Abdel-Aziz,Sales_Rep,59,Female,D,,CUST-8177
Karim Mansour,Sales_Rep,60,Female,C,Vehicle,CUST-8178
Sara Hamdy,Accountant,35,Female,B,Vehicle,CUST-8179
Hamdy Adel,Accountant,22,Female,B,Vehicle,CUST-8180
Dina Ghanem,Accountant,62,Female,C,Land,CUST-8181
Amira Mansour,Doctor,43,Male,B,,CUST-8182
Sherif Ghanem,Engineer,29,Male,A,Land,CUST-8183
Mona Abdel-Aziz,Technician,50,Female,D,,CUST-8184
Nabil Hassan,Sales_Rep,65,Male,D,Vehicle,CUST-8185
Mohamed Mahmoud,Teacher,41,Male,D,Vehicle,CUST-8186
Mona El-Sayed,Accountant,23,Female,D,,CUST-8187
Tarek Ghanem,Doctor,50,Male,D,Land,CUST-8188
Hassan Hassan,Accountant,30,Male,C,Land,CUST-8189
Hamdy Adel,Freelancer,42,Female,C,Land,CUST-8190
Hamdy Mahmoud,Accountant,40,Female,A,Vehicle,CUST-8191
Heba Hamdy,Doctor,24,Female,C,,CUST-8192
Hoda Mansour,Accountant,57,Male,B,,CUST-8193
Tarek Mahmoud,Sales_Rep,64,Male,D,Land,CUST-8194
Karim Abdel-Aziz,Doctor,27,Female,A,Land,CUST-8195
Zaki Kamel,Teacher,40,Male,C,,CUST-8196
Hamdy Hassan,Doctor,63,Female,D,Land,CUST-8197
Ahmed El-Sayed,Technician,22,Male,A,Vehicle,CUST-8198
Layla Ibrahim,Technician,35,Male,B,,CUST-8199
Wael Zaki,Freelancer,55,Female,D,Land,CUST-8200
Amira Abdel-Aziz,Technician,56,Male,D,,CUST-8201
Sherif Amr,Engineer,58,Female,C,Land,CUST-8202
Mostafa Mansour,Teacher,32,Female,C,Land,CUST-8203
Hassan Saied,Engineer,29,Male,B,Vehicle,CUST-8204
Ibrahim Fawzy,Engineer,65,Male,A,Vehicle,CUST-8205
Karim Mansour,Accountant,39,Female,A,Land,CUST-8206
Mostafa Kamel,Sales_Rep,37,Male,D,Vehicle,CUST-8207
Mostafa Amr,Doctor,64,Male,C,,CUST-8208
Sara Nabil,Engineer,57,Male,A,Land,CUST-8209
Hoda Mahmoud,Engineer,59,Male,A,Vehicle,CUST-8210
Hoda Ghanem,Freelancer,54,Female,C,Land,CUST-8211
Mahmoud Fawzy,Technician,24,Female,B,Vehicle,CUST-8212
Mostafa Ghanem,Doctor,43,Female,A,,CUST-8213
Hamdy Adel,Doctor,32,Male,D,Land,CUST-8214
Mohamed Nabil,Engineer,38,Male,D,,CUST-8215
,Sales_Rep,62,Male,A,Vehicle,CUST-8216
Heba Ibrahim,Technician,54,Female,A,,CUST-8217
Ibrahim Adel,Teacher,53,Female,C,Land,CUST-8218
Omar Ghanem,Engineer,51,Male,A,,CUST-8219
Mona Abdel-Aziz,Technician,46,Female,A,Land,CUST-8220
,Freelancer,52,Male,B,Land,CUST-8221
Mona Hassan,Sales_Rep,29,Male,D,Land,CUST-8222
Mahmoud Zaki,Technician,28,Male,A,Land,CUST-8223
Khaled Mansour,Doctor,63,Female,B,Vehicle,CUST-8224
Nabil El-Sayed,Teacher,65,Female,B,Vehicle,CUST-8225
Amira Ibrahim,Freelancer,26,Female,A,Land,CUST-8226
,Teacher,53,Female,B,Vehicle,CUST-8227
Sherif Zaki,Engineer,60,Female,D,,CUST-8228
Salma Ibrahim,Teacher,46,Male,B,Vehicle,CUST-8229
Mohamed Mansour,Engineer,23,Male,D,,CUST-8230
Layla Zaki,Doctor,28,Female,B,Land,CUST-8231
Sara Ghanem,Sales_Rep,32,Female,D,,CUST-8232
Karim Mahmoud,Technician,51,Female,B,Land,CUST-8233
Mahmoud Kamel,Technician,23,Female,D,,CUST-8234
Ahmed El-Sayed,Technician,47,Male,A,,CUST-8235
Omar Abdel-Aziz,Teacher,26,Female,D,Land,CUST-8236
Khaled Reda,Doctor,36,Female,B,Land,CUST-8237
Mohamed Nabil,Accountant,40,Female,C,Vehicle,CUST-8238
Amira Fawzy,Doctor,21,Female,D,Vehicle,CUST-8239
Omar Adel,Technician,31,Male,B,,CUST-8240
Khaled Abdel-Aziz,Accountant,46,Male,D,Land,CUST-8241
Karim Hamdy,Engineer,44,Male,A,,CUST-8242
Ahmed Abdel-Aziz,Teacher,46,Male,D,Vehicle,CUST-8243
Nabil Hamdy,Doctor,45,Female,A,Vehicle,CUST-8244
Fatma Saied,Freelancer,42,Female,A,,CUST-8245
Tarek Fawzy,Sales_Rep,57,Female,C,Vehicle,CUST-8246
Fatma Fawzy,Engineer,59,Female,B,,CUST-8247
Amira Hassan,Engineer,42,Male,B,,CUST-8248
Ahmed Hamdy,Sales_Rep,39,Female,A,Land,CUST-8249
Layla Hamdy,Engineer,61,Female,D,Land,CUST-8250
Mahmoud Amr,Engineer,27,Female,B,,CUST-8251
Dina Amr,Accountant,50,Male,B,,CUST-8252
Bassem Reda,Teacher,49,Female,D,Land,CUST-8253
Karim Ghanem,Doctor,46,Female,C,,CUST-8254
Omar Abdel-Aziz,Sales_Rep,35,Female,A,,CUST-8255
Salma Adel,Engineer,26,Female,A,Vehicle,CUST-8256
Sara Hamdy,Sales_Rep,34,Female,D,Vehicle,CUST-8257
Karim Saied,Engineer,63,Male,B,,CUST-8258
Mostafa Kamel,Accountant,32,Male,D,,CUST-8259
Heba Amr,Technician,42,Female,D,Vehicle,CUST-8260
Mohamed Mahmoud,Technician,30,Male,B,Vehicle,CUST-8261
Khaled Nabil,Doctor,26,Female,A,Vehicle,CUST-8262
Heba Reda,Technician,61,Female,A,,CUST-8263
,Doctor,54,Female,A,Vehicle,CUST-8264
Wael Hassan,Engineer,60,Female,A,Vehicle,CUST-8265
Hassan Saied,Teacher,49,Female,D,,CUST-8266
Bassem Zaki,Accountant,42,Male,C,Land,CUST-8267
Dina Abdel-Aziz,Accountant,49,Female,B,,CUST-8268
Wael Fawzy,Doctor,56,Male,C,Vehicle,CUST-8269
Hamdy Hassan,Engineer,37,Male,B,Vehicle,CUST-8270
Ibrahim Amr,Teacher,42,Male,D,Land,CUST-8271
Wael Hassan,Engineer,24,Female,B,Vehicle,CUST-8272
Khaled Kamel,Technician,48,Female,A,Land,CUST-8273
Mona Reda,Sales_Rep,56,Female,A,,CUST-8274
,Engineer,34,Female,A,,CUST-8275
Amira Mansour,Accountant,36,Female,B,Land,CUST-8276
Hassan Mahmoud,Technician,44,Female,A,,CUST-8277
Heba Adel,Sales_Rep,44,Male,C,Vehicle,CUST-8278
Mohamed Adel,Teacher,60,Male,C,Land,CUST-8279
Ibrahim Reda,Doctor,28,Male,A,Land,CUST-8280
Dina Mahmoud,Engineer,61,Female,D,Vehicle,CUST-8281
Zaki Ibrahim,Engineer,60,Male,C,Land,CUST-8282
Layla Amr,Freelancer,25,Female,D,,CUST-8283
Tarek Reda,Freelancer,37,Male,A,Land,CUST-8284
Sara Abdel-Aziz,Engineer,32,Male,C,Vehicle,CUST-8285
Tarek El-Sayed,Technician,31,Male,A,,CUST-8286
Karim Ibrahim,Technician,36,Female,C,Vehicle,CUST-8287
Ibrahim Ibrahim,Engineer,56,Male,A,Vehicle,CUST-8288
Khaled Zaki,Accountant,62,Male,D,,CUST-8289
Amira Saied,Sales_Rep,22,Female,A,Land,CUST-8290
Dina El-Sayed,Doctor,63,Male,C,,CUST-8291
Wael Kamel,Freelancer,30,Male,C,,CUST-8292
Nabil Saied,Technician,30,Male,C,,CUST-8293
Bassem Abdel-Aziz,Freelancer,50,Male,B,Vehicle,CUST-8294
Layla Mansour,Freelancer,63,Male,D,,CUST-8295
,Engineer,42,Male,A,Vehicle,CUST-8296
Hassan Hassan,Technician,27,Male,B,Vehicle,CUST-8297
Mohamed Hassan,Technician,60,Male,B,Land,CUST-8298
Sara El-Sayed,Freelancer,24,Female,D,,CUST-8299
Ahmed Mansour,Teacher,49,Male,B,,CUST-8300
Mona Ibrahim,Teacher,33,Male,B,Vehicle,CUST-8301
Mohamed Reda,Freelancer,57,Female,C,,CUST-8302
Ahmed Kamel,Freelancer,40,Female,D,,CUST-8303
Mahmoud Zaki,Accountant,57,Female,D,Vehicle,CUST-8304
Layla Amr,Accountant,21,Female,A,,CUST-8305
Hamdy Zaki,Teacher,21,Female,C,Vehicle,CUST-8306
Ibrahim Kamel,Technician,44,Male,D,,CUST-8307
Khaled Amr,Teacher,62,Male,C,,CUST-8308
Hoda Hassan,Technician,59,Male,A,Vehicle,CUST-8309
Khaled Reda,Accountant,30,Male,D,,CUST-8310
Wael Hassan,Teacher,65,Male,D,,CUST-8311
Heba Fawzy,Doctor,65,Male,A,Vehicle,CUST-8312
Karim Abdel-Aziz,Teacher,57,Male,A,,CUST-8313
Sherif Abdel-Aziz,Teacher,44,Female,A,,CUST-8314
Hamdy Reda,Accountant,56,Male,B,Land,CUST-8315
Sara Mahmoud,Technician,37,Female,D,Vehicle,CUST-8316
Khaled El-Sayed,Doctor,52,Female,C,Vehicle,CUST-8317
Layla Mansour,Technician,26,Female,D,Vehicle,CUST-8318
Wael Reda,Doctor,46,Male,C,Land,CUST-8319
Fatma Ibrahim,Sales_Rep,61,Female,C,,CUST-8320
Layla Mahmoud,Sales_Rep,63,Female,C,Land,CUST-8321
Nabil Zaki,Engineer,65,Male,B,Vehicle,CUST-8322
Heba Reda,Doctor,34,Female,D,Land,CUST-8323
Dina Reda,Engineer,53,Female,B,,CUST-8324
Layla Fawzy,Technician,53,Female,D,Land,CUST-8325
,Engineer,37,Female,A,Vehicle,CUST-8326
Layla El-Sayed,Doctor,51,Male,D,Land,CUST-8327
Sara Amr,Engineer,31,Male,A,Land,CUST-8328
Zaki Mahmoud,Engineer,36,Female,B,Land,CUST-8329
Mohamed Kamel,Technician,56,Female,B,Land,CUST-8330
Sherif El-Sayed,Accountant,52,Male,D,Vehicle,CUST-8331
Mona Saied,Technician,50,Male,C,,CUST-8332
Dina Saied,Sales_Rep,25,Female,A,Land,CUST-8333
Khaled Abdel-Aziz,Engineer,24,Female,A,Vehicle,CUST-8334
Amira El-Sayed,Teacher,54,Male,A,,CUST-8335
Karim Fawzy,Accountant,40,Female,D,Land,CUST-8336
Heba Mahmoud,Engineer,21,Female,A,Land,CUST-8337
Khaled Adel,Teacher,31,Male,B,,CUST-8338
Karim Zaki,Teacher,32,Female,D,,CUST-8339
Wael Mansour,Technician,35,Female,D,,CUST-8340
Tarek Reda,Accountant,28,Female,B,,CUST-8341
Sara Abdel-Aziz,Engineer,36,Female,B,,CUST-8342
Heba El-Sayed,Doctor,44,Female,A,Vehicle,CUST-8343
Sara Mansour,Teacher,22,Female,D,,CUST-8344
Zaki Ghanem,Technician,53,Male,D,Land,CUST-8345
Khaled Mahmoud,Sales_Rep,58,Male,C,Vehicle,CUST-8346
Sherif Adel,Freelancer,43,Female,D,Vehicle,CUST-8347
Zaki Mansour,Freelancer,60,Female,D,Vehicle,CUST-8348
Khaled Hassan,Engineer,49,Male,B,,CUST-8349
Tarek Hassan,Freelancer,61,Male,C,Land,CUST-8350
Mona Kamel,Freelancer,26,Female,B,Vehicle,CUST-8351
Hamdy Zaki,Accountant,26,Female,B,Vehicle,CUST-8352
Amira Reda,Freelancer,29,Female,D,,CUST-8353
Layla Zaki,Technician,51,Female,A,,CUST-8354
,Sales_Rep,32,Female,B,Vehicle,CUST-8355
Sherif Mansour,Sales_Rep,56,Female,C,,CUST-8356
Mohamed Kamel,Teacher,26,Male,D,Land,CUST-8357
,Sales_Rep,57,Female,D,,CUST-8358
Omar Ibrahim,Accountant,58,Male,A,Vehicle,CUST-8359
Tarek Reda,Accountant,51,Male,A,,CUST-8360
Heba Ghanem,Sales_Rep,27,Female,C,Land,CUST-8361
Mohamed Ibrahim,Freelancer,32,Male,B,Land,CUST-8362
Wael Saied,Teacher,56,Female,C,Vehicle,CUST-8363
Omar Saied,Teacher,36,Male,D,Land,CUST-8364
Heba Kamel,Accountant,58,Female,D,Vehicle,CUST-8365
Mahmoud Adel,Teacher,65,Female,A,,CUST-8366
Hoda Saied,Technician,21,Male,A,Land,CUST-8367
Ahmed Saied,Sales_Rep,61,Female,B,Land,CUST-8368
Mona Mahmoud,Teacher,27,Male,A,Vehicle,CUST-8369
Mahmoud Hamdy,Doctor,29,Male,A,,CUST-8370
Hassan Abdel-Aziz,Accountant,62,Male,A,,CUST-8371
Sara Hamdy,Freelancer,27,Female,B,Vehicle,CUST-8372
Tarek Reda,Technician,30,Female,D,Land,CUST-8373
,Technician,22,Male,B,Land,CUST-8374
Amira Adel,Accountant,58,Male,B,Vehicle,CUST-8375
Hamdy Ghanem,Freelancer,43,Male,C,Vehicle,CUST-8376
Khaled Ibrahim,Freelancer,49,Female,C,,CUST-8377
Mohamed Amr,Doctor,26,Female,D,Land,CUST-8378
Mostafa Mahmoud,Doctor,61,Male,C,Vehicle,CUST-8379
Mohamed Zaki,Teacher,21,Female,D,Land,CUST-8380
Sara Kamel,Sales_Rep,48,Male,D,Vehicle,CUST-8381
Mahmoud El-Sayed,Teacher,25,Female,C,,CUST-8382
Hamdy Saied,Freelancer,54,Male,C,Vehicle,CUST-8383
Mostafa Kamel,Doctor,58,Male,D,,CUST-8384
Ibrahim Mahmoud,Engineer,57,Female,D,,CUST-8385
Mostafa Fawzy,Teacher,51,Female,A,,CUST-8386
Sara El-Sayed,Doctor,31,Female,C,Land,CUST-8387
Hassan Zaki,Teacher,29,Male,D,,CUST-8388
Salma Ibrahim,Engineer,45,Female,B,,CUST-8389
Fatma Abdel-Aziz,Technician,62,Female,A,Land,CUST-8390
Ibrahim Reda,Freelancer,30,Female,C,Land,CUST-8391
Salma Reda,Engineer,28,Female,A,Vehicle,CUST-8392
Hoda Reda,Engineer,40,Male,D,Vehicle,CUST-8393
Fatma Ibrahim,Doctor,21,Female,B,Land,CUST-8394
Khaled Reda,Doctor,64,Female,D,Vehicle,CUST-8395
Ibrahim Nabil,Sales_Rep,47,Male,D,,CUST-8396
Hamdy Amr,Doctor,24,Male,C,Land,CUST-8397
Hoda Fawzy,Freelancer,24,Female,A,Land,CUST-8398
Omar Mansour,Technician,58,Male,C,Land,CUST-8399
Mona Fawzy,Sales_Rep,38,Female,D,Land,CUST-8400
Amira Saied,Doctor,38,Male,B,Land,CUST-8401
Tarek Nabil,Doctor,51,Female,A,Vehicle,CUST-8402
Nabil Saied,Engineer,38,Female,B,Vehicle,CUST-8403
Mostafa Kamel,Accountant,55,Female,D,Vehicle,CUST-8404
Sherif Kamel,Engineer,46,Female,B,Land,CUST-8405
Sherif Hamdy,Sales_Rep,54,Female,B,Land,CUST-8406
Khaled Zaki,Doctor,45,Female,D,,CUST-8407
Hamdy Fawzy,Doctor,30,Female,A,,CUST-8408
Nabil Mahmoud,Engineer,32,Female,C,Vehicle,CUST-8409
Salma Mansour,Sales_Rep,31,Male,A,Land,CUST-8410
Mohamed Mahmoud,Freelancer,28,Male,D,Land,CUST-8411
Mona Adel,Engineer,47,Female,A,Vehicle,CUST-8412
Khaled Zaki,Teacher,58,Male,B,Vehicle,CUST-8413
Sara Zaki,Sales_Rep,64,Female,C,Vehicle,CUST-8414
,Freelancer,59,Female,C,Land,CUST-8415
Omar Fawzy,Engineer,60,Female,C,,CUST-8416
Salma Abdel-Aziz,Teacher,61,Male,D,,CUST-8417
Bassem Hamdy,Technician,54,Male,C,Land,CUST-8418
Khaled Abdel-Aziz,Freelancer,28,Female,D,,CUST-8419
Dina Reda,Teacher,60,Female,C,,CUST-8420
Dina Hassan,Freelancer,47,Female,C,Land,CUST-8421
Sara Fawzy,Technician,41,Female,A,,CUST-8422
Tarek Ibrahim,Technician,51,Male,D,,CUST-8423
,Accountant,50,Male,C,Vehicle,CUST-8424
Heba Ghanem,Doctor,50,Female,A,Vehicle,CUST-8425
Sara El-Sayed,Teacher,51,Male,B,Vehicle,CUST-8426
Bassem Hassan,Freelancer,50,Male,C,Land,CUST-8427
,Accountant,32,Female,A,Vehicle,CUST-8428
Ahmed Abdel-Aziz,Engineer,37,Female,C,Land,CUST-8429
Zaki Abdel-Aziz,Sales_Rep,57,Male,B,,CUST-8430
Nabil Fawzy,Sales_Rep,27,Male,D,,CUST-8431
Heba Saied,Freelancer,40,Male,B,,CUST-8432
Bassem Kamel,Technician,47,Female,D,Land,CUST-8433
Mohamed Nabil,Freelancer,46,Female,A,Land,CUST-8434
Mostafa Adel,Technician,54,Female,A,Land,CUST-8435
Karim Zaki,Freelancer,36,Female,C,Vehicle,CUST-8436
Hassan Nabil,Sales_Rep,36,Female,D,,CUST-8437
Heba Amr,Freelancer,44,Male,B,Land,CUST-8438
Khaled Hassan,Accountant,54,Male,D,,CUST-8439
Tarek Hassan,Accountant,37,Female,B,,CUST-8440
Mona Amr,Sales_Rep,64,Male,C,,CUST-8441
Omar Ibrahim,Doctor,39,Female,A,Land,CUST-8442
Ahmed Ibrahim,Teacher,54,Male,A,Vehicle,CUST-8443
Mahmoud Nabil,Teacher,36,Female,A,,CUST-8444
Amira Hamdy,Accountant,25,Male,D,Land,CUST-8445
Bassem Reda,Technician,50,Male,D,Land,CUST-8446
Sara El-Sayed,Doctor,37,Male,D,Land,CUST-8447
Amira Zaki,Teacher,40,Female,C,Land,CUST-8448
Amira Saied,Teacher,45,Female,D,Vehicle,CUST-8449
Tarek Kamel,Accountant,49,Male,C,Land,CUST-8450
Layla Kamel,Technician,62,Male,A,Land,CUST-8451
Khaled Abdel-Aziz,Accountant,46,Female,C,Land,CUST-8452
Wael Hassan,Technician,37,Female,D,,CUST-8453
Zaki Adel,Freelancer,55,Male,D,Land,CUST-8454
Omar Ghanem,Teacher,26,Male,D,Vehicle,CUST-8455
Khaled Mahmoud,Teacher,48,Female,A,,CUST-8456
Dina Ghanem,Teacher,51,Female,B,Vehicle,CUST-8457
Ahmed Reda,Freelancer,63,Male,A,Land,CUST-8458
Mahmoud Ghanem,Freelancer,58,Male,B,Land,CUST-8459
Mona Hamdy,Accountant,36,Female,D,Land,CUST-8460
Salma Abdel-Aziz,Engineer,27,Male,C,Land,CUST-8461
Hamdy Ibrahim,Sales_Rep,23,Female,B,Vehicle,CUST-8462
Sara Abdel-Aziz,Doctor,25,Female,D,Vehicle,CUST-8463
Fatma Mansour,Accountant,32,Female,C,Land,CUST-8464
Mahmoud Nabil,Technician,60,Male,D,Vehicle,CUST-8465
Hoda Zaki,Accountant,22,Female,B,Land,CUST-8466
Bassem Kamel,Teacher,59,Male,B,Land,CUST-8467
Ibrahim Kamel,Accountant,41,Female,D,Vehicle,CUST-8468
Mahmoud Abdel-Aziz,Sales_Rep,37,Male,A,Vehicle,CUST-8469
Fatma Mahmoud,Accountant,64,Male,B,Land,CUST-8470
Sara Ibrahim,Technician,41,Female,C,Land,CUST-8471
Sara Mahmoud,Doctor,62,Male,A,,CUST-8472
Ibrahim Reda,Freelancer,40,Male,B,Vehicle,CUST-8473
Nabil Kamel,Accountant,46,Male,C,Land,CUST-8474
Ahmed Ibrahim,Teacher,28,Female,D,Vehicle,CUST-8475
Khaled Abdel-Aziz,Sales_Rep,29,Male,B,Land,CUST-8476
Wael Saied,Teacher,34,Female,A,Vehicle,CUST-8477
Heba Amr,Sales_Rep,23,Female,B,Land,CUST-8478
Heba Abdel-Aziz,Freelancer,34,Male,A,,CUST-8479
Omar Nabil,Engineer,33,Female,A,,CUST-8480
Ahmed Hamdy,Technician,39,Male,D,,CUST-8481
Mostafa Amr,Accountant,27,Female,A,Vehicle,CUST-8482
Dina Nabil,Technician,65,Male,D,Land,CUST-8483
Sherif Zaki,Technician,61,Male,D,,CUST-8484
Layla Ghanem,Teacher,52,Male,C,,CUST-8485
Sara Abdel-Aziz,Engineer,32,Female,B,Land,CUST-8486
Amira Hamdy,Freelancer,54,Female,B,Vehicle,CUST-8487
Ibrahim Kamel,Teacher,33,Male,B,Vehicle,CUST-8488
Karim Ibrahim,Freelancer,54,Female,D,Vehicle,CUST-8489
Heba Adel,Technician,57,Male,B,,CUST-8490
Mostafa Abdel-Aziz,Technician,65,Male,D,Vehicle,CUST-8491
Salma Zaki,Freelancer,34,Male,D,Vehicle,CUST-8492
Zaki Saied,Accountant,30,Male,B,Land,CUST-8493
Heba Mahmoud,Freelancer,33,Female,D,Vehicle,CUST-8494
Wael Fawzy,Technician,33,Male,A,Land,CUST-8495
Hoda Hassan,Teacher,48,Female,A,Vehicle,CUST-8496
Salma El-Sayed,Sales_Rep,27,Male,D,,CUST-8497
Hamdy Nabil,Freelancer,34,Male,C,Vehicle,CUST-8498
Mona Kamel,Engineer,33,Female,A,,CUST-8499
Mostafa Adel,Sales_Rep,60,Female,B,Vehicle,CUST-8500
Wael Ibrahim,Engineer,37,Male,B,,CUST-8501
Mostafa Zaki,Engineer,27,Female,A,,CUST-8502
Omar Hassan,Technician,29,Female,C,,CUST-8503
Mona Mansour,Technician,25,Female,D,,CUST-8504
Fatma Adel,Technician,54,Male,C,Land,CUST-8505
Hoda Ghanem,Freelancer,62,Male,C,Land,CUST-8506
Layla Kamel,Technician,49,Female,B,Vehicle,CUST-8507
Layla Zaki,Doctor,45,Male,A,,CUST-8508
Layla Hassan,Doctor,51,Female,C,Land,CUST-8509
Bassem Abdel-Aziz,Engineer,40,Male,B,Vehicle,CUST-8510
Ahmed Hassan,Technician,46,Male,A,Vehicle,CUST-8511
Omar Hamdy,Engineer,60,Male,C,Land,CUST-8512
Hassan El-Sayed,Doctor,48,Female,C,,CUST-8513
Khaled Hamdy,Freelancer,46,Female,A,Land,CUST-8514
Karim Mansour,Engineer,24,Male,D,Vehicle,CUST-8515
Mahmoud Ibrahim,Teacher,44,Male,C,,CUST-8516
Amira Amr,Technician,36,Female,C,Vehicle,CUST-8517
Karim Abdel-Aziz,Technician,53,Male,A,Land,CUST-8518
Salma Kamel,Freelancer,40,Female,B,,CUST-8519
Salma Hassan,Teacher,39,Female,C,,CUST-8520
Khaled Mansour,Sales_Rep,49,Female,D,Vehicle,CUST-8521
Mahmoud Hassan,Engineer,59,Male,A,Vehicle,CUST-8522
,Freelancer,31,Female,A,Land,CUST-8523
Fatma Amr,Doctor,38,Male,D,Land,CUST-8524
Sara Amr,Engineer,28,Male,C,Land,CUST-8525
Zaki Abdel-Aziz,Technician,25,Female,B,Land,CUST-8526
Dina Ibrahim,Freelancer,38,Male,A,Land,CUST-8527
Hamdy Reda,Freelancer,63,Female,B,Land,CUST-8528
,Doctor,64,Female,A,,CUST-8529
Nabil Abdel-Aziz,Technician,23,Male,C,Land,CUST-8530
Layla Saied,Accountant,25,Male,A,Land,CUST-8531
Mahmoud Nabil,Accountant,46,Female,A,Vehicle,CUST-8532
Khaled Nabil,Accountant,60,Male,A,Land,CUST-8533
Sara Amr,Engineer,46,Male,B,Vehicle,CUST-8534
Mostafa Zaki,Freelancer,29,Female,B,,CUST-8535
Dina Fawzy,Sales_Rep,48,Male,A,,CUST-8536
Omar Zaki,Teacher,63,Male,C,Vehicle,CUST-8537
Ahmed Zaki,Sales_Rep,33,Female,B,Land,CUST-8538
Sherif El-Sayed,Doctor,39,Female,D,Land,CUST-8539
Layla Mansour,Technician,56,Female,C,,CUST-8540
Layla Abdel-Aziz,Freelancer,23,Male,D,Vehicle,CUST-8541
Sherif Abdel-Aziz,Accountant,24,Male,A,Vehicle,CUST-8542
Sara Saied,Technician,32,Male,D,Land,CUST-8543
Nabil Hassan,Teacher,50,Female,D,Land,CUST-8544
Ibrahim Ibrahim,Teacher,35,Female,A,Land,CUST-8545
Nabil Mansour,Teacher,59,Male,D,Land,CUST-8546
Karim Hassan,Accountant,50,Male,A,Land,CUST-8547
Hamdy Ibrahim,Sales_Rep,57,Female,B,Land,CUST-8548
Hoda Amr,Doctor,59,Female,B,,CUST-8549
Ibrahim El-Sayed,Technician,49,Male,C,Vehicle,CUST-8550
Mohamed Hassan,Teacher,64,Female,C,,CUST-8551
Tarek Ibrahim,Engineer,63,Female,D,,CUST-8552
Omar Mansour,Technician,40,Female,A,Vehicle,CUST-8553
Nabil Kamel,Teacher,48,Female,C,,CUST-8554
Nabil Mansour,Engineer,45,Female,B,Land,CUST-8555
Zaki Reda,Sales_Rep,58,Male,D,Vehicle,CUST-8556
Amira Hamdy,Freelancer,22,Male,C,Vehicle,CUST-8557
Wael Saied,Teacher,55,Male,B,Vehicle,CUST-8558
Omar El-Sayed,Accountant,43,Male,A,Land,CUST-8559
Wael Amr,Accountant,57,Male,C,Vehicle,CUST-8560
Hoda Ibrahim,Doctor,48,Male,A,Land,CUST-8561
Omar Saied,Technician,49,Female,A,,CUST-8562
Omar Mahmoud,Engineer,45,Male,A,Land,CUST-8563
Sherif Amr,Freelancer,24,Female,A,Land,CUST-8564
Ibrahim Zaki,Teacher,63,Male,A,Land,CUST-8565
Hassan Mansour,Freelancer,51,Female,A,Land,CUST-8566
Ahmed Abdel-Aziz,Teacher,47,Female,C,,CUST-8567
Tarek Ibrahim,Engineer,21,Male,B,Vehicle,CUST-8568
Salma Ghanem,Sales_Rep,34,Male,D,Land,CUST-8569
Salma Adel,Freelancer,46,Female,A,Vehicle,CUST-8570
Zaki Mansour,Accountant,52,Male,A,Vehicle,CUST-8571
Ahmed El-Sayed,Engineer,44,Female,D,Vehicle,CUST-8572
Khaled Kamel,Doctor,43,Male,A,,CUST-8573
Mostafa Amr,Sales_Rep,27,Male,D,,CUST-8574
Sherif Reda,Freelancer,50,Male,C,Land,CUST-8575
Wael Fawzy,Teacher,65,Female,D,Vehicle,CUST-8576
Salma Hassan,Engineer,39,Female,B,,CUST-8577
Tarek Saied,Doctor,49,Male,C,Vehicle,CUST-8578
Karim Reda,Engineer,45,Female,D,,CUST-8579
Zaki Ibrahim,Doctor,58,Female,D,Vehicle,CUST-8580
Layla Kamel,Freelancer,23,Male,A,Land,CUST-8581
Bassem Mansour,Doctor,63,Female,C,Vehicle,CUST-8582
Hamdy Ghanem,Accountant,63,Male,A,Vehicle,CUST-8583
Mohamed Saied,Freelancer,33,Female,B,Vehicle,CUST-8584
Ahmed Abdel-Aziz,Engineer,51,Male,A,Land,CUST-8585
Salma Adel,Technician,54,Female,C,Land,CUST-8586
Omar Mahmoud,Accountant,36,Male,C,,CUST-8587
Hassan Abdel-Aziz,Teacher,65,Male,C,Vehicle,CUST-8588
,Sales_Rep,42,Female,D,Land,CUST-8589
Mahmoud Ibrahim,Freelancer,22,Male,A,Land,CUST-8590
Bassem Fawzy,Doctor,28,Female,A,Land,CUST-8591
Bassem Hassan,Doctor,44,Male,A,,CUST-8592
Ibrahim Ghanem,Technician,47,Male,C,Land,CUST-8593
Hoda Amr,Engineer,23,Male,A,Vehicle,CUST-8594
Amira Kamel,Sales_Rep,28,Female,C,Land,CUST-8595
Salma Nabil,Sales_Rep,45,Male,A,Land,CUST-8596
Omar Nabil,Teacher,26,Male,A,Vehicle,CUST-8597
Mohamed Reda,Engineer,42,Female,D,,CUST-8598
Wael Mansour,Engineer,30,Male,A,Land,CUST-8599
Mahmoud Amr,Technician,34,Male,A,Vehicle,CUST-8600
Omar Kamel,Doctor,54,Male,B,Vehicle,CUST-8601
Mohamed Ibrahim,Technician,21,Female,A,,CUST-8602
Mostafa El-Sayed,Doctor,63,Male,C,,CUST-8603
Hassan Mahmoud,Accountant,34,Female,B,,CUST-8604
Wael Ghanem,Doctor,57,Female,A,Land,CUST-8605
Dina Abdel-Aziz,Accountant,39,Male,C,Land,CUST-8606
Mostafa Ghanem,Sales_Rep,51,Male,D,Land,CUST-8607
Hassan Fawzy,Freelancer,46,Male,A,,CUST-8608
Amira Amr,Accountant,55,Male,A,Land,CUST-8609
Sherif Kamel,Accountant,49,Female,C,,CUST-8610
Omar Adel,Accountant,55,Male,D,Vehicle,CUST-8611
Bassem Reda,Engineer,23,Female,C,Land,CUST-8612
Tarek Ghanem,Engineer,46,Male,B,Vehicle,CUST-8613
Sherif Ghanem,Doctor,25,Male,C,Vehicle,CUST-8614
,Freelancer,62,Female,D,Vehicle,CUST-8615
Hamdy Zaki,Technician,37,Female,C,,CUST-8616
Mahmoud Saied,Sales_Rep,63,Female,B,Vehicle,CUST-8617
Layla Nabil,Freelancer,64,Male,B,Land,CUST-8618
Hamdy Hassan,Freelancer,29,Female,B,Vehicle,CUST-8619
Heba Saied,Sales_Rep,40,Male,B,,CUST-8620
Mahmoud Ghanem,Engineer,28,Male,B,Land,CUST-8621
Sherif Zaki,Accountant,34,Male,D,Land,CUST-8622
Fatma Ghanem,Doctor,54,Female,B,Vehicle,CUST-8623
Mohamed Zaki,Freelancer,30,Male,B,,CUST-8624
Sherif Nabil,Accountant,58,Female,C,Land,CUST-8625
Bassem Reda,Technician,54,Female,A,,CUST-8626
Dina Hassan,Sales_Rep,64,Male,D,Vehicle,CUST-8627
Mona Hassan,Accountant,53,Female,C,Vehicle,CUST-8628
Layla Fawzy,Technician,53,Female,B,Vehicle,CUST-8629
Fatma Ghanem,Engineer,54,Male,D,Land,CUST-8630
Mahmoud Ghanem,Sales_Rep,29,Male,B,Land,CUST-8631
Tarek Fawzy,Sales_Rep,61,Female,A,,CUST-8632
Sara Adel,Engineer,41,Female,C,Vehicle,CUST-8633
Zaki Ibrahim,Technician,52,Male,B,,CUST-8634
Khaled Nabil,Technician,61,Female,B,Vehicle,CUST-8635
Ibrahim Hamdy,Freelancer,34,Female,B,,CUST-8636
Karim Adel,Doctor,46,Female,D,,CUST-8637
Tarek Reda,Engineer,34,Male,C,,CUST-8638
Ibrahim Reda,Sales_Rep,53,Male,C,,CUST-8639
Mahmoud Kamel,Doctor,59,Male,C,Land,CUST-8640
Mostafa Nabil,Freelancer,45,Male,B,Vehicle,CUST-8641
Mohamed Mansour,Sales_Rep,62,Male,C,Land,CUST-8642
Karim Fawzy,Freelancer,53,Female,B,Vehicle,CUST-8643
Bassem Saied,Technician,30,Male,D,Land,CUST-8644
Mohamed Saied,Sales_Rep,62,Male,B,,CUST-8645
Mona Zaki,Doctor,52,Male,A,Vehicle,CUST-8646
Bassem Adel,Technician,42,Male,C,Land,CUST-8647
,Teacher,58,Male,D,,CUST-8648
Bassem Reda,Technician,51,Male,B,Vehicle,CUST-8649
Layla Amr,Sales_Rep,34,Female,A,Land,CUST-8650
Zaki Mansour,Accountant,30,Female,B,Land,CUST-8651
Bassem Hassan,Doctor,45,Male,C,,CUST-8652
Karim Saied,Teacher,32,Male,C,Land,CUST-8653
Amira Mansour,Teacher,24,Male,A,Land,CUST-8654
Sherif Zaki,Sales_Rep,43,Female,C,,CUST-8655
Hamdy Mansour,Engineer,42,Male,B,Land,CUST-8656
Bassem Ghanem,Doctor,41,Male,A,Vehicle,CUST-8657
Dina Saied,Freelancer,28,Male,B,Vehicle,CUST-8658
Tarek Zaki,Technician,39,Female,C,,CUST-8659
Hoda El-Sayed,Teacher,64,Female,C,Vehicle,CUST-8660
Mahmoud Adel,Doctor,48,Female,B,Vehicle,CUST-8661
Bassem Kamel,Teacher,32,Female,D,,CUST-8662
Karim Hamdy,Engineer,35,Female,B,Vehicle,CUST-8663
Hamdy Reda,Doctor,34,Male,C,,CUST-8664
Layla Amr,Engineer,48,Male,A,Vehicle,CUST-8665
Sara Mansour,Freelancer,55,Female,A,Land,CUST-8666
Salma Zaki,Doctor,28,Female,D,Land,CUST-8667
Hamdy Nabil,Sales_Rep,55,Male,A,,CUST-8668
Mohamed Amr,Freelancer,62,Female,C,Vehicle,CUST-8669
Mostafa Mansour,Sales_Rep,38,Male,B,,CUST-8670
Hamdy Mansour,Doctor,52,Male,B,Vehicle,CUST-8671
Heba Kamel,Technician,22,Female,A,,CUST-8672
Amira Fawzy,Doctor,53,Male,B,Vehicle,CUST-8673
Hamdy Nabil,Technician,54,Female,D,Land,CUST-8674
,Doctor,21,Male,C,Land,CUST-8675
Hassan Nabil,Teacher,57,Male,C,Vehicle,CUST-8676
Karim Fawzy,Accountant,53,Female,A,,CUST-8677
Karim Ghanem,Freelancer,24,Male,D,Vehicle,CUST-8678
,Engineer,44,Male,A,Land,CUST-8679
Mahmoud Ghanem,Freelancer,57,Male,B,Land,CUST-8680
Karim Hassan,Accountant,55,Male,C,Land,CUST-8681
Heba Ibrahim,Freelancer,37,Female,D,Land,CUST-8682
Tarek Adel,Teacher,21,Male,C,,CUST-8683
Hamdy Ibrahim,Accountant,21,Female,A,,CUST-8684
Karim Amr,Sales_Rep,62,Male,B,,CUST-8685
Mostafa Ibrahim,Sales_Rep,55,Female,A,,CUST-8686
Heba Hassan,Sales_Rep,57,Male,B,,CUST-8687
Sherif Mansour,Sales_Rep,29,Male,A,,CUST-8688
,Doctor,58,Male,C,Land,CUST-8689
Tarek Ibrahim,Freelancer,28,Female,B,Vehicle,CUST-8690
Layla Saied,Freelancer,60,Male,C,Land,CUST-8691
Tarek Hassan,Teacher,46,Male,A,Land,CUST-8692
,Accountant,39,Female,C,Land,CUST-8693
Nabil Ghanem,Engineer,21,Male,B,Land,CUST-8694
Nabil Mansour,Accountant,60,Female,C,Land,CUST-8695
Nabil El-Sayed,Sales_Rep,28,Male,C,,CUST-8696
Nabil Zaki,Freelancer,65,Female,C,Land,CUST-8697
Wael Zaki,Sales_Rep,41,Female,A,Vehicle,CUST-8698
Wael Mansour,Engineer,32,Male,B,Land,CUST-8699
Sherif El-Sayed,Sales_Rep,57,Female,A,Vehicle,CUST-8700
Sherif Amr,Engineer,45,Male,B,Land,CUST-8701
Hamdy Fawzy,Accountant,50,Male,B,Vehicle,CUST-8702
Salma Ibrahim,Freelancer,41,Female,C,,CUST-8703
Mahmoud El-Sayed,Engineer,46,Male,D,,CUST-8704
Sherif Ibrahim,Technician,61,Male,C,Vehicle,CUST-8705
Mostafa Adel,Accountant,24,Female,C,,CUST-8706
Nabil Fawzy,Teacher,54,Male,A,,CUST-8707
,Engineer,38,Female,A,Vehicle,CUST-8708
Layla Mahmoud,Technician,60,Male,C,,CUST-8709
Ahmed Fawzy,Freelancer,35,Male,A,Vehicle,CUST-8710
Khaled Hassan,Sales_Rep,57,Male,C,,CUST-8711
Heba Adel,Freelancer,46,Female,D,Land,CUST-8712
Salma Kamel,Teacher,33,Female,D,,CUST-8713
Omar El-Sayed,Sales_Rep,36,Male,B,,CUST-8714
Karim El-Sayed,Engineer,29,Female,B,,CUST-8715
Mohamed Ghanem,Technician,44,Male,C,,CUST-8716
Mona Hamdy,Engineer,42,Female,B,,CUST-8717
Mona Abdel-Aziz,Sales_Rep,46,Female,B,Vehicle,CUST-8718
Ahmed Zaki,Doctor,53,Male,B,,CUST-8719
Nabil Mahmoud,Doctor,61,Male,D,Vehicle,CUST-8720
Sara Amr,Doctor,54,Female,D,Land,CUST-8721
Fatma Ghanem,Engineer,21,Female,A,Land,CUST-8722
Tarek Mahmoud,Doctor,29,Female,C,,CUST-8723
Tarek Nabil,Freelancer,31,Female,A,Land,CUST-8724
Sara Ibrahim,Technician,58,Female,B,Land,CUST-8725
Layla Ibrahim,Doctor,65,Female,A,Vehicle,CUST-8726
Ibrahim Ghanem,Sales_Rep,63,Male,A,Land,CUST-8727
Heba Reda,Technician,25,Female,C,Vehicle,CUST-8728
Ibrahim Hamdy,Technician,49,Male,D,Land,CUST-8729
Salma Ghanem,Doctor,35,Female,D,,CUST-8730
Hoda Saied,Teacher,32,Female,C,Land,CUST-8731
Zaki Hamdy,Engineer,65,Male,B,Land,CUST-8732
Ahmed Saied,Technician,53,Female,C,Vehicle,CUST-8733
Hamdy Ghanem,Teacher,23,Female,C,Vehicle,CUST-8734
Heba Saied,Engineer,39,Male,B,Land,CUST-8735
Ibrahim Mansour,Accountant,50,Male,D,,CUST-8736
Zaki Kamel,Doctor,65,Female,B,Land,CUST-8737
Mostafa Adel,Freelancer,30,Female,A,,CUST-8738
Hoda Reda,Doctor,32,Male,B,Vehicle,CUST-8739
,Technician,27,Female,C,Land,CUST-8740
Hamdy Hamdy,Teacher,22,Female,A,Vehicle,CUST-8741
,Freelancer,63,Female,A,Land,CUST-8742
Hoda Abdel-Aziz,Technician,41,Male,B,,CUST-8743
Omar Fawzy,Engineer,49,Female,D,Vehicle,CUST-8744
Nabil Abdel-Aziz,Accountant,28,Male,B,Vehicle,CUST-8745
Amira Fawzy,Doctor,48,Male,D,Vehicle,CUST-8746
Khaled Ibrahim,Freelancer,55,Female,D,Land,CUST-8747
Heba Ghanem,Sales_Rep,40,Male,B,Land,CUST-8748
Mona Saied,Freelancer,63,Female,A,Land,CUST-8749
Dina Ibrahim,Doctor,57,Female,C,Land,CUST-8750
Mohamed Kamel,Teacher,46,Female,D,Land,CUST-8751
Wael Hamdy,Technician,47,Male,A,,CUST-8752
Wael Mahmoud,Technician,64,Male,D,Vehicle,CUST-8753
,Sales_Rep,58,Male,B,Land,CUST-8754
Nabil Nabil,Engineer,64,Male,C,Land,CUST-8755
Ahmed Ghanem,Freelancer,49,Female,B,Land,CUST-8756
Nabil Mansour,Freelancer,41,Male,B,Land,CUST-8757
Dina Mansour,Accountant,33,Female,C,,CUST-8758
Ahmed Kamel,Teacher,61,Female,D,,CUST-8759
Sherif Ghanem,Technician,56,Male,D,Land,CUST-8760
Tarek Hassan,Engineer,47,Male,D,Vehicle,CUST-8761
Salma El-Sayed,Engineer,35,Female,D,Land,CUST-8762
Nabil El-Sayed,Sales_Rep,30,Female,A,,CUST-8763
Nabil Amr,Freelancer,43,Male,A,Land,CUST-8764
Salma Zaki,Engineer,50,Male,A,,CUST-8765
Wael Saied,Engineer,64,Male,A,,CUST-8766
Wael Mahmoud,Freelancer,42,Male,D,,CUST-8767
Omar Reda,Freelancer,44,Female,A,,CUST-8768
Layla Mahmoud,Freelancer,60,Male,A,Vehicle,CUST-8769
Wael Amr,Technician,55,Female,A,Vehicle,CUST-8770
Bassem Amr,Technician,33,Female,C,Land,CUST-8771
Zaki Abdel-Aziz,Accountant,53,Female,D,Vehicle,CUST-8772
Sara Fawzy,Technician,41,Male,A,Vehicle,CUST-8773
Sara Hassan,Doctor,44,Male,A,,CUST-8774
Layla El-Sayed,Sales_Rep,44,Female,B,Vehicle,CUST-8775
Fatma Amr,Accountant,43,Male,B,Land,CUST-8776
Hassan Mansour,Freelancer,62,Male,B,,CUST-8777
Dina Hamdy,Technician,45,Female,B,Land,CUST-8778
Zaki Abdel-Aziz,Sales_Rep,54,Female,C,,CUST-8779
,Accountant,45,Female,B,,CUST-8780
Mohamed Mahmoud,Teacher,31,Male,C,Vehicle,CUST-8781
Tarek Adel,Freelancer,61,Female,B,,CUST-8782
Zaki Nabil,Teacher,60,Male,A,Land,CUST-8783
Zaki Hamdy,Doctor,60,Male,B,,CUST-8784
Fatma Ghanem,Doctor,53,Male,A,Vehicle,CUST-8785
Wael Amr,Freelancer,44,Male,D,,CUST-8786
Layla Mahmoud,Accountant,53,Male,D,,CUST-8787
Ahmed Adel,Freelancer,49,Male,A,Vehicle,CUST-8788
Tarek El-Sayed,Freelancer,22,Male,D,Land,CUST-8789
Bassem Hassan,Teacher,26,Female,D,,CUST-8790
Layla Reda,Technician,35,Male,C,,CUST-8791
Mohamed Reda,Accountant,26,Female,A,Land,CUST-8792
Ahmed Abdel-Aziz,Doctor,47,Male,D,Vehicle,CUST-8793
Sara Hamdy,Accountant,48,Female,B,Vehicle,CUST-8794
,Freelancer,37,Male,C,,CUST-8795
Tarek Zaki,Sales_Rep,48,Male,B,Land,CUST-8796
Bassem Nabil,Accountant,31,Female,C,,CUST-8797
Mona Kamel,Teacher,25,Male,C,,CUST-8798
Heba Hamdy,Accountant,26,Male,C,Land,CUST-8799
Nabil Saied,Freelancer,38,Female,D,Vehicle,CUST-8800
Omar Adel,Technician,22,Female,D,,CUST-8801
Sara Hamdy,Sales_Rep,22,Female,C,Land,CUST-8802
Hoda Saied,Technician,44,Male,B,,CUST-8803
Mohamed Mahmoud,Freelancer,34,Male,A,Vehicle,CUST-8804
Tarek Abdel-Aziz,Doctor,42,Female,D,,CUST-8805
Hamdy Abdel-Aziz,Freelancer,59,Male,A,,CUST-8806
Salma Nabil,Engineer,52,Male,B,Vehicle,CUST-8807
Zaki Mahmoud,Technician,63,Female,B,Land,CUST-8808
Sara Mansour,Accountant,61,Female,D,,CUST-8809
Omar Kamel,Sales_Rep,29,Female,A,Land,CUST-8810
Ahmed Mansour,Technician,47,Male,B,Vehicle,CUST-8811
Bassem Kamel,Doctor,45,Male,A,Vehicle,CUST-8812
Ahmed Saied,Teacher,40,Male,A,Vehicle,CUST-8813
Amira Adel,Teacher,61,Female,A,,CUST-8814
Omar Reda,Accountant,53,Male,D,Land,CUST-8815
Sara Ghanem,Sales_Rep,24,Female,D,Vehicle,CUST-8816
Nabil Saied,Accountant,51,Female,A,,CUST-8817
Ibrahim Kamel,Technician,33,Male,C,Land,CUST-8818
Zaki Ibrahim,Doctor,38,Female,A,Land,CUST-8819
Bassem Adel,Engineer,64,Female,A,,CUST-8820
Mahmoud Hamdy,Engineer,26,Female,C,Land,CUST-8821
Hoda Abdel-Aziz,Engineer,59,Female,D,Land,CUST-8822
Fatma Mahmoud,Accountant,59,Male,C,,CUST-8823
Amira Mansour,Technician,42,Female,D,Vehicle,CUST-8824
Karim Adel,Doctor,24,Male,D,,CUST-8825
Mona Saied,Technician,47,Male,C,,CUST-8826
Sara Mahmoud,Accountant,42,Male,B,,CUST-8827
Mona Reda,Teacher,26,Male,B,,CUST-8828
Hoda Reda,Freelancer,31,Female,A,Vehicle,CUST-8829
Mostafa Mansour,Engineer,25,Male,D,Land,CUST-8830
Bassem Fawzy,Technician,62,Male,C,Land,CUST-8831
Sara Mansour,Engineer,33,Female,B,Land,CUST-8832
Hamdy Adel,Doctor,22,Female,C,Land,CUST-8833
Sara Mahmoud,Sales_Rep,21,Female,B,Vehicle,CUST-8834
Hoda Nabil,Doctor,47,Male,D,Vehicle,CUST-8835
Zaki Mansour,Doctor,50,Female,C,,CUST-8836
Ahmed Saied,Teacher,57,Male,A,Land,CUST-8837
Nabil Abdel-Aziz,Doctor,46,Female,B,,CUST-8838
Mahmoud Reda,Sales_Rep,31,Male,A,Land,CUST-8839
Omar Hassan,Freelancer,48,Male,B,,CUST-8840
Zaki Mahmoud,Engineer,49,Male,C,,CUST-8841
Salma El-Sayed,Technician,52,Male,A,Vehicle,CUST-8842
Hamdy Nabil,Freelancer,63,Female,B,Land,CUST-8843
Mohamed Hamdy,Doctor,31,Male,A,Land,CUST-8844
Dina Ibrahim,Accountant,24,Male,A,Vehicle,CUST-8845
Tarek Ghanem,Engineer,24,Male,A,Vehicle,CUST-8846
Heba Zaki,Teacher,65,Female,A,Land,CUST-8847
Tarek Hamdy,Engineer,47,Female,C,,CUST-8848
Salma Ghanem,Accountant,60,Male,B,Vehicle,CUST-8849
Khaled Kamel,Technician,22,Male,B,Vehicle,CUST-8850
Ibrahim Zaki,Technician,65,Male,D,Vehicle,CUST-8851
Hamdy El-Sayed,Accountant,44,Male,C,Land,CUST-8852
Layla Mahmoud,Doctor,40,Male,B,,CUST-8853
Mohamed Zaki,Freelancer,55,Female,A,,CUST-8854
Hassan Ghanem,Teacher,61,Female,C,Land,CUST-8855
Hoda Fawzy,Technician,27,Male,D,,CUST-8856
Mahmoud Kamel,Freelancer,62,Female,A,Land,CUST-8857
Ibrahim Saied,Freelancer,61,Female,A,Land,CUST-8858
Hamdy El-Sayed,Engineer,26,Female,D,Vehicle,CUST-8859
Ibrahim Kamel,Freelancer,61,Female,D,,CUST-8860
Ibrahim Ghanem,Freelancer,65,Male,B,Vehicle,CUST-8861
Tarek Amr,Freelancer,22,Male,D,Vehicle,CUST-8862
Khaled Amr,Teacher,45,Male,C,Vehicle,CUST-8863
Ibrahim Amr,Teacher,58,Female,D,Vehicle,CUST-8864
Omar Saied,Engineer,43,Male,A,,CUST-8865
Ahmed Reda,Teacher,25,Male,B,,CUST-8866
Amira Zaki,Accountant,23,Female,C,,CUST-8867
Nabil Hamdy,Sales_Rep,49,Male,C,,CUST-8868
Karim Abdel-Aziz,Doctor,36,Female,D,,CUST-8869
Hoda Adel,Technician,39,Female,A,,CUST-8870
Salma El-Sayed,Doctor,63,Female,B,,CUST-8871
Ahmed Ibrahim,Technician,59,Male,C,,CUST-8872
Sherif Nabil,Freelancer,29,Female,B,Land,CUST-8873
Nabil Amr,Accountant,50,Male,C,Vehicle,CUST-8874
Fatma Abdel-Aziz,Doctor,21,Female,C,,CUST-8875
Wael Abdel-Aziz,Engineer,53,Male,A,Vehicle,CUST-8876
Hamdy Saied,Accountant,50,Male,D,Land,CUST-8877
Dina Adel,Accountant,35,Male,B,Land,CUST-8878
Ibrahim Abdel-Aziz,Sales_Rep,37,Male,A,,CUST-8879
Karim Hassan,Freelancer,25,Male,D,,CUST-8880
Hassan Hassan,Teacher,38,Female,B,Vehicle,CUST-8881
Wael Mansour,Technician,32,Male,A,,CUST-8882
Hamdy Hassan,Technician,51,Male,D,,CUST-8883
Karim Nabil,Technician,39,Female,B,Land,CUST-8884
Nabil Nabil,Accountant,48,Female,B,Vehicle,CUST-8885
Fatma Abdel-Aziz,Freelancer,45,Female,A,,CUST-8886
Mona Fawzy,Technician,26,Male,B,Land,CUST-8887
Zaki Ghanem,Technician,37,Female,B,Vehicle,CUST-8888
Hoda Adel,Technician,61,Female,A,,CUST-8889
Mona Reda,Engineer,64,Female,C,Land,CUST-8890
Mostafa Kamel,Freelancer,35,Male,A,Vehicle,CUST-8891
Hamdy Adel,Teacher,62,Male,C,Vehicle,CUST-8892
Salma Zaki,Teacher,32,Female,A,,CUST-8893
Heba Ibrahim,Engineer,65,Male,B,,CUST-8894
Hassan Saied,Accountant,61,Male,D,Vehicle,CUST-8895
Tarek Hassan,Technician,31,Female,C,Vehicle,CUST-8896
Mostafa Kamel,Technician,47,Male,C,Land,CUST-8897
Ibrahim Mansour,Engineer,44,Male,C,Land,CUST-8898
Khaled Zaki,Accountant,40,Female,C,,CUST-8899
Mona Nabil,Doctor,47,Male,D,Land,CUST-8900
Tarek Hassan,Freelancer,65,Female,B,Vehicle,CUST-8901
Sara Kamel,Freelancer,47,Male,B,Vehicle,CUST-8902
Amira El-Sayed,Teacher,21,Male,B,,CUST-8903
Mona Mansour,Teacher,63,Female,B,Land,CUST-8904
Omar Abdel-Aziz,Sales_Rep,53,Male,D,Vehicle,CUST-8905
Hassan Mansour,Technician,34,Male,D,,CUST-8906
Zaki Kamel,Teacher,38,Female,A,Land,CUST-8907
,Doctor,38,Male,B,Vehicle,CUST-8908
Khaled Saied,Freelancer,26,Male,B,Land,CUST-8909
,Sales_Rep,55,Female,C,Land,CUST-8910
Tarek Abdel-Aziz,Teacher,34,Male,A,,CUST-8911
Dina Abdel-Aziz,Freelancer,23,Female,A,Land,CUST-8912
Heba Reda,Sales_Rep,41,Male,A,Land,CUST-8913
Sherif Nabil,Accountant,36,Female,B,,CUST-8914
Mohamed Kamel,Teacher,37,Male,C,Vehicle,CUST-8915
Dina Abdel-Aziz,Technician,53,Female,A,Land,CUST-8916
Mahmoud Hassan,Accountant,43,Male,A,,CUST-8917
Heba Zaki,Doctor,37,Female,D,Land,CUST-8918
Zaki Hamdy,Doctor,31,Female,D,,CUST-8919
Nabil Abdel-Aziz,Accountant,50,Female,A,Vehicle,CUST-8920
Karim Hamdy,Engineer,35,Female,D,Vehicle,CUST-8921
Omar Mahmoud,Freelancer,25,Female,A,,CUST-8922
Ahmed Reda,Accountant,52,Female,B,,CUST-8923
Hassan Abdel-Aziz,Teacher,56,Female,B,Land,CUST-8924
Wael Hassan,Freelancer,46,Male,C,,CUST-8925
Omar Zaki,Technician,26,Male,A,Land,CUST-8926
Sara El-Sayed,Doctor,23,Female,A,Land,CUST-8927
Heba Abdel-Aziz,Freelancer,30,Male,D,,CUST-8928
Dina Amr,Doctor,64,Male,A,,CUST-8929
Ibrahim Saied,Engineer,65,Male,A,Land,CUST-8930
Hoda Reda,Sales_Rep,48,Female,C,Vehicle,CUST-8931
Zaki Abdel-Aziz,Technician,52,Female,B,,CUST-8932
Wael Kamel,Doctor,27,Male,B,Land,CUST-8933
Hassan El-Sayed,Freelancer,39,Male,D,Land,CUST-8934
Ibrahim Adel,Accountant,41,Male,D,Land,CUST-8935
,Teacher,60,Male,B,Vehicle,CUST-8936
Karim Mansour,Engineer,47,Male,A,Vehicle,CUST-8937
Layla Adel,Engineer,64,Female,A,Vehicle,CUST-8938
Hoda Ghanem,Sales_Rep,25,Male,C,,CUST-8939
Salma Adel,Teacher,25,Female,A,Vehicle,CUST-8940
Hassan Ibrahim,Technician,29,Female,D,,CUST-8941
Mohamed Zaki,Engineer,36,Female,B,,CUST-8942
Khaled Zaki,Teacher,55,Male,B,Vehicle,CUST-8943
Hamdy Saied,Sales_Rep,37,Male,D,,CUST-8944
Fatma Zaki,Freelancer,43,Female,A,Vehicle,CUST-8945
Ibrahim Zaki,Doctor,64,Female,A,Vehicle,CUST-8946
Tarek Zaki,Freelancer,29,Male,D,Land,CUST-8947
Omar Abdel-Aziz,Engineer,62,Female,C,,CUST-8948
Ibrahim El-Sayed,Technician,46,Male,D,Land,CUST-8949
Amira Mahmoud,Accountant,40,Male,C,Vehicle,CUST-8950
Sherif Adel,Accountant,24,Male,A,Land,CUST-8951
Hamdy Ghanem,Sales_Rep,24,Male,A,Land,CUST-8952
Heba Abdel-Aziz,Accountant,52,Male,A,Land,CUST-8953
Hassan Abdel-Aziz,Technician,65,Female,C,Vehicle,CUST-8954
Amira Abdel-Aziz,Freelancer,53,Female,A,Vehicle,CUST-8955
Hoda Fawzy,Technician,44,Female,C,Land,CUST-8956
Wael Abdel-Aziz,Doctor,60,Male,B,,CUST-8957
Mahmoud Nabil,Doctor,37,Male,D,,CUST-8958
Mohamed Hassan,Accountant,65,Female,B,Vehicle,CUST-8959
Amira Mansour,Freelancer,53,Female,B,Vehicle,CUST-8960
Fatma Ibrahim,Teacher,46,Male,C,,CUST-8961
Bassem El-Sayed,Accountant,37,Female,D,,CUST-8962
Wael Ibrahim,Teacher,48,Female,A,Vehicle,CUST-8963
,Sales_Rep,42,Male,B,,CUST-8964
Ahmed Zaki,Sales_Rep,24,Female,A,Vehicle,CUST-8965
Layla Nabil,Freelancer,23,Female,D,Vehicle,CUST-8966
Sherif Ibrahim,Sales_Rep,42,Male,C,Land,CUST-8967
Hassan Reda,Doctor,51,Male,C,Land,CUST-8968
Mahmoud Ghanem,Doctor,34,Male,C,Land,CUST-8969
Omar Ibrahim,Sales_Rep,48,Female,D,Land,CUST-8970
Hoda El-Sayed,Teacher,25,Female,C,Land,CUST-8971
Hamdy Ghanem,Accountant,40,Male,B,Vehicle,CUST-8972
Nabil El-Sayed,Engineer,48,Male,B,,CUST-8973
,Doctor,49,Male,A,,CUST-8974
Hamdy Ghanem,Technician,48,Female,D,,CUST-8975
Zaki Fawzy,Accountant,38,Female,D,Land,CUST-8976
Bassem Fawzy,Doctor,57,Male,A,Land,CUST-8977
Mohamed Reda,Technician,49,Female,C,,CUST-8978
Omar Hassan,Engineer,42,Female,B,Land,CUST-8979
Amira Kamel,Technician,42,Female,B,,CUST-8980
Zaki Amr,Technician,37,Male,D,Land,CUST-8981
Ibrahim Hassan,Teacher,24,Female,A,,CUST-8982
Mohamed Mansour,Accountant,52,Male,C,Vehicle,CUST-8983
Heba Hassan,Accountant,59,Female,A,Vehicle,CUST-8984
Ibrahim Saied,Teacher,41,Male,B,Vehicle,CUST-8985
Mona Mansour,Doctor,58,Male,D,Vehicle,CUST-8986
Salma Hamdy,Technician,22,Male,C,Vehicle,CUST-8987
Ibrahim Nabil,Sales_Rep,52,Female,C,Land,CUST-8988
Nabil El-Sayed,Teacher,54,Male,A,,CUST-8989
Salma Kamel,Accountant,62,Male,A,Land,CUST-8990
Fatma Amr,Sales_Rep,34,Female,D,Land,CUST-8991
Layla Ghanem,Teacher,53,Female,A,,CUST-8992
Hamdy Mansour,Technician,60,Male,A,Land,CUST-8993
Sherif Ibrahim,Teacher,26,Female,D,Land,CUST-8994
Bassem Adel,Sales_Rep,51,Male,D,Land,CUST-8995
Sara Zaki,Teacher,38,Female,B,Vehicle,CUST-8996
Tarek Mansour,Freelancer,21,Female,A,,CUST-8997
Karim Saied,Teacher,27,Female,D,Vehicle,CUST-8998
Ibrahim Amr,Engineer,36,Female,B,,CUST-8999
Omar Reda,Doctor,24,Female,C,,CUST-9000
Sherif Mahmoud,Teacher,62,Female,D,,CUST-9001
Zaki Amr,Teacher,61,Female,A,,CUST-9002
Wael Saied,Technician,52,Female,D,,CUST-9003
Khaled Zaki,Freelancer,51,Male,C,Vehicle,CUST-9004
,Sales_Rep,39,Male,D,Land,CUST-9005
,Sales_Rep,58,Male,D,Land,CUST-9006
Wael Mansour,Teacher,22,Male,C,Vehicle,CUST-9007
Nabil El-Sayed,Technician,46,Male,A,Land,CUST-9008
Sherif Abdel-Aziz,Accountant,61,Male,A,Land,CUST-9009
Karim Reda,Technician,39,Male,A,Vehicle,CUST-9010
Sara Amr,Technician,26,Male,A,,CUST-9011
Hoda Nabil,Technician,28,Female,A,Vehicle,CUST-9012
Hassan Abdel-Aziz,Doctor,58,Male,A,Vehicle,CUST-9013
Mohamed Amr,Technician,52,Female,A,Land,CUST-9014
Dina Hassan,Engineer,30,Male,C,Land,CUST-9015
Heba Fawzy,Freelancer,41,Male,B,,CUST-9016
Sara Hassan,Engineer,46,Male,D,Vehicle,CUST-9017
Mohamed El-Sayed,Technician,29,Male,A,Land,CUST-9018
Sherif Adel,Freelancer,61,Male,C,Land,CUST-9019
Wael Adel,Teacher,40,Male,C,,CUST-9020
Mona Mansour,Engineer,52,Female,A,Vehicle,CUST-9021
Mona Ibrahim,Teacher,47,Male,B,Vehicle,CUST-9022
Fatma Reda,Engineer,53,Male,C,Land,CUST-9023
Mahmoud Nabil,Freelancer,24,Male,B,Land,CUST-9024
Mahmoud Hassan,Freelancer,60,Female,C,,CUST-9025
Zaki Kamel,Doctor,24,Female,B,Land,CUST-9026
Tarek Nabil,Technician,46,Male,B,Vehicle,CUST-9027
Sherif Hamdy,Doctor,25,Female,C,Vehicle,CUST-9028
Karim Reda,Sales_Rep,39,Male,B,Land,CUST-9029
Wael El-Sayed,Sales_Rep,33,Female,D,Vehicle,CUST-9030
Mahmoud Reda,Engineer,54,Male,A,Land,CUST-9031
Layla Mahmoud,Teacher,23,Female,A,Vehicle,CUST-9032
Bassem Ibrahim,Teacher,61,Female,B,Vehicle,CUST-9033
Sherif Ghanem,Sales_Rep,46,Male,A,Vehicle,CUST-9034
Mohamed Amr,Accountant,59,Male,A,Land,CUST-9035
Nabil Fawzy,Doctor,49,Male,B,,CUST-9036
Khaled Amr,Sales_Rep,39,Female,A,Land,CUST-9037
Salma El-Sayed,Accountant,55,Male,B,Land,CUST-9038
Omar Saied,Engineer,21,Male,B,Vehicle,CUST-9039
Bassem El-Sayed,Accountant,28,Male,D,Land,CUST-9040
Sherif Hamdy,Engineer,33,Female,D,Land,CUST-9041
Khaled Hassan,Doctor,21,Female,C,Vehicle,CUST-9042
Wael Kamel,Doctor,65,Female,B,,CUST-9043
Mona Amr,Freelancer,44,Male,C,,CUST-9044
Hassan Abdel-Aziz,Engineer,64,Female,D,,CUST-9045
Omar Hamdy,Teacher,35,Male,B,Vehicle,CUST-9046
Hassan Nabil,Engineer,54,Male,C,Land,CUST-9047
Hoda Nabil,Accountant,43,Female,A,,CUST-9048
Mona Hamdy,Engineer,28,Male,B,,CUST-9049
Khaled Hamdy,Freelancer,47,Male,D,Land,CUST-9050
Mona Kamel,Doctor,64,Male,C,,CUST-9051
Karim El-Sayed,Accountant,54,Female,B,Vehicle,CUST-9052
Khaled Kamel,Accountant,35,Female,D,Land,CUST-9053
Zaki Abdel-Aziz,Teacher,32,Male,B,Vehicle,CUST-9054
Mohamed Mahmoud,Teacher,31,Male,B,Land,CUST-9055
Zaki Nabil,Teacher,48,Male,C,Land,CUST-9056
Amira Abdel-Aziz,Doctor,55,Male,A,Vehicle,CUST-9057
Hamdy El-Sayed,Doctor,40,Female,D,,CUST-9058
Salma Reda,Freelancer,45,Female,C,Land,CUST-9059
Salma Amr,Engineer,32,Female,D,,CUST-9060
Hamdy Nabil,Doctor,48,Male,C,,CUST-9061
Sara Hassan,Sales_Rep,21,Female,C,,CUST-9062
Hassan Kamel,Doctor,28,Male,A,Land,CUST-9063
,Freelancer,23,Female,C,Vehicle,CUST-9064
Khaled Fawzy,Teacher,61,Male,B,Land,CUST-9065
Heba Ghanem,Sales_Rep,65,Female,B,Vehicle,CUST-9066
Heba Nabil,Engineer,23,Female,B,Land,CUST-9067
Mahmoud Ibrahim,Engineer,50,Male,A,Land,CUST-9068
Mona Saied,Accountant,43,Female,B,,CUST-9069
Ahmed Reda,Accountant,30,Female,B,Vehicle,CUST-9070
Karim Mansour,Freelancer,21,Male,C,Land,CUST-9071
Wael Ibrahim,Sales_Rep,29,Female,A,Vehicle,CUST-9072
Omar Hamdy,Doctor,26,Female,A,,CUST-9073
Mohamed Ghanem,Teacher,56,Female,D,Vehicle,CUST-9074
Hoda Kamel,Teacher,37,Female,D,Land,CUST-9075
Hassan Ibrahim,Freelancer,29,Female,A,,CUST-9076
Bassem Amr,Accountant,28,Female,A,Land,CUST-9077
Khaled Zaki,Technician,47,Male,B,Vehicle,CUST-9078
Hamdy Adel,Accountant,48,Male,A,,CUST-9079
Amira Hamdy,Teacher,52,Male,C,Land,CUST-9080
Tarek Reda,Sales_Rep,65,Female,B,Vehicle,CUST-9081
Layla El-Sayed,Teacher,61,Female,C,Vehicle,CUST-9082
Mona Kamel,Teacher,55,Female,B,,CUST-9083
Mahmoud Reda,Sales_Rep,29,Female,B,Land,CUST-9084
Mohamed Mansour,Accountant,30,Female,D,,CUST-9085
Ahmed Abdel-Aziz,Technician,35,Male,A,Vehicle,CUST-9086
Wael Hamdy,Doctor,45,Female,C,Land,CUST-9087
Sherif Hamdy,Doctor,57,Male,D,Vehicle,CUST-9088
Hamdy Mansour,Teacher,49,Male,D,Vehicle,CUST-9089
Layla Saied,Doctor,44,Male,B,Land,CUST-9090
Layla Saied,Sales_Rep,37,Female,C,Land,CUST-9091
Tarek Ibrahim,Engineer,36,Male,C,Land,CUST-9092
Amira Kamel,Freelancer,48,Female,A,Land,CUST-9093
Karim Hassan,Doctor,59,Female,D,Vehicle,CUST-9094
Hamdy Fawzy,Accountant,42,Female,B,,CUST-9095
Hamdy Ghanem,Technician,24,Female,B,Land,CUST-9096
Ahmed Ibrahim,Sales_Rep,54,Female,B,Land,CUST-9097
Khaled Saied,Technician,54,Male,B,Land,CUST-9098
Hassan Amr,Freelancer,30,Male,C,Land,CUST-9099
Heba Reda,Accountant,62,Female,A,Vehicle,CUST-9100
,Teacher,60,Female,C,Land,CUST-9101
Zaki Ibrahim,Accountant,26,Female,B,Vehicle,CUST-9102
Khaled Fawzy,Sales_Rep,37,Female,A,Land,CUST-9103
Ibrahim Adel,Teacher,31,Female,D,,CUST-9104
Layla Hamdy,Sales_Rep,47,Male,D,,CUST-9105
Ibrahim Amr,Accountant,58,Female,B,,CUST-9106
Amira El-Sayed,Doctor,31,Female,B,Vehicle,CUST-9107
Tarek Mansour,Technician,26,Female,D,Land,CUST-9108
Tarek El-Sayed,Freelancer,55,Male,A,Vehicle,CUST-9109
Karim Hassan,Sales_Rep,56,Female,B,,CUST-9110
Hassan Zaki,Teacher,64,Male,B,Vehicle,CUST-9111
Tarek Ghanem,Technician,47,Female,B,Land,CUST-9112
Wael Hassan,Engineer,23,Female,D,Land,CUST-9113
Nabil Zaki,Engineer,22,Female,A,,CUST-9114
Karim Zaki,Technician,55,Male,C,Land,CUST-9115
Wael Fawzy,Freelancer,29,Female,C,Vehicle,CUST-9116
Karim Kamel,Technician,49,Female,B,,CUST-9117
Sara Reda,Sales_Rep,63,Female,C,Land,CUST-9118
Omar Reda,Freelancer,50,Male,D,Land,CUST-9119
,Accountant,30,Male,D,Vehicle,CUST-9120
Ibrahim Zaki,Freelancer,54,Female,A,,CUST-9121
Hoda Zaki,Technician,43,Female,B,Land,CUST-9122
,Engineer,22,Male,B,,CUST-9123
Khaled Hamdy,Technician,61,Male,D,Land,CUST-9124
Layla Zaki,Teacher,50,Male,A,,CUST-9125
Ibrahim Hamdy,Doctor,38,Male,A,Land,CUST-9126
Ahmed Reda,Engineer,57,Male,B,Land,CUST-9127
Sherif Kamel,Sales_Rep,27,Male,C,Land,CUST-9128
Zaki Fawzy,Doctor,27,Female,A,Land,CUST-9129
Sherif Hassan,Sales_Rep,36,Male,A,,CUST-9130
Heba Zaki,Teacher,57,Female,B,Land,CUST-9131
Omar Reda,Engineer,49,Male,B,Vehicle,CUST-9132
Nabil Saied,Freelancer,41,Male,C,Land,CUST-9133
Dina Hamdy,Engineer,49,Male,A,Vehicle,CUST-9134
Hamdy Fawzy,Accountant,58,Male,B,Land,CUST-9135
Zaki Nabil,Technician,53,Male,C,Land,CUST-9136
Hassan Ibrahim,Doctor,47,Female,B,,CUST-9137
Dina El-Sayed,Freelancer,41,Male,D,,CUST-9138
,Doctor,27,Female,C,,CUST-9139
Mostafa Saied,Engineer,49,Female,C,,CUST-9140
Ibrahim Nabil,Accountant,46,Female,D,Vehicle,CUST-9141
Amira Ibrahim,Teacher,33,Female,C,Land,CUST-9142
Sara Hamdy,Sales_Rep,53,Female,B,Vehicle,CUST-9143
Nabil Mansour,Freelancer,36,Female,B,,CUST-9144
Mohamed Mansour,Technician,48,Female,D,Vehicle,CUST-9145
Hoda Hassan,Engineer,39,Female,A,Vehicle,CUST-9146
Khaled Hassan,Freelancer,23,Female,B,Land,CUST-9147
Ibrahim Abdel-Aziz,Engineer,49,Male,A,Land,CUST-9148
Layla Fawzy,Accountant,21,Female,B,Land,CUST-9149
,Teacher,32,Male,C,,CUST-9150
Fatma Abdel-Aziz,Technician,36,Female,D,,CUST-9151
Mona Zaki,Engineer,42,Male,C,,CUST-9152
Omar Zaki,Teacher,44,Female,C,Vehicle,CUST-9153
Layla Mansour,Freelancer,56,Male,A,Land,CUST-9154
Hoda Nabil,Teacher,27,Male,A,,CUST-9155
Sherif Mansour,Accountant,59,Male,A,,CUST-9156
Salma Hassan,Accountant,33,Female,A,Vehicle,CUST-9157
Omar Mahmoud,Sales_Rep,25,Male,B,,CUST-9158
Mostafa Zaki,Sales_Rep,63,Male,B,Vehicle,CUST-9159
Amira Amr,Teacher,21,Female,D,,CUST-9160
Hoda Abdel-Aziz,Teacher,45,Female,C,Land,CUST-9161
Wael Ghanem,Engineer,60,Female,B,Vehicle,CUST-9162
Fatma Adel,Doctor,22,Male,C,Land,CUST-9163
Tarek Nabil,Engineer,49,Male,D,Vehicle,CUST-9164
Dina Zaki,Accountant,48,Female,A,Vehicle,CUST-9165
Amira Reda,Technician,22,Female,D,Land,CUST-9166
Amira El-Sayed,Doctor,30,Female,B,Land,CUST-9167
Hoda Hassan,Teacher,54,Female,B,Land,CUST-9168
Fatma Hassan,Freelancer,61,Male,B,,CUST-9169
Karim Kamel,Freelancer,22,Male,A,Land,CUST-9170
,Teacher,31,Female,A,Land,CUST-9171
Sherif Mahmoud,Doctor,40,Female,A,,CUST-9172
Nabil Amr,Teacher,35,Female,A,Vehicle,CUST-9173
Amira Mahmoud,Freelancer,56,Male,C,Vehicle,CUST-9174
Bassem Fawzy,Freelancer,60,Female,A,,CUST-9175
Fatma Ibrahim,Sales_Rep,49,Female,A,Vehicle,CUST-9176
Bassem El-Sayed,Sales_Rep,43,Female,D,Vehicle,CUST-9177
Mona Ibrahim,Sales_Rep,40,Female,D,,CUST-9178
Dina Kamel,Freelancer,44,Female,C,Land,CUST-9179
Nabil Mansour,Technician,39,Female,B,,CUST-9180
Sara Kamel,Accountant,53,Female,A,,CUST-9181
Zaki Fawzy,Technician,49,Female,A,,CUST-9182
Amira Mansour,Accountant,65,Female,C,,CUST-9183
Karim Adel,Teacher,53,Female,B,Land,CUST-9184
Ahmed Mansour,Teacher,53,Male,B,Land,CUST-9185
Dina Nabil,Freelancer,38,Female,D,Land,CUST-9186
Nabil Mansour,Technician,44,Female,A,Vehicle,CUST-9187
Hamdy Nabil,Sales_Rep,32,Female,B,Land,CUST-9188
Wael Mahmoud,Sales_Rep,63,Female,C,Land,CUST-9189
Layla El-Sayed,Doctor,25,Female,A,Land,CUST-9190
Mahmoud Hamdy,Technician,52,Female,B,Vehicle,CUST-9191
,Technician,30,Female,A,,CUST-9192
Mohamed Reda,Sales_Rep,30,Female,B,,CUST-9193
Sara El-Sayed,Accountant,34,Male,B,Land,CUST-9194
Wael Kamel,Doctor,38,Male,D,,CUST-9195
Mahmoud Nabil,Freelancer,65,Male,B,,CUST-9196
Hoda Amr,Engineer,34,Female,A,Vehicle,CUST-9197
Omar Adel,Accountant,45,Female,C,,CUST-9198
Hamdy Saied,Sales_Rep,62,Male,C,Vehicle,CUST-9199
Mona Zaki,Freelancer,58,Male,B,,CUST-9200
Sara Mahmoud,Teacher,40,Male,D,,CUST-9201
Ibrahim Ibrahim,Technician,41,Male,C,Vehicle,CUST-9202
Khaled Adel,Technician,51,Male,B,Land,CUST-9203
Tarek Amr,Accountant,56,Female,D,Land,CUST-9204
Salma Mansour,Technician,52,Female,A,,CUST-9205
Khaled Nabil,Engineer,51,Male,A,Land,CUST-9206
,Technician,53,Female,B,,CUST-9207
Hoda Reda,Accountant,53,Male,A,Vehicle,CUST-9208
Mahmoud Hassan,Sales_Rep,52,Female,A,,CUST-9209
Hamdy Saied,Sales_Rep,32,Male,C,,CUST-9210
Mahmoud Kamel,Accountant,58,Male,D,Vehicle,CUST-9211
Amira Kamel,Freelancer,25,Male,C,,CUST-9212
Omar Mansour,Accountant,30,Male,C,,CUST-9213
Tarek Zaki,Accountant,36,Female,B,,CUST-9214
Tarek Zaki,Doctor,34,Male,A,Vehicle,CUST-9215
Sara Hassan,Doctor,55,Male,D,Land,CUST-9216
Heba Saied,Doctor,56,Male,C,Vehicle,CUST-9217
Hamdy Abdel-Aziz,Engineer,40,Female,A,Vehicle,CUST-9218
Mahmoud Adel,Teacher,21,Female,C,Land,CUST-9219
Hassan Ibrahim,Freelancer,52,Female,C,Vehicle,CUST-9220
Omar Ghanem,Freelancer,59,Male,A,,CUST-9221
Hamdy Saied,Doctor,35,Male,D,Land,CUST-9222
Sara Amr,Doctor,28,Male,A,Land,CUST-9223
Wael Zaki,Freelancer,55,Male,C,Vehicle,CUST-9224
Heba Hamdy,Teacher,54,Female,C,Land,CUST-9225
Mohamed Mansour,Engineer,63,Female,A,,CUST-9226
Hamdy Reda,Engineer,39,Female,B,Land,CUST-9227
Dina Reda,Doctor,25,Male,D,,CUST-9228
Mahmoud Hassan,Freelancer,29,Female,D,Vehicle,CUST-9229
Sherif Fawzy,Freelancer,47,Male,A,Vehicle,CUST-9230
Hoda Ibrahim,Freelancer,48,Female,C,,CUST-9231
Mahmoud Hamdy,Teacher,37,Male,C,Vehicle,CUST-9232
Dina Abdel-Aziz,Doctor,54,Female,C,Vehicle,CUST-9233
Hoda Fawzy,Sales_Rep,37,Female,C,,CUST-9234
Sara Adel,Doctor,57,Male,D,,CUST-9235
Ibrahim Reda,Engineer,38,Male,B,Land,CUST-9236
Zaki Hamdy,Sales_Rep,49,Male,D,Vehicle,CUST-9237
Karim Fawzy,Freelancer,25,Female,A,Land,CUST-9238
Ibrahim Nabil,Doctor,28,Female,C,Land,CUST-9239
Salma Adel,Technician,25,Female,C,Vehicle,CUST-9240
Amira Mahmoud,Freelancer,55,Male,D,,CUST-9241
Bassem Hamdy,Teacher,27,Male,A,Vehicle,CUST-9242
Nabil El-Sayed,Accountant,62,Male,A,Vehicle,CUST-9243
Tarek Reda,Accountant,21,Male,C,Vehicle,CUST-9244
Dina Abdel-Aziz,Teacher,26,Female,D,,CUST-9245
Dina Ghanem,Technician,50,Male,A,Land,CUST-9246
Layla Hamdy,Sales_Rep,57,Female,B,,CUST-9247
Salma Mahmoud,Engineer,62,Female,A,Vehicle,CUST-9248
Karim Hamdy,Freelancer,44,Female,D,Land,CUST-9249
Sara Mahmoud,Technician,24,Female,B,Vehicle,CUST-9250
Layla Fawzy,Technician,51,Male,B,Land,CUST-9251
Karim Adel,Accountant,31,Male,C,Land,CUST-9252
Salma Kamel,Freelancer,65,Male,A,Land,CUST-9253
Zaki Saied,Accountant,58,Female,B,Vehicle,CUST-9254
Dina Ibrahim,Doctor,46,Male,B,,CUST-9255
Heba Zaki,Freelancer,59,Female,C,Land,CUST-9256
Mahmoud Ibrahim,Freelancer,30,Female,D,,CUST-9257
,Engineer,63,Female,D,,CUST-9258
Khaled Ibrahim,Technician,27,Male,A,Vehicle,CUST-9259
Mahmoud Abdel-Aziz,Doctor,44,Female,D,Land,CUST-9260
Sara El-Sayed,Technician,45,Female,B,,CUST-9261
,Technician,34,Female,A,,CUST-9262
Dina Adel,Accountant,51,Male,A,,CUST-9263
Hassan Mansour,Doctor,61,Female,A,,CUST-9264
Heba Saied,Engineer,54,Male,C,Vehicle,CUST-9265
Mahmoud Ibrahim,Doctor,34,Female,D,Land,CUST-9266
Mahmoud Ibrahim,Technician,36,Male,D,Land,CUST-9267
Salma El-Sayed,Technician,39,Male,C,,CUST-9268
Omar Hamdy,Accountant,54,Male,C,,CUST-9269
Omar Kamel,Teacher,52,Female,B,,CUST-9270
Omar Zaki,Freelancer,58,Male,D,Vehicle,CUST-9271
Mahmoud Amr,Doctor,27,Female,D,,CUST-9272
Sherif Amr,Freelancer,53,Female,A,Land,CUST-9273
Bassem Fawzy,Doctor,21,Female,D,Vehicle,CUST-9274
Zaki Adel,Teacher,41,Female,B,,CUST-9275
,Accountant,59,Female,C,Land,CUST-9276
Mona Amr,Doctor,26,Female,D,Vehicle,CUST-9277
Wael Adel,Accountant,28,Male,A,Land,CUST-9278
Ibrahim Adel,Sales_Rep,27,Male,D,,CUST-9279
Khaled Ibrahim,Technician,21,Female,A,,CUST-9280
Ahmed El-Sayed,Doctor,25,Male,D,Vehicle,CUST-9281
Layla Mahmoud,Freelancer,61,Male,B,,CUST-9282
Layla Mansour,Doctor,39,Female,D,,CUST-9283
Khaled Hamdy,Sales_Rep,62,Female,B,,CUST-9284
,Teacher,56,Male,A,Land,CUST-9285
Mahmoud Zaki,Teacher,45,Male,B,,CUST-9286
Mahmoud Ibrahim,Sales_Rep,29,Male,C,Land,CUST-9287
Khaled Ghanem,Doctor,44,Female,A,Vehicle,CUST-9288
Mohamed Saied,Freelancer,48,Male,C,,CUST-9289
Omar Ibrahim,Doctor,65,Male,A,Land,CUST-9290
Fatma Hassan,Freelancer,55,Female,C,Vehicle,CUST-9291
Amira Kamel,Sales_Rep,65,Female,D,Vehicle,CUST-9292
,Doctor,52,Male,A,Land,CUST-9293
Dina Amr,Technician,29,Male,A,Vehicle,CUST-9294
Layla Adel,Engineer,62,Female,B,Vehicle,CUST-9295
Sara Abdel-Aziz,Teacher,53,Male,D,Land,CUST-9296
Ibrahim Mansour,Teacher,63,Female,A,Vehicle,CUST-9297
Mostafa Zaki,Engineer,26,Female,A,,CUST-9298
Mostafa Zaki,Technician,38,Female,A,Land,CUST-9299
Fatma Amr,Technician,39,Female,B,Land,CUST-9300
Mona Abdel-Aziz,Doctor,38,Female,D,Vehicle,CUST-9301
Tarek Zaki,Doctor,63,Female,D,,CUST-9302
Ahmed Saied,Engineer,47,Male,B,Vehicle,CUST-9303
Amira Mahmoud,Technician,52,Female,C,,CUST-9304
Wael Mansour,Doctor,65,Male,B,,CUST-9305
Mahmoud Ghanem,Engineer,59,Male,C,Vehicle,CUST-9306
Fatma Mansour,Freelancer,43,Male,C,,CUST-9307
Khaled Ibrahim,Sales_Rep,47,Female,D,Land,CUST-9308
Ahmed Reda,Sales_Rep,25,Male,A,,CUST-9309
Fatma Abdel-Aziz,Accountant,63,Male,C,,CUST-9310
Sherif Nabil,Technician,58,Male,C,Land,CUST-9311
Sherif Saied,Engineer,26,Male,B,,CUST-9312
Mostafa Adel,Sales_Rep,39,Male,C,,CUST-9313
,Technician,26,Female,A,Vehicle,CUST-9314
,Doctor,56,Female,B,Vehicle,CUST-9315
Omar Zaki,Doctor,23,Male,A,,CUST-9316
Mohamed El-Sayed,Accountant,48,Male,B,Vehicle,CUST-9317
Hamdy Mahmoud,Technician,59,Male,B,Vehicle,CUST-9318
Ahmed Nabil,Engineer,57,Male,D,Vehicle,CUST-9319
Zaki Kamel,Sales_Rep,60,Female,C,,CUST-9320
Fatma Kamel,Sales_Rep,43,Male,C,Vehicle,CUST-9321
Mohamed Saied,Accountant,39,Female,C,,CUST-9322
Sara Fawzy,Engineer,61,Male,D,,CUST-9323
Mohamed Mansour,Teacher,41,Male,D,Land,CUST-9324
Omar Hamdy,Engineer,60,Female,C,Vehicle,CUST-9325
Bassem El-Sayed,Freelancer,62,Male,D,Land,CUST-9326
Karim El-Sayed,Teacher,61,Male,A,Vehicle,CUST-9327
Mohamed Mansour,Freelancer,30,Female,C,Vehicle,CUST-9328
Salma Abdel-Aziz,Teacher,44,Male,D,Vehicle,CUST-9329
,Freelancer,22,Female,A,,CUST-9330
Dina Saied,Technician,31,Female,C,Land,CUST-9331
Mostafa Saied,Engineer,52,Male,D,,CUST-9332
Khaled Nabil,Engineer,50,Female,B,Vehicle,CUST-9333
Wael Mahmoud,Technician,25,Male,A,Vehicle,CUST-9334
Mostafa Zaki,Doctor,43,Female,D,,CUST-9335
Mohamed Reda,Freelancer,61,Female,D,Land,CUST-9336
Tarek Fawzy,Sales_Rep,64,Female,B,Vehicle,CUST-9337
Salma Amr,Teacher,32,Female,D,Vehicle,CUST-9338
Karim Adel,Teacher,46,Female,B,Land,CUST-9339
Tarek Ibrahim,Technician,59,Female,B,,CUST-9340
Hassan El-Sayed,Teacher,27,Male,A,,CUST-9341
Heba Fawzy,Accountant,36,Female,B,Vehicle,CUST-9342
Mostafa Ghanem,Technician,55,Female,D,Land,CUST-9343
Khaled Ibrahim,Technician,31,Male,B,Land,CUST-9344
Hoda Amr,Engineer,61,Female,B,Land,CUST-9345
Mostafa Amr,Doctor,49,Female,B,Vehicle,CUST-9346
Ahmed Adel,Doctor,27,Female,B,Vehicle,CUST-9347
Wael El-Sayed,Technician,43,Female,C,,CUST-9348
Nabil Hassan,Engineer,33,Female,C,,CUST-9349
Salma El-Sayed,Freelancer,56,Female,C,,CUST-9350
Karim Adel,Engineer,34,Female,A,Land,CUST-9351
,Sales_Rep,63,Male,D,Vehicle,CUST-9352
Hassan Fawzy,Freelancer,34,Male,D,,CUST-9353
Zaki Saied,Engineer,50,Female,B,Vehicle,CUST-9354
Mona Mahmoud,Doctor,63,Female,A,Land,CUST-9355
Hoda Hamdy,Sales_Rep,24,Male,A,,CUST-9356
Ahmed Reda,Teacher,45,Male,C,Vehicle,CUST-9357
Bassem Abdel-Aziz,Freelancer,39,Female,A,,CUST-9358
Fatma El-Sayed,Freelancer,44,Female,D,Vehicle,CUST-9359
,Freelancer,34,Male,B,Land,CUST-9360
Sherif Reda,Doctor,62,Male,D,Vehicle,CUST-9361
Layla Nabil,Freelancer,61,Male,C,Land,CUST-9362
Ahmed Ghanem,Freelancer,37,Female,A,Vehicle,CUST-9363
Hamdy Kamel,Sales_Rep,30,Male,B,Vehicle,CUST-9364
Ibrahim Reda,Freelancer,50,Male,A,,CUST-9365
Ibrahim Reda,Technician,32,Male,B,Vehicle,CUST-9366
Hamdy Abdel-Aziz,Teacher,44,Male,B,Land,CUST-9367
Karim Saied,Engineer,42,Female,A,Vehicle,CUST-9368
Layla El-Sayed,Freelancer,53,Male,B,Land,CUST-9369
Bassem Hamdy,Accountant,45,Male,B,,CUST-9370
Hassan Abdel-Aziz,Doctor,51,Female,B,Vehicle,CUST-9371
Mohamed Hamdy,Freelancer,45,Female,B,Land,CUST-9372
Bassem Zaki,Accountant,36,Female,C,,CUST-9373
Layla Ibrahim,Accountant,59,Female,C,,CUST-9374
Tarek Ibrahim,Doctor,23,Female,D,Vehicle,CUST-9375
Mostafa Adel,Teacher,32,Male,D,,CUST-9376
Wael Mahmoud,Accountant,43,Female,A,,CUST-9377
Mostafa Mansour,Doctor,25,Female,C,Land,CUST-9378
Ahmed Saied,Technician,39,Female,C,Vehicle,CUST-9379
Karim Nabil,Freelancer,34,Male,B,,CUST-9380
Amira El-Sayed,Accountant,39,Male,A,Land,CUST-9381
Wael Fawzy,Doctor,63,Male,B,,CUST-9382
Dina El-Sayed,Engineer,64,Female,A,Land,CUST-9383
Nabil Ibrahim,Sales_Rep,52,Female,A,Vehicle,CUST-9384
Hamdy Mahmoud,Teacher,23,Male,B,Land,CUST-9385
Ibrahim Abdel-Aziz,Accountant,32,Male,D,,CUST-9386
Fatma Mansour,Freelancer,65,Male,D,Land,CUST-9387
Fatma Mahmoud,Engineer,29,Male,D,Vehicle,CUST-9388
Sherif Saied,Doctor,22,Female,C,Land,CUST-9389
Sara Ghanem,Sales_Rep,64,Male,D,Land,CUST-9390
Bassem Mansour,Doctor,37,Male,C,,CUST-9391
Dina Zaki,Accountant,59,Male,C,Land,CUST-9392
Sara Mansour,Sales_Rep,29,Male,D,Vehicle,CUST-9393
Nabil Fawzy,Sales_Rep,61,Male,B,Land,CUST-9394
Tarek Hamdy,Freelancer,31,Female,D,Vehicle,CUST-9395
Karim Hamdy,Technician,47,Male,C,Vehicle,CUST-9396
Wael Nabil,Technician,34,Male,D,Vehicle,CUST-9397
Ibrahim Nabil,Teacher,39,Male,D,,CUST-9398
Fatma Saied,Accountant,58,Female,A,,CUST-9399
Mahmoud Mahmoud,Accountant,24,Female,B,,CUST-9400
Salma Nabil,Accountant,21,Male,B,Vehicle,CUST-9401
,Teacher,39,Male,A,Land,CUST-9402
Hassan Hassan,Sales_Rep,51,Female,B,,CUST-9403
Amira El-Sayed,Engineer,38,Female,B,Land,CUST-9404
Ahmed Adel,Accountant,59,Male,B,Land,CUST-9405
Mohamed Ghanem,Teacher,56,Male,B,,CUST-9406
Layla Saied,Accountant,50,Male,C,Vehicle,CUST-9407
Bassem Reda,Sales_Rep,21,Female,C,Land,CUST-9408
Mohamed Abdel-Aziz,Technician,46,Female,B,Vehicle,CUST-9409
Ibrahim Zaki,Doctor,62,Female,C,Vehicle,CUST-9410
,Freelancer,28,Female,C,Land,CUST-9411
Layla Nabil,Teacher,36,Male,B,Vehicle,CUST-9412
Dina Mansour,Teacher,61,Male,B,Land,CUST-9413
Hoda Adel,Engineer,40,Male,B,Land,CUST-9414
Dina Abdel-Aziz,Freelancer,31,Male,A,,CUST-9415
Hassan Mahmoud,Technician,50,Male,B,,CUST-9416
Mona Zaki,Technician,43,Female,D,Land,CUST-9417
Hamdy Hassan,Sales_Rep,37,Male,A,Vehicle,CUST-9418
Nabil Nabil,Freelancer,64,Female,B,,CUST-9419
Sherif Ghanem,Engineer,38,Male,A,,CUST-9420
Salma Mansour,Teacher,63,Female,D,Vehicle,CUST-9421
Mohamed Saied,Engineer,64,Male,A,Vehicle,CUST-9422
Mohamed Adel,Engineer,41,Female,B,Land,CUST-9423
Zaki Hassan,Sales_Rep,59,Male,C,,CUST-9424
Tarek Adel,Technician,65,Female,D,Vehicle,CUST-9425
Mona Adel,Freelancer,52,Male,C,Vehicle,CUST-9426
Ibrahim Hassan,Doctor,50,Female,B,Vehicle,CUST-9427
Mona Reda,Freelancer,62,Male,B,Land,CUST-9428
Omar Zaki,Freelancer,22,Male,B,Vehicle,CUST-9429
Hassan Saied,Sales_Rep,39,Male,B,,CUST-9430
Fatma Ibrahim,Accountant,43,Male,D,Vehicle,CUST-9431
Ibrahim Mahmoud,Doctor,39,Female,A,Vehicle,CUST-9432
Zaki Zaki,Doctor,37,Female,B,,CUST-9433
Omar Amr,Doctor,27,Female,B,Vehicle,CUST-9434
Salma Mansour,Sales_Rep,24,Female,D,Land,CUST-9435
Hoda Mahmoud,Engineer,65,Female,B,Land,CUST-9436
Mona Adel,Accountant,59,Female,A,Vehicle,CUST-9437
Layla Ghanem,Accountant,22,Male,D,Vehicle,CUST-9438
,Doctor,23,Female,A,,CUST-9439
Sara Hassan,Accountant,51,Female,A,Vehicle,CUST-9440
Mohamed Reda,Doctor,56,Male,A,Vehicle,CUST-9441
Heba Zaki,Technician,64,Male,D,Land,CUST-9442
Heba Zaki,Doctor,34,Female,A,Vehicle,CUST-9443
Hassan Reda,Sales_Rep,35,Female,D,,CUST-9444
Mona Saied,Teacher,48,Male,A,,CUST-9445
Layla Ghanem,Doctor,52,Female,A,Vehicle,CUST-9446
Nabil Fawzy,Doctor,61,Female,C,Land,CUST-9447
Mahmoud Hamdy,Sales_Rep,30,Female,A,Land,CUST-9448
Tarek Reda,Freelancer,25,Male,D,Vehicle,CUST-9449
Ibrahim Ghanem,Engineer,52,Female,C,Land,CUST-9450
Omar Amr,Freelancer,50,Female,A,,CUST-9451
Ibrahim Mansour,Teacher,60,Male,A,Land,CUST-9452
Ibrahim Abdel-Aziz,Engineer,51,Female,A,,CUST-9453
Nabil Hamdy,Sales_Rep,31,Male,D,Land,CUST-9454
Bassem Kamel,Doctor,42,Male,D,Vehicle,CUST-9455
Mostafa Abdel-Aziz,Teacher,60,Male,C,Vehicle,CUST-9456
Amira Nabil,Technician,43,Female,A,Vehicle,CUST-9457
Layla Ibrahim,Sales_Rep,25,Female,A,Vehicle,CUST-9458
Nabil Ibrahim,Doctor,65,Female,B,Land,CUST-9459
Salma Hassan,Teacher,36,Male,A,,CUST-9460
Ahmed Amr,Teacher,44,Female,B,Land,CUST-9461
Layla Kamel,Engineer,22,Male,C,Land,CUST-9462
Heba Fawzy,Engineer,49,Female,B,,CUST-9463
,Sales_Rep,56,Male,B,Land,CUST-9464
Nabil Amr,Freelancer,45,Male,D,Vehicle,CUST-9465
Hamdy Reda,Engineer,26,Male,C,Land,CUST-9466
Sara Mahmoud,Freelancer,49,Male,C,,CUST-9467
Bassem Adel,Accountant,50,Male,B,,CUST-9468
Hoda Nabil,Accountant,56,Female,C,Vehicle,CUST-9469
Layla Ibrahim,Doctor,43,Female,B,Vehicle,CUST-9470
Ahmed Hassan,Sales_Rep,61,Male,A,Land,CUST-9471
Mahmoud Adel,Freelancer,61,Female,B,Vehicle,CUST-9472
Zaki Kamel,Doctor,51,Male,B,,CUST-9473
Heba El-Sayed,Doctor,34,Female,C,,CUST-9474
Heba Mahmoud,Technician,47,Female,B,,CUST-9475
Sherif Fawzy,Teacher,46,Male,B,,CUST-9476
Heba Zaki,Teacher,52,Male,A,,CUST-9477
Nabil Hamdy,Engineer,34,Female,C,Land,CUST-9478
Wael Amr,Engineer,42,Male,B,Vehicle,CUST-9479
Nabil Ghanem,Accountant,41,Female,A,,CUST-9480
Hamdy Fawzy,Doctor,40,Male,D,,CUST-9481
Tarek Amr,Engineer,31,Female,D,Land,CUST-9482
Khaled El-Sayed,Technician,56,Male,C,Land,CUST-9483
Hassan Mansour,Accountant,58,Male,A,,CUST-9484
Ibrahim Fawzy,Accountant,48,Male,A,Land,CUST-9485
Sara Nabil,Technician,22,Male,A,,CUST-9486
Hamdy Hamdy,Technician,35,Male,A,,CUST-9487
Sara El-Sayed,Doctor,58,Male,B,,CUST-9488
Hoda Ibrahim,Teacher,54,Female,C,Land,CUST-9489
Ahmed Abdel-Aziz,Doctor,21,Male,A,Vehicle,CUST-9490
Mostafa Mansour,Technician,21,Male,C,Vehicle,CUST-9491
Khaled Mansour,Doctor,31,Female,D,,CUST-9492
Heba Nabil,Accountant,48,Female,A,Land,CUST-9493
Tarek El-Sayed,Accountant,40,Male,A,,CUST-9494
Fatma Adel,Engineer,58,Male,A,Vehicle,CUST-9495
Amira Amr,Doctor,45,Male,B,Land,CUST-9496
Amira Kamel,Technician,35,Female,B,Land,CUST-9497
Dina Adel,Sales_Rep,28,Male,A,,CUST-9498
Mahmoud Kamel,Engineer,65,Female,C,,CUST-9499
,Freelancer,34,Male,B,,CUST-9500
Mostafa Mahmoud,Doctor,52,Male,D,Land,CUST-9501
Dina Hassan,Technician,61,Male,A,,CUST-9502
Zaki Kamel,Accountant,56,Female,A,Vehicle,CUST-9503
Zaki Kamel,Sales_Rep,24,Female,A,,CUST-9504
Hamdy Ibrahim,Engineer,28,Male,A,Land,CUST-9505
Omar Mansour,Doctor,62,Female,A,Land,CUST-9506
Ibrahim Zaki,Technician,63,Female,C,,CUST-9507
Sara Mahmoud,Technician,28,Female,C,,CUST-9508
Sara Nabil,Accountant,39,Female,B,Vehicle,CUST-9509
Mohamed Hamdy,Accountant,39,Female,C,Vehicle,CUST-9510
Layla Ibrahim,Sales_Rep,29,Female,A,,CUST-9511
Dina Ghanem,Engineer,24,Male,D,,CUST-9512
Sherif Hassan,Technician,40,Male,A,Land,CUST-9513
,Sales_Rep,63,Male,B,,CUST-9514
Amira Hamdy,Engineer,33,Female,B,Land,CUST-9515
Ahmed Zaki,Accountant,45,Male,A,Land,CUST-9516
Layla Reda,Engineer,65,Male,C,Vehicle,CUST-9517
Karim Mahmoud,Technician,48,Male,C,,CUST-9518
Amira Abdel-Aziz,Accountant,59,Female,B,,CUST-9519
Hoda Adel,Doctor,27,Female,D,,CUST-9520
Fatma Zaki,Accountant,21,Female,C,Land,CUST-9521
Ahmed Hassan,Sales_Rep,51,Female,D,Vehicle,CUST-9522
Ibrahim Hamdy,Engineer,27,Male,B,Land,CUST-9523
Wael Amr,Sales_Rep,58,Male,B,Land,CUST-9524
Tarek Adel,Doctor,59,Male,C,Land,CUST-9525
Fatma Abdel-Aziz,Technician,48,Male,A,Land,CUST-9526
Wael Adel,Sales_Rep,59,Female,D,,CUST-9527
Karim Ghanem,Sales_Rep,36,Male,B,Vehicle,CUST-9528
Tarek Amr,Engineer,62,Female,D,Vehicle,CUST-9529
Hassan Ibrahim,Engineer,36,Female,B,,CUST-9530
Fatma Nabil,Sales_Rep,58,Female,B,Vehicle,CUST-9531
Khaled Nabil,Freelancer,64,Male,B,Vehicle,CUST-9532
Nabil El-Sayed,Doctor,46,Female,A,Vehicle,CUST-9533
,Technician,56,Female,C,Land,CUST-9534
Amira El-Sayed,Technician,51,Female,B,Vehicle,CUST-9535
Bassem Nabil,Doctor,30,Female,C,Land,CUST-9536
Ahmed Abdel-Aziz,Doctor,49,Female,C,Land,CUST-9537
Sara Kamel,Teacher,63,Female,C,,CUST-9538
Salma Mahmoud,Technician,56,Male,A,Vehicle,CUST-9539
Mona Adel,Accountant,45,Male,C,,CUST-9540
Omar Saied,Technician,34,Female,D,,CUST-9541
Tarek Ghanem,Sales_Rep,21,Female,A,,CUST-9542
Hassan Abdel-Aziz,Teacher,59,Female,C,Vehicle,CUST-9543
Layla Amr,Engineer,28,Female,A,Land,CUST-9544
Hoda Abdel-Aziz,Accountant,29,Female,C,,CUST-9545
Layla Hamdy,Teacher,32,Male,B,Land,CUST-9546
Zaki Reda,Doctor,59,Female,A,Land,CUST-9547
Khaled Amr,Teacher,23,Male,A,,CUST-9548
,Teacher,43,Female,D,,CUST-9549
Fatma Abdel-Aziz,Sales_Rep,56,Male,C,Land,CUST-9550
,Teacher,37,Male,B,Land,CUST-9551
Fatma Zaki,Technician,31,Female,B,Vehicle,CUST-9552
Sara Adel,Freelancer,36,Female,D,,CUST-9553
Bassem Saied,Technician,23,Male,A,Land,CUST-9554
Nabil Mahmoud,Accountant,23,Male,B,Land,CUST-9555
Wael Abdel-Aziz,Technician,57,Male,C,Vehicle,CUST-9556
Ahmed Hassan,Sales_Rep,57,Female,A,,CUST-9557
Salma Fawzy,Accountant,30,Male,C,Land,CUST-9558
Omar Reda,Teacher,38,Male,C,Vehicle,CUST-9559
Tarek Amr,Freelancer,56,Female,C,Vehicle,CUST-9560
Zaki Abdel-Aziz,Freelancer,21,Female,C,,CUST-9561
Zaki Kamel,Freelancer,55,Male,C,Vehicle,CUST-9562
Mona Hamdy,Teacher,23,Male,D,,CUST-9563
Mona Mansour,Teacher,35,Male,B,Land,CUST-9564
Heba Zaki,Teacher,60,Female,C,,CUST-9565
Sara Nabil,Teacher,32,Male,D,,CUST-9566
Mohamed Mahmoud,Engineer,53,Female,C,Vehicle,CUST-9567
Hamdy Abdel-Aziz,Accountant,55,Male,D,Vehicle,CUST-9568
Hamdy Hamdy,Freelancer,52,Male,B,Vehicle,CUST-9569
Omar Reda,Doctor,47,Male,C,Land,CUST-9570
Hamdy Zaki,Sales_Rep,21,Female,C,Land,CUST-9571
Sara Adel,Accountant,21,Female,A,,CUST-9572
Nabil Ibrahim,Technician,27,Male,A,,CUST-9573
Hamdy Adel,Sales_Rep,57,Male,C,,CUST-9574
Wael El-Sayed,Technician,23,Male,C,,CUST-9575
Bassem Fawzy,Sales_Rep,27,Female,A,Vehicle,CUST-9576
Mahmoud Mansour,Engineer,54,Male,B,Land,CUST-9577
Mohamed Zaki,Teacher,45,Male,D,,CUST-9578
Karim Hassan,Technician,50,Female,D,Land,CUST-9579
Sara Hamdy,Teacher,27,Male,A,,CUST-9580
Khaled Zaki,Technician,61,Female,D,,CUST-9581
Fatma Fawzy,Engineer,45,Female,D,Vehicle,CUST-9582
Tarek Ghanem,Doctor,65,Female,C,Land,CUST-9583
Karim El-Sayed,Doctor,38,Female,B,Vehicle,CUST-9584
Tarek Abdel-Aziz,Accountant,31,Male,D,Land,CUST-9585
Ahmed Zaki,Freelancer,59,Male,B,Land,CUST-9586
Khaled Kamel,Teacher,59,Male,C,,CUST-9587
Mona Abdel-Aziz,Accountant,29,Male,B,Vehicle,CUST-9588
Sara Fawzy,Teacher,34,Female,A,Land,CUST-9589
Layla El-Sayed,Accountant,35,Female,D,Vehicle,CUST-9590
Fatma Abdel-Aziz,Technician,46,Female,D,Vehicle,CUST-9591
Amira El-Sayed,Doctor,58,Male,B,,CUST-9592
Layla El-Sayed,Technician,49,Male,D,,CUST-9593
Heba Hassan,Accountant,45,Male,D,Vehicle,CUST-9594
Amira Ghanem,Engineer,61,Male,A,,CUST-9595
Sherif Hamdy,Doctor,59,Female,A,Vehicle,CUST-9596
Zaki Saied,Engineer,64,Male,B,Land,CUST-9597
Zaki Hassan,Engineer,22,Female,D,,CUST-9598
Omar Zaki,Accountant,30,Male,A,Land,CUST-9599
Tarek Saied,Freelancer,41,Male,A,Vehicle,CUST-9600
Layla Mansour,Teacher,36,Male,D,Land,CUST-9601
Hassan Zaki,Freelancer,31,Female,C,Vehicle,CUST-9602
Nabil Saied,Doctor,22,Male,A,Land,CUST-9603
Bassem Mansour,Freelancer,55,Male,D,Vehicle,CUST-9604
Khaled Nabil,Technician,42,Female,A,,CUST-9605
Dina Hamdy,Accountant,25,Female,C,Land,CUST-9606
Amira Fawzy,Accountant,41,Female,B,Vehicle,CUST-9607
Mahmoud Fawzy,Technician,25,Female,A,Vehicle,CUST-9608
Nabil Zaki,Sales_Rep,31,Male,B,,CUST-9609
Fatma Ibrahim,Accountant,62,Female,A,Vehicle,CUST-9610
Hoda Amr,Engineer,30,Female,C,,CUST-9611
Heba Saied,Sales_Rep,25,Male,A,Land,CUST-9612
Omar Amr,Technician,44,Female,C,Land,CUST-9613
Salma Ghanem,Technician,55,Female,C,Land,CUST-9614
Wael Nabil,Engineer,26,Female,A,Land,CUST-9615
Bassem Abdel-Aziz,Sales_Rep,54,Female,B,Land,CUST-9616
Heba Nabil,Freelancer,32,Male,B,Vehicle,CUST-9617
Heba Ghanem,Teacher,42,Female,D,,CUST-9618
Omar Fawzy,Freelancer,63,Female,B,,CUST-9619
Wael Adel,Freelancer,31,Male,A,Land,CUST-9620
Khaled Ibrahim,Freelancer,29,Female,C,Vehicle,CUST-9621
Tarek Hamdy,Sales_Rep,47,Male,A,Vehicle,CUST-9622
Dina Adel,Freelancer,33,Male,B,Vehicle,CUST-9623
Khaled Kamel,Engineer,65,Female,C,Vehicle,CUST-9624
Khaled Kamel,Sales_Rep,41,Female,C,Vehicle,CUST-9625
Dina Ibrahim,Freelancer,58,Female,A,,CUST-9626
Hoda Adel,Doctor,36,Female,A,,CUST-9627
Nabil El-Sayed,Doctor,50,Female,A,,CUST-9628
Bassem Amr,Teacher,24,Female,D,Vehicle,CUST-9629
Amira Hassan,Technician,36,Male,D,,CUST-9630
Amira Mahmoud,Sales_Rep,26,Male,B,Vehicle,CUST-9631
Nabil Nabil,Technician,49,Female,B,Vehicle,CUST-9632
Mostafa Amr,Engineer,62,Female,D,Vehicle,CUST-9633
Hamdy Ibrahim,Accountant,39,Female,D,,CUST-9634
Bassem Hassan,Technician,23,Male,D,Land,CUST-9635
,Teacher,21,Male,D,Land,CUST-9636
Hassan Saied,Sales_Rep,65,Female,C,,CUST-9637
Fatma Adel,Teacher,41,Male,A,Vehicle,CUST-9638
Ibrahim Ibrahim,Teacher,38,Female,A,,CUST-9639
Mahmoud El-Sayed,Teacher,65,Male,D,,CUST-9640
Tarek El-Sayed,Technician,21,Female,A,Vehicle,CUST-9641
Omar Reda,Engineer,54,Male,C,Land,CUST-9642
Amira Saied,Doctor,34,Female,C,Vehicle,CUST-9643
Tarek Amr,Technician,37,Female,A,,CUST-9644
Amira Mansour,Technician,48,Male,D,Vehicle,CUST-9645
Hamdy Saied,Sales_Rep,62,Male,A,Vehicle,CUST-9646
Sara El-Sayed,Freelancer,29,Male,A,Vehicle,CUST-9647
Zaki El-Sayed,Technician,39,Female,D,Land,CUST-9648
Wael Abdel-Aziz,Doctor,42,Female,A,Vehicle,CUST-9649
Layla Mahmoud,Sales_Rep,53,Male,B,Vehicle,CUST-9650
Hamdy Ibrahim,Sales_Rep,57,Female,B,,CUST-9651
Khaled Hassan,Sales_Rep,54,Female,A,Land,CUST-9652
Zaki Reda,Sales_Rep,23,Female,B,,CUST-9653
Ibrahim Reda,Doctor,38,Female,D,,CUST-9654
,Freelancer,37,Male,C,Vehicle,CUST-9655
Layla Amr,Teacher,52,Female,D,Vehicle,CUST-9656
Khaled Amr,Engineer,52,Female,B,Land,CUST-9657
Bassem Ibrahim,Technician,52,Male,B,Land,CUST-9658
Karim Fawzy,Sales_Rep,65,Female,B,,CUST-9659
Khaled Kamel,Freelancer,59,Male,A,Land,CUST-9660
Sherif Abdel-Aziz,Technician,23,Male,C,Land,CUST-9661
Bassem Hassan,Engineer,47,Male,D,Land,CUST-9662
Amira Zaki,Accountant,21,Female,C,,CUST-9663
Mohamed Ibrahim,Freelancer,46,Male,D,Vehicle,CUST-9664
Mahmoud Hassan,Freelancer,32,Female,C,,CUST-9665
Hoda Nabil,Sales_Rep,21,Male,B,Vehicle,CUST-9666
Hassan Saied,Engineer,34,Female,C,,CUST-9667
Nabil Hamdy,Doctor,58,Male,C,Land,CUST-9668
Ahmed Reda,Freelancer,24,Female,B,Land,CUST-9669
Nabil Mansour,Engineer,35,Female,C,,CUST-9670
Wael Fawzy,Accountant,28,Male,A,,CUST-9671
Salma Mahmoud,Technician,52,Male,C,Land,CUST-9672
Sherif Mansour,Doctor,42,Male,D,,CUST-9673
Ahmed Adel,Accountant,36,Female,C,Vehicle,CUST-9674
Khaled Mahmoud,Freelancer,29,Male,C,Vehicle,CUST-9675
Dina Adel,Sales_Rep,52,Female,A,,CUST-9676
Hassan Amr,Freelancer,38,Female,C,,CUST-9677
Omar Zaki,Accountant,32,Female,A,,CUST-9678
Nabil Reda,Sales_Rep,41,Female,B,Land,CUST-9679
Ahmed Fawzy,Technician,27,Female,C,Land,CUST-9680
Sara Mansour,Freelancer,38,Female,B,,CUST-9681
Karim Zaki,Doctor,63,Male,D,Land,CUST-9682
Bassem Zaki,Engineer,48,Female,A,Land,CUST-9683
Mohamed Ibrahim,Sales_Rep,55,Female,C,Land,CUST-9684
Amira Ibrahim,Teacher,32,Male,B,Land,CUST-9685
Ibrahim El-Sayed,Technician,65,Female,D,,CUST-9686
Wael Mahmoud,Teacher,48,Male,B,Land,CUST-9687
Mostafa Fawzy,Doctor,62,Male,D,,CUST-9688
Heba Kamel,Doctor,28,Male,D,Land,CUST-9689
Hoda Kamel,Sales_Rep,56,Male,D,Land,CUST-9690
Hamdy Amr,Technician,21,Female,D,,CUST-9691
Omar Ibrahim,Doctor,25,Male,A,,CUST-9692
Hamdy Abdel-Aziz,Doctor,27,Male,A,,CUST-9693
Hassan Zaki,Teacher,65,Female,A,Land,CUST-9694
Layla El-Sayed,Doctor,26,Female,D,,CUST-9695
Amira Reda,Teacher,43,Female,C,Vehicle,CUST-9696
Ahmed Hamdy,Technician,64,Female,A,,CUST-9697
Ibrahim Hamdy,Doctor,54,Female,B,,CUST-9698
Sherif Fawzy,Sales_Rep,37,Female,D,Vehicle,CUST-9699
Mohamed Ghanem,Sales_Rep,53,Female,B,Land,CUST-9700
Layla Amr,Doctor,54,Male,D,,CUST-9701
Sara Ghanem,Sales_Rep,62,Female,B,Land,CUST-9702
Ahmed Hassan,Teacher,26,Male,C,Vehicle,CUST-9703
Karim Ghanem,Doctor,40,Female,C,Vehicle,CUST-9704
Mohamed Kamel,Accountant,32,Female,B,Vehicle,CUST-9705
Mostafa Abdel-Aziz,Engineer,25,Female,D,,CUST-9706
Zaki Adel,Teacher,23,Female,C,Land,CUST-9707
Mohamed Kamel,Teacher,45,Female,A,,CUST-9708
Omar Mahmoud,Engineer,54,Female,A,Land,CUST-9709
Ahmed Zaki,Sales_Rep,44,Male,D,,CUST-9710
,Accountant,57,Male,C,Land,CUST-9711
Wael Ghanem,Doctor,28,Male,D,Vehicle,CUST-9712
Tarek Reda,Doctor,51,Female,A,Vehicle,CUST-9713
Zaki Hamdy,Freelancer,21,Male,A,,CUST-9714
Omar Abdel-Aziz,Freelancer,61,Male,D,Vehicle,CUST-9715
Karim Adel,Freelancer,49,Male,B,,CUST-9716
Mostafa Zaki,Technician,60,Male,D,Vehicle,CUST-9717
Bassem Mahmoud,Technician,46,Female,C,Vehicle,CUST-9718
Omar Nabil,Sales_Rep,26,Female,A,Land,CUST-9719
Wael Adel,Accountant,51,Female,D,Vehicle,CUST-9720
Hassan Saied,Accountant,24,Male,D,Vehicle,CUST-9721
Tarek Zaki,Engineer,51,Female,A,,CUST-9722
Omar Zaki,Technician,32,Female,C,,CUST-9723
Salma Abdel-Aziz,Sales_Rep,65,Male,C,Land,CUST-9724
Ibrahim Ibrahim,Engineer,25,Female,D,Vehicle,CUST-9725
Karim Hassan,Sales_Rep,32,Male,C,Vehicle,CUST-9726
Mona Hamdy,Teacher,61,Male,B,,CUST-9727
Salma Ghanem,Accountant,47,Male,C,Land,CUST-9728
Hassan El-Sayed,Freelancer,47,Female,B,Vehicle,CUST-9729
Sara Hassan,Freelancer,29,Male,C,,CUST-9730
Hassan Abdel-Aziz,Engineer,33,Female,D,,CUST-9731
Mona Abdel-Aziz,Doctor,53,Male,D,Vehicle,CUST-9732
Karim Zaki,Sales_Rep,62,Male,D,,CUST-9733
Salma Mansour,Teacher,49,Male,D,,CUST-9734
Ahmed Fawzy,Sales_Rep,59,Female,B,,CUST-9735
Fatma Hamdy,Teacher,61,Female,A,Vehicle,CUST-9736
Mostafa Amr,Engineer,40,Female,A,,CUST-9737
Amira Zaki,Engineer,62,Female,D,,CUST-9738
Bassem Hassan,Teacher,46,Male,C,,CUST-9739
Layla Ibrahim,Technician,27,Female,A,,CUST-9740
Fatma Adel,Sales_Rep,62,Female,B,Land,CUST-9741
Ibrahim Abdel-Aziz,Accountant,23,Female,C,Vehicle,CUST-9742
Dina Fawzy,Freelancer,26,Male,D,,CUST-9743
Hoda Amr,Engineer,33,Male,B,Land,CUST-9744
Salma Saied,Sales_Rep,38,Male,A,Vehicle,CUST-9745
Hamdy Reda,Teacher,65,Female,A,Land,CUST-9746
Hassan Hassan,Engineer,29,Female,B,Land,CUST-9747
Karim Adel,Accountant,52,Male,D,Vehicle,CUST-9748
Sara Zaki,Sales_Rep,24,Male,C,,CUST-9749
Sara Ghanem,Accountant,33,Female,C,Land,CUST-9750
Mahmoud El-Sayed,Teacher,22,Male,C,Land,CUST-9751
Amira Amr,Teacher,57,Male,A,Land,CUST-9752
Mohamed Hamdy,Engineer,29,Male,A,Land,CUST-9753
Mohamed Abdel-Aziz,Accountant,23,Male,B,Vehicle,CUST-9754
Khaled Zaki,Freelancer,43,Male,B,,CUST-9755
Amira Abdel-Aziz,Sales_Rep,43,Male,D,Land,CUST-9756
Omar Hassan,Technician,43,Female,C,,CUST-9757
Salma Mansour,Technician,26,Female,A,Vehicle,CUST-9758
Khaled Amr,Engineer,35,Male,D,,CUST-9759
Heba Saied,Doctor,65,Female,B,Vehicle,CUST-9760
Khaled Hassan,Technician,64,Male,D,Land,CUST-9761
Mona El-Sayed,Sales_Rep,28,Female,D,Vehicle,CUST-9762
,Doctor,27,Male,D,Vehicle,CUST-9763
Wael Fawzy,Accountant,63,Male,A,,CUST-9764
Khaled El-Sayed,Teacher,56,Female,C,,CUST-9765
,Engineer,64,Female,B,Land,CUST-9766
Layla Hamdy,Doctor,32,Male,C,Land,CUST-9767
Fatma Kamel,Technician,34,Male,D,Land,CUST-9768
Mohamed Hamdy,Freelancer,45,Female,C,Vehicle,CUST-9769
Nabil Hamdy,Engineer,33,Male,B,,CUST-9770
Mostafa Ibrahim,Accountant,31,Male,D,Land,CUST-9771
Dina Mansour,Teacher,54,Male,D,Land,CUST-9772
Hoda Mansour,Engineer,28,Female,D,Vehicle,CUST-9773
Ahmed Ibrahim,Sales_Rep,41,Male,B,,CUST-9774
Heba Mansour,Teacher,26,Female,D,,CUST-9775
Layla Ibrahim,Doctor,59,Male,B,Land,CUST-9776
Ahmed Reda,Freelancer,24,Male,B,Land,CUST-9777
,Engineer,46,Female,B,Land,CUST-9778
Mahmoud Reda,Teacher,58,Female,C,,CUST-9779
Layla Nabil,Engineer,24,Male,B,Land,CUST-9780
Hoda Fawzy,Teacher,63,Female,A,Land,CUST-9781
Ahmed Abdel-Aziz,Doctor,49,Male,A,,CUST-9782
Nabil Saied,Accountant,44,Male,D,Vehicle,CUST-9783
Karim Reda,Doctor,34,Male,C,,CUST-9784
Sherif El-Sayed,Freelancer,22,Male,B,Land,CUST-9785
Sherif Fawzy,Engineer,25,Male,C,Land,CUST-9786
Mostafa Ghanem,Engineer,39,Female,B,Vehicle,CUST-9787
Nabil Hassan,Sales_Rep,25,Female,D,Land,CUST-9788
Sara Fawzy,Engineer,33,Male,A,Vehicle,CUST-9789
Sara Kamel,Sales_Rep,51,Female,C,,CUST-9790
Amira Ibrahim,Freelancer,37,Male,B,,CUST-9791
Karim Hassan,Engineer,51,Male,B,Vehicle,CUST-9792
Karim El-Sayed,Doctor,65,Male,B,Vehicle,CUST-9793
Bassem Adel,Doctor,39,Female,D,Vehicle,CUST-9794
,Engineer,36,Male,A,Land,CUST-9795
Hamdy Amr,Freelancer,29,Female,A,Vehicle,CUST-9796
Ibrahim Nabil,Engineer,26,Female,D,Vehicle,CUST-9797
Heba Zaki,Doctor,54,Female,A,,CUST-9798
Tarek Saied,Engineer,25,Male,C,Vehicle,CUST-9799
Fatma Reda,Engineer,57,Male,A,Vehicle,CUST-9800
Karim Adel,Sales_Rep,39,Male,D,,CUST-9801
Fatma Fawzy,Teacher,43,Male,B,,CUST-9802
Wael Amr,Sales_Rep,37,Male,D,Vehicle,CUST-9803
Karim Nabil,Freelancer,25,Female,C,Vehicle,CUST-9804
Mona Mahmoud,Accountant,35,Male,C,Vehicle,CUST-9805
Sara El-Sayed,Engineer,25,Female,B,Vehicle,CUST-9806
Ibrahim Saied,Accountant,60,Female,A,,CUST-9807
Ibrahim Fawzy,Doctor,32,Female,C,Vehicle,CUST-9808
Mona Nabil,Accountant,32,Female,A,Vehicle,CUST-9809
Mona Kamel,Technician,56,Male,A,Vehicle,CUST-9810
Zaki Hamdy,Engineer,65,Male,C,Vehicle,CUST-9811
Nabil El-Sayed,Engineer,42,Female,C,,CUST-9812
Zaki Nabil,Freelancer,39,Female,A,Vehicle,CUST-9813
Nabil El-Sayed,Accountant,65,Male,A,,CUST-9814
Mahmoud Mansour,Accountant,64,Female,D,Land,CUST-9815
Salma Ghanem,Doctor,44,Male,C,,CUST-9816
Salma Fawzy,Teacher,60,Male,A,Vehicle,CUST-9817
Dina Ghanem,Freelancer,27,Female,C,Land,CUST-9818
Amira Abdel-Aziz,Doctor,46,Male,D,Land,CUST-9819
Fatma Mahmoud,Freelancer,27,Female,B,Land,CUST-9820
Mostafa Hamdy,Doctor,62,Female,D,,CUST-9821
Layla Mansour,Doctor,39,Male,D,Land,CUST-9822
Nabil Hamdy,Teacher,65,Male,D,Land,CUST-9823
Ahmed Zaki,Sales_Rep,62,Female,C,Vehicle,CUST-9824
Mostafa Mansour,Doctor,64,Male,C,Vehicle,CUST-9825
Ibrahim Amr,Engineer,63,Female,D,Land,CUST-9826
Mostafa Reda,Accountant,57,Male,B,,CUST-9827
Fatma Reda,Accountant,34,Female,D,,CUST-9828
Omar Amr,Doctor,60,Male,D,Land,CUST-9829
Zaki Abdel-Aziz,Sales_Rep,28,Male,B,,CUST-9830
Tarek Kamel,Technician,25,Male,B,Vehicle,CUST-9831
Mohamed Reda,Teacher,61,Female,B,Vehicle,CUST-9832
Mohamed Adel,Teacher,37,Male,C,Vehicle,CUST-9833
Karim Hamdy,Freelancer,21,Female,C,,CUST-9834
Mostafa Mahmoud,Sales_Rep,28,Female,D,Vehicle,CUST-9835
Karim Mansour,Sales_Rep,53,Female,B,Vehicle,CUST-9836
Hassan Adel,Engineer,53,Male,B,Land,CUST-9837
Khaled Ghanem,Doctor,33,Female,A,,CUST-9838
Sara Ghanem,Teacher,21,Female,D,Land,CUST-9839
Hamdy Abdel-Aziz,Teacher,35,Female,D,Vehicle,CUST-9840
Zaki Hamdy,Doctor,46,Female,C,,CUST-9841
Khaled Mahmoud,Engineer,52,Male,B,Vehicle,CUST-9842
Karim El-Sayed,Engineer,31,Male,A,Vehicle,CUST-9843
Hassan Amr,Accountant,39,Male,A,Land,CUST-9844
Tarek Reda,Engineer,60,Female,B,,CUST-9845
Salma Abdel-Aziz,Engineer,52,Female,A,,CUST-9846
Omar Adel,Engineer,27,Female,C,Land,CUST-9847
Salma Abdel-Aziz,Engineer,48,Male,D,Vehicle,CUST-9848
Zaki Ghanem,Technician,44,Male,B,Land,CUST-9849
Khaled Saied,Freelancer,63,Female,D,,CUST-9850
Hoda Mansour,Technician,57,Male,B,,CUST-9851
Hassan Nabil,Engineer,33,Female,C,Land,CUST-9852
Mostafa Reda,Accountant,32,Female,D,,CUST-9853
Mohamed Fawzy,Accountant,36,Female,A,Land,CUST-9854
Tarek Ibrahim,Doctor,30,Female,A,Vehicle,CUST-9855
Omar Zaki,Sales_Rep,33,Female,D,,CUST-9856
Dina Abdel-Aziz,Freelancer,22,Female,C,Land,CUST-9857
Nabil Ibrahim,Technician,28,Male,D,Vehicle,CUST-9858
Heba Mahmoud,Teacher,39,Female,A,Vehicle,CUST-9859
Omar Nabil,Technician,39,Female,D,Land,CUST-9860
Amira El-Sayed,Engineer,57,Male,D,Vehicle,CUST-9861
Hoda Zaki,Doctor,22,Female,D,,CUST-9862
Amira Ibrahim,Accountant,49,Female,B,Vehicle,CUST-9863
Wael Ghanem,Freelancer,34,Female,D,,CUST-9864
Karim Mansour,Technician,55,Male,A,,CUST-9865
Tarek Nabil,Freelancer,33,Female,B,,CUST-9866
Salma Saied,Freelancer,40,Male,B,Vehicle,CUST-9867
,Freelancer,56,Male,B,,CUST-9868
Karim Mansour,Freelancer,52,Male,B,Land,CUST-9869
Ibrahim Ibrahim,Technician,27,Male,C,Land,CUST-9870
Layla Amr,Sales_Rep,65,Male,A,Vehicle,CUST-9871
Dina Hamdy,Teacher,24,Female,B,Vehicle,CUST-9872
Dina Abdel-Aziz,Sales_Rep,56,Male,C,,CUST-9873
Mona Ghanem,Teacher,31,Female,C,Vehicle,CUST-9874
Hoda Abdel-Aziz,Sales_Rep,55,Female,C,Land,CUST-9875
Ibrahim Kamel,Accountant,28,Female,A,Land,CUST-9876
Heba Kamel,Accountant,63,Male,D,,CUST-9877
Fatma Fawzy,Freelancer,34,Male,A,Land,CUST-9878
Amira Abdel-Aziz,Freelancer,31,Male,B,,CUST-9879
Wael Saied,Technician,59,Female,D,,CUST-9880
Hamdy Ibrahim,Technician,65,Male,B,Vehicle,CUST-9881
Fatma Ibrahim,Engineer,47,Male,A,Land,CUST-9882
Amira Ibrahim,Freelancer,23,Male,D,Land,CUST-9883
Ibrahim Saied,Accountant,39,Female,B,Vehicle,CUST-9884
Nabil El-Sayed,Sales_Rep,28,Female,C,Land,CUST-9885
Hamdy Ghanem,Technician,29,Female,D,,CUST-9886
Omar El-Sayed,Freelancer,50,Male,C,Land,CUST-9887
Heba Saied,Engineer,43,Female,D,,CUST-9888
Zaki Reda,Freelancer,42,Female,A,,CUST-9889
Amira Fawzy,Sales_Rep,54,Female,C,Land,CUST-9890
Heba Reda,Engineer,39,Female,B,Vehicle,CUST-9891
Mohamed Amr,Engineer,40,Male,D,Land,CUST-9892
Hamdy Mansour,Technician,30,Female,A,,CUST-9893
,Teacher,45,Male,D,,CUST-9894
Heba Hamdy,Engineer,62,Female,A,Vehicle,CUST-9895
Hassan Zaki,Technician,59,Male,A,Vehicle,CUST-9896
Omar Saied,Sales_Rep,26,Male,D,Land,CUST-9897
Ibrahim Saied,Accountant,23,Female,D,Vehicle,CUST-9898
Salma Reda,Teacher,55,Female,C,,CUST-9899
Khaled Abdel-Aziz,Doctor,54,Female,B,Vehicle,CUST-9900
Salma Hassan,Sales_Rep,26,Male,D,,CUST-9901
Fatma Hassan,Freelancer,47,Female,D,Land,CUST-9902
Karim Mahmoud,Technician,56,Male,D,,CUST-9903
Fatma Mahmoud,Sales_Rep,56,Female,B,,CUST-9904
Tarek Adel,Freelancer,63,Male,B,Land,CUST-9905
Karim Hassan,Sales_Rep,51,Female,A,Land,CUST-9906
Mostafa El-Sayed,Freelancer,54,Female,A,,CUST-9907
Bassem Kamel,Doctor,56,Male,C,Land,CUST-9908
Sherif Nabil,Teacher,51,Male,B,Land,CUST-9909
Mona Zaki,Doctor,41,Male,A,Land,CUST-9910
Omar Hassan,Freelancer,62,Male,A,Land,CUST-9911
Bassem Zaki,Sales_Rep,25,Female,C,,CUST-9912
Hassan Nabil,Doctor,35,Female,C,,CUST-9913
Tarek Zaki,Technician,41,Male,C,,CUST-9914
Omar Zaki,Teacher,52,Female,D,,CUST-9915
Khaled Hamdy,Teacher,53,Male,C,Vehicle,CUST-9916
Dina Hassan,Teacher,44,Female,A,Vehicle,CUST-9917
Karim Adel,Doctor,48,Male,D,Vehicle,CUST-9918
Hoda Zaki,Teacher,41,Male,A,,CUST-9919
Ibrahim Nabil,Teacher,63,Male,A,,CUST-9920
Omar El-Sayed,Freelancer,61,Female,D,Land,CUST-9921
Karim Ibrahim,Teacher,44,Female,C,Vehicle,CUST-9922
Hamdy Ghanem,Sales_Rep,26,Male,A,,CUST-9923
Mahmoud Reda,Technician,28,Female,A,Vehicle,CUST-9924
Ibrahim Mansour,Freelancer,37,Female,D,,CUST-9925
Sherif El-Sayed,Doctor,27,Male,D,Land,CUST-9926
Zaki Hamdy,Doctor,27,Male,C,Vehicle,CUST-9927
Hassan Abdel-Aziz,Doctor,60,Female,C,Land,CUST-9928
Tarek Hassan,Doctor,63,Male,D,Land,CUST-9929
Omar Kamel,Engineer,45,Male,A,Land,CUST-9930
Zaki Amr,Accountant,48,Female,B,Land,CUST-9931
Mahmoud Zaki,Doctor,57,Female,A,,CUST-9932
Hassan Mahmoud,Sales_Rep,35,Female,B,Land,CUST-9933
Nabil Saied,Sales_Rep,54,Male,D,,CUST-9934
Khaled Zaki,Engineer,22,Male,D,,CUST-9935
Hassan Abdel-Aziz,Accountant,61,Male,A,,CUST-9936
Ahmed Adel,Freelancer,42,Female,D,Land,CUST-9937
Hassan Amr,Doctor,65,Female,C,Land,CUST-9938
Ahmed Kamel,Engineer,51,Female,A,Vehicle,CUST-9939
Mona El-Sayed,Sales_Rep,50,Female,D,Vehicle,CUST-9940
Hassan El-Sayed,Technician,40,Male,D,Land,CUST-9941
Nabil Hassan,Freelancer,61,Female,B,Vehicle,CUST-9942
Mohamed Abdel-Aziz,Doctor,45,Female,B,Vehicle,CUST-9943
Mohamed Hassan,Engineer,59,Male,D,Land,CUST-9944
Heba Mansour,Engineer,28,Male,A,,CUST-9945
Heba Mahmoud,Technician,45,Female,A,Land,CUST-9946
Karim Ghanem,Doctor,21,Female,D,,CUST-9947
Mohamed El-Sayed,Technician,56,Male,C,,CUST-9948
Khaled Nabil,Teacher,26,Male,C,,CUST-9949
Zaki Ibrahim,Technician,21,Female,A,Land,CUST-9950
Sara Nabil,Accountant,37,Male,C,Land,CUST-9951
Hoda El-Sayed,Teacher,46,Female,B,Vehicle,CUST-9952
Hassan Fawzy,Engineer,42,Female,B,Vehicle,CUST-9953
Wael Zaki,Teacher,33,Female,A,,CUST-9954
Nabil Reda,Doctor,27,Male,D,Vehicle,CUST-9955
Dina Fawzy,Doctor,29,Female,D,Vehicle,CUST-9956
Mahmoud Ghanem,Engineer,63,Female,C,Vehicle,CUST-9957
Dina Adel,Doctor,23,Male,B,Land,CUST-9958
Sara Nabil,Teacher,54,Male,C,Land,CUST-9959
Dina Amr,Accountant,63,Male,B,Land,CUST-9960
Mostafa Fawzy,Freelancer,46,Female,B,Vehicle,CUST-9961
Nabil Hamdy,Doctor,48,Male,D,,CUST-9962
Mohamed Fawzy,Doctor,47,Male,B,Land,CUST-9963
Bassem Adel,Sales_Rep,42,Female,B,Land,CUST-9964
Ibrahim Amr,Accountant,45,Female,D,,CUST-9965
Dina Adel,Sales_Rep,34,Male,C,,CUST-9966
Amira Hamdy,Engineer,63,Female,C,Vehicle,CUST-9967
Dina Saied,Sales_Rep,41,Male,C,Land,CUST-9968
Ibrahim Zaki,Sales_Rep,42,Female,D,,CUST-9969
Hassan Fawzy,Accountant,32,Female,C,,CUST-9970
Dina Abdel-Aziz,Engineer,53,Male,C,Land,CUST-9971
Ibrahim Ghanem,Accountant,52,Female,B,Land,CUST-9972
Ibrahim Nabil,Freelancer,24,Female,D,,CUST-9973
Bassem Nabil,Technician,26,Female,A,Vehicle,CUST-9974
Tarek Hassan,Engineer,38,Male,A,,CUST-9975
Zaki El-Sayed,Doctor,41,Female,C,Vehicle,CUST-9976
Sherif Hamdy,Teacher,34,Male,D,Land,CUST-9977
Sara Mahmoud,Freelancer,31,Female,C,Land,CUST-9978
Hamdy Fawzy,Accountant,59,Male,C,Vehicle,CUST-9979
Mahmoud Amr,Technician,39,Female,B,Vehicle,CUST-9980
,Accountant,48,Female,C,,CUST-9981
Omar Mansour,Technician,36,Male,A,Land,CUST-9982
Wael Saied,Freelancer,42,Male,D,Land,CUST-9983
Omar Mansour,Accountant,45,Female,B,,CUST-9984
Sherif Zaki,Sales_Rep,35,Male,D,Vehicle,CUST-9985
Sara Ghanem,Accountant,54,Male,B,Vehicle,CUST-9986
Karim Kamel,Freelancer,30,Female,D,Land,CUST-9987
Ahmed Kamel,Engineer,59,Female,C,Land,CUST-9988
Zaki Ghanem,Teacher,30,Female,B,Land,CUST-9989
Mostafa El-Sayed,Engineer,50,Female,B,,CUST-9990
Ahmed Fawzy,Teacher,25,Female,B,,CUST-9991
Layla Abdel-Aziz,Doctor,37,Female,A,Land,CUST-9992
,Sales_Rep,57,Female,A,Land,CUST-9993
Ibrahim Nabil,Engineer,55,Male,C,Land,CUST-9994
Hamdy Kamel,Sales_Rep,62,Male,A,Land,CUST-9995
Nabil Mahmoud,Sales_Rep,41,Male,B,Land,CUST-9996
Fatma Amr,Freelancer,27,Male,D,Land,CUST-9997
Omar Abdel-Aziz,Teacher,57,Female,C,,CUST-9998
Dina El-Sayed,Sales_Rep,21,Female,B,,CUST-9999
Karim Mansour,Technician,42,Male,A,Land,CUST-10000
Mahmoud Mansour,Technician,47,Male,D,,CUST-10001
Dina Mahmoud,Teacher,50,Female,A,Vehicle,CUST-10002
Bassem Ibrahim,Teacher,35,Male,B,Land,CUST-10003
Zaki Fawzy,Doctor,58,Male,B,Land,CUST-10004
Khaled Ghanem,Technician,57,Female,B,Land,CUST-10005
Ahmed El-Sayed,Engineer,35,Male,A,,CUST-10006
Layla Abdel-Aziz,Doctor,57,Female,B,Vehicle,CUST-10007
Hoda Reda,Sales_Rep,52,Female,D,,CUST-10008
Tarek Reda,Engineer,28,Male,D,,CUST-10009
,Engineer,41,Male,D,,CUST-10010
Hamdy Nabil,Sales_Rep,21,Female,A,Land,CUST-10011
Zaki Amr,Engineer,55,Female,B,,CUST-10012
Fatma Ghanem,Freelancer,52,Male,B,,CUST-10013
Khaled Adel,Accountant,59,Female,D,Vehicle,CUST-10014
Ahmed El-Sayed,Accountant,38,Male,D,Land,CUST-10015
Mona Amr,Doctor,60,Male,C,Vehicle,CUST-10016
Sara Amr,Freelancer,39,Male,C,,CUST-10017
,Freelancer,63,Male,A,Land,CUST-10018
Mohamed Saied,Technician,35,Male,D,Vehicle,CUST-10019
Zaki Hamdy,Accountant,54,Female,B,Land,CUST-10020
Layla Mansour,Teacher,38,Male,D,Land,CUST-10021
Layla Hamdy,Freelancer,47,Male,D,Land,CUST-10022
Hassan Ghanem,Accountant,64,Female,D,,CUST-10023
Hassan Amr,Sales_Rep,40,Female,C,Vehicle,CUST-10024
Hoda Hassan,Doctor,37,Male,D,,CUST-10025
Khaled Abdel-Aziz,Accountant,54,Male,A,,CUST-10026
Amira Ghanem,Engineer,42,Male,A,,CUST-10027
Heba Ibrahim,Doctor,41,Female,B,,CUST-10028
Sherif Ghanem,Accountant,49,Male,C,Vehicle,CUST-10029
Sara Adel,Teacher,25,Female,A,,CUST-10030
Mohamed Abdel-Aziz,Engineer,38,Male,A,Vehicle,CUST-10031
Ibrahim Adel,Freelancer,43,Female,D,,CUST-10032
Tarek Abdel-Aziz,Accountant,44,Male,A,,CUST-10033
Hamdy Amr,Technician,45,Male,B,,CUST-10034
Layla Amr,Teacher,46,Female,A,Land,CUST-10035
Hamdy El-Sayed,Technician,23,Male,C,Land,CUST-10036
Mahmoud El-Sayed,Freelancer,47,Male,B,,CUST-10037
Tarek Amr,Sales_Rep,47,Female,B,,CUST-10038
Karim Mahmoud,Freelancer,59,Male,C,Vehicle,CUST-10039
Fatma Nabil,Technician,50,Male,B,Vehicle,CUST-10040
Mohamed Mansour,Teacher,65,Male,C,Vehicle,CUST-10041
Hamdy Reda,Doctor,27,Female,B,Land,CUST-10042
Khaled El-Sayed,Sales_Rep,44,Female,B,Land,CUST-10043
Hamdy Ghanem,Accountant,59,Male,D,Vehicle,CUST-10044
Mohamed Reda,Sales_Rep,57,Female,D,Vehicle,CUST-10045
Salma Adel,Freelancer,60,Male,A,,CUST-10046
Salma Amr,Freelancer,55,Female,B,Land,CUST-10047
Mohamed Ghanem,Sales_Rep,49,Male,A,Vehicle,CUST-10048
,Sales_Rep,39,Male,D,,CUST-10049
Hassan Fawzy,Teacher,65,Female,A,Vehicle,CUST-10050
Ahmed Reda,Doctor,63,Female,D,,CUST-10051
Salma Abdel-Aziz,Engineer,52,Female,C,Vehicle,CUST-10052
Mostafa Nabil,Technician,42,Female,C,Land,CUST-10053
Ahmed Kamel,Teacher,36,Male,A,,CUST-10054
Karim El-Sayed,Teacher,45,Male,C,Vehicle,CUST-10055
Nabil El-Sayed,Technician,44,Female,C,,CUST-10056
,Doctor,39,Male,B,Land,CUST-10057
Mostafa Hassan,Engineer,58,Male,A,,CUST-10058
Karim Saied,Freelancer,51,Male,B,Vehicle,CUST-10059
Ahmed Kamel,Sales_Rep,21,Male,A,Land,CUST-10060
Zaki Hamdy,Doctor,43,Female,B,Vehicle,CUST-10061
Mahmoud Ibrahim,Technician,25,Female,B,Vehicle,CUST-10062
Ahmed Hamdy,Teacher,28,Female,D,,CUST-10063
Ibrahim Zaki,Doctor,36,Female,A,Land,CUST-10064
Ahmed Hamdy,Sales_Rep,25,Male,D,Vehicle,CUST-10065
Dina Ghanem,Accountant,48,Female,D,,CUST-10066
Fatma Adel,Engineer,41,Male,D,,CUST-10067
Fatma Hassan,Accountant,47,Female,A,Land,CUST-10068
Layla Ghanem,Accountant,41,Female,C,Vehicle,CUST-10069
Fatma Kamel,Doctor,60,Female,A,Vehicle,CUST-10070
Tarek Fawzy,Freelancer,38,Male,B,Land,CUST-10071
Amira Amr,Sales_Rep,25,Female,A,,CUST-10072
Mahmoud Mahmoud,Engineer,51,Female,A,Vehicle,CUST-10073
Tarek Nabil,Teacher,65,Female,B,,CUST-10074
Hassan Abdel-Aziz,Sales_Rep,45,Female,B,Vehicle,CUST-10075
Sherif Adel,Accountant,58,Female,B,Vehicle,CUST-10076
Zaki Ibrahim,Freelancer,58,Male,B,Land,CUST-10077
Hoda Kamel,Sales_Rep,50,Female,C,Vehicle,CUST-10078
Mahmoud El-Sayed,Teacher,35,Female,B,,CUST-10079
Bassem Amr,Doctor,31,Female,B,Land,CUST-10080
Omar Fawzy,Doctor,45,Male,B,,CUST-10081
Fatma Mahmoud,Technician,57,Male,C,Vehicle,CUST-10082
Sherif Nabil,Sales_Rep,65,Female,C,,CUST-10083
Bassem Nabil,Sales_Rep,65,Male,A,Vehicle,CUST-10084
Bassem Hamdy,Technician,42,Female,D,Vehicle,CUST-10085
Fatma Ghanem,Teacher,63,Female,C,,CUST-10086
Sara Abdel-Aziz,Engineer,29,Male,D,Vehicle,CUST-10087
Salma Adel,Technician,61,Female,B,,CUST-10088
Mona Mansour,Accountant,63,Male,C,Land,CUST-10089
Layla Ibrahim,Teacher,32,Female,C,Vehicle,CUST-10090
Wael Mahmoud,Teacher,27,Female,A,Land,CUST-10091
Dina El-Sayed,Sales_Rep,36,Female,D,Vehicle,CUST-10092
Heba Abdel-Aziz,Sales_Rep,22,Female,A,Land,CUST-10093
Khaled Ibrahim,Engineer,30,Female,B,Land,CUST-10094
Mahmoud Zaki,Doctor,37,Male,C,Vehicle,CUST-10095
Hassan Mahmoud,Technician,65,Male,D,Land,CUST-10096
Khaled Ghanem,Accountant,50,Male,A,Land,CUST-10097
Fatma Abdel-Aziz,Accountant,34,Male,B,Vehicle,CUST-10098
Hoda Ibrahim,Engineer,61,Female,A,Vehicle,CUST-10099
Layla Ghanem,Technician,33,Female,C,Land,CUST-10100
Sara Mahmoud,Freelancer,54,Female,B,,CUST-10101
Bassem El-Sayed,Engineer,39,Male,D,Land,CUST-10102
Khaled Mansour,Accountant,50,Male,D,Land,CUST-10103
Mahmoud Kamel,Doctor,42,Male,B,Land,CUST-10104
Layla Ibrahim,Technician,46,Female,D,Land,CUST-10105
Hamdy Ghanem,Sales_Rep,57,Female,C,Land,CUST-10106
Zaki Mahmoud,Freelancer,40,Female,B,Land,CUST-10107
Amira Zaki,Accountant,54,Male,A,Vehicle,CUST-10108
Omar Hassan,Teacher,24,Male,D,Land,CUST-10109
Mona Abdel-Aziz,Doctor,46,Male,D,Land,CUST-10110
Salma Saied,Doctor,37,Male,A,Land,CUST-10111
Tarek Abdel-Aziz,Technician,48,Female,B,Land,CUST-10112
Dina Nabil,Doctor,37,Female,A,Land,CUST-10113
Hassan Mansour,Freelancer,26,Male,D,Vehicle,CUST-10114
Sara Mansour,Sales_Rep,58,Female,A,Land,CUST-10115
Khaled Zaki,Technician,59,Male,D,,CUST-10116
Hoda Reda,Teacher,47,Male,C,Vehicle,CUST-10117
Tarek Mahmoud,Freelancer,32,Male,C,,CUST-10118
Hoda Mahmoud,Doctor,23,Female,D,,CUST-10119
Mahmoud Nabil,Freelancer,42,Male,A,,CUST-10120
Sara El-Sayed,Accountant,46,Male,A,Vehicle,CUST-10121
Hoda Nabil,Accountant,27,Male,D,Land,CUST-10122
Layla Zaki,Freelancer,22,Female,A,,CUST-10123
Bassem Kamel,Freelancer,30,Male,A,Land,CUST-10124
Tarek Ghanem,Technician,63,Male,D,,CUST-10125
Hassan Abdel-Aziz,Accountant,47,Female,A,Land,CUST-10126
Hoda Mansour,Accountant,63,Female,C,Land,CUST-10127
Karim Fawzy,Freelancer,24,Female,C,,CUST-10128
Bassem Abdel-Aziz,Teacher,26,Male,C,Land,CUST-10129
Zaki Zaki,Freelancer,55,Female,D,Land,CUST-10130
Fatma Fawzy,Technician,59,Female,D,,CUST-10131
Ibrahim Abdel-Aziz,Sales_Rep,29,Male,D,,CUST-10132
Tarek Hassan,Teacher,36,Male,C,,CUST-10133
Ahmed Abdel-Aziz,Teacher,53,Male,C,Vehicle,CUST-10134
Khaled Ghanem,Teacher,40,Male,B,Vehicle,CUST-10135
Wael Zaki,Teacher,46,Male,B,,CUST-10136
Khaled Nabil,Engineer,53,Female,A,Vehicle,CUST-10137
Omar Hassan,Freelancer,50,Male,C,Vehicle,CUST-10138
Ibrahim Abdel-Aziz,Engineer,59,Male,A,Vehicle,CUST-10139
Mona Mahmoud,Engineer,39,Female,C,,CUST-10140
Hassan Zaki,Engineer,55,Female,C,,CUST-10141
Sherif Mahmoud,Freelancer,25,Male,C,Land,CUST-10142
Sara Adel,Doctor,28,Male,D,,CUST-10143
Khaled Hassan,Teacher,30,Female,D,,CUST-10144
Wael Saied,Doctor,38,Male,B,,CUST-10145
Heba Ibrahim,Technician,47,Male,C,Vehicle,CUST-10146
Ahmed Ghanem,Teacher,44,Male,C,Vehicle,CUST-10147
Karim Fawzy,Teacher,34,Female,B,Vehicle,CUST-10148
Wael Amr,Freelancer,54,Female,B,,CUST-10149
Hamdy El-Sayed,Engineer,57,Male,A,Land,CUST-10150
Salma Kamel,Accountant,27,Female,B,,CUST-10151
Layla Zaki,Accountant,45,Female,B,Land,CUST-10152
Dina Reda,Sales_Rep,25,Female,C,,CUST-10153
Ahmed Adel,Sales_Rep,32,Male,C,Land,CUST-10154
Dina Fawzy,Accountant,63,Female,A,,CUST-10155
Tarek Reda,Doctor,43,Female,D,,CUST-10156
Tarek Mansour,Accountant,37,Female,C,Land,CUST-10157
Omar Hassan,Technician,45,Male,A,,CUST-10158
Fatma El-Sayed,Accountant,48,Male,D,Vehicle,CUST-10159
Nabil Ghanem,Freelancer,35,Female,D,Vehicle,CUST-10160
Fatma Kamel,Teacher,27,Female,A,Land,CUST-10161
Omar Ghanem,Technician,57,Male,D,Land,CUST-10162
Layla Ghanem,Technician,51,Female,A,,CUST-10163
Tarek Nabil,Engineer,24,Male,D,Vehicle,CUST-10164
Mahmoud El-Sayed,Engineer,35,Female,D,Vehicle,CUST-10165
Sherif Saied,Engineer,27,Female,A,,CUST-10166
Layla Hassan,Teacher,57,Female,B,,CUST-10167
Fatma Reda,Freelancer,25,Female,B,Vehicle,CUST-10168
Hassan Kamel,Freelancer,41,Male,D,Vehicle,CUST-10169
Hamdy Ghanem,Accountant,21,Female,A,,CUST-10170
Khaled Adel,Accountant,64,Female,D,Land,CUST-10171
Heba Mahmoud,Doctor,61,Male,B,Land,CUST-10172
Mona Nabil,Accountant,38,Female,A,Vehicle,CUST-10173
Fatma Reda,Technician,30,Male,C,Vehicle,CUST-10174
,Doctor,27,Female,C,Land,CUST-10175
Hassan Nabil,Freelancer,25,Female,D,,CUST-10176
Zaki Abdel-Aziz,Engineer,22,Male,C,Vehicle,CUST-10177
Fatma Nabil,Teacher,30,Female,A,,CUST-10178
Mostafa Mahmoud,Doctor,41,Male,D,,CUST-10179
Nabil Fawzy,Doctor,40,Female,A,Land,CUST-10180
Karim Mansour,Technician,24,Male,C,Vehicle,CUST-10181
Ibrahim Hamdy,Teacher,63,Male,A,Vehicle,CUST-10182
Karim Hamdy,Technician,31,Female,D,,CUST-10183
Khaled Fawzy,Technician,50,Male,C,,CUST-10184
Salma Kamel,Sales_Rep,43,Male,A,,CUST-10185
Salma Hamdy,Teacher,31,Male,D,,CUST-10186
Ibrahim Abdel-Aziz,Engineer,26,Male,D,,CUST-10187
Hamdy Adel,Doctor,23,Female,A,Land,CUST-10188
Heba Ibrahim,Technician,49,Male,C,Vehicle,CUST-10189
Mohamed Zaki,Accountant,63,Male,A,Land,CUST-10190
Hoda Kamel,Technician,41,Male,D,Vehicle,CUST-10191
Mahmoud Fawzy,Engineer,35,Female,B,Land,CUST-10192
Hoda Ibrahim,Sales_Rep,34,Male,D,,CUST-10193
Karim Amr,Teacher,52,Female,A,Vehicle,CUST-10194
Nabil Adel,Freelancer,39,Male,B,Vehicle,CUST-10195
Salma Adel,Sales_Rep,62,Male,A,Land,CUST-10196
Ibrahim Nabil,Accountant,47,Female,A,,CUST-10197
Mohamed Kamel,Sales_Rep,35,Male,D,Vehicle,CUST-10198
Fatma Mansour,Doctor,25,Male,A,Land,CUST-10199
Mona Ghanem,Freelancer,33,Female,C,,CUST-10200
Karim Hamdy,Technician,40,Male,A,,CUST-10201
Hassan Amr,Accountant,60,Female,B,,CUST-10202
Mona Fawzy,Freelancer,36,Male,C,Land,CUST-10203
,Freelancer,41,Female,A,Land,CUST-10204
Omar Abdel-Aziz,Technician,56,Female,B,,CUST-10205
Mohamed Ghanem,Sales_Rep,39,Female,D,Land,CUST-10206
Dina Hamdy,Freelancer,44,Male,D,,CUST-10207
Ahmed Adel,Teacher,50,Male,D,Vehicle,CUST-10208
Hoda Adel,Sales_Rep,27,Female,C,Vehicle,CUST-10209
,Freelancer,62,Male,B,,CUST-10210
,Sales_Rep,41,Male,C,Vehicle,CUST-10211
Amira Hamdy,Doctor,61,Male,C,,CUST-10212
Ibrahim Hamdy,Technician,54,Male,C,,CUST-10213
Fatma Reda,Doctor,25,Female,B,Land,CUST-10214
Fatma El-Sayed,Doctor,31,Male,C,Land,CUST-10215
Dina Hamdy,Teacher,56,Female,C,,CUST-10216
Sherif Abdel-Aziz,Freelancer,49,Male,A,Land,CUST-10217
Tarek Fawzy,Engineer,48,Male,B,Land,CUST-10218
Tarek Zaki,Doctor,53,Male,B,Land,CUST-10219
Wael Nabil,Sales_Rep,46,Female,D,Vehicle,CUST-10220
Amira Ibrahim,Accountant,42,Female,A,,CUST-10221
Mona Kamel,Sales_Rep,58,Male,B,Vehicle,CUST-10222
Mohamed Reda,Engineer,51,Male,D,Vehicle,CUST-10223
Mostafa Reda,Accountant,26,Female,A,,CUST-10224
Bassem El-Sayed,Teacher,24,Female,A,,CUST-10225
Ahmed Mansour,Sales_Rep,60,Female,D,,CUST-10226
Salma Zaki,Sales_Rep,56,Male,C,Vehicle,CUST-10227
Amira Hamdy,Sales_Rep,49,Female,D,Vehicle,CUST-10228
Ahmed Nabil,Teacher,52,Female,B,Vehicle,CUST-10229
Mona Abdel-Aziz,Doctor,56,Male,D,Vehicle,CUST-10230
Karim Kamel,Teacher,42,Male,D,Vehicle,CUST-10231
Zaki Kamel,Accountant,40,Female,B,Land,CUST-10232
Fatma Abdel-Aziz,Technician,37,Male,B,Land,CUST-10233
Mohamed Amr,Engineer,27,Male,C,Land,CUST-10234
Mohamed Mansour,Sales_Rep,26,Male,D,,CUST-10235
,Sales_Rep,57,Male,B,Vehicle,CUST-10236
Mostafa Hamdy,Doctor,25,Male,B,Vehicle,CUST-10237
Mona Ghanem,Technician,36,Female,D,,CUST-10238
,Accountant,57,Female,D,,CUST-10239
Ibrahim Ibrahim,Teacher,45,Female,A,Land,CUST-10240
Mohamed Abdel-Aziz,Accountant,28,Male,C,Land,CUST-10241
Mohamed Mahmoud,Freelancer,44,Male,A,,CUST-10242
Amira Fawzy,Technician,47,Female,D,,CUST-10243
Amira Fawzy,Sales_Rep,57,Female,D,,CUST-10244
Bassem Saied,Technician,39,Female,B,,CUST-10245
Heba El-Sayed,Sales_Rep,29,Female,A,,CUST-10246
Karim Mahmoud,Doctor,38,Female,C,,CUST-10247
Karim Zaki,Freelancer,47,Female,C,Land,CUST-10248
Fatma Nabil,Accountant,36,Female,C,Land,CUST-10249
Fatma Saied,Accountant,58,Male,B,Vehicle,CUST-10250
Sherif Mansour,Engineer,40,Female,B,Land,CUST-10251
Ibrahim El-Sayed,Engineer,47,Male,A,Vehicle,CUST-10252
Mohamed Abdel-Aziz,Teacher,31,Female,B,,CUST-10253
Khaled Hassan,Teacher,49,Female,D,Land,CUST-10254
Nabil Mansour,Doctor,38,Male,A,,CUST-10255
Mahmoud El-Sayed,Doctor,37,Male,D,Vehicle,CUST-10256
Hamdy Ghanem,Freelancer,65,Male,C,Land,CUST-10257
Omar Abdel-Aziz,Teacher,64,Male,B,,CUST-10258
Nabil Ibrahim,Doctor,63,Male,D,,CUST-10259
Sherif Mansour,Technician,48,Female,C,,CUST-10260
Zaki Ibrahim,Freelancer,59,Female,A,Land,CUST-10261
Sherif Kamel,Accountant,62,Male,B,Vehicle,CUST-10262
Nabil Ghanem,Freelancer,62,Female,B,Vehicle,CUST-10263
Wael Fawzy,Freelancer,39,Female,B,Vehicle,CUST-10264
Mahmoud Reda,Doctor,38,Male,C,,CUST-10265
,Accountant,35,Male,A,,CUST-10266
Khaled Kamel,Teacher,65,Female,D,Vehicle,CUST-10267
Ibrahim Abdel-Aziz,Accountant,31,Male,B,Vehicle,CUST-10268
Karim Saied,Freelancer,30,Male,B,Vehicle,CUST-10269
Hassan Abdel-Aziz,Accountant,38,Male,C,,CUST-10270
Tarek Saied,Accountant,23,Male,A,Vehicle,CUST-10271
Khaled Kamel,Teacher,62,Female,A,,CUST-10272
Nabil Ghanem,Technician,30,Male,B,Vehicle,CUST-10273
Dina Kamel,Teacher,55,Female,C,,CUST-10274
Nabil Adel,Technician,39,Female,C,,CUST-10275
Mona Ghanem,Freelancer,54,Male,B,,CUST-10276
Amira Nabil,Technician,22,Female,C,,CUST-10277
Hassan Hamdy,Sales_Rep,34,Female,A,,CUST-10278
Nabil Hassan,Accountant,55,Male,A,Vehicle,CUST-10279
Hamdy El-Sayed,Sales_Rep,51,Male,D,Land,CUST-10280
Tarek El-Sayed,Teacher,29,Male,D,,CUST-10281
Hamdy Kamel,Sales_Rep,36,Male,C,,CUST-10282
Nabil Ibrahim,Freelancer,57,Male,C,,CUST-10283
Wael Mahmoud,Accountant,40,Male,B,Land,CUST-10284
Sara Zaki,Technician,30,Female,C,,CUST-10285
Mona Mansour,Accountant,27,Male,C,Land,CUST-10286
Karim Abdel-Aziz,Accountant,53,Male,B,,CUST-10287
Amira Fawzy,Engineer,45,Female,D,Vehicle,CUST-10288
Mona Reda,Engineer,41,Female,D,,CUST-10289
Sherif Nabil,Accountant,60,Female,A,Land,CUST-10290
Mohamed Reda,Sales_Rep,51,Female,B,Land,CUST-10291
Layla Nabil,Accountant,60,Male,C,Land,CUST-10292
Tarek Nabil,Engineer,30,Male,A,Land,CUST-10293
Wael Hamdy,Sales_Rep,52,Female,B,Vehicle,CUST-10294
Omar Reda,Engineer,53,Male,B,,CUST-10295
Ibrahim Saied,Engineer,35,Male,C,,CUST-10296
Layla Reda,Freelancer,23,Female,A,,CUST-10297
Mahmoud El-Sayed,Freelancer,62,Male,A,,CUST-10298
Heba El-Sayed,Technician,26,Female,B,Land,CUST-10299
Ibrahim Mahmoud,Doctor,35,Female,D,Land,CUST-10300
Heba Mansour,Engineer,53,Male,A,Land,CUST-10301
Sara Mansour,Teacher,31,Female,A,,CUST-10302
Mahmoud Abdel-Aziz,Accountant,65,Male,B,Land,CUST-10303
Zaki Fawzy,Freelancer,60,Male,A,Vehicle,CUST-10304
Sherif Adel,Engineer,30,Female,B,Land,CUST-10305
Mohamed Amr,Engineer,31,Female,B,Vehicle,CUST-10306
Sherif Abdel-Aziz,Technician,48,Female,A,Vehicle,CUST-10307
,Sales_Rep,29,Male,A,Vehicle,CUST-10308
Mohamed Adel,Engineer,32,Male,C,,CUST-10309
Tarek Amr,Engineer,33,Male,D,,CUST-10310
Heba Reda,Sales_Rep,45,Female,A,,CUST-10311
Amira El-Sayed,Accountant,56,Male,A,Land,CUST-10312
Wael Ghanem,Doctor,47,Female,D,Vehicle,CUST-10313
Mostafa Hamdy,Sales_Rep,30,Male,C,Vehicle,CUST-10314
Mahmoud Kamel,Engineer,49,Male,A,Land,CUST-10315
Tarek Adel,Doctor,54,Male,D,Vehicle,CUST-10316
Dina Mahmoud,Technician,51,Male,D,Land,CUST-10317
Fatma Abdel-Aziz,Teacher,31,Male,C,Vehicle,CUST-10318
Hassan Nabil,Technician,63,Female,A,Vehicle,CUST-10319
Khaled Hassan,Engineer,28,Male,C,Land,CUST-10320
Wael Ghanem,Freelancer,37,Female,A,,CUST-10321
Mona Kamel,Technician,37,Male,C,Vehicle,CUST-10322
Tarek Mahmoud,Doctor,41,Male,C,Land,CUST-10323
Hassan Adel,Sales_Rep,41,Male,C,,CUST-10324
Fatma Saied,Teacher,40,Male,B,,CUST-10325
Mahmoud Mahmoud,Freelancer,60,Female,B,,CUST-10326
Mostafa Hamdy,Sales_Rep,62,Female,C,,CUST-10327
Nabil Hassan,Doctor,57,Female,B,Land,CUST-10328
Amira Amr,Sales_Rep,54,Male,B,,CUST-10329
Hamdy Mansour,Engineer,40,Female,C,,CUST-10330
Sherif El-Sayed,Doctor,53,Female,A,Vehicle,CUST-10331
Layla Mahmoud,Sales_Rep,23,Female,C,,CUST-10332
Hassan Mansour,Technician,48,Male,D,Land,CUST-10333
Bassem Ibrahim,Sales_Rep,43,Male,D,Vehicle,CUST-10334
Hamdy Saied,Doctor,21,Male,D,Land,CUST-10335
Zaki Ibrahim,Sales_Rep,58,Male,A,Land,CUST-10336
Omar Nabil,Doctor,61,Male,C,,CUST-10337
Wael Adel,Accountant,40,Male,C,Vehicle,CUST-10338
Bassem El-Sayed,Technician,26,Female,A,Land,CUST-10339
Hoda Adel,Sales_Rep,28,Female,C,Vehicle,CUST-10340
,Engineer,24,Male,D,,CUST-10341
Hoda Abdel-Aziz,Teacher,49,Female,C,,CUST-10342
Karim Kamel,Doctor,57,Female,A,,CUST-10343
,Doctor,26,Male,A,Vehicle,CUST-10344
,Doctor,52,Male,D,Land,CUST-10345
Nabil Reda,Accountant,40,Male,C,,CUST-10346
Salma Saied,Engineer,59,Male,A,,CUST-10347
,Teacher,64,Female,D,,CUST-10348
Layla Hassan,Accountant,62,Male,B,Vehicle,CUST-10349
Hamdy Mahmoud,Technician,29,Female,D,,CUST-10350
Hassan Saied,Freelancer,34,Female,A,Land,CUST-10351
Dina Ibrahim,Accountant,39,Female,D,,CUST-10352
Wael Saied,Sales_Rep,36,Male,B,Land,CUST-10353
Nabil Adel,Teacher,26,Female,C,Land,CUST-10354
Khaled Hamdy,Accountant,54,Female,A,,CUST-10355
Hamdy El-Sayed,Sales_Rep,47,Female,C,Land,CUST-10356
Tarek Zaki,Technician,63,Male,B,Vehicle,CUST-10357
Hassan Abdel-Aziz,Teacher,31,Female,A,,CUST-10358
Ahmed Hassan,Teacher,37,Male,B,Land,CUST-10359
Heba Adel,Technician,59,Male,A,Land,CUST-10360
Fatma Saied,Sales_Rep,39,Female,A,Land,CUST-10361
Heba Kamel,Sales_Rep,27,Female,A,Land,CUST-10362
Tarek Fawzy,Doctor,21,Male,A,,CUST-10363
Amira Mahmoud,Sales_Rep,42,Male,B,Vehicle,CUST-10364
Hassan Ibrahim,Doctor,52,Female,C,Land,CUST-10365
Karim Kamel,Freelancer,29,Male,B,Vehicle,CUST-10366
Wael Hassan,Doctor,63,Male,D,,CUST-10367
Mahmoud Amr,Accountant,43,Male,C,,CUST-10368
Sherif Hamdy,Accountant,50,Male,B,Vehicle,CUST-10369
Heba Mahmoud,Engineer,30,Male,B,Land,CUST-10370
Ibrahim Reda,Doctor,60,Male,C,Land,CUST-10371
Ahmed Ghanem,Accountant,39,Male,D,Vehicle,CUST-10372
Layla Reda,Doctor,64,Male,B,Vehicle,CUST-10373
Layla Amr,Doctor,37,Female,C,Land,CUST-10374
Omar Nabil,Technician,23,Male,A,Land,CUST-10375
Hassan Hamdy,Freelancer,53,Male,D,,CUST-10376
Wael Adel,Sales_Rep,41,Male,C,,CUST-10377
Mona Nabil,Teacher,65,Male,D,Land,CUST-10378
Bassem Amr,Teacher,21,Male,C,Land,CUST-10379
Omar Nabil,Doctor,24,Male,D,Land,CUST-10380
Ibrahim Hassan,Freelancer,46,Female,A,Vehicle,CUST-10381
Sherif Mahmoud,Accountant,52,Female,A,Vehicle,CUST-10382
Ibrahim Adel,Freelancer,42,Male,D,Land,CUST-10383
Amira Ibrahim,Technician,29,Female,A,,CUST-10384
Tarek Nabil,Technician,47,Female,D,Vehicle,CUST-10385
Hoda Zaki,Technician,48,Male,D,Land,CUST-10386
Heba Hamdy,Freelancer,60,Male,C,Land,CUST-10387
Mohamed Mahmoud,Engineer,24,Female,A,Land,CUST-10388
Fatma Kamel,Sales_Rep,59,Male,C,Vehicle,CUST-10389
,Doctor,31,Male,D,Vehicle,CUST-10390
Sara Mansour,Doctor,54,Male,C,Land,CUST-10391
Layla Kamel,Freelancer,35,Female,B,Land,CUST-10392
Hamdy Saied,Sales_Rep,51,Male,A,Vehicle,CUST-10393
Mostafa Adel,Technician,43,Male,C,Land,CUST-10394
Ibrahim Adel,Freelancer,46,Male,C,,CUST-10395
Mahmoud Ghanem,Teacher,54,Female,D,Land,CUST-10396
Fatma Mahmoud,Freelancer,26,Female,D,Land,CUST-10397
Amira Hamdy,Teacher,56,Male,D,,CUST-10398
Nabil Mansour,Doctor,53,Female,C,Vehicle,CUST-10399
Mahmoud Hamdy,Accountant,48,Female,C,Land,CUST-10400
Omar Nabil,Freelancer,23,Male,A,Land,CUST-10401
Mahmoud Abdel-Aziz,Freelancer,49,Female,D,,CUST-10402
Salma Fawzy,Technician,33,Female,B,Vehicle,CUST-10403
Mahmoud Saied,Doctor,38,Female,A,,CUST-10404
Mahmoud Mahmoud,Freelancer,52,Female,B,Vehicle,CUST-10405
Hassan Nabil,Doctor,58,Male,D,,CUST-10406
Mostafa Mahmoud,Teacher,21,Male,A,Land,CUST-10407
Hamdy Abdel-Aziz,Technician,40,Male,A,Vehicle,CUST-10408
,Freelancer,57,Male,D,Land,CUST-10409
Khaled Saied,Freelancer,63,Male,B,,CUST-10410
Nabil Hassan,Teacher,32,Male,C,Land,CUST-10411
Hassan Nabil,Teacher,54,Male,B,,CUST-10412
Hamdy Adel,Technician,64,Male,B,,CUST-10413
Wael Kamel,Accountant,40,Male,C,,CUST-10414
Wael Hamdy,Freelancer,58,Male,C,Land,CUST-10415
Tarek Zaki,Freelancer,29,Female,B,Vehicle,CUST-10416
,Doctor,46,Male,A,Land,CUST-10417
,Technician,44,Male,B,Vehicle,CUST-10418
Dina Reda,Engineer,22,Male,D,Vehicle,CUST-10419
Omar Ibrahim,Doctor,28,Male,A,Land,CUST-10420
Mona Saied,Engineer,28,Male,B,Land,CUST-10421
Hassan El-Sayed,Accountant,51,Male,D,,CUST-10422
,Engineer,56,Male,C,Land,CUST-10423
Dina Kamel,Teacher,62,Female,B,Land,CUST-10424
Karim Mansour,Freelancer,44,Male,C,Land,CUST-10425
Mohamed Mansour,Doctor,42,Male,C,Vehicle,CUST-10426
Khaled Zaki,Doctor,55,Female,D,,CUST-10427
Heba Mansour,Freelancer,24,Female,C,Vehicle,CUST-10428
Karim Mahmoud,Doctor,26,Female,D,Vehicle,CUST-10429
Heba Nabil,Accountant,54,Male,A,Vehicle,CUST-10430
Fatma Adel,Freelancer,24,Male,D,Land,CUST-10431
Mohamed Abdel-Aziz,Sales_Rep,28,Female,D,Vehicle,CUST-10432
,Engineer,36,Female,B,Land,CUST-10433
Mona Amr,Engineer,21,Male,A,Vehicle,CUST-10434
Karim Ghanem,Freelancer,61,Male,B,Land,CUST-10435
Zaki Zaki,Freelancer,30,Female,C,Vehicle,CUST-10436
Heba Ghanem,Technician,54,Male,A,,CUST-10437
Ahmed Reda,Teacher,58,Female,D,Vehicle,CUST-10438
Bassem Amr,Technician,21,Female,B,Land,CUST-10439
Fatma Kamel,Accountant,50,Female,C,Vehicle,CUST-10440
,Sales_Rep,36,Female,D,Land,CUST-10441
Wael Hamdy,Doctor,38,Female,B,,CUST-10442
Salma Abdel-Aziz,Doctor,38,Female,A,,CUST-10443
Fatma Mahmoud,Technician,50,Female,B,Land,CUST-10444
Hamdy Reda,Engineer,36,Female,D,Vehicle,CUST-10445
Ahmed Reda,Teacher,25,Male,D,,CUST-10446
Sherif Hassan,Accountant,35,Female,B,Vehicle,CUST-10447
Dina Ghanem,Freelancer,50,Female,D,Vehicle,CUST-10448
Heba Reda,Engineer,45,Female,D,Vehicle,CUST-10449
Nabil Abdel-Aziz,Freelancer,39,Male,A,Land,CUST-10450
Salma Zaki,Sales_Rep,59,Female,C,Vehicle,CUST-10451
Fatma Ibrahim,Freelancer,46,Female,B,,CUST-10452
Heba Hamdy,Technician,51,Female,B,,CUST-10453
Hamdy Nabil,Accountant,39,Female,A,,CUST-10454
,Sales_Rep,52,Male,A,,CUST-10455
Ibrahim Fawzy,Accountant,49,Male,D,Vehicle,CUST-10456
Tarek El-Sayed,Technician,55,Female,D,Vehicle,CUST-10457
Amira Amr,Doctor,52,Female,C,Land,CUST-10458
Sherif Ghanem,Accountant,65,Female,B,Land,CUST-10459
Ahmed Abdel-Aziz,Technician,43,Male,D,Vehicle,CUST-10460
Nabil Ghanem,Engineer,63,Male,C,Vehicle,CUST-10461
Omar Amr,Doctor,46,Male,D,,CUST-10462
Ahmed El-Sayed,Doctor,38,Male,D,Vehicle,CUST-10463
Mostafa Kamel,Doctor,59,Male,A,Vehicle,CUST-10464
Zaki Hassan,Doctor,30,Female,B,Vehicle,CUST-10465
Tarek Hamdy,Doctor,24,Female,B,Vehicle,CUST-10466
Mostafa Hassan,Freelancer,61,Male,A,,CUST-10467
Mostafa Hassan,Freelancer,63,Female,D,Vehicle,CUST-10468
Sherif Nabil,Doctor,56,Female,C,Land,CUST-10469
Mohamed Amr,Technician,31,Female,B,,CUST-10470
Zaki Nabil,Freelancer,45,Male,B,,CUST-10471
Omar Reda,Teacher,44,Male,A,Land,CUST-10472
Fatma Saied,Freelancer,50,Female,B,,CUST-10473
Hamdy Fawzy,Accountant,36,Male,D,Vehicle,CUST-10474
Hamdy Mahmoud,Accountant,41,Male,B,,CUST-10475
Mostafa Zaki,Sales_Rep,57,Male,B,,CUST-10476
Ibrahim Hassan,Sales_Rep,57,Male,B,,CUST-10477
Sara Hassan,Engineer,37,Male,B,Land,CUST-10478
Tarek Saied,Technician,46,Male,A,Land,CUST-10479
Nabil El-Sayed,Teacher,24,Female,C,Land,CUST-10480
Mona Hamdy,Freelancer,49,Male,C,Vehicle,CUST-10481
Ibrahim Kamel,Technician,54,Male,D,,CUST-10482
Mona Mahmoud,Freelancer,51,Male,C,,CUST-10483
Hassan El-Sayed,Freelancer,23,Female,C,Land,CUST-10484
Amira Kamel,Engineer,30,Male,A,Land,CUST-10485
Mahmoud Hamdy,Doctor,43,Female,C,,CUST-10486
Layla Amr,Teacher,21,Female,B,Vehicle,CUST-10487
Mohamed Mansour,Technician,30,Female,B,Vehicle,CUST-10488
Sara Adel,Accountant,23,Female,C,Vehicle,CUST-10489
Amira Ghanem,Freelancer,23,Female,D,,CUST-10490
Tarek Amr,Sales_Rep,27,Female,D,Vehicle,CUST-10491
Bassem Amr,Freelancer,36,Male,D,Vehicle,CUST-10492
Ahmed Adel,Accountant,41,Male,D,Vehicle,CUST-10493
Wael Mahmoud,Engineer,45,Female,B,,CUST-10494
Sherif Fawzy,Doctor,37,Female,D,,CUST-10495
Wael El-Sayed,Engineer,31,Female,C,,CUST-10496
Mona Mansour,Engineer,28,Male,D,Land,CUST-10497
Dina El-Sayed,Accountant,29,Female,C,Land,CUST-10498
Wael Fawzy,Accountant,35,Male,A,,CUST-10499
Ahmed Nabil,Accountant,38,Male,D,Land,CUST-10500
Ibrahim Zaki,Accountant,30,Female,A,,CUST-10501
Amira Adel,Sales_Rep,22,Male,A,Vehicle,CUST-10502
Omar Amr,Technician,63,Female,B,,CUST-10503
Bassem Saied,Engineer,29,Female,C,Land,CUST-10504
Amira Ibrahim,Teacher,49,Female,B,Land,CUST-10505
Salma Hamdy,Accountant,27,Male,C,,CUST-10506
Hoda Adel,Teacher,34,Male,A,,CUST-10507
Ahmed Nabil,Freelancer,43,Female,A,Land,CUST-10508
Heba Amr,Technician,64,Female,B,Land,CUST-10509
Sara El-Sayed,Teacher,24,Male,C,Vehicle,CUST-10510
Hamdy Ghanem,Doctor,50,Female,C,,CUST-10511
Heba Amr,Teacher,21,Female,C,Vehicle,CUST-10512
Khaled Zaki,Accountant,25,Female,A,Vehicle,CUST-10513
Layla Hamdy,Doctor,36,Male,D,Land,CUST-10514
Bassem Kamel,Teacher,56,Female,D,Land,CUST-10515
Sara Hamdy,Engineer,33,Male,C,,CUST-10516
Layla Fawzy,Teacher,41,Male,D,Vehicle,CUST-10517
Ibrahim Mahmoud,Technician,63,Male,B,,CUST-10518
Bassem Fawzy,Freelancer,31,Male,C,,CUST-10519
Omar Ibrahim,Sales_Rep,47,Male,A,,CUST-10520
Ibrahim Hassan,Accountant,45,Female,B,Vehicle,CUST-10521
Khaled Nabil,Technician,58,Male,A,,CUST-10522
Ibrahim Mansour,Accountant,48,Female,A,,CUST-10523
Omar Mansour,Teacher,27,Female,A,Vehicle,CUST-10524
Sherif Fawzy,Sales_Rep,53,Female,A,,CUST-10525
Heba Ibrahim,Accountant,47,Male,A,Land,CUST-10526
Mona Kamel,Accountant,59,Male,B,,CUST-10527
Mahmoud Amr,Teacher,59,Male,A,,CUST-10528
,Sales_Rep,53,Female,C,Land,CUST-10529
Wael Hassan,Doctor,57,Male,A,Land,CUST-10530
Sherif Ibrahim,Sales_Rep,25,Male,D,Land,CUST-10531
Ibrahim Adel,Accountant,47,Male,D,Land,CUST-10532
Layla Mansour,Sales_Rep,21,Male,A,,CUST-10533
Zaki Fawzy,Teacher,51,Female,C,Land,CUST-10534
Sara Abdel-Aziz,Sales_Rep,22,Female,B,Land,CUST-10535
Sherif Mansour,Sales_Rep,53,Female,A,,CUST-10536
Zaki Fawzy,Teacher,32,Male,D,Vehicle,CUST-10537
Mostafa Reda,Teacher,56,Female,B,Land,CUST-10538
Karim Hassan,Teacher,52,Male,C,Land,CUST-10539
Dina Hassan,Doctor,40,Female,C,Land,CUST-10540
Heba Reda,Engineer,47,Male,D,Vehicle,CUST-10541
Ahmed Adel,Technician,51,Male,B,,CUST-10542
Layla Mahmoud,Engineer,57,Female,B,,CUST-10543
Omar Amr,Engineer,44,Male,A,,CUST-10544
Karim Amr,Technician,35,Female,C,Land,CUST-10545
Hassan Reda,Technician,40,Male,C,Vehicle,CUST-10546
,Technician,26,Female,B,Vehicle,CUST-10547
Nabil Nabil,Engineer,33,Female,B,Land,CUST-10548
Dina Reda,Teacher,64,Male,A,Land,CUST-10549
Hamdy Saied,Freelancer,23,Male,C,,CUST-10550
Layla Mahmoud,Sales_Rep,33,Male,B,Vehicle,CUST-10551
Amira Ghanem,Teacher,47,Male,A,,CUST-10552
Wael Adel,Freelancer,46,Male,A,Land,CUST-10553
Ahmed Hamdy,Technician,50,Female,C,Vehicle,CUST-10554
Zaki Amr,Engineer,31,Male,A,Land,CUST-10555
Fatma El-Sayed,Engineer,34,Female,B,Land,CUST-10556
Hamdy Zaki,Technician,41,Female,D,Land,CUST-10557
,Teacher,65,Female,C,,CUST-10558
Amira Hassan,Accountant,28,Male,C,Land,CUST-10559
Wael Kamel,Accountant,30,Female,D,,CUST-10560
Sherif Adel,Sales_Rep,29,Male,D,Vehicle,CUST-10561
Khaled Nabil,Freelancer,39,Male,B,,CUST-10562
Wael Reda,Sales_Rep,31,Female,D,,CUST-10563
Amira Hassan,Accountant,31,Male,A,,CUST-10564
Bassem Mansour,Sales_Rep,45,Male,D,Vehicle,CUST-10565
Hassan Zaki,Teacher,53,Male,D,Land,CUST-10566
Layla Ghanem,Engineer,34,Female,D,,CUST-10567
Ibrahim Hamdy,Teacher,26,Female,B,Vehicle,CUST-10568
Hamdy Ghanem,Teacher,29,Male,C,,CUST-10569
Khaled Reda,Freelancer,49,Male,B,Vehicle,CUST-10570
Sherif Abdel-Aziz,Accountant,56,Male,C,Vehicle,CUST-10571
Mona Fawzy,Engineer,22,Male,D,Land,CUST-10572
Omar Ghanem,Doctor,30,Male,C,Vehicle,CUST-10573
,Freelancer,42,Female,B,Land,CUST-10574
Nabil El-Sayed,Freelancer,43,Male,D,,CUST-10575
Layla Mahmoud,Teacher,62,Female,D,,CUST-10576
Heba Reda,Accountant,21,Female,D,,CUST-10577
Fatma Mahmoud,Doctor,61,Male,A,,CUST-10578
Khaled Mansour,Accountant,21,Male,A,Land,CUST-10579
Hoda Ibrahim,Sales_Rep,35,Female,B,,CUST-10580
Hamdy Mahmoud,Accountant,55,Female,B,Vehicle,CUST-10581
Fatma Kamel,Teacher,36,Female,C,,CUST-10582
Omar Fawzy,Sales_Rep,43,Female,A,Vehicle,CUST-10583
Ibrahim Ghanem,Freelancer,39,Female,A,,CUST-10584
Ahmed Hassan,Doctor,39,Male,D,Land,CUST-10585
Bassem Saied,Technician,56,Female,B,,CUST-10586
Fatma El-Sayed,Sales_Rep,50,Female,D,Vehicle,CUST-10587
Layla Hamdy,Technician,49,Female,D,Vehicle,CUST-10588
Nabil Nabil,Doctor,52,Female,A,Land,CUST-10589
Omar Fawzy,Teacher,41,Female,D,Land,CUST-10590
,Freelancer,38,Female,C,Vehicle,CUST-10591
Dina Fawzy,Accountant,33,Female,C,,CUST-10592
Ahmed Ghanem,Engineer,41,Female,B,,CUST-10593
Heba Kamel,Accountant,42,Female,B,Vehicle,CUST-10594
Layla Hamdy,Sales_Rep,48,Female,B,Land,CUST-10595
Salma Mansour,Freelancer,58,Female,A,Land,CUST-10596
Karim Mansour,Sales_Rep,47,Male,D,Vehicle,CUST-10597
Khaled Reda,Freelancer,57,Female,A,Land,CUST-10598
Mahmoud Hassan,Freelancer,52,Male,C,Vehicle,CUST-10599
Fatma Hassan,Sales_Rep,28,Female,C,Vehicle,CUST-10600
Nabil Reda,Teacher,51,Female,C,Vehicle,CUST-10601
Bassem Zaki,Technician,32,Male,C,,CUST-10602
Nabil Mansour,Accountant,27,Male,C,Land,CUST-10603
Sara Nabil,Accountant,24,Female,B,Vehicle,CUST-10604
Karim Ibrahim,Teacher,39,Female,C,,CUST-10605
Heba Abdel-Aziz,Sales_Rep,62,Male,D,Land,CUST-10606
Ahmed Reda,Freelancer,58,Male,D,Land,CUST-10607
Zaki Adel,Freelancer,22,Female,C,Vehicle,CUST-10608
Ibrahim Reda,Accountant,45,Female,D,Vehicle,CUST-10609
Hassan Mansour,Accountant,51,Female,C,,CUST-10610
Wael El-Sayed,Engineer,37,Female,B,Land,CUST-10611
Ibrahim El-Sayed,Freelancer,51,Male,D,Land,CUST-10612
Nabil Nabil,Engineer,37,Female,D,Vehicle,CUST-10613
Karim Hassan,Engineer,42,Female,D,,CUST-10614
Nabil Fawzy,Doctor,52,Male,D,,CUST-10615
Omar Zaki,Teacher,28,Female,B,Land,CUST-10616
Hamdy Mahmoud,Engineer,25,Male,C,,CUST-10617
Hoda Ibrahim,Sales_Rep,32,Male,B,Land,CUST-10618
Wael Hassan,Technician,41,Female,B,Land,CUST-10619
Layla Fawzy,Technician,23,Female,C,Vehicle,CUST-10620
Fatma Zaki,Technician,39,Male,B,,CUST-10621
Hamdy Nabil,Doctor,40,Female,D,,CUST-10622
Nabil Saied,Doctor,55,Male,A,,CUST-10623
Salma Zaki,Teacher,34,Male,A,,CUST-10624
Wael El-Sayed,Technician,48,Male,D,Vehicle,CUST-10625
Nabil Abdel-Aziz,Doctor,41,Female,C,Land,CUST-10626
Layla Ghanem,Sales_Rep,63,Female,B,,CUST-10627
Wael Hassan,Sales_Rep,54,Male,A,Vehicle,CUST-10628
Sherif Reda,Doctor,63,Female,D,Vehicle,CUST-10629
Fatma Mahmoud,Technician,31,Female,B,,CUST-10630
Mostafa Zaki,Accountant,37,Female,A,Vehicle,CUST-10631
Sara Ibrahim,Doctor,41,Female,A,Land,CUST-10632
Heba Kamel,Teacher,27,Male,B,,CUST-10633
Sherif Adel,Technician,45,Male,A,Vehicle,CUST-10634
Mona Hassan,Sales_Rep,55,Female,D,Land,CUST-10635
Ibrahim Ibrahim,Freelancer,51,Female,C,Vehicle,CUST-10636
Salma Mahmoud,Doctor,46,Male,D,Land,CUST-10637
Sara Ibrahim,Doctor,38,Female,C,Land,CUST-10638
Dina Abdel-Aziz,Doctor,55,Male,A,Vehicle,CUST-10639
Omar El-Sayed,Technician,23,Female,D,Land,CUST-10640
Omar Fawzy,Teacher,31,Male,D,Vehicle,CUST-10641
Fatma Reda,Freelancer,33,Female,B,,CUST-10642
Heba Fawzy,Accountant,37,Male,A,Land,CUST-10643
Salma Mahmoud,Engineer,36,Male,A,Land,CUST-10644
Layla Ibrahim,Freelancer,57,Female,C,,CUST-10645
Layla Ghanem,Accountant,44,Female,D,,CUST-10646
Dina Adel,Freelancer,22,Female,D,Land,CUST-10647
Mahmoud Ibrahim,Freelancer,26,Female,A,Vehicle,CUST-10648
Heba Hamdy,Accountant,58,Male,D,Land,CUST-10649
Tarek El-Sayed,Freelancer,63,Male,B,Vehicle,CUST-10650
Salma Reda,Accountant,43,Female,A,Vehicle,CUST-10651
Hoda Ibrahim,Technician,32,Male,A,,CUST-10652
Dina Mahmoud,Accountant,42,Female,C,,CUST-10653
Hoda Ghanem,Technician,42,Male,A,,CUST-10654
Sherif Zaki,Teacher,32,Male,D,Land,CUST-10655
Mahmoud Nabil,Technician,40,Female,C,Vehicle,CUST-10656
Tarek Fawzy,Freelancer,55,Male,A,,CUST-10657
Bassem El-Sayed,Freelancer,56,Male,C,Vehicle,CUST-10658
Tarek Zaki,Teacher,31,Male,C,Vehicle,CUST-10659
Fatma Reda,Doctor,58,Male,D,,CUST-10660
Ibrahim Mansour,Accountant,41,Female,D,,CUST-10661
Bassem Mansour,Engineer,28,Male,B,Land,CUST-10662
Hamdy Kamel,Teacher,58,Female,D,Land,CUST-10663
Nabil Amr,Doctor,61,Male,C,,CUST-10664
Salma Reda,Freelancer,41,Female,A,Vehicle,CUST-10665
Bassem Hassan,Accountant,27,Male,B,,CUST-10666
Hamdy Zaki,Technician,60,Male,B,Land,CUST-10667
Nabil Hassan,Accountant,52,Male,C,,CUST-10668
Dina Saied,Engineer,40,Female,B,Vehicle,CUST-10669
Zaki Kamel,Freelancer,30,Female,A,,CUST-10670
Mostafa Ghanem,Doctor,31,Female,C,Land,CUST-10671
Nabil Hamdy,Doctor,62,Male,A,Vehicle,CUST-10672
Tarek Hamdy,Doctor,58,Female,A,Land,CUST-10673
Hamdy Kamel,Freelancer,54,Male,A,Land,CUST-10674
Wael Fawzy,Doctor,39,Male,B,Land,CUST-10675
Mona Reda,Sales_Rep,24,Male,B,Land,CUST-10676
Zaki Amr,Engineer,58,Male,C,Vehicle,CUST-10677
Mahmoud El-Sayed,Accountant,38,Male,D,Land,CUST-10678
Mohamed Abdel-Aziz,Sales_Rep,51,Female,A,Vehicle,CUST-10679
Karim Ibrahim,Engineer,44,Male,D,Land,CUST-10680
Ahmed Fawzy,Accountant,44,Male,A,Vehicle,CUST-10681
Fatma Nabil,Engineer,65,Male,B,,CUST-10682
Fatma Saied,Engineer,43,Male,D,Vehicle,CUST-10683
Hamdy Ghanem,Teacher,36,Male,B,,CUST-10684
Heba Amr,Freelancer,32,Female,C,Vehicle,CUST-10685
Nabil Kamel,Accountant,53,Female,B,Vehicle,CUST-10686
Mahmoud Zaki,Accountant,50,Male,D,Vehicle,CUST-10687
Hamdy Hamdy,Freelancer,64,Female,B,,CUST-10688
Salma Amr,Doctor,65,Female,B,,CUST-10689
Amira Abdel-Aziz,Freelancer,44,Female,A,Land,CUST-10690
Ibrahim Ghanem,Doctor,30,Female,A,Vehicle,CUST-10691
Mohamed Nabil,Freelancer,46,Male,B,Vehicle,CUST-10692
Mostafa Amr,Teacher,41,Male,D,Land,CUST-10693
Ibrahim Zaki,Teacher,27,Female,A,Vehicle,CUST-10694
Ahmed Amr,Sales_Rep,50,Female,C,Vehicle,CUST-10695
Hamdy Abdel-Aziz,Teacher,36,Female,A,Land,CUST-10696
Sara Saied,Doctor,52,Male,B,,CUST-10697
Nabil Hassan,Engineer,43,Female,B,Vehicle,CUST-10698
,Teacher,44,Female,A,Land,CUST-10699
Hassan Ghanem,Freelancer,29,Male,A,Vehicle,CUST-10700
Dina Ibrahim,Teacher,35,Male,B,Land,CUST-10701
Heba Hassan,Doctor,42,Female,D,Vehicle,CUST-10702
Omar Zaki,Doctor,43,Female,B,,CUST-10703
Ibrahim Mahmoud,Teacher,54,Male,B,,CUST-10704
Sara Hassan,Doctor,50,Male,C,Vehicle,CUST-10705
Tarek Saied,Doctor,26,Male,C,Land,CUST-10706
Mostafa Mansour,Accountant,40,Male,C,Land,CUST-10707
Sherif Kamel,Engineer,33,Female,C,,CUST-10708
Mostafa Fawzy,Engineer,26,Female,D,,CUST-10709
Heba Adel,Accountant,63,Female,D,Vehicle,CUST-10710
Zaki El-Sayed,Sales_Rep,25,Female,D,,CUST-10711
Wael Mansour,Sales_Rep,54,Male,A,Land,CUST-10712
Khaled Zaki,Technician,53,Female,D,Vehicle,CUST-10713
Khaled Hamdy,Accountant,43,Male,C,,CUST-10714
Hassan Nabil,Technician,53,Female,C,Land,CUST-10715
Dina Reda,Doctor,23,Female,A,Vehicle,CUST-10716
Sherif Hassan,Sales_Rep,56,Male,D,Land,CUST-10717
Layla Saied,Sales_Rep,36,Female,B,Vehicle,CUST-10718
Amira Reda,Teacher,53,Female,C,Vehicle,CUST-10719
Mona Ibrahim,Doctor,63,Female,B,Land,CUST-10720
Fatma Reda,Sales_Rep,58,Male,C,Vehicle,CUST-10721
Dina Abdel-Aziz,Technician,58,Male,A,,CUST-10722
Amira Mansour,Freelancer,39,Male,B,Vehicle,CUST-10723
Hassan Fawzy,Technician,35,Female,C,,CUST-10724
Dina Mahmoud,Doctor,56,Male,C,Land,CUST-10725
Heba Hassan,Engineer,54,Male,D,Vehicle,CUST-10726
Hamdy Kamel,Accountant,42,Male,B,Vehicle,CUST-10727
Hamdy Reda,Teacher,23,Female,C,Vehicle,CUST-10728
Hassan Mansour,Accountant,36,Female,B,Land,CUST-10729
Hamdy Hassan,Sales_Rep,44,Male,C,Land,CUST-10730
Hamdy Ibrahim,Sales_Rep,27,Male,B,,CUST-10731
Ahmed Nabil,Sales_Rep,52,Male,C,,CUST-10732
Sara Fawzy,Sales_Rep,60,Female,B,Land,CUST-10733
Ibrahim Mahmoud,Doctor,51,Female,C,,CUST-10734
Dina Adel,Accountant,58,Female,A,Vehicle,CUST-10735
Dina Amr,Teacher,47,Female,B,Land,CUST-10736
Tarek Mansour,Technician,25,Male,C,Vehicle,CUST-10737
Amira Saied,Technician,59,Female,D,Land,CUST-10738
Tarek Mahmoud,Doctor,23,Female,B,Land,CUST-10739
Tarek Zaki,Doctor,43,Male,A,,CUST-10740
Hamdy Reda,Sales_Rep,53,Male,C,Vehicle,CUST-10741
Sara Hamdy,Sales_Rep,24,Male,B,Vehicle,CUST-10742
Mahmoud Hamdy,Teacher,44,Male,C,,CUST-10743
Tarek Zaki,Freelancer,50,Male,C,,CUST-10744
Omar Mahmoud,Technician,26,Female,D,Land,CUST-10745
Mahmoud Saied,Accountant,27,Female,C,Land,CUST-10746
Omar Hassan,Accountant,33,Female,A,,CUST-10747
Salma Amr,Sales_Rep,33,Female,C,,CUST-10748
Heba Saied,Freelancer,24,Male,B,Vehicle,CUST-10749
Mona Kamel,Freelancer,46,Female,C,,CUST-10750
Mostafa Mansour,Engineer,55,Male,D,Vehicle,CUST-10751
Mohamed Adel,Accountant,24,Male,B,,CUST-10752
Salma Mahmoud,Sales_Rep,51,Female,A,Land,CUST-10753
Karim Hamdy,Technician,41,Male,B,Land,CUST-10754
Hoda Adel,Engineer,39,Male,D,Land,CUST-10755
Zaki Hamdy,Accountant,26,Female,C,,CUST-10756
Khaled Reda,Technician,52,Female,D,Land,CUST-10757
Khaled Nabil,Technician,23,Male,D,,CUST-10758
,Engineer,65,Male,C,Vehicle,CUST-10759
Wael Kamel,Doctor,47,Male,B,Land,CUST-10760
Fatma Adel,Accountant,45,Male,B,Vehicle,CUST-10761
Nabil Ghanem,Technician,37,Male,D,Land,CUST-10762
Ahmed Amr,Accountant,37,Female,C,Land,CUST-10763
Mostafa Fawzy,Doctor,64,Female,C,Land,CUST-10764
Layla Saied,Teacher,28,Male,A,Land,CUST-10765
Mahmoud Mansour,Engineer,46,Male,C,Land,CUST-10766
Ibrahim Hassan,Technician,24,Male,A,Vehicle,CUST-10767
Fatma Fawzy,Freelancer,56,Male,A,,CUST-10768
Ibrahim Hassan,Freelancer,38,Female,C,Vehicle,CUST-10769
Bassem Reda,Doctor,49,Female,C,,CUST-10770
Zaki Nabil,Accountant,21,Female,A,Vehicle,CUST-10771
Bassem Abdel-Aziz,Teacher,34,Male,C,,CUST-10772
Karim Hassan,Doctor,63,Male,C,,CUST-10773
Zaki Amr,Accountant,43,Male,C,,CUST-10774
Mohamed El-Sayed,Sales_Rep,50,Male,B,Vehicle,CUST-10775
Wael Hamdy,Technician,58,Male,C,Vehicle,CUST-10776
Khaled Mahmoud,Doctor,27,Male,A,Vehicle,CUST-10777
Bassem Ghanem,Accountant,22,Female,A,Vehicle,CUST-10778
Hoda Saied,Teacher,48,Male,C,,CUST-10779
Hassan Hassan,Sales_Rep,43,Male,D,Vehicle,CUST-10780
Ahmed Zaki,Sales_Rep,43,Male,C,,CUST-10781
Nabil Reda,Doctor,30,Male,B,Vehicle,CUST-10782
Mona Fawzy,Doctor,37,Female,D,Vehicle,CUST-10783
Mostafa Amr,Engineer,52,Female,D,,CUST-10784
Mona Kamel,Sales_Rep,37,Female,B,Land,CUST-10785
Mohamed Ghanem,Accountant,60,Male,B,Land,CUST-10786
Amira Fawzy,Accountant,39,Female,D,,CUST-10787
Amira Hassan,Engineer,44,Male,C,Vehicle,CUST-10788
Heba Saied,Technician,54,Female,B,Land,CUST-10789
Ahmed Ibrahim,Accountant,50,Male,C,,CUST-10790
Khaled Fawzy,Technician,25,Female,C,,CUST-10791
Mona Abdel-Aziz,Teacher,45,Female,D,Vehicle,CUST-10792
Tarek Hassan,Accountant,46,Female,B,,CUST-10793
Nabil Mansour,Doctor,28,Female,D,,CUST-10794
Zaki Zaki,Doctor,51,Male,C,,CUST-10795
Tarek Hassan,Sales_Rep,23,Male,C,,CUST-10796
Mohamed Amr,Technician,38,Male,D,Vehicle,CUST-10797
Hamdy Mansour,Freelancer,39,Male,C,Land,CUST-10798
Wael Abdel-Aziz,Teacher,55,Male,C,Land,CUST-10799
Ahmed Saied,Freelancer,42,Male,D,Vehicle,CUST-10800
Amira Saied,Doctor,37,Male,C,,CUST-10801
Khaled Adel,Accountant,55,Female,A,,CUST-10802
Hamdy Mansour,Technician,62,Female,B,,CUST-10803
Tarek Ghanem,Freelancer,30,Male,B,Land,CUST-10804
Dina Mansour,Doctor,51,Female,C,Vehicle,CUST-10805
Bassem Kamel,Doctor,60,Male,C,Land,CUST-10806
Wael Nabil,Accountant,56,Female,B,,CUST-10807
Hamdy Kamel,Teacher,60,Male,C,Vehicle,CUST-10808
Layla Reda,Sales_Rep,65,Female,B,Vehicle,CUST-10809
Amira Zaki,Doctor,39,Male,A,Vehicle,CUST-10810
Sherif Kamel,Accountant,42,Female,B,Vehicle,CUST-10811
Hoda Mahmoud,Engineer,21,Female,C,Land,CUST-10812
Omar Ghanem,Teacher,57,Male,C,,CUST-10813
Karim Mansour,Teacher,58,Female,B,,CUST-10814
Wael Nabil,Sales_Rep,63,Male,A,Vehicle,CUST-10815
Amira El-Sayed,Technician,46,Female,A,,CUST-10816
Mostafa Mahmoud,Engineer,30,Female,B,Vehicle,CUST-10817
Karim Amr,Freelancer,37,Male,D,Land,CUST-10818
Tarek Mansour,Sales_Rep,56,Female,A,Land,CUST-10819
Bassem Ibrahim,Doctor,57,Female,B,Vehicle,CUST-10820
Hamdy Kamel,Freelancer,60,Female,B,Land,CUST-10821
Hamdy Amr,Accountant,57,Female,A,Land,CUST-10822
Zaki Reda,Engineer,53,Male,A,Vehicle,CUST-10823
Amira El-Sayed,Engineer,50,Male,D,Land,CUST-10824
Zaki Mahmoud,Accountant,21,Male,D,Vehicle,CUST-10825
Layla Ibrahim,Technician,64,Female,D,Vehicle,CUST-10826
Bassem Fawzy,Technician,34,Female,B,Vehicle,CUST-10827
Zaki Hamdy,Freelancer,58,Male,C,,CUST-10828
Mostafa Amr,Engineer,44,Female,B,,CUST-10829
Khaled Kamel,Freelancer,36,Female,B,Land,CUST-10830
Salma Zaki,Freelancer,27,Female,D,Land,CUST-10831
Ibrahim Fawzy,Sales_Rep,22,Male,B,Vehicle,CUST-10832
Bassem Adel,Technician,65,Female,C,Vehicle,CUST-10833
Mohamed Saied,Doctor,35,Female,A,Land,CUST-10834
Mahmoud Kamel,Doctor,43,Female,D,,CUST-10835
Mona Mahmoud,Technician,23,Male,A,Vehicle,CUST-10836
Bassem Abdel-Aziz,Accountant,30,Female,B,Vehicle,CUST-10837
Mohamed Kamel,Sales_Rep,21,Female,C,Vehicle,CUST-10838
Sherif Fawzy,Accountant,48,Male,C,Land,CUST-10839
Wael Ghanem,Accountant,65,Male,A,Vehicle,CUST-10840
Khaled Ibrahim,Engineer,27,Female,A,Land,CUST-10841
Dina Adel,Accountant,42,Female,C,Land,CUST-10842
Omar Adel,Sales_Rep,47,Female,B,Land,CUST-10843
Mohamed Ghanem,Technician,22,Male,C,,CUST-10844
Heba Reda,Accountant,23,Female,A,Land,CUST-10845
Mona Ghanem,Teacher,27,Male,D,Vehicle,CUST-10846
Nabil Amr,Doctor,46,Male,A,,CUST-10847
,Accountant,43,Female,D,Vehicle,CUST-10848
Sherif Ibrahim,Accountant,41,Female,C,,CUST-10849
Mohamed Amr,Technician,34,Male,B,Vehicle,CUST-10850
Hoda Mahmoud,Accountant,65,Male,C,Vehicle,CUST-10851
Mona Saied,Freelancer,38,Female,C,Land,CUST-10852
,Teacher,51,Male,C,Land,CUST-10853
Omar Ghanem,Teacher,60,Female,D,Land,CUST-10854
Tarek Fawzy,Doctor,29,Female,A,Vehicle,CUST-10855
Bassem Fawzy,Doctor,25,Male,D,,CUST-10856
Amira Hassan,Engineer,56,Male,A,Land,CUST-10857
Fatma Ghanem,Doctor,48,Female,B,,CUST-10858
,Technician,30,Female,D,Land,CUST-10859
,Technician,36,Male,B,Vehicle,CUST-10860
Mona Mansour,Engineer,63,Female,D,Vehicle,CUST-10861
Bassem Adel,Doctor,35,Female,B,Land,CUST-10862
Karim Fawzy,Teacher,36,Female,B,,CUST-10863
Mahmoud Mahmoud,Technician,62,Female,B,Vehicle,CUST-10864
Ahmed Reda,Accountant,49,Female,B,Vehicle,CUST-10865
Omar Mansour,Sales_Rep,24,Female,D,,CUST-10866
Mohamed Kamel,Doctor,53,Female,A,Land,CUST-10867
Mohamed Saied,Teacher,45,Female,B,,CUST-10868
Bassem Hassan,Engineer,49,Male,A,,CUST-10869
Dina Reda,Teacher,38,Male,B,,CUST-10870
Dina Nabil,Technician,61,Female,D,Land,CUST-10871
Nabil Ibrahim,Accountant,41,Male,C,Land,CUST-10872
Sherif Adel,Accountant,48,Male,C,,CUST-10873
Dina Amr,Technician,64,Male,C,Vehicle,CUST-10874
Salma Adel,Doctor,33,Male,D,,CUST-10875
Hoda Zaki,Freelancer,49,Male,C,,CUST-10876
Hoda Nabil,Doctor,29,Male,B,Land,CUST-10877
Zaki Nabil,Doctor,23,Male,A,Vehicle,CUST-10878
Hassan Saied,Doctor,60,Female,A,,CUST-10879
Layla Ghanem,Sales_Rep,21,Male,B,Land,CUST-10880
Hamdy Fawzy,Engineer,44,Male,C,Vehicle,CUST-10881
Mostafa Abdel-Aziz,Accountant,64,Female,C,Vehicle,CUST-10882
Heba Abdel-Aziz,Sales_Rep,51,Female,B,Land,CUST-10883
Mostafa Saied,Technician,59,Female,B,Land,CUST-10884
Nabil Saied,Freelancer,62,Female,A,,CUST-10885
Heba Reda,Freelancer,63,Female,A,,CUST-10886
Hoda Hamdy,Engineer,45,Male,A,Land,CUST-10887
Salma Hassan,Sales_Rep,56,Female,B,Vehicle,CUST-10888
Salma Zaki,Technician,30,Male,C,,CUST-10889
Wael Abdel-Aziz,Teacher,60,Female,D,Vehicle,CUST-10890
Zaki Nabil,Accountant,54,Male,A,,CUST-10891
Hamdy Kamel,Sales_Rep,55,Female,B,,CUST-10892
Omar Kamel,Doctor,22,Female,D,Vehicle,CUST-10893
,Engineer,30,Male,A,Land,CUST-10894
Zaki Ibrahim,Technician,33,Female,B,Vehicle,CUST-10895
Khaled Hassan,Doctor,51,Male,B,Land,CUST-10896
Hoda Reda,Doctor,59,Male,B,Vehicle,CUST-10897
Omar Reda,Engineer,45,Male,C,,CUST-10898
Mona Hassan,Accountant,22,Female,B,Land,CUST-10899
Mohamed Amr,Engineer,29,Male,D,Land,CUST-10900
Sara Ghanem,Doctor,43,Female,A,Vehicle,CUST-10901
Salma Mahmoud,Freelancer,57,Female,B,,CUST-10902
Hoda Nabil,Doctor,36,Female,C,Land,CUST-10903
Fatma Saied,Freelancer,25,Male,A,,CUST-10904
Sherif Nabil,Technician,56,Male,D,Land,CUST-10905
Mahmoud Hamdy,Accountant,47,Male,A,Vehicle,CUST-10906
Karim Kamel,Accountant,28,Male,B,Vehicle,CUST-10907
Mona Amr,Freelancer,26,Female,A,Land,CUST-10908
Fatma Ibrahim,Technician,29,Female,B,,CUST-10909
,Accountant,40,Male,C,,CUST-10910
Hassan Abdel-Aziz,Accountant,34,Female,B,Land,CUST-10911
Nabil Zaki,Teacher,52,Male,B,,CUST-10912
Mahmoud Mansour,Doctor,65,Female,D,,CUST-10913
Mona Hassan,Sales_Rep,47,Male,C,,CUST-10914
Khaled Abdel-Aziz,Doctor,26,Male,B,Vehicle,CUST-10915
Omar Amr,Doctor,32,Female,B,,CUST-10916
Wael Mahmoud,Freelancer,24,Female,C,Land,CUST-10917
Tarek Nabil,Freelancer,37,Female,C,,CUST-10918
Bassem Hassan,Sales_Rep,63,Female,B,,CUST-10919
Hassan Ghanem,Engineer,22,Male,A,Vehicle,CUST-10920
Heba Reda,Engineer,54,Female,C,,CUST-10921
Nabil Zaki,Doctor,22,Female,B,Land,CUST-10922
Heba Ibrahim,Sales_Rep,57,Male,C,Land,CUST-10923
Hamdy Ghanem,Technician,38,Male,C,Land,CUST-10924
Layla Mahmoud,Freelancer,45,Female,C,,CUST-10925
Hamdy Zaki,Teacher,54,Male,D,Land,CUST-10926
Nabil Hassan,Technician,40,Female,A,,CUST-10927
Mohamed Kamel,Engineer,37,Male,A,Vehicle,CUST-10928
Omar Fawzy,Sales_Rep,51,Female,A,,CUST-10929
Ibrahim Amr,Technician,64,Male,C,Land,CUST-10930
Mahmoud Nabil,Teacher,58,Male,D,Land,CUST-10931
Salma Hassan,Freelancer,40,Female,B,,CUST-10932
Karim Hamdy,Doctor,46,Female,D,,CUST-10933
Sherif Amr,Doctor,26,Female,D,,CUST-10934
Amira Adel,Engineer,26,Male,B,Land,CUST-10935
Mostafa Fawzy,Teacher,26,Female,D,Vehicle,CUST-10936
Zaki Nabil,Technician,62,Female,B,,CUST-10937
Wael Nabil,Sales_Rep,50,Male,B,Land,CUST-10938
Nabil Mansour,Teacher,48,Female,A,Vehicle,CUST-10939
Layla Fawzy,Accountant,24,Male,A,Land,CUST-10940
Dina Kamel,Teacher,48,Female,D,,CUST-10941
Karim Zaki,Technician,25,Male,A,Vehicle,CUST-10942
Bassem Abdel-Aziz,Freelancer,29,Male,C,Land,CUST-10943
Layla Saied,Freelancer,41,Male,A,Land,CUST-10944
Heba Saied,Engineer,37,Male,D,Land,CUST-10945
Layla Adel,Engineer,38,Female,B,Land,CUST-10946
Salma Saied,Technician,27,Male,C,,CUST-10947
Heba Ghanem,Engineer,22,Male,D,Land,CUST-10948
Ibrahim Adel,Freelancer,43,Male,B,Land,CUST-10949
Fatma Reda,Freelancer,39,Male,C,Vehicle,CUST-10950
Layla Reda,Sales_Rep,56,Male,D,Vehicle,CUST-10951
Omar Mansour,Engineer,29,Male,C,Land,CUST-10952
Zaki Adel,Doctor,31,Female,C,Land,CUST-10953
Fatma Nabil,Sales_Rep,64,Female,D,,CUST-10954
Hoda Abdel-Aziz,Engineer,65,Female,A,Vehicle,CUST-10955
Dina Fawzy,Doctor,44,Female,D,Land,CUST-10956
Bassem Saied,Doctor,42,Male,B,Land,CUST-10957
Khaled Ibrahim,Sales_Rep,65,Male,A,,CUST-10958
Khaled Mahmoud,Technician,39,Female,B,Land,CUST-10959
Omar Abdel-Aziz,Sales_Rep,58,Female,A,Land,CUST-10960
Sherif Mahmoud,Technician,51,Female,B,Land,CUST-10961
Ahmed Kamel,Sales_Rep,41,Female,D,,CUST-10962
Layla Saied,Engineer,38,Male,B,Land,CUST-10963
Mona Mansour,Freelancer,48,Male,B,Vehicle,CUST-10964
Wael Hassan,Accountant,62,Female,A,Vehicle,CUST-10965
Amira Reda,Doctor,35,Female,D,Vehicle,CUST-10966
Sherif Fawzy,Freelancer,25,Male,A,,CUST-10967
Nabil Fawzy,Technician,53,Male,D,Vehicle,CUST-10968
Omar Reda,Teacher,38,Male,A,Vehicle,CUST-10969
Amira Ghanem,Doctor,29,Female,D,,CUST-10970
Hoda El-Sayed,Freelancer,65,Female,C,Land,CUST-10971
Mona Hassan,Engineer,62,Female,A,Vehicle,CUST-10972
Hamdy Hassan,Engineer,43,Female,A,,CUST-10973
Mahmoud Abdel-Aziz,Technician,56,Female,D,Land,CUST-10974
Fatma Mansour,Freelancer,23,Female,D,,CUST-10975
Dina Ghanem,Sales_Rep,33,Male,D,Vehicle,CUST-10976
Sherif Zaki,Teacher,53,Female,D,Land,CUST-10977
Karim Ghanem,Freelancer,24,Male,A,Land,CUST-10978
Wael Abdel-Aziz,Freelancer,45,Female,C,Vehicle,CUST-10979
Hoda Ghanem,Sales_Rep,46,Female,A,Land,CUST-10980
Wael Zaki,Accountant,35,Female,A,Vehicle,CUST-10981
Hamdy Amr,Technician,32,Male,D,Land,CUST-10982
Mohamed Mahmoud,Teacher,44,Male,A,Vehicle,CUST-10983
Karim Adel,Engineer,39,Male,B,Vehicle,CUST-10984
Tarek Zaki,Doctor,63,Female,C,,CUST-10985
Hamdy Abdel-Aziz,Sales_Rep,44,Female,D,Vehicle,CUST-10986
Mahmoud Reda,Technician,61,Male,A,,CUST-10987
Layla Ibrahim,Sales_Rep,62,Female,B,Land,CUST-10988
Salma Mahmoud,Sales_Rep,25,Male,D,Land,CUST-10989
Salma Mansour,Doctor,25,Female,A,Vehicle,CUST-10990
Heba Mahmoud,Teacher,52,Female,B,Land,CUST-10991
Karim Saied,Freelancer,53,Male,D,Land,CUST-10992
Heba Kamel,Doctor,53,Female,A,,CUST-10993
Hassan Saied,Freelancer,29,Female,B,Land,CUST-10994
Hamdy Nabil,Technician,46,Female,B,Land,CUST-10995
Ahmed Hamdy,Technician,41,Female,C,,CUST-10996
Sara Zaki,Technician,62,Female,D,Vehicle,CUST-10997
Omar Zaki,Freelancer,64,Female,B,Land,CUST-10998
Mona Fawzy,Doctor,23,Female,A,Vehicle,CUST-10999
Hassan Fawzy,Sales_Rep,28,Female,D,,CUST-11000
Hassan Abdel-Aziz,Teacher,44,Male,A,,CUST-11001
Fatma Mansour,Sales_Rep,65,Male,B,,CUST-11002
Omar El-Sayed,Technician,55,Male,A,Land,CUST-11003
Fatma Adel,Freelancer,64,Male,D,Vehicle,CUST-11004
Dina Fawzy,Teacher,39,Female,A,Land,CUST-11005
Sara Mansour,Technician,57,Male,B,Vehicle,CUST-11006
Hamdy Ibrahim,Technician,52,Male,D,,CUST-11007
Tarek Saied,Freelancer,52,Male,C,,CUST-11008
Heba El-Sayed,Teacher,39,Male,C,Land,CUST-11009
,Technician,48,Male,B,,CUST-11010
Wael Amr,Technician,64,Male,D,Land,CUST-11011
Hassan Reda,Freelancer,40,Male,B,,CUST-11012
,Doctor,61,Female,C,,CUST-11013
,Accountant,65,Male,B,Land,CUST-11014
Ahmed Nabil,Teacher,33,Male,C,Land,CUST-11015
Wael Zaki,Doctor,59,Female,D,Vehicle,CUST-11016
Amira Adel,Freelancer,23,Female,C,,CUST-11017
Mona Hassan,Freelancer,26,Female,D,Land,CUST-11018
Heba Ibrahim,Accountant,41,Female,C,,CUST-11019
Fatma Fawzy,Technician,25,Female,D,,CUST-11020
Omar Abdel-Aziz,Technician,35,Male,A,,CUST-11021
Karim Adel,Teacher,51,Male,D,,CUST-11022
Wael Kamel,Doctor,60,Female,C,Land,CUST-11023
Hamdy Hamdy,Accountant,62,Female,D,,CUST-11024
Tarek Adel,Technician,44,Female,A,Land,CUST-11025
Sherif Mahmoud,Teacher,54,Male,C,Vehicle,CUST-11026
Ibrahim Hamdy,Engineer,38,Female,D,Vehicle,CUST-11027
Ibrahim Saied,Freelancer,61,Male,D,Land,CUST-11028
Tarek Adel,Engineer,22,Female,D,Land,CUST-11029
Mohamed Nabil,Sales_Rep,37,Female,A,Vehicle,CUST-11030
Wael Fawzy,Accountant,30,Female,D,,CUST-11031
Omar Adel,Sales_Rep,56,Male,B,Land,CUST-11032
Ahmed Ghanem,Freelancer,44,Male,A,,CUST-11033
Mostafa Mansour,Freelancer,40,Male,D,,CUST-11034
Fatma Adel,Freelancer,63,Female,B,,CUST-11035
,Freelancer,40,Female,C,Land,CUST-11036
Bassem Ghanem,Technician,58,Male,D,Land,CUST-11037
Omar Ibrahim,Technician,61,Male,C,,CUST-11038
Bassem Zaki,Doctor,30,Male,C,,CUST-11039
Zaki Fawzy,Doctor,63,Male,B,Land,CUST-11040
Amira Amr,Engineer,21,Female,A,,CUST-11041
Sara Nabil,Teacher,34,Male,B,Vehicle,CUST-11042
Hamdy Hassan,Teacher,63,Female,D,Vehicle,CUST-11043
Mostafa Mansour,Accountant,63,Female,C,Vehicle,CUST-11044
Sara Reda,Teacher,27,Female,C,Vehicle,CUST-11045
Khaled Abdel-Aziz,Freelancer,34,Male,B,,CUST-11046
Mona El-Sayed,Accountant,24,Female,B,,CUST-11047
Sara Hamdy,Doctor,32,Male,D,,CUST-11048
Mohamed Mahmoud,Freelancer,45,Male,C,Vehicle,CUST-11049
Fatma Saied,Teacher,26,Male,C,,CUST-11050
Mahmoud Adel,Technician,58,Male,B,Vehicle,CUST-11051
Dina Fawzy,Technician,36,Female,D,Vehicle,CUST-11052
Sherif Nabil,Accountant,36,Male,B,Land,CUST-11053
Hassan Mansour,Teacher,31,Female,D,Vehicle,CUST-11054
Tarek Fawzy,Freelancer,30,Female,B,,CUST-11055
Ahmed Mahmoud,Teacher,23,Female,B,,CUST-11056
Ahmed Fawzy,Sales_Rep,28,Male,C,Vehicle,CUST-11057
Salma El-Sayed,Sales_Rep,65,Male,C,Land,CUST-11058
Ahmed Hassan,Freelancer,51,Male,A,Vehicle,CUST-11059
,Sales_Rep,29,Female,C,Vehicle,CUST-11060
Tarek El-Sayed,Freelancer,44,Male,B,Vehicle,CUST-11061
Hoda Zaki,Technician,60,Male,C,,CUST-11062
Khaled Kamel,Accountant,36,Male,A,Vehicle,CUST-11063
Ibrahim Nabil,Doctor,55,Female,B,,CUST-11064
Layla Ghanem,Engineer,30,Female,B,Land,CUST-11065
Heba Saied,Sales_Rep,50,Male,D,Vehicle,CUST-11066
Ibrahim Adel,Doctor,49,Female,A,,CUST-11067
Khaled Ibrahim,Teacher,25,Male,B,,CUST-11068
Hamdy Kamel,Engineer,29,Male,D,Land,CUST-11069
Heba Mahmoud,Teacher,22,Male,B,Land,CUST-11070
Bassem Mansour,Freelancer,46,Male,B,Vehicle,CUST-11071
Fatma Ghanem,Freelancer,21,Female,C,Vehicle,CUST-11072
Mohamed Saied,Doctor,51,Female,C,Vehicle,CUST-11073
Mohamed Mansour,Technician,44,Female,A,Vehicle,CUST-11074
Ibrahim Saied,Engineer,28,Male,C,Vehicle,CUST-11075
Fatma Kamel,Sales_Rep,25,Male,C,Land,CUST-11076
Hamdy Mansour,Accountant,40,Male,B,,CUST-11077
Zaki Nabil,Accountant,42,Male,C,Land,CUST-11078
Amira Adel,Technician,27,Male,D,Land,CUST-11079
Mostafa Mahmoud,Sales_Rep,42,Male,A,,CUST-11080
Mohamed Saied,Engineer,25,Female,B,Vehicle,CUST-11081
Fatma Hamdy,Sales_Rep,36,Male,D,Land,CUST-11082
Hassan El-Sayed,Sales_Rep,36,Male,B,,CUST-11083
Nabil Mansour,Teacher,51,Male,C,,CUST-11084
Ahmed Reda,Engineer,59,Female,A,Land,CUST-11085
Salma Hassan,Technician,47,Female,C,,CUST-11086
Hoda Mansour,Freelancer,24,Male,C,Vehicle,CUST-11087
Wael Amr,Accountant,22,Male,D,Land,CUST-11088
Mahmoud Nabil,Teacher,39,Male,B,Vehicle,CUST-11089
Mostafa Abdel-Aziz,Freelancer,61,Female,A,Land,CUST-11090
Ibrahim Amr,Accountant,24,Male,C,Vehicle,CUST-11091
Zaki El-Sayed,Engineer,35,Male,C,Land,CUST-11092
Fatma Hassan,Accountant,46,Male,B,,CUST-11093
Mona Fawzy,Accountant,23,Male,A,Vehicle,CUST-11094
Mostafa Adel,Doctor,51,Male,B,Vehicle,CUST-11095
Bassem Kamel,Engineer,57,Female,A,Vehicle,CUST-11096
Bassem Kamel,Freelancer,28,Male,B,Land,CUST-11097
Heba Ghanem,Freelancer,21,Male,C,,CUST-11098
Layla Nabil,Accountant,39,Female,B,Vehicle,CUST-11099
Fatma Hassan,Sales_Rep,52,Female,A,,CUST-11100
Tarek Fawzy,Sales_Rep,25,Male,C,Land,CUST-11101
Khaled Ibrahim,Freelancer,45,Female,A,Vehicle,CUST-11102
Amira Ibrahim,Technician,22,Female,A,Vehicle,CUST-11103
Dina Ibrahim,Engineer,38,Female,D,Vehicle,CUST-11104
Tarek Mansour,Technician,52,Female,C,Land,CUST-11105
,Accountant,27,Male,D,,CUST-11106
Tarek Hamdy,Sales_Rep,48,Male,B,,CUST-11107
Tarek El-Sayed,Freelancer,52,Male,D,,CUST-11108
Layla Abdel-Aziz,Freelancer,51,Female,D,Land,CUST-11109
Ahmed El-Sayed,Technician,63,Female,C,,CUST-11110
,Sales_Rep,52,Female,A,Land,CUST-11111
Hamdy Kamel,Engineer,46,Female,A,Land,CUST-11112
Ibrahim El-Sayed,Freelancer,43,Male,A,Vehicle,CUST-11113
Khaled Fawzy,Sales_Rep,63,Female,A,Vehicle,CUST-11114
Mohamed El-Sayed,Sales_Rep,59,Female,A,Vehicle,CUST-11115
Bassem Ibrahim,Freelancer,57,Female,A,Land,CUST-11116
Bassem Nabil,Freelancer,53,Female,A,Land,CUST-11117
Omar Ghanem,Doctor,27,Male,D,Vehicle,CUST-11118
Dina Adel,Doctor,58,Female,B,,CUST-11119
Salma El-Sayed,Freelancer,53,Male,B,Land,CUST-11120
Zaki Reda,Doctor,47,Female,B,Land,CUST-11121
Zaki Kamel,Doctor,40,Male,B,,CUST-11122
Tarek Zaki,Engineer,54,Female,B,Vehicle,CUST-11123
Salma Zaki,Sales_Rep,22,Male,D,Land,CUST-11124
Layla Saied,Freelancer,36,Female,B,,CUST-11125
Amira Abdel-Aziz,Teacher,48,Female,C,Vehicle,CUST-11126
Zaki Abdel-Aziz,Engineer,63,Male,C,,CUST-11127
Hassan Amr,Accountant,49,Female,C,,CUST-11128
Karim Adel,Technician,24,Male,D,Vehicle,CUST-11129
Mostafa Abdel-Aziz,Freelancer,62,Male,C,Land,CUST-11130
Dina Fawzy,Accountant,38,Female,C,Vehicle,CUST-11131
Wael Hamdy,Accountant,45,Female,B,,CUST-11132
Ahmed Saied,Teacher,25,Female,C,Vehicle,CUST-11133
Sherif Amr,Technician,34,Male,D,,CUST-11134
Mahmoud Saied,Teacher,53,Male,C,Land,CUST-11135
Karim Hassan,Engineer,61,Female,A,Land,CUST-11136
Layla Mahmoud,Sales_Rep,53,Female,B,,CUST-11137
Layla Kamel,Teacher,53,Female,D,Land,CUST-11138
Omar Amr,Engineer,47,Male,B,Land,CUST-11139
Mahmoud Hassan,Doctor,22,Male,D,Land,CUST-11140
Salma Hamdy,Freelancer,34,Female,A,Land,CUST-11141
Karim El-Sayed,Doctor,28,Male,C,Vehicle,CUST-11142
Bassem Adel,Doctor,44,Male,D,,CUST-11143
Hoda Fawzy,Sales_Rep,37,Male,C,,CUST-11144
Hoda Ibrahim,Teacher,34,Male,B,,CUST-11145
Dina Mahmoud,Accountant,62,Male,D,Land,CUST-11146
Mohamed Mahmoud,Technician,24,Female,B,Vehicle,CUST-11147
Wael Reda,Doctor,50,Male,A,,CUST-11148
,Technician,52,Female,A,,CUST-11149
Zaki Hamdy,Doctor,31,Female,A,Land,CUST-11150
Mahmoud Amr,Accountant,25,Male,B,,CUST-11151
Hassan El-Sayed,Accountant,63,Female,A,Land,CUST-11152
Hassan El-Sayed,Freelancer,49,Female,A,,CUST-11153
Ibrahim Zaki,Technician,48,Female,B,Vehicle,CUST-11154
Heba Adel,Engineer,51,Male,C,Vehicle,CUST-11155
Hoda Abdel-Aziz,Accountant,34,Female,C,,CUST-11156
Nabil Reda,Technician,51,Male,A,Vehicle,CUST-11157
Hamdy Ibrahim,Engineer,25,Female,B,Land,CUST-11158
Bassem Mahmoud,Engineer,54,Female,D,,CUST-11159
Sara Zaki,Teacher,23,Female,C,,CUST-11160
Zaki Zaki,Freelancer,25,Male,C,Land,CUST-11161
Layla Saied,Technician,22,Male,A,,CUST-11162
Nabil Saied,Doctor,47,Male,A,Vehicle,CUST-11163
Bassem El-Sayed,Sales_Rep,42,Female,C,Vehicle,CUST-11164
Mona Saied,Accountant,45,Female,D,,CUST-11165
Nabil Saied,Technician,23,Male,C,Land,CUST-11166
Ibrahim Adel,Freelancer,46,Female,C,Vehicle,CUST-11167
Omar Ghanem,Freelancer,37,Male,A,Vehicle,CUST-11168
Nabil Ghanem,Sales_Rep,54,Male,D,,CUST-11169
Karim Fawzy,Sales_Rep,58,Male,C,,CUST-11170
Heba Saied,Engineer,42,Male,D,,CUST-11171
Mona Ibrahim,Doctor,55,Female,D,Land,CUST-11172
Dina Ibrahim,Freelancer,54,Male,C,,CUST-11173
Bassem Mahmoud,Engineer,33,Female,D,Land,CUST-11174
Heba Ibrahim,Engineer,65,Male,A,Land,CUST-11175
Dina Mansour,Engineer,43,Female,D,Land,CUST-11176
Bassem Kamel,Engineer,56,Female,C,Vehicle,CUST-11177
Heba Zaki,Freelancer,33,Female,C,,CUST-11178
Hamdy Ghanem,Doctor,61,Female,D,,CUST-11179
Hamdy Hassan,Freelancer,47,Female,C,Land,CUST-11180
Wael Saied,Sales_Rep,43,Female,B,,CUST-11181
Zaki Saied,Doctor,37,Male,A,Vehicle,CUST-11182
Nabil Adel,Freelancer,46,Female,B,Vehicle,CUST-11183
Hassan Abdel-Aziz,Sales_Rep,55,Female,A,Land,CUST-11184
Heba Saied,Doctor,38,Female,A,Vehicle,CUST-11185
Mostafa Saied,Technician,59,Male,B,,CUST-11186
Fatma Fawzy,Technician,24,Male,C,Land,CUST-11187
Sherif Hamdy,Technician,62,Female,C,Vehicle,CUST-11188
Hoda Hassan,Teacher,62,Male,C,Land,CUST-11189
Omar Saied,Doctor,57,Female,C,,CUST-11190
Tarek Hassan,Technician,31,Male,C,,CUST-11191
Mohamed Hassan,Sales_Rep,62,Male,D,Vehicle,CUST-11192
Bassem El-Sayed,Doctor,52,Female,D,Land,CUST-11193
Salma Amr,Accountant,25,Male,C,Land,CUST-11194
Hassan Saied,Accountant,49,Male,D,Land,CUST-11195
Karim Ghanem,Accountant,55,Female,B,Vehicle,CUST-11196
Sherif El-Sayed,Sales_Rep,63,Female,A,Vehicle,CUST-11197
Khaled El-Sayed,Technician,59,Female,A,,CUST-11198
Karim Ghanem,Doctor,65,Male,C,Land,CUST-11199
Amira Adel,Engineer,34,Female,B,,CUST-11200
Mostafa Reda,Sales_Rep,45,Male,D,Vehicle,CUST-11201
Fatma Ibrahim,Sales_Rep,29,Female,B,Vehicle,CUST-11202
Fatma Hamdy,Teacher,30,Male,D,Land,CUST-11203
Zaki Zaki,Technician,62,Female,A,,CUST-11204
Dina Mahmoud,Technician,39,Male,B,Vehicle,CUST-11205
Tarek Kamel,Accountant,29,Male,C,Land,CUST-11206
Mahmoud Reda,Sales_Rep,38,Male,C,,CUST-11207
Tarek Saied,Sales_Rep,29,Male,A,,CUST-11208
,Accountant,54,Female,B,Vehicle,CUST-11209
Ibrahim Kamel,Sales_Rep,44,Male,D,Vehicle,CUST-11210
Hassan Nabil,Engineer,29,Female,D,,CUST-11211
Ahmed Hassan,Technician,58,Male,D,Land,CUST-11212
Mostafa Adel,Doctor,61,Male,C,Vehicle,CUST-11213
Mohamed Zaki,Sales_Rep,49,Male,A,Vehicle,CUST-11214
Bassem Ghanem,Teacher,48,Female,C,Land,CUST-11215
Tarek El-Sayed,Doctor,32,Female,D,,CUST-11216
Sara Zaki,Sales_Rep,37,Male,D,Land,CUST-11217
Wael Abdel-Aziz,Sales_Rep,29,Male,C,Vehicle,CUST-11218
Mahmoud Zaki,Accountant,38,Male,D,Land,CUST-11219
Zaki Amr,Freelancer,25,Male,C,Vehicle,CUST-11220
Sherif Mansour,Engineer,50,Female,A,,CUST-11221
Fatma Mansour,Freelancer,58,Male,C,Land,CUST-11222
Ibrahim Mahmoud,Teacher,65,Female,D,,CUST-11223
Ahmed Mahmoud,Technician,60,Male,D,,CUST-11224
Karim Ibrahim,Sales_Rep,28,Male,D,,CUST-11225
Ibrahim Ghanem,Teacher,21,Female,D,,CUST-11226
Salma Abdel-Aziz,Doctor,53,Male,A,Vehicle,CUST-11227
Wael Hassan,Accountant,21,Male,D,Vehicle,CUST-11228
Wael Saied,Technician,47,Male,B,Vehicle,CUST-11229
Hoda Ibrahim,Engineer,62,Male,C,,CUST-11230
Omar Hamdy,Accountant,40,Male,D,,CUST-11231
Ibrahim Mahmoud,Technician,39,Male,D,,CUST-11232
Fatma Nabil,Technician,22,Male,C,Vehicle,CUST-11233
Karim Fawzy,Engineer,21,Female,D,,CUST-11234
Amira Nabil,Teacher,57,Female,C,Land,CUST-11235
Sherif Amr,Engineer,32,Male,C,Vehicle,CUST-11236
Heba Adel,Sales_Rep,25,Female,A,Land,CUST-11237
Salma Fawzy,Freelancer,35,Male,A,Vehicle,CUST-11238
Nabil Hassan,Accountant,40,Male,C,,CUST-11239
Tarek Hamdy,Accountant,40,Female,D,,CUST-11240
Ahmed Mahmoud,Technician,44,Male,D,Vehicle,CUST-11241
Heba El-Sayed,Freelancer,23,Male,A,Land,CUST-11242
Omar Saied,Technician,36,Male,D,Land,CUST-11243
Fatma Saied,Teacher,34,Male,D,Land,CUST-11244
Mahmoud El-Sayed,Doctor,51,Male,B,,CUST-11245
Wael Ghanem,Accountant,52,Male,D,,CUST-11246
Mohamed Amr,Accountant,22,Female,A,,CUST-11247
Hassan Zaki,Freelancer,51,Female,D,,CUST-11248
Bassem Amr,Sales_Rep,22,Female,A,Land,CUST-11249
Mona Ghanem,Engineer,49,Male,D,Vehicle,CUST-11250
Layla Nabil,Freelancer,48,Female,A,Land,CUST-11251
,Doctor,22,Female,A,Vehicle,CUST-11252
Fatma Saied,Technician,43,Male,B,Vehicle,CUST-11253
Hoda Fawzy,Freelancer,52,Male,B,Land,CUST-11254
Sara Zaki,Technician,49,Female,A,Land,CUST-11255
Wael Ibrahim,Engineer,40,Male,B,,CUST-11256
Hamdy Adel,Accountant,39,Female,D,Land,CUST-11257
Hamdy Saied,Doctor,37,Female,C,,CUST-11258
Wael Kamel,Technician,52,Male,D,,CUST-11259
Omar Ghanem,Technician,42,Female,B,,CUST-11260
Dina Ibrahim,Engineer,21,Female,D,Vehicle,CUST-11261
Mahmoud Mansour,Technician,40,Female,C,Vehicle,CUST-11262
Layla Mahmoud,Freelancer,37,Male,A,Vehicle,CUST-11263
Fatma Fawzy,Freelancer,47,Female,D,Land,CUST-11264
Sara Amr,Technician,40,Male,B,Vehicle,CUST-11265
Omar Hamdy,Technician,27,Female,A,Vehicle,CUST-11266
Khaled Ghanem,Technician,21,Female,C,Vehicle,CUST-11267
Mostafa Fawzy,Sales_Rep,34,Female,B,Land,CUST-11268
Bassem Ibrahim,Sales_Rep,27,Female,B,,CUST-11269
Hamdy Zaki,Freelancer,63,Male,D,Vehicle,CUST-11270
Mahmoud Nabil,Teacher,63,Male,A,Land,CUST-11271
Zaki Saied,Engineer,49,Male,B,,CUST-11272
Dina Fawzy,Engineer,48,Male,C,Land,CUST-11273
Zaki Mahmoud,Teacher,39,Male,D,Land,CUST-11274
Karim Abdel-Aziz,Freelancer,32,Male,D,,CUST-11275
Dina Nabil,Doctor,21,Male,C,Vehicle,CUST-11276
Amira Amr,Teacher,26,Female,C,,CUST-11277
Heba Hassan,Doctor,43,Female,D,Vehicle,CUST-11278
Zaki Abdel-Aziz,Engineer,24,Male,D,,CUST-11279
Mostafa Ghanem,Doctor,54,Female,B,Land,CUST-11280
Mahmoud Hassan,Technician,59,Male,B,,CUST-11281
Hassan Kamel,Engineer,55,Male,A,,CUST-11282
Wael Hamdy,Sales_Rep,41,Female,A,,CUST-11283
Heba Reda,Teacher,24,Female,D,Vehicle,CUST-11284
Layla El-Sayed,Engineer,65,Female,C,Land,CUST-11285
Fatma Ghanem,Sales_Rep,31,Male,D,Vehicle,CUST-11286
Nabil Nabil,Technician,54,Male,C,,CUST-11287
Zaki El-Sayed,Freelancer,50,Male,C,Land,CUST-11288
Tarek Hassan,Sales_Rep,62,Male,C,Land,CUST-11289
Zaki Fawzy,Teacher,47,Male,D,Land,CUST-11290
Salma Ibrahim,Accountant,25,Female,A,Land,CUST-11291
,Doctor,61,Male,C,Land,CUST-11292
Mostafa Abdel-Aziz,Freelancer,57,Female,C,Vehicle,CUST-11293
Hamdy Reda,Teacher,64,Female,D,,CUST-11294
Hamdy Hamdy,Teacher,41,Male,A,,CUST-11295
Khaled Amr,Doctor,46,Female,C,Vehicle,CUST-11296
Nabil Abdel-Aziz,Accountant,42,Female,C,Land,CUST-11297
Wael Ghanem,Sales_Rep,28,Female,D,,CUST-11298
Hoda Amr,Sales_Rep,61,Female,A,,CUST-11299
Wael Amr,Sales_Rep,43,Female,B,,CUST-11300
,Sales_Rep,25,Male,A,Land,CUST-11301
Hassan Saied,Doctor,23,Female,A,Vehicle,CUST-11302
Mohamed Hamdy,Sales_Rep,61,Male,A,Vehicle,CUST-11303
Tarek Reda,Freelancer,64,Female,B,,CUST-11304
Ahmed Abdel-Aziz,Accountant,63,Female,B,,CUST-11305
Salma Nabil,Teacher,37,Male,A,Land,CUST-11306
Hamdy Fawzy,Accountant,56,Male,B,Land,CUST-11307
Omar Mahmoud,Sales_Rep,46,Male,B,Land,CUST-11308
Ahmed Mahmoud,Engineer,34,Male,A,Land,CUST-11309
Sara Hamdy,Sales_Rep,63,Male,C,Vehicle,CUST-11310
Amira El-Sayed,Freelancer,54,Female,B,,CUST-11311
Bassem Nabil,Technician,42,Male,D,Land,CUST-11312
Mona Abdel-Aziz,Engineer,38,Male,C,,CUST-11313
Sara Abdel-Aziz,Technician,50,Male,A,,CUST-11314
Mahmoud Ghanem,Freelancer,25,Male,A,Vehicle,CUST-11315
Hamdy El-Sayed,Doctor,58,Male,D,Vehicle,CUST-11316
Karim Zaki,Technician,25,Female,B,Vehicle,CUST-11317
Mostafa Ghanem,Freelancer,48,Male,B,Land,CUST-11318
Zaki El-Sayed,Sales_Rep,48,Male,D,,CUST-11319
Dina Amr,Doctor,64,Male,A,Land,CUST-11320
Omar Ghanem,Doctor,31,Female,A,Land,CUST-11321
Heba Abdel-Aziz,Sales_Rep,31,Male,C,,CUST-11322
Nabil Ghanem,Sales_Rep,37,Male,C,Vehicle,CUST-11323
Sara Saied,Freelancer,26,Male,B,Land,CUST-11324
Mona Adel,Freelancer,29,Male,C,,CUST-11325
Khaled Abdel-Aziz,Freelancer,49,Male,C,,CUST-11326
Omar Abdel-Aziz,Technician,33,Male,D,Vehicle,CUST-11327
Mahmoud El-Sayed,Sales_Rep,36,Male,D,,CUST-11328
Mona Adel,Teacher,38,Male,C,Vehicle,CUST-11329
Mahmoud Mansour,Engineer,36,Female,A,Vehicle,CUST-11330
Fatma Fawzy,Engineer,53,Female,C,Vehicle,CUST-11331
Tarek Kamel,Engineer,55,Male,D,Land,CUST-11332
Zaki Ibrahim,Freelancer,24,Female,C,Vehicle,CUST-11333
Tarek Kamel,Accountant,53,Male,B,Vehicle,CUST-11334
Hamdy Mahmoud,Engineer,32,Male,C,,CUST-11335
Bassem Kamel,Accountant,62,Male,C,Land,CUST-11336
Omar El-Sayed,Doctor,65,Male,C,Land,CUST-11337
Mahmoud Ghanem,Freelancer,30,Male,D,Land,CUST-11338
Karim Kamel,Sales_Rep,44,Male,D,,CUST-11339
Hoda Adel,Engineer,28,Male,A,Vehicle,CUST-11340
Hamdy Hassan,Teacher,55,Female,A,Land,CUST-11341
Karim Nabil,Sales_Rep,54,Male,A,,CUST-11342
Ahmed Adel,Freelancer,63,Male,B,,CUST-11343
,Engineer,25,Male,C,Vehicle,CUST-11344
Tarek Amr,Doctor,32,Male,B,,CUST-11345
Tarek Kamel,Sales_Rep,54,Female,A,Vehicle,CUST-11346
Mohamed Adel,Teacher,34,Female,B,,CUST-11347
Nabil Nabil,Freelancer,48,Female,C,Vehicle,CUST-11348
Hassan Ghanem,Freelancer,23,Male,B,,CUST-11349
Karim Zaki,Doctor,25,Female,B,,CUST-11350
Heba Amr,Technician,48,Female,B,,CUST-11351
Fatma Adel,Teacher,26,Female,C,,CUST-11352
Bassem Fawzy,Technician,40,Female,D,,CUST-11353
Amira Mahmoud,Doctor,27,Male,D,Vehicle,CUST-11354
Amira Mansour,Engineer,21,Female,D,,CUST-11355
Sherif Nabil,Sales_Rep,51,Female,B,Vehicle,CUST-11356
Mohamed Kamel,Teacher,32,Female,A,Vehicle,CUST-11357
Karim Hamdy,Engineer,55,Female,C,,CUST-11358
Karim Abdel-Aziz,Engineer,42,Male,A,Vehicle,CUST-11359
Ahmed Ibrahim,Sales_Rep,60,Male,B,Vehicle,CUST-11360
Nabil Zaki,Teacher,39,Male,D,Vehicle,CUST-11361
Hoda Ibrahim,Technician,51,Female,D,,CUST-11362
Heba Abdel-Aziz,Doctor,30,Male,D,Land,CUST-11363
Salma Hamdy,Doctor,58,Male,C,,CUST-11364
Sara Ghanem,Sales_Rep,57,Male,D,,CUST-11365
Ibrahim Fawzy,Doctor,25,Male,A,Vehicle,CUST-11366
Khaled Fawzy,Accountant,40,Male,A,Vehicle,CUST-11367
Dina Amr,Teacher,38,Male,B,,CUST-11368
Sherif Nabil,Teacher,22,Female,B,Land,CUST-11369
Sherif Nabil,Freelancer,28,Female,C,,CUST-11370
Mohamed Ghanem,Sales_Rep,60,Female,A,Land,CUST-11371
Mahmoud Saied,Freelancer,28,Male,B,,CUST-11372
Layla Ghanem,Accountant,25,Male,B,Land,CUST-11373
Zaki Mahmoud,Engineer,35,Female,C,,CUST-11374
Ahmed Ghanem,Technician,43,Male,C,Land,CUST-11375
Heba Adel,Freelancer,27,Male,A,Land,CUST-11376
Sara Abdel-Aziz,Doctor,52,Male,B,Land,CUST-11377
Ahmed Ghanem,Accountant,65,Female,D,Vehicle,CUST-11378
Mohamed Zaki,Doctor,28,Female,C,,CUST-11379
Amira Amr,Teacher,28,Male,A,,CUST-11380
Ibrahim El-Sayed,Technician,63,Male,D,,CUST-11381
Bassem Hassan,Technician,48,Male,A,Land,CUST-11382
Ahmed Fawzy,Accountant,33,Male,B,,CUST-11383
Amira Ghanem,Technician,21,Male,C,Vehicle,CUST-11384
Hoda Amr,Engineer,57,Female,D,,CUST-11385
Mohamed Zaki,Sales_Rep,42,Female,A,Land,CUST-11386
Mohamed Fawzy,Doctor,33,Female,D,,CUST-11387
Ahmed Amr,Teacher,31,Female,B,Vehicle,CUST-11388
Sherif Reda,Teacher,61,Male,D,Vehicle,CUST-11389
Hoda Saied,Accountant,31,Male,C,,CUST-11390
Sherif Ibrahim,Doctor,24,Female,A,,CUST-11391
Layla Kamel,Doctor,32,Male,C,,CUST-11392
Heba Mansour,Doctor,47,Male,C,Land,CUST-11393
Mahmoud Saied,Engineer,39,Female,B,,CUST-11394
Bassem Hamdy,Engineer,49,Male,D,Land,CUST-11395
Sara Amr,Freelancer,30,Male,A,,CUST-11396
Tarek Zaki,Freelancer,41,Male,C,Land,CUST-11397
Fatma Hassan,Technician,62,Female,A,Vehicle,CUST-11398
Dina Mahmoud,Teacher,38,Female,A,,CUST-11399
Mona Kamel,Engineer,29,Male,D,Land,CUST-11400
Bassem Mansour,Engineer,51,Male,D,Land,CUST-11401
Hoda Hassan,Teacher,50,Male,A,,CUST-11402
Hoda Zaki,Teacher,24,Male,D,,CUST-11403
Layla Hamdy,Accountant,43,Male,A,Land,CUST-11404
Mahmoud Fawzy,Sales_Rep,23,Female,C,Vehicle,CUST-11405
Fatma Mansour,Teacher,56,Female,C,Vehicle,CUST-11406
Hassan Mansour,Accountant,58,Male,C,Vehicle,CUST-11407
Ahmed Nabil,Technician,42,Female,D,Land,CUST-11408
,Technician,44,Male,C,Vehicle,CUST-11409
Mona Mahmoud,Engineer,42,Male,C,,CUST-11410
Heba Abdel-Aziz,Accountant,50,Female,A,,CUST-11411
Zaki Ibrahim,Freelancer,64,Female,A,Land,CUST-11412
Wael Ibrahim,Freelancer,28,Female,B,Land,CUST-11413
Mona Nabil,Freelancer,34,Female,C,Vehicle,CUST-11414
Nabil Adel,Technician,51,Male,B,Land,CUST-11415
Khaled Abdel-Aziz,Accountant,36,Female,D,Vehicle,CUST-11416
Bassem Hamdy,Freelancer,36,Female,A,,CUST-11417
Mostafa Mahmoud,Teacher,43,Female,B,Vehicle,CUST-11418
,Accountant,64,Female,B,Vehicle,CUST-11419
Wael Ibrahim,Doctor,60,Male,C,,CUST-11420
Layla Kamel,Accountant,38,Female,C,Land,CUST-11421
Tarek Mahmoud,Engineer,26,Male,D,,CUST-11422
Omar Zaki,Sales_Rep,46,Female,D,,CUST-11423
Salma Kamel,Engineer,40,Female,C,,CUST-11424
Ahmed El-Sayed,Technician,60,Male,B,,CUST-11425
Hoda Adel,Engineer,34,Male,D,Land,CUST-11426
Amira Saied,Freelancer,39,Female,A,,CUST-11427
Zaki Abdel-Aziz,Teacher,23,Male,A,,CUST-11428
Wael Zaki,Accountant,64,Female,B,Land,CUST-11429
Dina Hamdy,Engineer,59,Female,C,Land,CUST-11430
Fatma Ghanem,Engineer,60,Female,D,Land,CUST-11431
Dina Hamdy,Engineer,60,Male,D,Vehicle,CUST-11432
Sherif Saied,Technician,39,Female,A,Land,CUST-11433
Ibrahim Fawzy,Freelancer,22,Male,C,,CUST-11434
Mahmoud Kamel,Teacher,42,Male,B,Vehicle,CUST-11435
,Freelancer,47,Female,A,,CUST-11436
Hassan Reda,Engineer,65,Male,C,Vehicle,CUST-11437
Fatma Mansour,Teacher,32,Male,C,Land,CUST-11438
Mona Adel,Teacher,48,Male,D,,CUST-11439
Mostafa Kamel,Accountant,43,Male,C,Vehicle,CUST-11440
Mostafa Hamdy,Doctor,60,Female,C,,CUST-11441
Hoda Abdel-Aziz,Technician,23,Male,A,Land,CUST-11442
Hamdy Nabil,Engineer,46,Female,B,Land,CUST-11443
Bassem Nabil,Accountant,47,Male,B,Land,CUST-11444
Amira Kamel,Sales_Rep,63,Male,A,Land,CUST-11445
Heba Saied,Technician,62,Female,D,,CUST-11446
Hamdy Nabil,Technician,48,Female,A,Vehicle,CUST-11447
Layla Fawzy,Freelancer,27,Male,C,Vehicle,CUST-11448
Hamdy Hassan,Freelancer,63,Male,D,Vehicle,CUST-11449
Hamdy Reda,Teacher,50,Female,C,Vehicle,CUST-11450
Fatma Ghanem,Accountant,34,Female,C,Vehicle,CUST-11451
Sherif Ghanem,Doctor,52,Female,D,,CUST-11452
Dina Amr,Accountant,62,Male,B,Vehicle,CUST-11453
Sherif Mansour,Freelancer,53,Male,D,Land,CUST-11454
Dina Nabil,Engineer,59,Female,D,Vehicle,CUST-11455
Amira Ghanem,Accountant,45,Male,D,Vehicle,CUST-11456
Layla Saied,Sales_Rep,47,Male,B,Vehicle,CUST-11457
Dina Amr,Accountant,36,Male,A,Vehicle,CUST-11458
Ahmed El-Sayed,Doctor,36,Female,C,Land,CUST-11459
Mohamed Zaki,Sales_Rep,23,Male,D,Vehicle,CUST-11460
,Technician,62,Male,D,Land,CUST-11461
Hoda Kamel,Technician,56,Female,A,Vehicle,CUST-11462
Sara Kamel,Accountant,30,Female,D,Vehicle,CUST-11463
Hassan Hamdy,Technician,39,Male,B,Vehicle,CUST-11464
Mohamed Ibrahim,Sales_Rep,61,Female,A,Land,CUST-11465
Omar Ibrahim,Engineer,35,Male,D,Vehicle,CUST-11466
Karim Zaki,Freelancer,27,Female,A,Vehicle,CUST-11467
Dina Amr,Doctor,60,Male,C,,CUST-11468
Hassan Amr,Teacher,60,Female,D,Vehicle,CUST-11469
Wael Amr,Sales_Rep,26,Male,A,,CUST-11470
Layla Fawzy,Teacher,46,Male,D,Land,CUST-11471
Bassem Hamdy,Doctor,41,Female,C,Land,CUST-11472
Dina Reda,Engineer,48,Female,B,,CUST-11473
Hamdy Hamdy,Teacher,65,Female,A,Land,CUST-11474
Hoda Hamdy,Sales_Rep,60,Male,C,Land,CUST-11475
,Freelancer,52,Female,D,,CUST-11476
Hassan Fawzy,Accountant,48,Male,C,,CUST-11477
Heba El-Sayed,Engineer,48,Female,C,,CUST-11478
Mostafa Amr,Sales_Rep,62,Female,D,Vehicle,CUST-11479
Nabil Kamel,Technician,44,Female,D,,CUST-11480
Salma Hassan,Teacher,29,Male,D,,CUST-11481
Mahmoud Nabil,Teacher,55,Male,A,Vehicle,CUST-11482
Hassan Hassan,Doctor,48,Male,C,,CUST-11483
Sherif Ibrahim,Teacher,26,Male,B,Land,CUST-11484
,Freelancer,55,Male,C,Land,CUST-11485
Bassem Ghanem,Teacher,52,Male,B,,CUST-11486
Bassem Fawzy,Accountant,64,Male,B,Vehicle,CUST-11487
Salma Mahmoud,Freelancer,42,Female,B,Land,CUST-11488
Heba Mansour,Sales_Rep,34,Female,C,,CUST-11489
Hassan Ghanem,Doctor,36,Female,C,Land,CUST-11490
Ahmed Abdel-Aziz,Freelancer,53,Male,B,Vehicle,CUST-11491
Ibrahim Amr,Technician,23,Male,A,Land,CUST-11492
Sara Fawzy,Accountant,60,Male,C,Vehicle,CUST-11493
Hoda Abdel-Aziz,Sales_Rep,54,Male,C,Land,CUST-11494
Tarek Mahmoud,Teacher,38,Male,C,Land,CUST-11495
Tarek Abdel-Aziz,Sales_Rep,64,Female,D,Vehicle,CUST-11496
Nabil Nabil,Doctor,63,Male,B,Vehicle,CUST-11497
Tarek Abdel-Aziz,Accountant,26,Female,A,Vehicle,CUST-11498
Hamdy Fawzy,Sales_Rep,40,Female,B,Vehicle,CUST-11499
Hoda Mansour,Engineer,25,Female,B,,CUST-11500
Sara Mansour,Accountant,52,Female,B,,CUST-11501
Sherif Ghanem,Accountant,37,Male,C,Land,CUST-11502
Nabil Zaki,Teacher,63,Male,A,,CUST-11503
Salma Nabil,Sales_Rep,57,Male,A,Land,CUST-11504
Amira Saied,Technician,23,Female,B,Vehicle,CUST-11505
Ibrahim Abdel-Aziz,Teacher,21,Female,D,Vehicle,CUST-11506
Fatma El-Sayed,Doctor,42,Male,C,Vehicle,CUST-11507
Bassem Amr,Engineer,41,Male,C,Vehicle,CUST-11508
Mohamed Zaki,Technician,51,Female,A,Vehicle,CUST-11509
Wael Ghanem,Teacher,56,Male,A,,CUST-11510
Mohamed Kamel,Accountant,25,Male,C,Land,CUST-11511
Hassan El-Sayed,Accountant,65,Female,C,Vehicle,CUST-11512
Mona Hassan,Engineer,62,Female,D,Vehicle,CUST-11513
Khaled Hassan,Freelancer,31,Male,C,Land,CUST-11514
Mona Fawzy,Doctor,63,Male,A,Vehicle,CUST-11515
Ahmed Fawzy,Sales_Rep,37,Male,A,Land,CUST-11516
Ibrahim Adel,Engineer,32,Male,D,,CUST-11517
Sara Kamel,Sales_Rep,44,Female,B,Land,CUST-11518
Wael Saied,Freelancer,46,Female,C,Vehicle,CUST-11519
Nabil Saied,Engineer,36,Male,A,Vehicle,CUST-11520
Mona Abdel-Aziz,Teacher,28,Female,B,,CUST-11521
Ibrahim Mahmoud,Engineer,33,Male,B,Vehicle,CUST-11522
Bassem Ibrahim,Doctor,44,Female,A,,CUST-11523
Ibrahim Mansour,Sales_Rep,23,Female,A,Vehicle,CUST-11524
Sara Kamel,Sales_Rep,24,Female,B,,CUST-11525
Layla Reda,Technician,49,Male,C,Land,CUST-11526
Zaki El-Sayed,Accountant,58,Female,A,Vehicle,CUST-11527
Mohamed Reda,Freelancer,36,Male,B,,CUST-11528
Hoda Zaki,Teacher,29,Male,C,Land,CUST-11529
Amira Fawzy,Technician,50,Female,D,Vehicle,CUST-11530
Ahmed Zaki,Doctor,36,Male,A,Land,CUST-11531
Ibrahim Amr,Sales_Rep,28,Male,B,Vehicle,CUST-11532
Bassem Ibrahim,Doctor,22,Male,A,Vehicle,CUST-11533
Mona Saied,Technician,49,Female,A,Vehicle,CUST-11534
Karim El-Sayed,Engineer,56,Female,B,Vehicle,CUST-11535
Omar Zaki,Engineer,61,Female,D,,CUST-11536
Mona Adel,Technician,49,Female,C,Vehicle,CUST-11537
Nabil Ghanem,Technician,23,Female,B,Vehicle,CUST-11538
Layla Saied,Sales_Rep,25,Female,C,Vehicle,CUST-11539
Ahmed Adel,Technician,29,Female,B,,CUST-11540
Zaki Ibrahim,Sales_Rep,31,Female,C,Land,CUST-11541
Salma Saied,Sales_Rep,27,Female,A,Vehicle,CUST-11542
Wael Ibrahim,Engineer,37,Female,D,,CUST-11543
Wael Adel,Engineer,63,Male,D,Vehicle,CUST-11544
Mona Ibrahim,Sales_Rep,33,Male,A,Land,CUST-11545
Hamdy Abdel-Aziz,Doctor,46,Female,B,Vehicle,CUST-11546
Karim El-Sayed,Teacher,62,Female,D,Vehicle,CUST-11547
Hoda Kamel,Sales_Rep,56,Female,C,,CUST-11548
Hoda Abdel-Aziz,Sales_Rep,28,Male,C,Vehicle,CUST-11549
Amira Adel,Sales_Rep,41,Female,D,Vehicle,CUST-11550
Dina Saied,Engineer,28,Male,D,,CUST-11551
Nabil Ghanem,Engineer,33,Female,B,,CUST-11552
Sherif Fawzy,Engineer,59,Female,C,Vehicle,CUST-11553
Dina Kamel,Accountant,65,Male,A,Vehicle,CUST-11554
Heba Adel,Teacher,50,Male,D,,CUST-11555
Karim Mahmoud,Sales_Rep,32,Male,D,Vehicle,CUST-11556
Mona Kamel,Sales_Rep,33,Female,A,Land,CUST-11557
Tarek Ibrahim,Technician,57,Female,D,,CUST-11558
Hamdy Reda,Accountant,28,Male,C,Land,CUST-11559
Zaki Mansour,Doctor,58,Female,A,Land,CUST-11560
Salma Amr,Sales_Rep,33,Female,B,Land,CUST-11561
Heba Hamdy,Sales_Rep,47,Male,D,,CUST-11562
Hoda Mansour,Freelancer,26,Female,D,Vehicle,CUST-11563
Hamdy Saied,Engineer,64,Female,C,Vehicle,CUST-11564
Sara Ghanem,Doctor,34,Male,C,Land,CUST-11565
Hamdy Ghanem,Teacher,59,Female,C,Vehicle,CUST-11566
Hassan Ibrahim,Technician,37,Female,C,,CUST-11567
Bassem Fawzy,Technician,30,Female,C,Land,CUST-11568
Hassan Abdel-Aziz,Accountant,41,Female,B,Land,CUST-11569
Salma Adel,Doctor,38,Female,D,Vehicle,CUST-11570
Mona Amr,Engineer,34,Female,C,Vehicle,CUST-11571
Omar Zaki,Accountant,42,Female,A,Vehicle,CUST-11572
Omar Nabil,Freelancer,62,Male,C,Land,CUST-11573
Sherif Hamdy,Teacher,36,Female,B,Land,CUST-11574
Khaled Mansour,Technician,41,Female,C,,CUST-11575
Omar Saied,Engineer,39,Female,B,Land,CUST-11576
Sherif Ibrahim,Freelancer,24,Male,B,Land,CUST-11577
Wael Hassan,Doctor,21,Female,D,,CUST-11578
Layla Saied,Technician,22,Male,B,Vehicle,CUST-11579
Sara Kamel,Accountant,21,Male,D,,CUST-11580
Tarek Amr,Accountant,37,Male,A,Land,CUST-11581
Mohamed Ghanem,Freelancer,55,Male,C,,CUST-11582
Sherif Fawzy,Doctor,37,Male,C,Land,CUST-11583
Mostafa Hassan,Freelancer,26,Female,B,Land,CUST-11584
Ibrahim Mahmoud,Teacher,36,Female,A,Land,CUST-11585
Dina Hamdy,Doctor,21,Male,C,Land,CUST-11586
Amira Reda,Doctor,57,Female,B,Vehicle,CUST-11587
Mahmoud Fawzy,Accountant,41,Male,D,Land,CUST-11588
Wael Zaki,Teacher,56,Male,A,,CUST-11589
Mahmoud Zaki,Engineer,61,Female,A,Vehicle,CUST-11590
Hassan Abdel-Aziz,Freelancer,34,Male,C,Vehicle,CUST-11591
Mahmoud Hassan,Sales_Rep,33,Male,B,,CUST-11592
Salma Hassan,Accountant,55,Female,C,Vehicle,CUST-11593
Omar Ghanem,Accountant,54,Female,A,Vehicle,CUST-11594
Tarek Amr,Sales_Rep,36,Male,C,Vehicle,CUST-11595
Mahmoud Ibrahim,Engineer,26,Male,B,Vehicle,CUST-11596
Sherif Reda,Doctor,63,Female,A,Land,CUST-11597
Heba Saied,Doctor,21,Male,D,Vehicle,CUST-11598
Heba El-Sayed,Doctor,31,Female,B,Vehicle,CUST-11599
Amira Ibrahim,Teacher,47,Male,C,,CUST-11600
Amira Ghanem,Freelancer,22,Female,B,Vehicle,CUST-11601
Ibrahim Mansour,Technician,51,Female,D,Vehicle,CUST-11602
Tarek El-Sayed,Freelancer,45,Male,B,Vehicle,CUST-11603
Hamdy Kamel,Sales_Rep,23,Female,D,,CUST-11604
Layla Mansour,Teacher,61,Female,A,Land,CUST-11605
Ahmed Ghanem,Accountant,29,Female,A,,CUST-11606
Mahmoud Reda,Accountant,28,Male,B,,CUST-11607
Mohamed El-Sayed,Engineer,36,Female,B,Vehicle,CUST-11608
Dina Ibrahim,Engineer,21,Male,C,Vehicle,CUST-11609
,Sales_Rep,33,Male,D,,CUST-11610
Hamdy El-Sayed,Engineer,60,Female,B,Land,CUST-11611
Hamdy El-Sayed,Accountant,62,Male,D,,CUST-11612
Bassem Ibrahim,Accountant,32,Female,D,Vehicle,CUST-11613
Mahmoud Saied,Teacher,30,Male,B,Land,CUST-11614
,Sales_Rep,60,Male,C,,CUST-11615
Omar Amr,Sales_Rep,30,Female,D,Vehicle,CUST-11616
Layla Reda,Accountant,55,Female,A,,CUST-11617
Fatma Nabil,Teacher,55,Male,C,,CUST-11618
Zaki Abdel-Aziz,Doctor,23,Female,D,,CUST-11619
Amira Kamel,Technician,21,Female,A,Vehicle,CUST-11620
Hamdy Fawzy,Sales_Rep,24,Female,B,Land,CUST-11621
Mostafa Ibrahim,Sales_Rep,61,Female,C,Vehicle,CUST-11622
Khaled Saied,Teacher,55,Male,D,Vehicle,CUST-11623
Sherif Hamdy,Accountant,35,Female,B,Vehicle,CUST-11624
,Teacher,27,Male,D,Land,CUST-11625
Heba Reda,Doctor,63,Male,A,Vehicle,CUST-11626
Salma Ghanem,Technician,49,Female,B,Vehicle,CUST-11627
Mostafa Fawzy,Doctor,37,Female,B,,CUST-11628
Hamdy Zaki,Technician,49,Male,C,Land,CUST-11629
,Accountant,49,Female,A,,CUST-11630
Zaki Fawzy,Teacher,33,Female,C,,CUST-11631
Hassan Mansour,Doctor,41,Female,D,,CUST-11632
Layla Ibrahim,Engineer,56,Male,D,Vehicle,CUST-11633
Karim Ibrahim,Engineer,24,Female,B,Vehicle,CUST-11634
Amira Nabil,Engineer,62,Male,B,,CUST-11635
Wael Reda,Freelancer,47,Male,D,,CUST-11636
Mohamed Mahmoud,Sales_Rep,40,Female,D,Land,CUST-11637
Khaled Adel,Teacher,50,Male,B,,CUST-11638
Sherif Saied,Accountant,27,Female,C,,CUST-11639
Layla Ibrahim,Freelancer,64,Male,D,Land,CUST-11640
Ibrahim Saied,Technician,35,Female,C,Land,CUST-11641
Khaled Mahmoud,Doctor,45,Female,C,Vehicle,CUST-11642
Sara Amr,Technician,22,Male,A,Land,CUST-11643
Ibrahim Ibrahim,Technician,60,Male,B,Vehicle,CUST-11644
Zaki Reda,Teacher,49,Female,C,Vehicle,CUST-11645
Khaled El-Sayed,Freelancer,37,Male,C,,CUST-11646
Nabil Nabil,Engineer,51,Male,B,Land,CUST-11647
Mahmoud Amr,Sales_Rep,45,Male,C,Vehicle,CUST-11648
Ibrahim Mahmoud,Teacher,31,Female,A,Vehicle,CUST-11649
Khaled Mahmoud,Engineer,33,Female,A,,CUST-11650
Dina El-Sayed,Sales_Rep,59,Female,A,Land,CUST-11651
Mohamed Nabil,Doctor,61,Female,A,,CUST-11652
Hoda Adel,Doctor,24,Female,D,Land,CUST-11653
Salma Amr,Technician,22,Female,C,,CUST-11654
Hamdy Adel,Freelancer,65,Female,A,Vehicle,CUST-11655
Ibrahim Mansour,Technician,57,Male,A,Vehicle,CUST-11656
Nabil Reda,Accountant,24,Female,A,Land,CUST-11657
Karim Fawzy,Technician,31,Male,D,,CUST-11658
Hoda Hamdy,Freelancer,32,Female,D,Land,CUST-11659
Dina Adel,Accountant,58,Male,C,Vehicle,CUST-11660
Hoda Mahmoud,Sales_Rep,45,Male,A,Land,CUST-11661
Salma Hamdy,Doctor,47,Female,D,Vehicle,CUST-11662
Karim Hassan,Sales_Rep,43,Male,B,Vehicle,CUST-11663
Mohamed Kamel,Sales_Rep,53,Female,B,,CUST-11664
Ahmed Saied,Accountant,30,Male,D,Land,CUST-11665
Khaled Abdel-Aziz,Teacher,58,Male,C,Vehicle,CUST-11666
Khaled Ghanem,Technician,54,Female,D,Vehicle,CUST-11667
,Technician,40,Female,B,Vehicle,CUST-11668
Ahmed Adel,Accountant,33,Male,D,,CUST-11669
Mohamed El-Sayed,Teacher,29,Male,B,,CUST-11670
,Engineer,36,Male,B,Vehicle,CUST-11671
Layla Hamdy,Technician,58,Female,A,Vehicle,CUST-11672
Heba Ibrahim,Sales_Rep,28,Female,D,Land,CUST-11673
Mohamed Fawzy,Freelancer,41,Female,A,,CUST-11674
Dina Hamdy,Technician,59,Male,A,Vehicle,CUST-11675
Khaled Mansour,Sales_Rep,49,Male,B,Land,CUST-11676
Ahmed Hamdy,Doctor,21,Female,A,Vehicle,CUST-11677
Ahmed Abdel-Aziz,Engineer,31,Female,B,,CUST-11678
Heba Amr,Engineer,57,Female,A,Vehicle,CUST-11679
Sara El-Sayed,Freelancer,62,Male,B,Land,CUST-11680
Ahmed Fawzy,Freelancer,64,Male,C,,CUST-11681
Wael Fawzy,Teacher,52,Male,C,,CUST-11682
Karim Zaki,Teacher,25,Female,C,,CUST-11683
Mahmoud Adel,Teacher,37,Male,C,,CUST-11684
Karim Adel,Teacher,35,Female,D,Vehicle,CUST-11685
Salma Hassan,Teacher,44,Female,C,,CUST-11686
Mohamed Abdel-Aziz,Freelancer,59,Male,D,Vehicle,CUST-11687
Wael Kamel,Sales_Rep,52,Female,A,Vehicle,CUST-11688
Amira Amr,Sales_Rep,63,Female,B,Vehicle,CUST-11689
Ahmed Zaki,Freelancer,51,Male,D,,CUST-11690
Heba Saied,Accountant,56,Female,D,Land,CUST-11691
Mona Zaki,Teacher,63,Female,C,,CUST-11692
Fatma Zaki,Engineer,26,Female,D,,CUST-11693
Fatma Amr,Teacher,37,Female,D,Vehicle,CUST-11694
Fatma Mansour,Doctor,40,Male,B,Land,CUST-11695
Omar Hamdy,Sales_Rep,61,Male,A,Vehicle,CUST-11696
Ahmed Adel,Freelancer,55,Male,A,Land,CUST-11697
Sherif Fawzy,Sales_Rep,60,Female,C,,CUST-11698
Mostafa Hamdy,Accountant,44,Female,A,,CUST-11699
Hassan Amr,Engineer,61,Female,C,,CUST-11700
,Teacher,49,Female,B,Vehicle,CUST-11701
Wael Abdel-Aziz,Teacher,60,Female,B,,CUST-11702
Sherif Ibrahim,Teacher,42,Female,D,Land,CUST-11703
Sherif Kamel,Sales_Rep,25,Female,A,Land,CUST-11704
Zaki Reda,Technician,27,Female,B,Land,CUST-11705
Ahmed Ibrahim,Doctor,33,Female,C,Land,CUST-11706
Mahmoud El-Sayed,Technician,46,Male,D,,CUST-11707
Ahmed Mansour,Accountant,49,Female,B,,CUST-11708
Sherif Ghanem,Teacher,21,Male,A,Vehicle,CUST-11709
Mohamed Abdel-Aziz,Sales_Rep,27,Female,D,Vehicle,CUST-11710
Omar Amr,Freelancer,33,Male,C,Land,CUST-11711
Dina Zaki,Freelancer,43,Female,C,,CUST-11712
Bassem Adel,Sales_Rep,59,Male,C,Vehicle,CUST-11713
Amira Reda,Freelancer,54,Male,C,Vehicle,CUST-11714
Wael Saied,Sales_Rep,62,Female,B,Land,CUST-11715
Hassan El-Sayed,Freelancer,52,Male,A,Vehicle,CUST-11716
Zaki Reda,Technician,54,Female,A,,CUST-11717
Sherif Hassan,Freelancer,22,Male,A,,CUST-11718
Layla Zaki,Engineer,57,Male,D,Land,CUST-11719
Hamdy Zaki,Accountant,22,Male,D,Land,CUST-11720
Karim Hassan,Accountant,22,Male,D,Vehicle,CUST-11721
Tarek Saied,Sales_Rep,39,Female,A,,CUST-11722
Nabil Saied,Accountant,41,Male,C,Land,CUST-11723
Sara Hassan,Teacher,58,Female,C,Land,CUST-11724
Fatma Kamel,Engineer,57,Male,A,,CUST-11725
,Sales_Rep,51,Female,D,Land,CUST-11726
Hamdy Zaki,Sales_Rep,36,Male,B,Vehicle,CUST-11727
Ahmed Ibrahim,Accountant,29,Male,D,Vehicle,CUST-11728
Khaled Ibrahim,Engineer,46,Female,A,Vehicle,CUST-11729
Mahmoud Mansour,Doctor,40,Male,C,,CUST-11730
Bassem Hassan,Freelancer,52,Male,C,Land,CUST-11731
,Accountant,52,Female,C,,CUST-11732
Sara Mansour,Freelancer,22,Male,B,Vehicle,CUST-11733
Mona Adel,Doctor,23,Female,C,Land,CUST-11734
Omar Hamdy,Accountant,54,Female,D,Vehicle,CUST-11735
Dina Reda,Accountant,50,Male,D,Vehicle,CUST-11736
Zaki Fawzy,Freelancer,31,Male,D,,CUST-11737
Sara Hassan,Technician,25,Female,C,Vehicle,CUST-11738
Mostafa Zaki,Accountant,30,Male,D,,CUST-11739
Fatma Ghanem,Engineer,30,Male,D,,CUST-11740
Hoda Abdel-Aziz,Teacher,24,Female,C,Land,CUST-11741
Mona Reda,Engineer,63,Male,C,Land,CUST-11742
Dina Ghanem,Technician,52,Male,D,Land,CUST-11743
Sara Kamel,Freelancer,40,Female,A,Land,CUST-11744
Zaki Hamdy,Doctor,47,Male,A,Land,CUST-11745
Mahmoud Saied,Accountant,46,Male,C,Land,CUST-11746
Tarek Saied,Engineer,24,Male,B,Vehicle,CUST-11747
Nabil Hassan,Engineer,59,Male,B,Land,CUST-11748
Hassan Hamdy,Engineer,47,Male,B,,CUST-11749
Sherif Mahmoud,Teacher,55,Female,B,Land,CUST-11750
Omar Mansour,Sales_Rep,30,Female,C,Land,CUST-11751
,Technician,44,Female,C,Land,CUST-11752
Dina Hamdy,Sales_Rep,48,Male,D,,CUST-11753
,Teacher,22,Male,A,,CUST-11754
Tarek Reda,Accountant,54,Female,A,Land,CUST-11755
Mohamed Fawzy,Engineer,44,Male,A,Vehicle,CUST-11756
Amira Adel,Accountant,57,Female,B,Vehicle,CUST-11757
Omar Ibrahim,Sales_Rep,33,Male,D,Land,CUST-11758
Bassem Hassan,Technician,24,Female,D,Land,CUST-11759
Tarek Hassan,Doctor,26,Female,B,Vehicle,CUST-11760
Bassem Nabil,Doctor,39,Male,C,Land,CUST-11761
Karim Mansour,Teacher,34,Male,A,Land,CUST-11762
Amira Mahmoud,Accountant,29,Female,B,,CUST-11763
,Freelancer,58,Male,B,Vehicle,CUST-11764
Sara Hamdy,Sales_Rep,65,Female,D,Land,CUST-11765
Omar Kamel,Sales_Rep,54,Male,D,Vehicle,CUST-11766
Salma Ghanem,Freelancer,46,Male,C,Vehicle,CUST-11767
Amira Ghanem,Doctor,40,Male,B,Vehicle,CUST-11768
Layla Adel,Freelancer,57,Female,B,Vehicle,CUST-11769
Layla El-Sayed,Sales_Rep,49,Female,B,Land,CUST-11770
Khaled Hassan,Doctor,57,Female,A,,CUST-11771
Fatma Fawzy,Engineer,49,Female,B,,CUST-11772
Layla Ibrahim,Doctor,31,Female,A,Vehicle,CUST-11773
Mostafa El-Sayed,Doctor,40,Male,C,Land,CUST-11774
Wael Abdel-Aziz,Engineer,61,Male,D,Land,CUST-11775
Mahmoud Hamdy,Doctor,33,Male,C,,CUST-11776
Bassem Zaki,Teacher,58,Male,A,Vehicle,CUST-11777
Sara Ibrahim,Engineer,64,Male,B,Land,CUST-11778
Hassan Hassan,Sales_Rep,53,Male,B,,CUST-11779
Sara Hassan,Accountant,43,Male,C,Vehicle,CUST-11780
Nabil Nabil,Technician,32,Female,C,,CUST-11781
Ahmed Fawzy,Engineer,48,Male,D,Vehicle,CUST-11782
Layla Ibrahim,Engineer,54,Male,D,Vehicle,CUST-11783
Mahmoud Adel,Engineer,28,Male,D,Vehicle,CUST-11784
Nabil Fawzy,Sales_Rep,44,Male,D,Vehicle,CUST-11785
Tarek Nabil,Technician,63,Male,D,Vehicle,CUST-11786
Hoda Mansour,Technician,56,Female,C,Vehicle,CUST-11787
Mahmoud Zaki,Sales_Rep,35,Male,B,,CUST-11788
Sherif Hassan,Doctor,54,Female,D,,CUST-11789
Nabil Abdel-Aziz,Engineer,43,Male,B,Vehicle,CUST-11790
,Sales_Rep,36,Female,D,,CUST-11791
Zaki Ghanem,Doctor,48,Male,C,Vehicle,CUST-11792
Hoda Hassan,Technician,28,Male,D,Vehicle,CUST-11793
Layla Amr,Doctor,54,Female,A,Land,CUST-11794
Mahmoud Ghanem,Accountant,33,Male,B,,CUST-11795
Heba Kamel,Freelancer,45,Male,A,Vehicle,CUST-11796
Mohamed Amr,Engineer,21,Female,D,,CUST-11797
Wael Reda,Teacher,26,Male,D,Vehicle,CUST-11798
Amira Mahmoud,Accountant,34,Male,A,Land,CUST-11799
Mohamed Mansour,Sales_Rep,64,Male,A,,CUST-11800
Salma Mansour,Freelancer,63,Female,C,Land,CUST-11801
Tarek Ibrahim,Technician,37,Female,D,Vehicle,CUST-11802
Zaki Adel,Teacher,41,Male,D,Land,CUST-11803
Dina Ibrahim,Engineer,44,Female,A,Vehicle,CUST-11804
Mahmoud Adel,Technician,58,Female,A,Land,CUST-11805
Salma Saied,Technician,49,Female,B,,CUST-11806
Wael Reda,Teacher,24,Male,D,,CUST-11807
Tarek Abdel-Aziz,Teacher,59,Male,C,Land,CUST-11808
Tarek Fawzy,Doctor,56,Male,C,Land,CUST-11809
Mahmoud Ibrahim,Accountant,23,Female,B,Vehicle,CUST-11810
Amira Abdel-Aziz,Freelancer,60,Male,D,,CUST-11811
Khaled Mahmoud,Technician,37,Female,B,,CUST-11812
Ibrahim Mansour,Teacher,26,Male,B,,CUST-11813
Layla Mansour,Teacher,34,Female,A,,CUST-11814
,Doctor,38,Male,B,Land,CUST-11815
Hassan Mahmoud,Doctor,27,Male,B,,CUST-11816
Ibrahim Hassan,Technician,55,Male,C,,CUST-11817
Salma Fawzy,Teacher,50,Female,C,Land,CUST-11818
Mohamed Mahmoud,Engineer,45,Male,C,Land,CUST-11819
Omar Adel,Freelancer,23,Female,D,Vehicle,CUST-11820
Sara Fawzy,Engineer,47,Male,A,Land,CUST-11821
,Technician,62,Female,D,,CUST-11822
Khaled Abdel-Aziz,Engineer,29,Female,A,Land,CUST-11823
Khaled Zaki,Freelancer,33,Female,D,Land,CUST-11824
Hassan Adel,Freelancer,22,Female,C,Land,CUST-11825
Khaled Amr,Accountant,49,Female,C,,CUST-11826
Tarek Reda,Technician,34,Female,C,Land,CUST-11827
Khaled Mahmoud,Accountant,32,Male,D,Vehicle,CUST-11828
Hoda Ghanem,Engineer,48,Female,C,,CUST-11829
Sherif Zaki,Accountant,64,Female,B,Land,CUST-11830
Ibrahim Reda,Sales_Rep,44,Male,A,Vehicle,CUST-11831
Hassan Mansour,Doctor,28,Male,D,Vehicle,CUST-11832
Tarek Hassan,Doctor,41,Female,D,,CUST-11833
Hassan Abdel-Aziz,Accountant,29,Male,D,Land,CUST-11834
Mahmoud Adel,Sales_Rep,61,Male,B,,CUST-11835
Mona Mahmoud,Doctor,26,Female,B,,CUST-11836
Layla Fawzy,Sales_Rep,64,Female,B,Vehicle,CUST-11837
Amira El-Sayed,Technician,53,Male,D,,CUST-11838
Ahmed Amr,Freelancer,55,Female,B,Vehicle,CUST-11839
Mona Abdel-Aziz,Technician,40,Female,A,Land,CUST-11840
Bassem Ibrahim,Technician,36,Male,D,,CUST-11841
Hamdy Adel,Teacher,51,Male,C,Vehicle,CUST-11842
Mona Hassan,Technician,55,Male,C,,CUST-11843
Wael Hassan,Engineer,26,Male,B,,CUST-11844
Amira Fawzy,Engineer,59,Male,C,Vehicle,CUST-11845
Zaki Mahmoud,Freelancer,38,Female,A,Vehicle,CUST-11846
,Engineer,23,Female,D,,CUST-11847
Zaki Kamel,Engineer,34,Female,C,,CUST-11848
Omar Mahmoud,Sales_Rep,38,Male,D,Vehicle,CUST-11849
Sherif Kamel,Accountant,34,Female,D,Land,CUST-11850
Mona Nabil,Technician,23,Male,D,Vehicle,CUST-11851
Wael Reda,Teacher,23,Male,C,Vehicle,CUST-11852
Karim Amr,Teacher,55,Male,D,Vehicle,CUST-11853
Mona Mahmoud,Freelancer,57,Female,B,Vehicle,CUST-11854
Mahmoud Nabil,Engineer,38,Male,A,Vehicle,CUST-11855
Sherif Reda,Doctor,51,Male,D,,CUST-11856
Zaki El-Sayed,Freelancer,61,Male,D,,CUST-11857
Bassem Zaki,Technician,30,Male,C,Land,CUST-11858
Heba Nabil,Teacher,47,Female,A,Vehicle,CUST-11859
Wael Ibrahim,Teacher,62,Female,A,Vehicle,CUST-11860
Ibrahim Saied,Technician,44,Male,D,Vehicle,CUST-11861
Mostafa Kamel,Accountant,42,Female,A,Land,CUST-11862
Mostafa Reda,Accountant,38,Male,C,Vehicle,CUST-11863
Ahmed Ibrahim,Freelancer,48,Male,B,Land,CUST-11864
Sara Kamel,Freelancer,58,Male,C,Land,CUST-11865
,Teacher,41,Female,C,Land,CUST-11866
Mona Fawzy,Technician,59,Male,B,Land,CUST-11867
Nabil Fawzy,Accountant,63,Female,B,,CUST-11868
Salma Zaki,Engineer,41,Female,D,Vehicle,CUST-11869
Amira Hamdy,Freelancer,38,Male,D,Vehicle,CUST-11870
Mohamed Fawzy,Freelancer,59,Male,B,,CUST-11871
Mahmoud Abdel-Aziz,Freelancer,56,Male,C,Vehicle,CUST-11872
Zaki Zaki,Sales_Rep,29,Male,A,,CUST-11873
Ahmed Zaki,Doctor,57,Male,C,,CUST-11874
Wael Ibrahim,Doctor,38,Female,C,Vehicle,CUST-11875
Wael El-Sayed,Freelancer,37,Female,D,,CUST-11876
Khaled Zaki,Doctor,30,Male,C,Vehicle,CUST-11877
Heba Amr,Accountant,33,Female,C,,CUST-11878
Sherif Nabil,Freelancer,45,Male,A,Vehicle,CUST-11879
Hassan El-Sayed,Accountant,51,Female,A,,CUST-11880
,Sales_Rep,58,Female,D,,CUST-11881
Hamdy Nabil,Doctor,56,Female,D,,CUST-11882
Hamdy Amr,Teacher,52,Female,B,Vehicle,CUST-11883
Nabil Adel,Doctor,35,Male,A,,CUST-11884
Dina Hassan,Teacher,51,Male,D,Vehicle,CUST-11885
Mostafa Adel,Freelancer,28,Female,B,Vehicle,CUST-11886
Dina Fawzy,Sales_Rep,58,Male,B,Vehicle,CUST-11887
Mostafa Reda,Technician,43,Female,A,Land,CUST-11888
Sherif El-Sayed,Accountant,64,Female,B,Vehicle,CUST-11889
Heba Kamel,Technician,52,Male,B,,CUST-11890
Ahmed Reda,Teacher,28,Male,D,,CUST-11891
Sara El-Sayed,Accountant,34,Female,C,Land,CUST-11892
Hassan Fawzy,Doctor,41,Female,A,Vehicle,CUST-11893
Wael Nabil,Sales_Rep,63,Female,C,Vehicle,CUST-11894
Mahmoud Zaki,Technician,27,Male,C,Vehicle,CUST-11895
Mohamed Hassan,Engineer,42,Female,B,Vehicle,CUST-11896
Layla El-Sayed,Doctor,60,Female,A,,CUST-11897
Hamdy Mahmoud,Freelancer,34,Female,B,,CUST-11898
Mona Mansour,Doctor,39,Female,A,Land,CUST-11899
Zaki Amr,Sales_Rep,22,Female,D,,CUST-11900
Khaled Kamel,Engineer,27,Female,A,Land,CUST-11901
,Engineer,39,Male,D,Land,CUST-11902
Layla Hamdy,Engineer,35,Male,D,Land,CUST-11903
Fatma Hassan,Technician,52,Female,B,Vehicle,CUST-11904
Sherif Mansour,Doctor,23,Male,A,,CUST-11905
Omar Hassan,Accountant,39,Male,A,,CUST-11906
Hoda Saied,Sales_Rep,21,Male,C,Land,CUST-11907
Ahmed Nabil,Sales_Rep,47,Male,D,Land,CUST-11908
Zaki Adel,Technician,61,Male,D,Vehicle,CUST-11909
Bassem Nabil,Doctor,34,Female,B,Vehicle,CUST-11910
Dina Amr,Technician,34,Female,A,Land,CUST-11911
Zaki Mansour,Doctor,56,Male,B,Vehicle,CUST-11912
Nabil Amr,Freelancer,63,Male,C,,CUST-11913
Salma Ibrahim,Freelancer,31,Female,B,Vehicle,CUST-11914
Heba Ghanem,Sales_Rep,34,Female,B,Land,CUST-11915
Mona Nabil,Accountant,36,Male,A,Land,CUST-11916
Mona Mansour,Freelancer,57,Male,A,Land,CUST-11917
Ahmed Saied,Freelancer,53,Female,C,,CUST-11918
Wael Fawzy,Engineer,48,Female,C,Land,CUST-11919
Tarek Kamel,Teacher,63,Female,B,Vehicle,CUST-11920
Sara El-Sayed,Engineer,50,Male,D,,CUST-11921
Ibrahim Zaki,Technician,36,Male,B,Vehicle,CUST-11922
Hoda Mansour,Doctor,33,Female,B,Vehicle,CUST-11923
Bassem Kamel,Engineer,21,Male,A,Vehicle,CUST-11924
Omar Mahmoud,Technician,51,Female,D,Land,CUST-11925
Sherif Hamdy,Sales_Rep,35,Female,B,Land,CUST-11926
Mostafa Kamel,Freelancer,31,Female,C,Vehicle,CUST-11927
Ahmed Hamdy,Doctor,42,Male,B,Land,CUST-11928
Hoda Amr,Engineer,23,Male,D,Vehicle,CUST-11929
Ibrahim Mansour,Sales_Rep,43,Female,C,,CUST-11930
Mona Saied,Sales_Rep,43,Male,C,Land,CUST-11931
Tarek Hassan,Freelancer,22,Male,A,,CUST-11932
Heba Hamdy,Technician,39,Female,C,Vehicle,CUST-11933
Tarek Mahmoud,Doctor,21,Female,B,Land,CUST-11934
Karim Nabil,Sales_Rep,39,Female,C,Land,CUST-11935
Salma Mahmoud,Accountant,33,Female,C,,CUST-11936
Tarek El-Sayed,Doctor,30,Female,A,Vehicle,CUST-11937
,Technician,63,Female,B,Vehicle,CUST-11938
Ibrahim Kamel,Engineer,46,Female,C,,CUST-11939
Salma Mansour,Technician,26,Male,D,,CUST-11940
Omar Ghanem,Doctor,40,Female,C,Land,CUST-11941
Sara El-Sayed,Freelancer,41,Male,A,Land,CUST-11942
Heba Adel,Accountant,41,Male,C,Vehicle,CUST-11943
Fatma El-Sayed,Freelancer,46,Female,D,,CUST-11944
Dina Ghanem,Accountant,39,Male,C,Land,CUST-11945
Bassem Hamdy,Teacher,23,Female,B,Land,CUST-11946
Heba Amr,Engineer,34,Male,D,,CUST-11947
Bassem Mahmoud,Freelancer,40,Female,C,Land,CUST-11948
Ibrahim Hassan,Freelancer,32,Female,A,Vehicle,CUST-11949
Salma Adel,Freelancer,32,Female,A,,CUST-11950
Fatma Mahmoud,Accountant,27,Male,C,Vehicle,CUST-11951
,Technician,64,Male,B,Vehicle,CUST-11952
Bassem Zaki,Doctor,32,Female,C,,CUST-11953
Omar Nabil,Teacher,33,Male,C,Vehicle,CUST-11954
Bassem Amr,Teacher,51,Female,A,Land,CUST-11955
Heba Ghanem,Teacher,54,Male,B,Land,CUST-11956
Omar Mahmoud,Sales_Rep,48,Female,C,,CUST-11957
Zaki Nabil,Accountant,32,Female,A,Vehicle,CUST-11958
Khaled Hassan,Technician,48,Female,B,,CUST-11959
Layla Abdel-Aziz,Freelancer,49,Female,C,Vehicle,CUST-11960
Khaled Adel,Sales_Rep,44,Female,B,Land,CUST-11961
Dina Abdel-Aziz,Accountant,58,Female,A,Land,CUST-11962
Mostafa Reda,Sales_Rep,27,Male,D,Land,CUST-11963
Khaled Ibrahim,Accountant,31,Female,B,Vehicle,CUST-11964
Layla Mahmoud,Sales_Rep,49,Female,C,Vehicle,CUST-11965
Sara Mahmoud,Accountant,51,Female,B,,CUST-11966
Mahmoud Kamel,Technician,39,Male,C,Land,CUST-11967
Layla Ghanem,Teacher,35,Male,C,,CUST-11968
Mahmoud Ibrahim,Doctor,25,Female,C,Land,CUST-11969
Omar Hassan,Sales_Rep,48,Female,A,,CUST-11970
Hassan Zaki,Technician,54,Male,C,,CUST-11971
Karim Kamel,Freelancer,24,Male,D,Land,CUST-11972
Mostafa Zaki,Technician,21,Male,A,Land,CUST-11973
Omar Ghanem,Teacher,21,Female,C,,CUST-11974
Ahmed Ghanem,Doctor,62,Male,D,,CUST-11975
Hamdy Saied,Teacher,59,Male,A,Vehicle,CUST-11976
Hamdy Mahmoud,Accountant,30,Female,B,Vehicle,CUST-11977
Omar Hassan,Accountant,51,Female,A,Land,CUST-11978
Hamdy Abdel-Aziz,Teacher,41,Female,B,Land,CUST-11979
Mohamed Hamdy,Engineer,40,Male,A,Land,CUST-11980
Amira El-Sayed,Teacher,60,Female,A,Vehicle,CUST-11981
Sherif Zaki,Sales_Rep,29,Male,D,Vehicle,CUST-11982
Hamdy Ibrahim,Engineer,64,Female,B,Land,CUST-11983
Tarek Amr,Teacher,22,Female,D,Vehicle,CUST-11984
Hassan Reda,Technician,44,Male,A,Vehicle,CUST-11985
Mahmoud Zaki,Accountant,36,Female,B,,CUST-11986
Karim Ibrahim,Technician,33,Female,A,Land,CUST-11987
Karim El-Sayed,Freelancer,62,Female,B,Land,CUST-11988
Nabil Ibrahim,Accountant,44,Male,A,Vehicle,CUST-11989
Mostafa Kamel,Teacher,65,Male,A,Vehicle,CUST-11990
Mostafa Reda,Sales_Rep,32,Male,D,,CUST-11991
Hoda Saied,Sales_Rep,55,Male,A,,CUST-11992
Ahmed Saied,Accountant,38,Male,C,Vehicle,CUST-11993
Khaled Nabil,Teacher,58,Male,C,Land,CUST-11994
Hoda Nabil,Technician,44,Female,A,Land,CUST-11995
Ibrahim Saied,Doctor,47,Female,A,Land,CUST-11996
Hoda Adel,Freelancer,56,Male,D,Land,CUST-11997
Mahmoud Mahmoud,Freelancer,59,Female,D,Land,CUST-11998
Bassem Kamel,Technician,31,Female,D,,CUST-11999
Karim Fawzy,Sales_Rep,21,Male,B,Vehicle,CUST-12000
Dina Nabil,Technician,31,Male,D,Vehicle,CUST-12001
Karim Kamel,Accountant,49,Male,C,Land,CUST-12002
Sara El-Sayed,Teacher,54,Male,D,,CUST-12003
Heba Zaki,Teacher,29,Male,C,Vehicle,CUST-12004
Dina Mahmoud,Freelancer,64,Male,C,Vehicle,CUST-12005
Khaled Saied,Teacher,62,Male,B,Vehicle,CUST-12006
Mostafa Adel,Accountant,48,Female,B,,CUST-12007
Fatma Hamdy,Doctor,46,Male,C,Vehicle,CUST-12008
Hamdy Hamdy,Technician,59,Male,B,Land,CUST-12009
Hamdy Fawzy,Technician,53,Male,A,,CUST-12010
Ibrahim Reda,Teacher,57,Male,C,,CUST-12011
Hassan Kamel,Technician,48,Male,C,,CUST-12012
Hoda El-Sayed,Technician,59,Male,D,,CUST-12013
Zaki Abdel-Aziz,Sales_Rep,36,Male,D,Vehicle,CUST-12014
Hoda Amr,Sales_Rep,57,Female,B,,CUST-12015
Dina Hassan,Engineer,51,Female,A,Land,CUST-12016
Heba Reda,Doctor,64,Female,D,Vehicle,CUST-12017
Mona Mahmoud,Accountant,40,Male,B,Land,CUST-12018
Mona Hassan,Sales_Rep,48,Female,A,Land,CUST-12019
Wael Ibrahim,Technician,45,Male,B,,CUST-12020
Hoda Reda,Engineer,64,Female,C,,CUST-12021
Tarek El-Sayed,Doctor,36,Male,A,Vehicle,CUST-12022
Amira Saied,Doctor,34,Female,A,Vehicle,CUST-12023
Sara Fawzy,Accountant,53,Female,D,,CUST-12024
Amira El-Sayed,Freelancer,51,Female,D,,CUST-12025
Ahmed Hassan,Technician,57,Male,B,,CUST-12026
Mona Ghanem,Engineer,52,Female,D,Vehicle,CUST-12027
Heba Mahmoud,Teacher,55,Female,A,Land,CUST-12028
Karim Nabil,Accountant,33,Female,C,,CUST-12029
Amira El-Sayed,Freelancer,37,Male,D,,CUST-12030
Hoda Ghanem,Freelancer,26,Male,B,Vehicle,CUST-12031
Karim Ibrahim,Technician,26,Female,D,,CUST-12032
Omar Mahmoud,Engineer,43,Female,C,Land,CUST-12033
Heba Kamel,Doctor,60,Female,A,,CUST-12034
Sherif Ibrahim,Sales_Rep,33,Female,C,Vehicle,CUST-12035
Mostafa Hassan,Teacher,65,Female,C,Land,CUST-12036
Heba Kamel,Teacher,62,Female,D,Land,CUST-12037
Omar Mansour,Teacher,47,Male,B,,CUST-12038
Hamdy Amr,Doctor,56,Male,D,Land,CUST-12039
Mostafa Reda,Sales_Rep,43,Female,B,,CUST-12040
Heba Mansour,Teacher,30,Female,D,Vehicle,CUST-12041
Omar Hamdy,Doctor,52,Female,A,Vehicle,CUST-12042
Ibrahim Zaki,Freelancer,39,Male,B,Land,CUST-12043
Fatma Ibrahim,Technician,49,Female,A,Vehicle,CUST-12044
Mona Ibrahim,Freelancer,50,Female,D,Land,CUST-12045
Hassan Ghanem,Teacher,31,Male,C,Vehicle,CUST-12046
Sherif Nabil,Engineer,53,Male,D,Land,CUST-12047
Fatma Hassan,Teacher,43,Female,B,Land,CUST-12048
Mona Saied,Sales_Rep,63,Male,C,Vehicle,CUST-12049
Amira Amr,Sales_Rep,46,Female,D,Vehicle,CUST-12050
Tarek Hassan,Engineer,29,Female,D,Land,CUST-12051
Ahmed Mahmoud,Sales_Rep,50,Female,B,Land,CUST-12052
Mahmoud Ibrahim,Accountant,56,Male,C,Vehicle,CUST-12053
Layla Amr,Sales_Rep,29,Male,C,Land,CUST-12054
Mahmoud Nabil,Accountant,32,Female,A,Land,CUST-12055
Mostafa Hassan,Engineer,48,Female,B,,CUST-12056
Ahmed Ghanem,Teacher,49,Female,B,Vehicle,CUST-12057
Sara Saied,Teacher,56,Female,D,,CUST-12058
Mahmoud Abdel-Aziz,Engineer,51,Female,D,,CUST-12059
Sara Mahmoud,Accountant,45,Female,A,Land,CUST-12060
Zaki Adel,Freelancer,38,Male,C,Land,CUST-12061
Zaki Hassan,Sales_Rep,43,Female,D,Land,CUST-12062
Tarek Hassan,Freelancer,27,Male,B,Vehicle,CUST-12063
Fatma Kamel,Engineer,30,Female,D,,CUST-12064
Bassem Kamel,Freelancer,34,Male,B,Vehicle,CUST-12065
Nabil Ghanem,Freelancer,27,Male,B,,CUST-12066
Khaled Ibrahim,Technician,63,Male,A,Land,CUST-12067
Ahmed El-Sayed,Accountant,49,Female,A,Vehicle,CUST-12068
Mona Kamel,Teacher,38,Female,B,,CUST-12069
Sara Abdel-Aziz,Doctor,24,Male,B,Vehicle,CUST-12070
Mahmoud Nabil,Teacher,64,Female,C,,CUST-12071
Salma Amr,Technician,59,Female,A,,CUST-12072
,Engineer,59,Male,D,,CUST-12073
Salma Kamel,Accountant,60,Male,C,Land,CUST-12074
Zaki Abdel-Aziz,Teacher,63,Male,D,Land,CUST-12075
Mohamed El-Sayed,Engineer,60,Female,C,Vehicle,CUST-12076
Ibrahim Kamel,Engineer,57,Male,C,Land,CUST-12077
Wael Saied,Doctor,40,Female,B,,CUST-12078
Heba Kamel,Sales_Rep,33,Female,C,Land,CUST-12079
Mona Abdel-Aziz,Accountant,33,Male,B,Land,CUST-12080
Tarek Ghanem,Doctor,50,Male,D,,CUST-12081
Khaled Ibrahim,Teacher,46,Female,C,,CUST-12082
Heba Reda,Technician,30,Female,A,,CUST-12083
Ahmed Mahmoud,Accountant,23,Female,B,Vehicle,CUST-12084
Mostafa El-Sayed,Technician,22,Female,C,Land,CUST-12085
Ahmed Nabil,Technician,22,Male,B,Vehicle,CUST-12086
Amira Mahmoud,Doctor,52,Male,C,Land,CUST-12087
Hoda Fawzy,Engineer,29,Female,C,Vehicle,CUST-12088
Omar Zaki,Technician,22,Male,C,,CUST-12089
Ahmed Mahmoud,Freelancer,42,Female,A,,CUST-12090
Mohamed Ghanem,Engineer,34,Female,D,Vehicle,CUST-12091
Khaled Abdel-Aziz,Technician,21,Female,D,Land,CUST-12092
Salma Hamdy,Technician,41,Male,D,Vehicle,CUST-12093
Sara Ibrahim,Teacher,60,Female,B,Vehicle,CUST-12094
Mahmoud Saied,Doctor,63,Female,C,Land,CUST-12095
Hoda Fawzy,Teacher,22,Female,D,Land,CUST-12096
Nabil Hamdy,Engineer,53,Female,A,Vehicle,CUST-12097
Karim Hassan,Technician,48,Female,C,,CUST-12098
Dina Mansour,Doctor,22,Female,D,Land,CUST-12099
Hamdy Saied,Freelancer,58,Male,A,,CUST-12100
Ibrahim Mansour,Sales_Rep,25,Female,C,Land,CUST-12101
Wael Zaki,Sales_Rep,31,Female,B,Vehicle,CUST-12102
Heba Zaki,Sales_Rep,29,Female,D,,CUST-12103
Bassem Reda,Sales_Rep,46,Female,D,Vehicle,CUST-12104
Khaled Kamel,Sales_Rep,51,Male,B,,CUST-12105
Omar Nabil,Accountant,54,Female,B,,CUST-12106
Layla Hassan,Freelancer,45,Female,B,Land,CUST-12107
Mohamed Ibrahim,Teacher,64,Male,D,Land,CUST-12108
Hoda Kamel,Technician,60,Female,D,,CUST-12109
,Engineer,34,Male,A,,CUST-12110
Hassan Mahmoud,Doctor,64,Male,B,Vehicle,CUST-12111
Nabil Mansour,Accountant,45,Male,C,Vehicle,CUST-12112
,Freelancer,29,Female,C,Vehicle,CUST-12113
Mostafa Hassan,Doctor,24,Male,C,,CUST-12114
Heba Fawzy,Accountant,22,Male,A,,CUST-12115
Sara Abdel-Aziz,Freelancer,64,Female,A,Land,CUST-12116
Karim Adel,Accountant,22,Male,B,,CUST-12117
Zaki Nabil,Accountant,63,Female,C,,CUST-12118
Ahmed Zaki,Sales_Rep,45,Female,C,,CUST-12119
Sherif Fawzy,Sales_Rep,51,Female,C,Land,CUST-12120
Amira Zaki,Technician,61,Male,C,Vehicle,CUST-12121
Hoda Nabil,Sales_Rep,55,Male,C,Land,CUST-12122
Omar Kamel,Freelancer,40,Male,D,Land,CUST-12123
Mahmoud El-Sayed,Sales_Rep,62,Male,B,,CUST-12124
Khaled Mansour,Doctor,55,Male,D,,CUST-12125
Zaki Reda,Freelancer,32,Male,D,Land,CUST-12126
Layla Hamdy,Doctor,56,Male,C,,CUST-12127
Nabil Fawzy,Freelancer,48,Female,B,,CUST-12128
Omar Kamel,Freelancer,34,Male,B,Land,CUST-12129
Omar Zaki,Sales_Rep,35,Male,A,,CUST-12130
Hoda Mansour,Technician,30,Male,C,Land,CUST-12131
Layla Nabil,Engineer,47,Male,B,,CUST-12132
Karim Saied,Freelancer,62,Female,B,Land,CUST-12133
Bassem Kamel,Sales_Rep,29,Male,A,Land,CUST-12134
Layla Amr,Technician,28,Female,D,,CUST-12135
Fatma Fawzy,Accountant,65,Male,D,,CUST-12136
Fatma Mansour,Technician,32,Male,D,Vehicle,CUST-12137
Mona El-Sayed,Accountant,36,Female,D,Vehicle,CUST-12138
Mahmoud Nabil,Technician,38,Female,C,Land,CUST-12139
Hamdy Adel,Engineer,34,Female,C,Vehicle,CUST-12140
Sherif Ibrahim,Technician,48,Male,A,,CUST-12141
Hassan Reda,Teacher,30,Female,A,Vehicle,CUST-12142
Mohamed Fawzy,Accountant,24,Male,D,,CUST-12143
Mona Hassan,Freelancer,50,Female,C,Vehicle,CUST-12144
Hamdy Saied,Sales_Rep,49,Female,B,Vehicle,CUST-12145
Sara Kamel,Technician,39,Female,D,Land,CUST-12146
Ahmed Mansour,Freelancer,29,Male,D,Land,CUST-12147
Sara Zaki,Sales_Rep,21,Male,B,,CUST-12148
Hamdy Mahmoud,Doctor,57,Female,C,Land,CUST-12149
Heba Zaki,Accountant,28,Female,C,,CUST-12150
Mona Reda,Freelancer,52,Female,C,,CUST-12151
Mohamed Ghanem,Freelancer,44,Male,A,Vehicle,CUST-12152
Heba El-Sayed,Doctor,49,Male,D,Vehicle,CUST-12153
Salma Nabil,Doctor,56,Female,B,,CUST-12154
Mohamed El-Sayed,Engineer,32,Male,B,Land,CUST-12155
Ibrahim Ghanem,Teacher,30,Female,D,,CUST-12156
Heba Hassan,Accountant,24,Male,D,Vehicle,CUST-12157
Bassem Ghanem,Doctor,56,Female,D,Vehicle,CUST-12158
Sara Hamdy,Engineer,54,Male,B,,CUST-12159
Khaled Saied,Technician,36,Male,A,Vehicle,CUST-12160
Fatma Saied,Doctor,28,Male,D,Vehicle,CUST-12161
Ibrahim Zaki,Freelancer,64,Female,C,Vehicle,CUST-12162
Nabil Amr,Teacher,22,Female,B,Land,CUST-12163
Mostafa Abdel-Aziz,Teacher,54,Male,D,Land,CUST-12164
Ibrahim Ghanem,Doctor,42,Male,D,Vehicle,CUST-12165
Fatma Fawzy,Accountant,64,Female,D,Vehicle,CUST-12166
Mostafa Hamdy,Teacher,39,Male,C,Vehicle,CUST-12167
Omar Hamdy,Freelancer,65,Female,B,Vehicle,CUST-12168
Salma Hassan,Freelancer,39,Male,D,Vehicle,CUST-12169
Hamdy Reda,Doctor,25,Female,B,,CUST-12170
Hamdy Saied,Technician,63,Female,B,Vehicle,CUST-12171
Fatma Fawzy,Engineer,54,Male,A,Land,CUST-12172
Tarek Ibrahim,Freelancer,62,Male,A,Land,CUST-12173
Hamdy Kamel,Engineer,21,Female,A,,CUST-12174
Ibrahim Kamel,Sales_Rep,64,Male,B,,CUST-12175
Mostafa Ibrahim,Doctor,27,Male,D,,CUST-12176
Hassan Ibrahim,Engineer,37,Female,A,,CUST-12177
Ibrahim Nabil,Technician,44,Male,D,Vehicle,CUST-12178
Tarek Fawzy,Accountant,43,Female,D,Land,CUST-12179
Mahmoud Zaki,Accountant,47,Male,B,,CUST-12180
Khaled Reda,Accountant,60,Female,D,,CUST-12181
Ibrahim Ghanem,Technician,23,Male,B,,CUST-12182
Tarek Adel,Freelancer,45,Female,B,,CUST-12183
Zaki Fawzy,Teacher,49,Male,B,,CUST-12184
Sherif Nabil,Freelancer,56,Female,B,,CUST-12185
Hamdy Saied,Accountant,45,Female,A,Vehicle,CUST-12186
Khaled Mahmoud,Teacher,49,Male,C,Vehicle,CUST-12187
Zaki Hassan,Engineer,25,Female,B,Vehicle,CUST-12188
Hamdy Mahmoud,Sales_Rep,64,Female,D,Land,CUST-12189
Salma El-Sayed,Technician,60,Female,D,Land,CUST-12190
Omar Saied,Doctor,65,Male,D,,CUST-12191
Karim Reda,Freelancer,26,Female,D,Vehicle,CUST-12192
Omar Saied,Accountant,49,Female,A,,CUST-12193
Dina Zaki,Doctor,25,Male,D,Vehicle,CUST-12194
Zaki Nabil,Sales_Rep,44,Male,B,Land,CUST-12195
Tarek Hamdy,Technician,38,Female,A,Land,CUST-12196
Amira Adel,Accountant,29,Female,D,Vehicle,CUST-12197
Zaki Zaki,Accountant,51,Female,B,Land,CUST-12198
Heba Kamel,Technician,42,Male,D,,CUST-12199
Ahmed Hassan,Engineer,40,Male,C,Land,CUST-12200
Nabil Hassan,Accountant,44,Male,A,Vehicle,CUST-12201
Wael Reda,Freelancer,60,Male,D,,CUST-12202
Mohamed Adel,Accountant,51,Female,A,Vehicle,CUST-12203
Mahmoud Nabil,Accountant,40,Male,C,,CUST-12204
Sherif Mahmoud,Engineer,63,Female,B,Land,CUST-12205
Dina Mansour,Freelancer,39,Female,D,,CUST-12206
Omar Kamel,Freelancer,24,Male,D,Vehicle,CUST-12207
Hoda Saied,Accountant,43,Male,A,Vehicle,CUST-12208
,Freelancer,61,Female,B,Land,CUST-12209
Heba Mansour,Doctor,63,Female,A,,CUST-12210
Wael Mansour,Freelancer,49,Female,A,Land,CUST-12211
Mohamed Reda,Engineer,38,Male,A,Land,CUST-12212
,Technician,49,Male,D,Land,CUST-12213
Karim Abdel-Aziz,Teacher,44,Male,A,,CUST-12214
Zaki Saied,Technician,61,Male,C,,CUST-12215
Zaki Reda,Sales_Rep,55,Male,D,,CUST-12216
Zaki Hassan,Technician,33,Female,C,Land,CUST-12217
Ibrahim Adel,Freelancer,24,Male,D,,CUST-12218
Sherif Adel,Teacher,52,Female,D,,CUST-12219
Mostafa El-Sayed,Accountant,62,Male,A,Land,CUST-12220
Omar El-Sayed,Doctor,25,Female,C,Vehicle,CUST-12221
Bassem Mansour,Teacher,22,Male,D,Land,CUST-12222
Hoda Ibrahim,Technician,47,Male,B,,CUST-12223
Dina Adel,Teacher,52,Male,A,,CUST-12224
Hoda Hamdy,Doctor,61,Female,C,Vehicle,CUST-12225
Amira Abdel-Aziz,Sales_Rep,21,Female,B,,CUST-12226
Hamdy Saied,Teacher,34,Female,C,,CUST-12227
Mona Hamdy,Accountant,36,Male,C,Vehicle,CUST-12228
Hamdy Ghanem,Freelancer,35,Male,D,,CUST-12229
,Engineer,48,Male,A,,CUST-12230
Layla Nabil,Engineer,35,Female,C,,CUST-12231
Khaled Nabil,Sales_Rep,21,Female,D,,CUST-12232
Heba Kamel,Freelancer,35,Male,C,Land,CUST-12233
Fatma Mahmoud,Accountant,65,Male,C,,CUST-12234
Nabil Mansour,Doctor,49,Female,C,Vehicle,CUST-12235
Mahmoud Reda,Accountant,59,Male,D,Vehicle,CUST-12236
Dina Saied,Accountant,49,Female,D,Land,CUST-12237
Nabil Ibrahim,Sales_Rep,29,Female,A,Vehicle,CUST-12238
Zaki Adel,Doctor,35,Female,C,Vehicle,CUST-12239
Sara Kamel,Teacher,34,Male,D,Vehicle,CUST-12240
Layla Mansour,Engineer,51,Male,A,Land,CUST-12241
Khaled Hassan,Sales_Rep,42,Male,B,,CUST-12242
Salma Adel,Doctor,48,Male,C,,CUST-12243
Ahmed Hassan,Technician,64,Male,C,Vehicle,CUST-12244
Hoda Reda,Engineer,61,Female,B,Vehicle,CUST-12245
Nabil Hassan,Accountant,58,Female,B,,CUST-12246
Heba Ibrahim,Accountant,65,Female,A,Vehicle,CUST-12247
Hamdy El-Sayed,Sales_Rep,38,Male,D,,CUST-12248
Fatma Fawzy,Technician,28,Female,C,Vehicle,CUST-12249
Fatma Nabil,Sales_Rep,62,Female,A,Vehicle,CUST-12250
Mohamed Zaki,Engineer,25,Male,A,,CUST-12251
Zaki Adel,Engineer,46,Female,C,Vehicle,CUST-12252
Khaled Reda,Technician,23,Male,B,Land,CUST-12253
Salma Amr,Teacher,35,Female,A,Land,CUST-12254
Nabil Hassan,Accountant,33,Female,C,Land,CUST-12255
Hoda Reda,Sales_Rep,46,Female,A,,CUST-12256
Ibrahim Kamel,Freelancer,57,Male,C,,CUST-12257
Karim Hassan,Accountant,47,Female,B,,CUST-12258
Khaled Zaki,Sales_Rep,45,Female,B,Land,CUST-12259
Hoda Hamdy,Sales_Rep,23,Male,C,Land,CUST-12260
Khaled Hamdy,Technician,32,Male,C,,CUST-12261
Zaki Ghanem,Sales_Rep,31,Male,A,Vehicle,CUST-12262
Ibrahim Hassan,Teacher,44,Male,D,Land,CUST-12263
Hamdy Kamel,Teacher,46,Female,B,Land,CUST-12264
Mohamed Hassan,Technician,57,Male,B,,CUST-12265
Zaki Fawzy,Engineer,22,Female,D,,CUST-12266
Ibrahim Amr,Doctor,53,Male,A,,CUST-12267
Nabil El-Sayed,Sales_Rep,23,Female,A,Vehicle,CUST-12268
Sara Mahmoud,Doctor,35,Male,C,Vehicle,CUST-12269
Tarek Hamdy,Freelancer,48,Female,D,,CUST-12270
Sara Mansour,Engineer,42,Female,A,,CUST-12271
Khaled Abdel-Aziz,Teacher,21,Female,D,Vehicle,CUST-12272
Bassem Mahmoud,Sales_Rep,27,Female,C,Vehicle,CUST-12273
Ahmed Hamdy,Engineer,58,Male,A,,CUST-12274
Omar Fawzy,Sales_Rep,37,Male,B,,CUST-12275
Ibrahim Ghanem,Freelancer,57,Male,A,Land,CUST-12276
Hamdy Mansour,Technician,40,Female,B,Vehicle,CUST-12277
Dina Abdel-Aziz,Freelancer,25,Female,A,Vehicle,CUST-12278
Heba Hamdy,Doctor,45,Female,C,Land,CUST-12279
Hamdy Amr,Technician,35,Female,A,,CUST-12280
Heba Fawzy,Teacher,23,Male,A,Land,CUST-12281
Mostafa Fawzy,Doctor,31,Female,A,,CUST-12282
Layla Mahmoud,Doctor,56,Male,C,,CUST-12283
Heba Nabil,Teacher,31,Female,A,,CUST-12284
Karim Fawzy,Sales_Rep,48,Female,B,Vehicle,CUST-12285
Nabil El-Sayed,Teacher,35,Male,D,,CUST-12286
Hassan Mansour,Accountant,42,Male,A,Land,CUST-12287
Sara Mahmoud,Doctor,35,Female,B,Land,CUST-12288
Mahmoud Zaki,Freelancer,29,Female,D,,CUST-12289
Nabil Saied,Doctor,62,Male,B,,CUST-12290
Omar Ghanem,Accountant,29,Male,D,Land,CUST-12291
Tarek Hamdy,Accountant,54,Male,D,,CUST-12292
Amira Ibrahim,Technician,46,Male,A,Land,CUST-12293
Karim Amr,Teacher,28,Female,A,Land,CUST-12294
Zaki Abdel-Aziz,Sales_Rep,32,Male,C,Vehicle,CUST-12295
Dina Saied,Sales_Rep,25,Female,D,Vehicle,CUST-12296
Ahmed Nabil,Teacher,57,Male,C,Vehicle,CUST-12297
Ahmed Nabil,Teacher,54,Female,B,,CUST-12298
Wael Fawzy,Technician,55,Male,C,,CUST-12299
Karim Saied,Doctor,52,Male,B,Land,CUST-12300
Ibrahim Hassan,Engineer,26,Male,C,Vehicle,CUST-12301
Hassan Abdel-Aziz,Doctor,60,Female,D,,CUST-12302
Khaled Hamdy,Freelancer,55,Male,C,,CUST-12303
Ibrahim Ibrahim,Teacher,28,Female,A,Vehicle,CUST-12304
Nabil Mansour,Engineer,41,Female,A,Land,CUST-12305
Karim Ghanem,Technician,59,Male,C,Vehicle,CUST-12306
Heba Mansour,Sales_Rep,25,Male,C,Vehicle,CUST-12307
Amira El-Sayed,Technician,27,Male,A,Vehicle,CUST-12308
Omar Reda,Teacher,22,Female,C,Land,CUST-12309
Dina Amr,Accountant,43,Female,D,Land,CUST-12310
Ahmed Hassan,Sales_Rep,35,Male,A,,CUST-12311
,Doctor,53,Female,B,Land,CUST-12312
Omar Hamdy,Sales_Rep,24,Male,A,Vehicle,CUST-12313
Layla Nabil,Technician,56,Male,D,Vehicle,CUST-12314
Sara Ghanem,Engineer,28,Male,A,Vehicle,CUST-12315
Sherif Adel,Technician,34,Male,C,Land,CUST-12316
Sara Mansour,Doctor,56,Female,A,Land,CUST-12317
Hassan Reda,Sales_Rep,46,Male,B,Vehicle,CUST-12318
Hassan Nabil,Engineer,21,Female,B,Vehicle,CUST-12319
Amira Hamdy,Doctor,29,Female,D,Vehicle,CUST-12320
Mostafa Kamel,Freelancer,52,Female,C,,CUST-12321
Dina Fawzy,Technician,59,Female,A,,CUST-12322
Mona Adel,Doctor,40,Female,A,Land,CUST-12323
Dina Kamel,Sales_Rep,38,Male,B,Land,CUST-12324
Mohamed Reda,Technician,49,Male,A,Vehicle,CUST-12325
Amira Adel,Sales_Rep,60,Female,A,Land,CUST-12326
Hamdy Saied,Doctor,30,Male,D,Land,CUST-12327
Zaki Ibrahim,Freelancer,42,Female,B,,CUST-12328
Mona Hamdy,Sales_Rep,47,Male,C,,CUST-12329
Bassem Mansour,Freelancer,44,Female,B,,CUST-12330
Salma El-Sayed,Teacher,35,Female,A,Land,CUST-12331
Mona Nabil,Freelancer,61,Male,D,Vehicle,CUST-12332
Wael Mahmoud,Doctor,51,Female,B,Vehicle,CUST-12333
Heba Ibrahim,Freelancer,39,Male,B,,CUST-12334
,Doctor,52,Female,B,Land,CUST-12335
Nabil Kamel,Freelancer,51,Female,C,Vehicle,CUST-12336
Mostafa Amr,Freelancer,44,Male,B,,CUST-12337
Layla Ghanem,Engineer,40,Male,D,,CUST-12338
Mona Abdel-Aziz,Technician,40,Female,B,Land,CUST-12339
Layla Saied,Accountant,28,Female,A,,CUST-12340
Salma Kamel,Accountant,58,Male,B,,CUST-12341
Bassem Saied,Technician,32,Female,A,Land,CUST-12342
Amira Nabil,Technician,50,Female,D,Land,CUST-12343
Mahmoud Hassan,Freelancer,42,Male,A,,CUST-12344
Heba Hamdy,Engineer,56,Female,B,Vehicle,CUST-12345
Sara Hassan,Engineer,56,Male,D,Vehicle,CUST-12346
Heba Adel,Sales_Rep,35,Female,D,Land,CUST-12347
Amira Hassan,Doctor,35,Male,C,,CUST-12348
Mohamed Ghanem,Sales_Rep,62,Male,A,Land,CUST-12349
Layla Kamel,Engineer,54,Male,D,Land,CUST-12350
Hassan Ghanem,Sales_Rep,41,Female,D,Vehicle,CUST-12351
Zaki Ghanem,Doctor,57,Male,A,Land,CUST-12352
Sherif Mansour,Technician,33,Male,B,Land,CUST-12353
Nabil Mansour,Sales_Rep,22,Male,A,,CUST-12354
Amira Zaki,Engineer,62,Male,C,Vehicle,CUST-12355
Hamdy Kamel,Accountant,65,Male,A,,CUST-12356
Amira Mansour,Sales_Rep,39,Female,A,Land,CUST-12357
Khaled El-Sayed,Teacher,26,Male,C,Vehicle,CUST-12358
Amira Kamel,Doctor,56,Female,A,,CUST-12359
Hassan Amr,Sales_Rep,50,Female,D,Land,CUST-12360
Sherif El-Sayed,Engineer,51,Male,D,Land,CUST-12361
Mahmoud Mahmoud,Engineer,29,Male,D,Vehicle,CUST-12362
Hamdy Reda,Teacher,45,Female,C,Vehicle,CUST-12363
Tarek Mansour,Sales_Rep,43,Male,B,Land,CUST-12364
Heba Adel,Freelancer,59,Male,B,Vehicle,CUST-12365
Layla Nabil,Doctor,40,Male,B,,CUST-12366
Amira Abdel-Aziz,Engineer,22,Male,C,Vehicle,CUST-12367
Khaled Saied,Freelancer,52,Male,A,Land,CUST-12368
Ahmed Fawzy,Sales_Rep,42,Male,C,Land,CUST-12369
Salma Hamdy,Technician,36,Male,B,,CUST-12370
,Doctor,29,Male,D,Land,CUST-12371
Nabil Mansour,Doctor,31,Male,A,Vehicle,CUST-12372
Khaled Mahmoud,Accountant,29,Female,A,Vehicle,CUST-12373
Layla Ibrahim,Technician,45,Male,C,Vehicle,CUST-12374
Salma Hassan,Freelancer,26,Female,A,Land,CUST-12375
Wael Mahmoud,Engineer,52,Female,A,Vehicle,CUST-12376
Hassan Hassan,Technician,23,Female,B,,CUST-12377
Hassan Hamdy,Sales_Rep,21,Female,B,,CUST-12378
Layla Ghanem,Technician,61,Female,C,Land,CUST-12379
,Sales_Rep,23,Female,D,Land,CUST-12380
Wael Hassan,Technician,53,Female,D,Land,CUST-12381
Mahmoud Adel,Doctor,57,Male,A,Vehicle,CUST-12382
Mohamed Saied,Doctor,34,Male,A,Vehicle,CUST-12383
Sara Kamel,Teacher,31,Male,A,Vehicle,CUST-12384
Hamdy Saied,Teacher,44,Female,D,Land,CUST-12385
Mostafa Ibrahim,Engineer,38,Male,D,,CUST-12386
Ahmed Ghanem,Technician,52,Male,D,,CUST-12387
Omar Saied,Doctor,54,Male,C,Land,CUST-12388
Mostafa Hamdy,Sales_Rep,62,Male,C,Vehicle,CUST-12389
Omar Mahmoud,Engineer,49,Male,A,Vehicle,CUST-12390
Layla Ibrahim,Engineer,43,Female,B,Land,CUST-12391
Omar El-Sayed,Doctor,53,Female,A,,CUST-12392
Layla Fawzy,Engineer,41,Male,C,Land,CUST-12393
Layla Abdel-Aziz,Sales_Rep,27,Male,C,,CUST-12394
Wael Ghanem,Teacher,22,Female,D,,CUST-12395
Hoda Saied,Freelancer,62,Female,B,Vehicle,CUST-12396
Khaled Hassan,Freelancer,55,Male,A,Vehicle,CUST-12397
Amira Adel,Engineer,26,Male,A,Land,CUST-12398
Sherif Fawzy,Freelancer,50,Female,A,Land,CUST-12399
Mahmoud Adel,Freelancer,44,Male,A,Land,CUST-12400
Ibrahim Saied,Engineer,47,Female,D,,CUST-12401
Mona Kamel,Doctor,44,Male,C,Land,CUST-12402
Layla Fawzy,Freelancer,37,Male,A,Land,CUST-12403
Mona Nabil,Engineer,58,Male,C,Land,CUST-12404
Heba Mahmoud,Freelancer,29,Male,B,Land,CUST-12405
Zaki Amr,Freelancer,47,Female,A,Land,CUST-12406
Tarek Adel,Sales_Rep,54,Female,C,,CUST-12407
,Freelancer,46,Male,D,,CUST-12408
Sara Mansour,Teacher,64,Male,C,Vehicle,CUST-12409
Salma Nabil,Doctor,37,Male,C,,CUST-12410
Mahmoud Hamdy,Accountant,53,Male,D,Vehicle,CUST-12411
Sherif Ibrahim,Doctor,24,Male,B,,CUST-12412
Bassem Nabil,Sales_Rep,31,Male,B,Land,CUST-12413
Nabil Adel,Freelancer,24,Male,A,,CUST-12414
Mostafa Reda,Technician,26,Female,C,Vehicle,CUST-12415
Zaki Ghanem,Sales_Rep,45,Male,D,Vehicle,CUST-12416
Hassan Abdel-Aziz,Freelancer,39,Female,C,Vehicle,CUST-12417
Amira Hassan,Doctor,44,Male,B,Vehicle,CUST-12418
Ahmed Reda,Doctor,23,Male,B,,CUST-12419
Sara Reda,Engineer,34,Female,D,Land,CUST-12420
Mohamed Ibrahim,Doctor,29,Female,D,,CUST-12421
Khaled El-Sayed,Teacher,57,Female,D,Land,CUST-12422
Dina Mansour,Teacher,23,Female,A,Vehicle,CUST-12423
Nabil Reda,Technician,32,Female,C,Vehicle,CUST-12424
Hassan Ibrahim,Freelancer,50,Female,A,Land,CUST-12425
Zaki Reda,Sales_Rep,51,Female,B,,CUST-12426
Sherif Mahmoud,Technician,60,Male,A,Vehicle,CUST-12427
Sherif Reda,Engineer,61,Male,D,Land,CUST-12428
Nabil Mansour,Sales_Rep,60,Male,C,Vehicle,CUST-12429
Hoda Reda,Accountant,32,Female,D,Land,CUST-12430
Mona Ibrahim,Technician,43,Male,B,Land,CUST-12431
,Technician,29,Male,B,Vehicle,CUST-12432
Amira Ghanem,Doctor,49,Male,D,Land,CUST-12433
Nabil Fawzy,Technician,39,Female,A,,CUST-12434
Mostafa Mahmoud,Technician,44,Male,A,Vehicle,CUST-12435
Mona Amr,Technician,35,Female,A,Vehicle,CUST-12436
Dina Adel,Freelancer,41,Male,B,Vehicle,CUST-12437
Wael El-Sayed,Teacher,64,Male,B,,CUST-12438
Sherif Saied,Engineer,64,Female,C,Land,CUST-12439
Hoda Mahmoud,Technician,32,Male,B,Vehicle,CUST-12440
Mohamed Adel,Sales_Rep,34,Male,C,Land,CUST-12441
Tarek Hassan,Engineer,55,Female,B,Vehicle,CUST-12442
Nabil Kamel,Teacher,28,Male,A,Land,CUST-12443
Salma Kamel,Sales_Rep,35,Male,D,Land,CUST-12444
Mona Abdel-Aziz,Sales_Rep,49,Female,B,Vehicle,CUST-12445
Khaled Fawzy,Doctor,28,Male,C,Vehicle,CUST-12446
Hamdy Kamel,Engineer,52,Female,B,,CUST-12447
Dina Abdel-Aziz,Technician,48,Male,B,Vehicle,CUST-12448
Amira Ibrahim,Teacher,24,Male,D,,CUST-12449
Hoda Nabil,Engineer,36,Male,B,Vehicle,CUST-12450
Dina Saied,Freelancer,32,Male,D,Land,CUST-12451
Sara Mansour,Doctor,30,Male,A,Land,CUST-12452
Tarek Hamdy,Technician,50,Female,B,Vehicle,CUST-12453
Mohamed El-Sayed,Engineer,24,Female,D,Land,CUST-12454
Sara Hamdy,Sales_Rep,30,Female,C,,CUST-12455
Amira Amr,Technician,33,Female,C,Vehicle,CUST-12456
Ahmed Saied,Sales_Rep,26,Female,C,Vehicle,CUST-12457
Hassan Reda,Sales_Rep,48,Male,B,Land,CUST-12458
Mostafa Ibrahim,Freelancer,38,Female,B,Land,CUST-12459
Tarek Saied,Accountant,36,Male,A,Vehicle,CUST-12460
Hassan Reda,Technician,61,Male,A,,CUST-12461
Wael Adel,Freelancer,26,Female,C,Vehicle,CUST-12462
Layla Hassan,Technician,64,Female,A,,CUST-12463
Omar Mansour,Freelancer,35,Female,A,,CUST-12464
Sherif Reda,Doctor,42,Female,A,Vehicle,CUST-12465
Mahmoud Fawzy,Engineer,49,Male,A,,CUST-12466
Sara Hamdy,Freelancer,59,Male,C,Vehicle,CUST-12467
Sara El-Sayed,Technician,40,Male,A,Land,CUST-12468
Sherif Zaki,Freelancer,53,Male,B,Land,CUST-12469
Nabil El-Sayed,Engineer,59,Male,B,Land,CUST-12470
Tarek Nabil,Teacher,63,Female,B,Land,CUST-12471
,Technician,64,Male,A,Vehicle,CUST-12472
Hamdy Nabil,Teacher,65,Female,D,Land,CUST-12473
Nabil Hamdy,Doctor,61,Female,B,Land,CUST-12474
,Freelancer,22,Male,A,,CUST-12475
Hamdy Ibrahim,Doctor,28,Male,C,,CUST-12476
Fatma Ghanem,Teacher,64,Female,B,,CUST-12477
Hamdy Fawzy,Accountant,57,Female,A,,CUST-12478
Layla Mansour,Teacher,28,Male,D,,CUST-12479
Layla Hamdy,Freelancer,45,Male,C,Land,CUST-12480
Bassem Nabil,Accountant,45,Female,C,Vehicle,CUST-12481
,Freelancer,45,Male,A,Vehicle,CUST-12482
Salma Adel,Teacher,30,Female,B,,CUST-12483
Dina Saied,Accountant,53,Female,C,Land,CUST-12484
Tarek Mahmoud,Accountant,51,Female,A,,CUST-12485
Hamdy El-Sayed,Freelancer,57,Female,B,Land,CUST-12486
Hoda Nabil,Engineer,45,Female,D,,CUST-12487
Heba Hamdy,Accountant,24,Female,B,Land,CUST-12488
Omar Fawzy,Teacher,46,Female,A,Vehicle,CUST-12489
Mona Abdel-Aziz,Freelancer,50,Male,A,Land,CUST-12490
Mahmoud Mansour,Technician,61,Female,B,,CUST-12491
Heba Mansour,Technician,52,Female,B,Land,CUST-12492
Mostafa Abdel-Aziz,Engineer,40,Female,B,Vehicle,CUST-12493
Khaled Saied,Doctor,30,Female,D,Vehicle,CUST-12494
Heba Abdel-Aziz,Doctor,47,Female,A,Land,CUST-12495
Fatma Amr,Technician,37,Female,D,Vehicle,CUST-12496
Mona Ibrahim,Doctor,42,Female,A,Land,CUST-12497
Sherif Mansour,Sales_Rep,38,Female,B,Vehicle,CUST-12498
Bassem Abdel-Aziz,Accountant,62,Male,D,Vehicle,CUST-12499
Karim Kamel,Accountant,36,Female,A,Vehicle,CUST-12500
Mostafa Adel,Doctor,61,Male,D,,CUST-12501
,Freelancer,21,Male,D,,CUST-12502
Fatma Kamel,Doctor,32,Male,B,Land,CUST-12503
Dina Amr,Teacher,61,Female,A,Vehicle,CUST-12504
Mohamed Zaki,Engineer,57,Female,C,Vehicle,CUST-12505
Karim Ibrahim,Teacher,39,Male,B,Vehicle,CUST-12506
Mostafa Ibrahim,Freelancer,52,Male,D,Vehicle,CUST-12507
Hamdy Fawzy,Engineer,36,Male,A,,CUST-12508
Mona Hamdy,Freelancer,36,Male,A,,CUST-12509
Mostafa Ibrahim,Technician,63,Male,A,Vehicle,CUST-12510
Khaled Ghanem,Accountant,30,Female,C,Land,CUST-12511
Zaki Saied,Freelancer,27,Female,B,Land,CUST-12512
Hoda Amr,Engineer,38,Female,B,,CUST-12513
Mostafa Kamel,Sales_Rep,46,Female,B,Vehicle,CUST-12514
Hamdy Hassan,Teacher,56,Female,B,Vehicle,CUST-12515
Bassem Abdel-Aziz,Engineer,54,Female,D,Land,CUST-12516
Heba Adel,Engineer,43,Female,C,,CUST-12517
Karim Ibrahim,Engineer,48,Female,A,Vehicle,CUST-12518
Khaled Kamel,Teacher,47,Male,D,,CUST-12519
Mohamed Reda,Engineer,61,Male,B,,CUST-12520
Mohamed Saied,Teacher,40,Male,D,Vehicle,CUST-12521
Layla Hamdy,Freelancer,49,Male,C,Land,CUST-12522
Heba Mansour,Teacher,28,Male,C,Land,CUST-12523
Fatma Zaki,Accountant,60,Female,A,,CUST-12524
Hoda Saied,Teacher,56,Female,D,Land,CUST-12525
Hamdy Hamdy,Sales_Rep,63,Male,C,Vehicle,CUST-12526
Omar Mansour,Technician,52,Male,C,Vehicle,CUST-12527
Hassan Hassan,Doctor,60,Female,C,Vehicle,CUST-12528
Mostafa Mansour,Accountant,51,Male,D,Land,CUST-12529
Nabil Hamdy,Freelancer,25,Female,A,Vehicle,CUST-12530
Wael El-Sayed,Accountant,43,Female,D,,CUST-12531
Zaki El-Sayed,Doctor,44,Female,A,Land,CUST-12532
Nabil Adel,Accountant,44,Male,B,,CUST-12533
Khaled Zaki,Accountant,24,Male,C,,CUST-12534
Hassan Hassan,Freelancer,57,Female,A,Vehicle,CUST-12535
Sara Hamdy,Accountant,47,Female,C,Vehicle,CUST-12536
Heba Zaki,Sales_Rep,22,Male,D,Vehicle,CUST-12537
Heba Ghanem,Teacher,49,Male,D,,CUST-12538
Fatma Abdel-Aziz,Teacher,56,Female,B,Land,CUST-12539
Mahmoud Fawzy,Sales_Rep,50,Female,D,Land,CUST-12540
Hoda Hamdy,Doctor,59,Female,D,Vehicle,CUST-12541
Salma Kamel,Sales_Rep,47,Male,D,Vehicle,CUST-12542
Layla Fawzy,Sales_Rep,27,Male,B,Land,CUST-12543
Heba Nabil,Teacher,53,Male,D,Land,CUST-12544
Bassem Ibrahim,Freelancer,38,Female,D,Vehicle,CUST-12545
Hoda Kamel,Doctor,45,Male,D,,CUST-12546
Bassem Ghanem,Engineer,32,Female,A,,CUST-12547
Karim Kamel,Doctor,33,Female,D,Land,CUST-12548
Tarek Kamel,Freelancer,47,Female,D,,CUST-12549
Amira Ibrahim,Accountant,58,Male,B,Vehicle,CUST-12550
Tarek Ibrahim,Doctor,36,Female,B,Vehicle,CUST-12551
Karim Fawzy,Sales_Rep,48,Female,D,Land,CUST-12552
Layla Ibrahim,Engineer,48,Female,A,Land,CUST-12553
Dina Abdel-Aziz,Teacher,57,Male,A,,CUST-12554
Hoda Mahmoud,Accountant,42,Female,C,,CUST-12555
Sherif Ghanem,Sales_Rep,52,Male,B,,CUST-12556
Mahmoud Adel,Accountant,58,Male,B,Land,CUST-12557
Salma Adel,Freelancer,63,Female,D,,CUST-12558
Omar Reda,Doctor,56,Male,D,Land,CUST-12559
Khaled Nabil,Accountant,50,Male,C,Vehicle,CUST-12560
Tarek Kamel,Sales_Rep,35,Male,D,Vehicle,CUST-12561
Fatma Fawzy,Freelancer,31,Male,C,Land,CUST-12562
Sara Reda,Sales_Rep,53,Female,C,,CUST-12563
Mona Abdel-Aziz,Doctor,50,Female,A,Land,CUST-12564
Bassem Hassan,Sales_Rep,33,Male,D,Land,CUST-12565
Sherif Fawzy,Freelancer,65,Male,C,Land,CUST-12566
Hassan Hassan,Doctor,37,Female,C,Vehicle,CUST-12567
Fatma Mansour,Engineer,46,Male,B,,CUST-12568
Omar Ibrahim,Engineer,56,Male,A,Vehicle,CUST-12569
Karim Saied,Freelancer,59,Male,A,,CUST-12570
Fatma Saied,Engineer,37,Male,B,,CUST-12571
Sherif Hamdy,Freelancer,49,Male,D,Vehicle,CUST-12572
Amira Zaki,Doctor,39,Female,C,Vehicle,CUST-12573
Tarek Adel,Teacher,28,Male,B,Vehicle,CUST-12574
Wael Amr,Doctor,28,Male,C,,CUST-12575
Mostafa Ghanem,Technician,49,Male,D,,CUST-12576
Sherif Mahmoud,Teacher,32,Female,A,,CUST-12577
Karim Kamel,Accountant,34,Male,B,Vehicle,CUST-12578
Layla Hamdy,Engineer,48,Male,C,,CUST-12579
Mostafa Mansour,Sales_Rep,57,Male,B,,CUST-12580
Hamdy Mansour,Sales_Rep,25,Female,A,,CUST-12581
Salma Fawzy,Freelancer,52,Female,D,Land,CUST-12582
Zaki Amr,Doctor,54,Female,B,,CUST-12583
Zaki Adel,Technician,24,Female,D,,CUST-12584
Salma Abdel-Aziz,Doctor,33,Female,D,Vehicle,CUST-12585
Tarek El-Sayed,Teacher,61,Female,C,,CUST-12586
Karim Amr,Sales_Rep,54,Male,B,,CUST-12587
Ahmed Zaki,Freelancer,61,Female,C,,CUST-12588
Nabil Reda,Sales_Rep,32,Female,B,Land,CUST-12589
Tarek Abdel-Aziz,Engineer,26,Female,C,Land,CUST-12590
Khaled Fawzy,Teacher,39,Female,C,Vehicle,CUST-12591
Tarek Mahmoud,Teacher,26,Male,C,Land,CUST-12592
Heba Ibrahim,Sales_Rep,61,Female,A,,CUST-12593
Mona Reda,Freelancer,61,Male,C,Land,CUST-12594
Karim Zaki,Sales_Rep,53,Female,C,Land,CUST-12595
Layla Nabil,Freelancer,38,Male,A,Land,CUST-12596
Omar Amr,Engineer,62,Male,D,Vehicle,CUST-12597
Mostafa Fawzy,Accountant,26,Female,A,Land,CUST-12598
Wael Hassan,Engineer,49,Male,D,Vehicle,CUST-12599
Nabil El-Sayed,Doctor,22,Male,C,Vehicle,CUST-12600
Tarek Hamdy,Teacher,25,Female,B,Vehicle,CUST-12601
Amira Kamel,Engineer,62,Female,A,Land,CUST-12602
Bassem Mansour,Engineer,39,Male,B,Vehicle,CUST-12603
Zaki Hamdy,Doctor,61,Male,A,Vehicle,CUST-12604
Salma Amr,Engineer,45,Female,C,,CUST-12605
Dina Kamel,Technician,52,Male,A,Vehicle,CUST-12606
Mona Nabil,Engineer,59,Female,D,Land,CUST-12607
Hamdy Mansour,Sales_Rep,45,Male,C,,CUST-12608
Dina Saied,Teacher,21,Male,D,Vehicle,CUST-12609
Ibrahim Hassan,Doctor,49,Female,A,Land,CUST-12610
Dina Mansour,Doctor,59,Male,D,,CUST-12611
Nabil Ibrahim,Teacher,55,Female,A,,CUST-12612
Omar Hassan,Teacher,59,Male,B,Vehicle,CUST-12613
Omar Hassan,Technician,39,Female,C,Land,CUST-12614
Wael Amr,Engineer,22,Female,C,Vehicle,CUST-12615
Ahmed Hassan,Doctor,22,Female,A,Vehicle,CUST-12616
Wael Nabil,Technician,49,Female,C,Vehicle,CUST-12617
Dina Saied,Sales_Rep,45,Male,A,Vehicle,CUST-12618
Layla Nabil,Freelancer,60,Female,D,Land,CUST-12619
Hassan Abdel-Aziz,Sales_Rep,27,Female,D,,CUST-12620
Hamdy Hassan,Technician,61,Female,B,Vehicle,CUST-12621
Heba Zaki,Sales_Rep,45,Male,D,Land,CUST-12622
Dina Mansour,Freelancer,52,Female,B,Land,CUST-12623
Ahmed Nabil,Teacher,48,Male,C,Vehicle,CUST-12624
Heba Hamdy,Accountant,43,Female,C,Land,CUST-12625
Ibrahim El-Sayed,Technician,64,Male,C,Vehicle,CUST-12626
Heba Hamdy,Freelancer,33,Female,A,Land,CUST-12627
Layla Adel,Engineer,60,Male,C,,CUST-12628
Amira Ibrahim,Sales_Rep,40,Male,B,Vehicle,CUST-12629
Zaki Ghanem,Sales_Rep,22,Female,C,,CUST-12630
Heba Ghanem,Accountant,57,Male,B,Land,CUST-12631
Nabil Fawzy,Teacher,63,Female,A,,CUST-12632
Khaled Ghanem,Doctor,46,Female,B,Land,CUST-12633
Dina Hamdy,Sales_Rep,47,Female,A,,CUST-12634
Tarek Ghanem,Technician,41,Male,D,Land,CUST-12635
Bassem Hassan,Freelancer,32,Female,C,,CUST-12636
Salma Abdel-Aziz,Doctor,55,Male,C,Vehicle,CUST-12637
Ahmed Ghanem,Accountant,44,Male,A,Land,CUST-12638
Hoda Ghanem,Freelancer,65,Male,D,Land,CUST-12639
Salma Hamdy,Accountant,23,Female,C,,CUST-12640
Ahmed El-Sayed,Sales_Rep,45,Female,D,Vehicle,CUST-12641
Mahmoud Abdel-Aziz,Freelancer,25,Female,C,Land,CUST-12642
Bassem Ghanem,Engineer,38,Male,B,,CUST-12643
Ibrahim El-Sayed,Freelancer,54,Male,A,Vehicle,CUST-12644
Nabil Hamdy,Technician,53,Female,D,Vehicle,CUST-12645
Nabil Fawzy,Teacher,21,Male,D,Vehicle,CUST-12646
Hassan El-Sayed,Doctor,63,Male,B,Land,CUST-12647
Nabil Fawzy,Freelancer,21,Female,D,,CUST-12648
Mohamed Ibrahim,Engineer,61,Female,A,,CUST-12649
Hoda Zaki,Technician,40,Female,A,Vehicle,CUST-12650
Amira Abdel-Aziz,Technician,35,Female,D,Vehicle,CUST-12651
Tarek Mahmoud,Technician,45,Male,C,Vehicle,CUST-12652
Dina Fawzy,Accountant,40,Male,B,,CUST-12653
,Accountant,36,Male,A,,CUST-12654
Layla El-Sayed,Accountant,55,Male,D,Land,CUST-12655
Hassan Kamel,Engineer,44,Male,A,Vehicle,CUST-12656
Hoda El-Sayed,Teacher,46,Male,A,Vehicle,CUST-12657
Sherif Ghanem,Accountant,47,Female,C,,CUST-12658
Hoda Fawzy,Teacher,25,Female,A,,CUST-12659
Amira Hamdy,Sales_Rep,21,Female,C,,CUST-12660
Amira Hamdy,Engineer,58,Female,B,Land,CUST-12661
Hamdy El-Sayed,Accountant,61,Male,C,,CUST-12662
Hoda Kamel,Accountant,24,Male,D,,CUST-12663
Bassem Adel,Technician,63,Female,D,Vehicle,CUST-12664
Fatma Hassan,Doctor,62,Female,A,,CUST-12665
Karim Mahmoud,Technician,42,Female,C,Land,CUST-12666
Tarek Mansour,Sales_Rep,46,Female,B,Land,CUST-12667
Nabil Fawzy,Teacher,38,Male,D,Land,CUST-12668
Khaled Reda,Accountant,24,Female,D,Land,CUST-12669
Amira Saied,Accountant,55,Female,B,,CUST-12670
Ibrahim Mansour,Teacher,53,Female,A,,CUST-12671
Sara Mahmoud,Accountant,21,Male,A,Land,CUST-12672
Omar Fawzy,Technician,50,Male,A,Vehicle,CUST-12673
Hassan Adel,Sales_Rep,63,Female,B,Vehicle,CUST-12674
Omar Ghanem,Technician,62,Male,D,Vehicle,CUST-12675
Mostafa Ibrahim,Freelancer,38,Female,D,Vehicle,CUST-12676
Nabil Hassan,Doctor,63,Male,D,Land,CUST-12677
Wael Abdel-Aziz,Freelancer,24,Male,B,Land,CUST-12678
Sherif Kamel,Technician,34,Male,C,,CUST-12679
Wael Zaki,Freelancer,33,Male,A,Vehicle,CUST-12680
Salma Mansour,Teacher,32,Female,A,Vehicle,CUST-12681
Fatma Ghanem,Doctor,55,Male,B,Vehicle,CUST-12682
Mohamed Adel,Technician,50,Female,D,Vehicle,CUST-12683
Layla Ibrahim,Teacher,25,Female,A,Land,CUST-12684
Amira El-Sayed,Engineer,21,Male,B,Land,CUST-12685
Sara Hamdy,Freelancer,43,Male,D,Land,CUST-12686
Ahmed Ibrahim,Doctor,52,Male,B,,CUST-12687
Salma Ghanem,Freelancer,41,Male,D,Vehicle,CUST-12688
Ibrahim Amr,Doctor,52,Female,C,,CUST-12689
Layla Fawzy,Teacher,64,Male,B,Land,CUST-12690
Heba Mahmoud,Technician,41,Male,A,Land,CUST-12691
Dina Fawzy,Technician,52,Male,C,Land,CUST-12692
Hamdy Ghanem,Doctor,58,Male,A,,CUST-12693
Mostafa Adel,Teacher,49,Male,A,Vehicle,CUST-12694
Sara Kamel,Doctor,45,Male,C,Land,CUST-12695
Sherif Amr,Accountant,30,Female,B,,CUST-12696
Mona Hamdy,Technician,53,Male,D,Vehicle,CUST-12697
Hamdy Mahmoud,Sales_Rep,33,Male,D,Land,CUST-12698
Mona Ibrahim,Engineer,55,Male,A,Vehicle,CUST-12699
Bassem Kamel,Teacher,28,Male,C,,CUST-12700
Omar Ghanem,Freelancer,51,Female,B,Vehicle,CUST-12701
Sherif Hamdy,Teacher,34,Male,A,,CUST-12702
Heba Ghanem,Doctor,45,Male,D,Land,CUST-12703
Zaki El-Sayed,Teacher,52,Female,D,Vehicle,CUST-12704
Sara Saied,Sales_Rep,35,Female,C,Land,CUST-12705
Mona Amr,Technician,21,Male,D,Land,CUST-12706
Omar Zaki,Technician,42,Male,A,Land,CUST-12707
Mostafa El-Sayed,Doctor,46,Male,C,,CUST-12708
Fatma Adel,Sales_Rep,49,Male,D,Vehicle,CUST-12709
Ahmed Ibrahim,Sales_Rep,53,Female,D,Land,CUST-12710
Mostafa Fawzy,Technician,44,Female,B,Vehicle,CUST-12711
Mahmoud Reda,Freelancer,36,Male,A,Land,CUST-12712
Ahmed Saied,Freelancer,45,Male,B,Land,CUST-12713
Layla Amr,Engineer,52,Male,D,Vehicle,CUST-12714
Mona Adel,Technician,47,Female,A,,CUST-12715
Mona Abdel-Aziz,Freelancer,38,Male,D,,CUST-12716
Bassem El-Sayed,Sales_Rep,62,Female,D,,CUST-12717
Sara Adel,Freelancer,34,Female,A,Vehicle,CUST-12718
,Technician,23,Female,B,Land,CUST-12719
Khaled Hassan,Engineer,35,Female,D,,CUST-12720
Fatma Abdel-Aziz,Engineer,63,Male,C,Vehicle,CUST-12721
Karim El-Sayed,Teacher,47,Female,D,Vehicle,CUST-12722
Hoda Ghanem,Engineer,57,Male,A,Land,CUST-12723
Mohamed Saied,Accountant,52,Female,A,,CUST-12724
Heba Saied,Accountant,44,Female,D,Vehicle,CUST-12725
,Sales_Rep,31,Male,C,Vehicle,CUST-12726
Sara Zaki,Doctor,46,Male,C,,CUST-12727
Sherif Hassan,Teacher,50,Male,A,Land,CUST-12728
Wael Fawzy,Freelancer,52,Female,D,Land,CUST-12729
Sara Mansour,Sales_Rep,49,Female,D,,CUST-12730
Mona Hamdy,Accountant,59,Male,C,Land,CUST-12731
Khaled Fawzy,Accountant,32,Male,D,,CUST-12732
Nabil Abdel-Aziz,Technician,26,Female,A,Vehicle,CUST-12733
Karim Amr,Freelancer,28,Female,C,,CUST-12734
Omar Nabil,Teacher,57,Male,D,Vehicle,CUST-12735
Mahmoud El-Sayed,Doctor,28,Female,C,Vehicle,CUST-12736
Bassem Kamel,Technician,44,Male,D,Vehicle,CUST-12737
Omar Saied,Technician,40,Female,B,Vehicle,CUST-12738
Dina Ghanem,Freelancer,61,Female,A,Vehicle,CUST-12739
Hamdy Amr,Engineer,53,Male,C,Vehicle,CUST-12740
Sherif Abdel-Aziz,Freelancer,45,Male,C,,CUST-12741
Omar Kamel,Accountant,61,Female,C,Land,CUST-12742
,Freelancer,33,Female,A,,CUST-12743
Ibrahim Hassan,Doctor,53,Male,C,Land,CUST-12744
Mahmoud El-Sayed,Accountant,34,Male,C,Vehicle,CUST-12745
Hassan Reda,Doctor,34,Female,A,Land,CUST-12746
Salma Hassan,Sales_Rep,64,Male,B,,CUST-12747
Sara Reda,Teacher,61,Female,B,Land,CUST-12748
Salma Fawzy,Freelancer,37,Male,D,Vehicle,CUST-12749
Sara Amr,Teacher,46,Male,C,Land,CUST-12750
Omar Ibrahim,Technician,40,Female,B,Vehicle,CUST-12751
Hassan Hassan,Freelancer,51,Male,A,Land,CUST-12752
Hoda Ghanem,Sales_Rep,48,Female,D,Land,CUST-12753
Ibrahim Reda,Accountant,38,Female,B,Vehicle,CUST-12754
Fatma Zaki,Engineer,48,Female,A,,CUST-12755
Mostafa Mahmoud,Accountant,30,Female,B,Vehicle,CUST-12756
Karim El-Sayed,Technician,41,Male,D,Land,CUST-12757
Mostafa Zaki,Engineer,52,Female,A,Land,CUST-12758
Fatma Ghanem,Accountant,47,Male,B,,CUST-12759
Nabil Hamdy,Freelancer,24,Female,A,,CUST-12760
Bassem Amr,Freelancer,26,Female,C,,CUST-12761
Hoda Reda,Engineer,48,Female,D,,CUST-12762
,Engineer,63,Male,A,,CUST-12763
Tarek Saied,Engineer,47,Female,D,Vehicle,CUST-12764
Karim Mahmoud,Teacher,37,Male,A,Land,CUST-12765
Hamdy Hassan,Engineer,58,Female,A,,CUST-12766
Zaki Saied,Engineer,23,Male,A,Land,CUST-12767
Mona Abdel-Aziz,Accountant,23,Male,C,Vehicle,CUST-12768
Layla Ghanem,Engineer,37,Female,A,Land,CUST-12769
,Teacher,36,Male,A,Vehicle,CUST-12770
Fatma Reda,Engineer,45,Female,D,Land,CUST-12771
Zaki Abdel-Aziz,Technician,48,Male,B,Vehicle,CUST-12772
Khaled Nabil,Sales_Rep,54,Male,B,Land,CUST-12773
Fatma Mansour,Sales_Rep,30,Female,B,,CUST-12774
Hamdy Ibrahim,Accountant,29,Male,B,,CUST-12775
Tarek Amr,Technician,43,Female,B,Vehicle,CUST-12776
Zaki Mahmoud,Doctor,42,Female,A,,CUST-12777
,Engineer,33,Female,A,Vehicle,CUST-12778
Layla Reda,Doctor,31,Male,D,Land,CUST-12779
Mostafa Nabil,Engineer,53,Male,C,Vehicle,CUST-12780
Hamdy Saied,Doctor,43,Male,D,Vehicle,CUST-12781
Hamdy Amr,Freelancer,41,Female,C,Vehicle,CUST-12782
Mahmoud Nabil,Sales_Rep,50,Female,A,,CUST-12783
Khaled Zaki,Engineer,50,Female,C,Vehicle,CUST-12784
Dina Kamel,Freelancer,42,Male,C,Land,CUST-12785
Bassem Fawzy,Teacher,61,Female,A,Land,CUST-12786
Hoda Adel,Accountant,60,Female,C,Land,CUST-12787
Mona Mansour,Freelancer,55,Male,A,,CUST-12788
Omar Amr,Technician,65,Female,A,Vehicle,CUST-12789
Wael Adel,Technician,48,Female,D,,CUST-12790
Hamdy Saied,Engineer,23,Female,B,Land,CUST-12791
Wael Mahmoud,Technician,46,Male,A,Vehicle,CUST-12792
Sherif Ibrahim,Engineer,61,Female,C,Land,CUST-12793
Zaki El-Sayed,Doctor,35,Male,B,Vehicle,CUST-12794
Ibrahim Fawzy,Engineer,41,Male,D,,CUST-12795
Hamdy Mansour,Engineer,26,Female,C,Vehicle,CUST-12796
Khaled Amr,Technician,49,Female,B,Land,CUST-12797
,Accountant,41,Male,D,Land,CUST-12798
Layla Fawzy,Freelancer,25,Female,C,Land,CUST-12799
Khaled El-Sayed,Sales_Rep,35,Female,A,Vehicle,CUST-12800
Ahmed Kamel,Engineer,40,Female,A,Land,CUST-12801
Nabil Kamel,Sales_Rep,39,Male,B,Land,CUST-12802
Omar Hassan,Doctor,27,Female,A,Vehicle,CUST-12803
Hoda Nabil,Engineer,64,Male,C,,CUST-12804
Hoda Mahmoud,Engineer,53,Male,D,Land,CUST-12805
Layla Ibrahim,Sales_Rep,47,Female,A,Land,CUST-12806
Zaki Hassan,Doctor,38,Female,A,,CUST-12807
Ibrahim Ghanem,Engineer,56,Female,D,Land,CUST-12808
Sara Reda,Teacher,28,Male,D,Land,CUST-12809
Mostafa Hamdy,Engineer,37,Male,B,,CUST-12810
Wael Hamdy,Engineer,34,Female,C,Land,CUST-12811
Hassan Hassan,Teacher,28,Male,C,Land,CUST-12812
Zaki Abdel-Aziz,Engineer,35,Male,C,Land,CUST-12813
Hamdy Zaki,Sales_Rep,44,Male,D,Vehicle,CUST-12814
Mahmoud Reda,Accountant,39,Female,C,Vehicle,CUST-12815
Sherif Zaki,Accountant,56,Male,D,,CUST-12816
Omar Hamdy,Doctor,58,Female,A,Land,CUST-12817
Amira Hassan,Freelancer,62,Male,C,,CUST-12818
Khaled Adel,Engineer,45,Female,D,Land,CUST-12819
Mona Abdel-Aziz,Freelancer,47,Male,D,,CUST-12820
Sherif Nabil,Doctor,52,Male,C,,CUST-12821
Wael Kamel,Engineer,38,Female,D,Land,CUST-12822
Ibrahim Saied,Sales_Rep,63,Male,D,Vehicle,CUST-12823
Ahmed Amr,Doctor,50,Female,D,Vehicle,CUST-12824
Mahmoud Nabil,Doctor,58,Male,A,,CUST-12825
Omar Saied,Engineer,60,Male,A,Land,CUST-12826
Mona Abdel-Aziz,Teacher,32,Male,C,Vehicle,CUST-12827
Nabil Ghanem,Teacher,31,Female,C,,CUST-12828
,Engineer,40,Male,B,,CUST-12829
Wael Hassan,Technician,64,Female,C,,CUST-12830
Sara Hassan,Accountant,46,Female,B,Vehicle,CUST-12831
Mahmoud Kamel,Doctor,65,Male,C,Vehicle,CUST-12832
Ibrahim Amr,Sales_Rep,49,Male,C,,CUST-12833
Omar Saied,Teacher,65,Male,D,,CUST-12834
Bassem Amr,Teacher,64,Male,A,,CUST-12835
Nabil Ghanem,Engineer,54,Female,D,Vehicle,CUST-12836
Omar Nabil,Freelancer,27,Male,C,,CUST-12837
Khaled Amr,Accountant,30,Female,B,Land,CUST-12838
Amira Ibrahim,Accountant,57,Female,A,Vehicle,CUST-12839
Hoda Kamel,Sales_Rep,48,Male,D,,CUST-12840
Ibrahim Saied,Teacher,36,Female,D,,CUST-12841
Ahmed Nabil,Technician,42,Female,C,,CUST-12842
Khaled Kamel,Accountant,60,Male,C,,CUST-12843
Layla Kamel,Doctor,46,Male,A,Vehicle,CUST-12844
Layla Mahmoud,Technician,37,Male,D,Land,CUST-12845
Heba Ghanem,Technician,48,Female,D,,CUST-12846
Hassan Abdel-Aziz,Freelancer,30,Male,B,Land,CUST-12847
Mostafa Amr,Teacher,45,Male,A,,CUST-12848
Mostafa Nabil,Technician,22,Male,D,Land,CUST-12849
Salma Saied,Technician,24,Male,D,,CUST-12850
Karim Mahmoud,Doctor,33,Male,D,Vehicle,CUST-12851
Hoda Reda,Doctor,56,Male,B,Vehicle,CUST-12852
Mostafa Mansour,Sales_Rep,38,Male,C,,CUST-12853
Mahmoud Nabil,Teacher,48,Male,B,,CUST-12854
Hamdy Mahmoud,Sales_Rep,24,Female,D,Vehicle,CUST-12855
Bassem Saied,Sales_Rep,27,Female,D,Vehicle,CUST-12856
Karim Kamel,Freelancer,30,Female,B,Land,CUST-12857
Salma Hassan,Accountant,22,Male,A,Land,CUST-12858
Amira Ghanem,Engineer,33,Female,C,,CUST-12859
Fatma Kamel,Engineer,59,Female,D,Land,CUST-12860
Karim Reda,Teacher,63,Male,B,,CUST-12861
Bassem El-Sayed,Accountant,27,Male,D,Vehicle,CUST-12862
Nabil Zaki,Accountant,49,Male,D,Vehicle,CUST-12863
Nabil Saied,Sales_Rep,55,Female,A,Vehicle,CUST-12864
Hassan Mahmoud,Engineer,63,Male,B,Vehicle,CUST-12865
Salma Amr,Engineer,35,Male,C,,CUST-12866
Mostafa Hassan,Technician,59,Male,B,,CUST-12867
Ibrahim Nabil,Accountant,36,Female,A,Land,CUST-12868
Sherif Amr,Freelancer,56,Male,A,Land,CUST-12869
Khaled Hamdy,Teacher,54,Female,B,,CUST-12870
Dina Reda,Accountant,49,Female,A,Vehicle,CUST-12871
Hamdy Ibrahim,Engineer,42,Female,A,Vehicle,CUST-12872
Layla Ghanem,Freelancer,40,Male,B,Land,CUST-12873
Wael Abdel-Aziz,Accountant,51,Male,C,,CUST-12874
Bassem Hassan,Teacher,54,Female,D,Vehicle,CUST-12875
Fatma Fawzy,Technician,49,Female,B,,CUST-12876
Mostafa Saied,Doctor,28,Male,B,Land,CUST-12877
Hoda Hassan,Technician,57,Male,C,Land,CUST-12878
Dina Zaki,Teacher,43,Male,D,Vehicle,CUST-12879
Layla Adel,Doctor,49,Male,C,Land,CUST-12880
Tarek El-Sayed,Freelancer,58,Male,D,Land,CUST-12881
Mahmoud Nabil,Engineer,62,Female,C,,CUST-12882
Bassem Hamdy,Sales_Rep,58,Male,D,Land,CUST-12883
Hassan Mahmoud,Engineer,30,Male,A,Land,CUST-12884
Ibrahim Ibrahim,Accountant,42,Female,D,,CUST-12885
Heba Mahmoud,Technician,36,Male,B,,CUST-12886
Layla Ibrahim,Freelancer,61,Female,B,Land,CUST-12887
Tarek Abdel-Aziz,Technician,63,Female,D,,CUST-12888
Tarek Hassan,Engineer,25,Female,B,Land,CUST-12889
Sherif Mahmoud,Doctor,36,Female,B,Land,CUST-12890
Tarek Hassan,Engineer,43,Male,A,Vehicle,CUST-12891
Mohamed Zaki,Freelancer,59,Male,B,,CUST-12892
Sara Amr,Accountant,39,Male,A,,CUST-12893
Sherif Reda,Sales_Rep,56,Female,B,Land,CUST-12894
Wael Mansour,Doctor,24,Male,A,,CUST-12895
Sara El-Sayed,Engineer,58,Female,D,Vehicle,CUST-12896
Mona Ghanem,Engineer,47,Male,D,Land,CUST-12897
Hassan Ibrahim,Engineer,54,Female,A,,CUST-12898
Ahmed Fawzy,Doctor,25,Male,B,Vehicle,CUST-12899
Mostafa Hamdy,Sales_Rep,62,Male,C,Land,CUST-12900
Dina Ghanem,Teacher,57,Female,A,Vehicle,CUST-12901
Tarek Hamdy,Engineer,33,Male,C,Vehicle,CUST-12902
Hamdy Ibrahim,Teacher,39,Male,D,Vehicle,CUST-12903
Mona Hassan,Teacher,31,Female,B,,CUST-12904
Fatma Reda,Freelancer,34,Male,C,Land,CUST-12905
Tarek Kamel,Teacher,52,Male,D,Land,CUST-12906
Mona Hamdy,Freelancer,43,Female,C,,CUST-12907
Ahmed Hamdy,Sales_Rep,60,Female,C,,CUST-12908
Khaled Hamdy,Sales_Rep,34,Female,B,Vehicle,CUST-12909
Mostafa Saied,Technician,24,Female,A,Vehicle,CUST-12910
Fatma Reda,Accountant,45,Male,B,Land,CUST-12911
Salma Ghanem,Engineer,36,Male,C,Land,CUST-12912
Heba Abdel-Aziz,Technician,36,Female,D,Land,CUST-12913
Heba Mansour,Accountant,49,Female,C,Vehicle,CUST-12914
Khaled Hamdy,Freelancer,60,Female,B,,CUST-12915
Sherif Nabil,Sales_Rep,58,Male,C,Vehicle,CUST-12916
Nabil Abdel-Aziz,Accountant,64,Female,B,,CUST-12917
Sara Ibrahim,Technician,47,Female,D,Land,CUST-12918
Hassan Ibrahim,Engineer,51,Female,D,Land,CUST-12919
Mostafa Ghanem,Technician,46,Male,C,,CUST-12920
Mona Mansour,Technician,37,Female,D,Vehicle,CUST-12921
Karim Ghanem,Technician,31,Female,C,Land,CUST-12922
Khaled Reda,Technician,51,Female,D,Vehicle,CUST-12923
Heba Ghanem,Technician,65,Male,D,Vehicle,CUST-12924
Tarek Hassan,Engineer,49,Male,A,,CUST-12925
Ahmed Zaki,Sales_Rep,53,Female,C,Vehicle,CUST-12926
Mostafa Kamel,Teacher,48,Female,C,Land,CUST-12927
Mona Mahmoud,Freelancer,34,Male,A,Vehicle,CUST-12928
Dina Kamel,Sales_Rep,23,Male,D,Vehicle,CUST-12929
Mohamed Fawzy,Accountant,29,Male,C,Land,CUST-12930
Hoda Kamel,Teacher,25,Female,D,,CUST-12931
Omar Hassan,Accountant,64,Female,A,,CUST-12932
Mostafa Reda,Doctor,43,Female,A,,CUST-12933
Omar Fawzy,Doctor,61,Male,B,,CUST-12934
,Technician,33,Female,B,Vehicle,CUST-12935
Nabil Mansour,Doctor,39,Female,A,,CUST-12936
Hassan Reda,Sales_Rep,21,Female,C,Vehicle,CUST-12937
Ahmed Fawzy,Teacher,24,Female,B,,CUST-12938
Heba Saied,Engineer,27,Male,D,Vehicle,CUST-12939
Amira Reda,Freelancer,23,Male,B,Land,CUST-12940
Bassem Reda,Accountant,53,Female,D,Vehicle,CUST-12941
Mahmoud Hassan,Accountant,61,Male,D,,CUST-12942
Sherif Amr,Accountant,61,Male,B,Vehicle,CUST-12943
Sara Abdel-Aziz,Teacher,32,Female,B,Vehicle,CUST-12944
Sara Fawzy,Freelancer,44,Female,C,Vehicle,CUST-12945
Sara Fawzy,Doctor,54,Female,D,,CUST-12946
Nabil Fawzy,Teacher,60,Female,B,Land,CUST-12947
Mostafa Saied,Accountant,41,Female,A,,CUST-12948
Mohamed Saied,Accountant,57,Female,C,Land,CUST-12949
Hamdy Zaki,Doctor,58,Male,C,Vehicle,CUST-12950
Khaled El-Sayed,Teacher,40,Female,C,Vehicle,CUST-12951
Mahmoud Mansour,Sales_Rep,31,Male,C,Land,CUST-12952
Karim Hassan,Engineer,28,Female,C,Vehicle,CUST-12953
Mohamed Amr,Freelancer,33,Female,A,Land,CUST-12954
Mostafa Hassan,Teacher,34,Female,D,,CUST-12955
Khaled Amr,Technician,22,Female,A,,CUST-12956
Heba Saied,Sales_Rep,54,Male,D,,CUST-12957
Hamdy Adel,Engineer,29,Female,A,Vehicle,CUST-12958
Tarek Ibrahim,Doctor,64,Male,C,Vehicle,CUST-12959
Zaki Mahmoud,Freelancer,47,Male,A,Vehicle,CUST-12960
Heba Abdel-Aziz,Sales_Rep,34,Male,B,,CUST-12961
Khaled Nabil,Accountant,31,Male,B,Land,CUST-12962
Khaled Mahmoud,Engineer,43,Female,C,Vehicle,CUST-12963
Sherif Ibrahim,Sales_Rep,55,Female,A,,CUST-12964
Fatma Kamel,Doctor,55,Male,C,,CUST-12965
,Freelancer,34,Female,A,Land,CUST-12966
Amira Amr,Doctor,50,Male,A,Vehicle,CUST-12967
Ahmed Fawzy,Accountant,36,Male,C,Land,CUST-12968
Khaled El-Sayed,Doctor,28,Female,B,Land,CUST-12969
Layla Amr,Freelancer,35,Male,C,Vehicle,CUST-12970
Mostafa Adel,Teacher,37,Female,D,Vehicle,CUST-12971
Nabil Abdel-Aziz,Technician,47,Male,D,Vehicle,CUST-12972
Mona Kamel,Technician,49,Female,D,,CUST-12973
Nabil Abdel-Aziz,Teacher,50,Male,A,,CUST-12974
Layla Abdel-Aziz,Technician,58,Male,A,Land,CUST-12975
Ahmed Abdel-Aziz,Freelancer,38,Male,B,Land,CUST-12976
Tarek Adel,Sales_Rep,27,Male,C,Vehicle,CUST-12977
Sara Mansour,Doctor,44,Male,C,,CUST-12978
Mahmoud Abdel-Aziz,Teacher,60,Male,C,Vehicle,CUST-12979
Zaki Ghanem,Technician,53,Male,A,Vehicle,CUST-12980
Mona Mahmoud,Doctor,41,Male,D,Vehicle,CUST-12981
Sherif Saied,Accountant,57,Male,B,Vehicle,CUST-12982
Ibrahim Saied,Doctor,31,Female,A,Vehicle,CUST-12983
Mohamed Amr,Teacher,50,Female,A,Vehicle,CUST-12984
Layla Mahmoud,Accountant,47,Female,B,Land,CUST-12985
Salma Kamel,Accountant,32,Female,A,Vehicle,CUST-12986
Layla Nabil,Doctor,45,Female,B,,CUST-12987
Zaki Amr,Doctor,35,Female,D,Vehicle,CUST-12988
Layla Mansour,Engineer,23,Female,D,Vehicle,CUST-12989
Sherif Kamel,Accountant,61,Female,A,Vehicle,CUST-12990
Bassem Saied,Sales_Rep,62,Male,A,Land,CUST-12991
Fatma Hassan,Accountant,42,Male,D,,CUST-12992
Hassan Amr,Technician,57,Female,B,Land,CUST-12993
Layla Abdel-Aziz,Sales_Rep,38,Male,D,Vehicle,CUST-12994
Hassan Hamdy,Freelancer,56,Female,A,,CUST-12995
Karim Hassan,Engineer,38,Male,A,,CUST-12996
Mostafa Abdel-Aziz,Accountant,44,Male,C,Land,CUST-12997
Khaled Mansour,Sales_Rep,35,Female,A,Land,CUST-12998
Sherif Saied,Technician,30,Female,D,Vehicle,CUST-12999
Fatma Fawzy,Teacher,61,Male,A,Vehicle,CUST-13000
Omar Mansour,Technician,37,Male,D,Land,CUST-13001
Mohamed Reda,Technician,44,Female,C,Vehicle,CUST-13002
Omar Amr,Sales_Rep,39,Female,B,Land,CUST-13003
Mona Mansour,Doctor,38,Female,A,,CUST-13004
Hamdy Fawzy,Sales_Rep,46,Female,B,Vehicle,CUST-13005
Bassem Hamdy,Accountant,39,Male,D,Vehicle,CUST-13006
Ibrahim El-Sayed,Engineer,53,Male,D,,CUST-13007
Omar Mansour,Doctor,47,Male,C,Land,CUST-13008
Mona El-Sayed,Freelancer,27,Male,D,,CUST-13009
Zaki Zaki,Freelancer,34,Female,A,,CUST-13010
Tarek Adel,Teacher,53,Female,A,Land,CUST-13011
Salma Adel,Engineer,51,Male,B,,CUST-13012
Khaled Fawzy,Sales_Rep,56,Male,C,Vehicle,CUST-13013
Bassem Hamdy,Teacher,48,Male,C,,CUST-13014
,Technician,52,Male,B,Vehicle,CUST-13015
Dina Ghanem,Technician,43,Female,C,,CUST-13016
Omar Saied,Engineer,62,Female,D,,CUST-13017
Hassan Ghanem,Engineer,46,Male,A,Vehicle,CUST-13018
Dina Hamdy,Doctor,58,Male,C,,CUST-13019
Sara Saied,Freelancer,37,Female,D,Vehicle,CUST-13020
Wael Zaki,Sales_Rep,55,Male,C,,CUST-13021
Amira Hassan,Engineer,38,Male,C,Land,CUST-13022
Hassan Zaki,Sales_Rep,22,Female,B,Vehicle,CUST-13023
Ibrahim Kamel,Teacher,27,Female,C,Vehicle,CUST-13024
Nabil Reda,Engineer,36,Male,C,Land,CUST-13025
Hassan Saied,Sales_Rep,35,Male,D,Vehicle,CUST-13026
Mahmoud Zaki,Freelancer,44,Male,B,Land,CUST-13027
Tarek Mansour,Accountant,56,Female,D,Vehicle,CUST-13028
Sara Zaki,Technician,26,Female,B,,CUST-13029
Hamdy Mansour,Accountant,48,Female,D,,CUST-13030
Tarek El-Sayed,Teacher,51,Male,C,Vehicle,CUST-13031
Nabil Kamel,Freelancer,24,Male,C,Land,CUST-13032
Dina Abdel-Aziz,Technician,41,Male,B,,CUST-13033
Sherif Mansour,Accountant,52,Female,D,Vehicle,CUST-13034
Fatma Adel,Teacher,33,Male,C,Land,CUST-13035
Nabil Mahmoud,Freelancer,35,Male,D,Land,CUST-13036
Omar Mansour,Sales_Rep,25,Female,A,Land,CUST-13037
Karim Hassan,Teacher,56,Male,C,Vehicle,CUST-13038
Dina Mansour,Accountant,60,Female,D,,CUST-13039
Sherif Mansour,Engineer,21,Male,D,,CUST-13040
Amira Mahmoud,Teacher,50,Female,D,Vehicle,CUST-13041
Heba Hassan,Sales_Rep,40,Female,C,Vehicle,CUST-13042
Mahmoud Amr,Engineer,31,Male,B,,CUST-13043
Zaki Hamdy,Sales_Rep,65,Male,B,Land,CUST-13044
Nabil Hamdy,Technician,42,Female,C,Vehicle,CUST-13045
Tarek Reda,Technician,48,Female,C,Land,CUST-13046
,Engineer,31,Male,B,,CUST-13047
Layla Mahmoud,Sales_Rep,64,Female,A,Vehicle,CUST-13048
Salma Amr,Teacher,47,Female,D,Vehicle,CUST-13049
Fatma Kamel,Teacher,63,Male,C,,CUST-13050
Wael Ibrahim,Freelancer,25,Male,A,Land,CUST-13051
Mohamed Mansour,Freelancer,55,Male,C,Land,CUST-13052
Mostafa Hassan,Doctor,57,Male,D,Land,CUST-13053
Mahmoud Mansour,Doctor,53,Female,C,,CUST-13054
Wael Zaki,Doctor,24,Female,D,Vehicle,CUST-13055
Mohamed Kamel,Teacher,65,Female,A,Land,CUST-13056
,Freelancer,57,Female,D,,CUST-13057
Hamdy Nabil,Technician,29,Female,C,,CUST-13058
Mohamed Zaki,Sales_Rep,53,Female,B,Land,CUST-13059
Khaled Nabil,Engineer,31,Male,A,Land,CUST-13060
Fatma Saied,Freelancer,29,Male,D,,CUST-13061
Karim Saied,Technician,51,Female,C,,CUST-13062
Hamdy Reda,Doctor,31,Female,B,,CUST-13063
Layla Nabil,Doctor,40,Male,B,Land,CUST-13064
Amira Kamel,Accountant,40,Male,C,,CUST-13065
Bassem Ibrahim,Doctor,21,Male,A,Vehicle,CUST-13066
Hamdy Zaki,Teacher,60,Female,B,Vehicle,CUST-13067
Mohamed Fawzy,Sales_Rep,28,Male,D,,CUST-13068
Dina Abdel-Aziz,Doctor,50,Female,B,,CUST-13069
Hoda Saied,Teacher,59,Male,A,,CUST-13070
Hassan Kamel,Teacher,37,Female,B,Vehicle,CUST-13071
Khaled Adel,Teacher,65,Female,B,,CUST-13072
Khaled Kamel,Technician,29,Male,D,Vehicle,CUST-13073
,Accountant,46,Female,C,Land,CUST-13074
Zaki Ghanem,Doctor,63,Female,C,Land,CUST-13075
Mohamed Reda,Engineer,41,Male,C,,CUST-13076
Karim Kamel,Doctor,28,Male,D,Vehicle,CUST-13077
Hamdy Hassan,Teacher,32,Female,B,,CUST-13078
Ibrahim Reda,Sales_Rep,50,Male,B,Land,CUST-13079
Nabil Adel,Technician,42,Female,A,Vehicle,CUST-13080
Salma Ibrahim,Teacher,52,Male,C,Vehicle,CUST-13081
Omar Saied,Doctor,22,Female,A,Land,CUST-13082
Bassem Amr,Accountant,32,Female,A,,CUST-13083
Fatma Hassan,Accountant,35,Male,D,Land,CUST-13084
Wael El-Sayed,Teacher,51,Female,B,Land,CUST-13085
Zaki Adel,Engineer,50,Female,B,Vehicle,CUST-13086
Karim Kamel,Accountant,59,Male,D,Land,CUST-13087
Heba Ibrahim,Teacher,54,Female,A,Land,CUST-13088
Omar Reda,Sales_Rep,61,Female,A,Vehicle,CUST-13089
Ahmed Kamel,Engineer,59,Male,C,,CUST-13090
Hassan Kamel,Sales_Rep,25,Female,C,Land,CUST-13091
Layla Reda,Technician,55,Female,A,Land,CUST-13092
Tarek Ghanem,Teacher,36,Male,C,Land,CUST-13093
Dina Mansour,Accountant,38,Male,A,Land,CUST-13094
Mahmoud Saied,Sales_Rep,38,Male,C,,CUST-13095
Nabil Hamdy,Doctor,56,Female,A,Land,CUST-13096
Khaled Mansour,Freelancer,28,Female,D,Land,CUST-13097
Hassan Ghanem,Sales_Rep,47,Male,D,Vehicle,CUST-13098
Mahmoud Kamel,Teacher,25,Female,C,,CUST-13099
Khaled Hamdy,Accountant,58,Male,B,Vehicle,CUST-13100
Hoda Adel,Engineer,28,Female,A,Land,CUST-13101
Dina Zaki,Accountant,28,Female,A,Vehicle,CUST-13102
Zaki Hassan,Teacher,35,Male,C,,CUST-13103
Mahmoud Mahmoud,Doctor,49,Male,C,Vehicle,CUST-13104
Heba Saied,Teacher,64,Female,C,Vehicle,CUST-13105
Karim Mansour,Freelancer,31,Male,A,,CUST-13106
Amira Abdel-Aziz,Accountant,25,Male,D,,CUST-13107
Hoda Hassan,Doctor,54,Male,C,Land,CUST-13108
Ibrahim Hassan,Teacher,37,Male,C,,CUST-13109
Nabil Ibrahim,Technician,49,Female,D,Vehicle,CUST-13110
Nabil Abdel-Aziz,Doctor,35,Male,B,Vehicle,CUST-13111
Omar Mahmoud,Freelancer,55,Male,D,Vehicle,CUST-13112
Mahmoud Kamel,Technician,61,Male,D,Land,CUST-13113
Salma Ibrahim,Technician,32,Male,B,Vehicle,CUST-13114
Heba Hamdy,Freelancer,59,Male,D,Land,CUST-13115
,Teacher,28,Female,C,Vehicle,CUST-13116
Fatma Ghanem,Engineer,29,Male,D,Land,CUST-13117
Mona Hamdy,Technician,57,Female,A,Vehicle,CUST-13118
Dina Nabil,Teacher,58,Male,D,,CUST-13119
Karim Ibrahim,Sales_Rep,48,Male,D,Vehicle,CUST-13120
Mahmoud Nabil,Doctor,45,Male,D,Land,CUST-13121
Wael Hassan,Sales_Rep,33,Male,D,,CUST-13122
Wael Nabil,Engineer,53,Male,D,Land,CUST-13123
Karim Adel,Freelancer,55,Female,B,Land,CUST-13124
Mostafa Reda,Accountant,35,Female,D,Vehicle,CUST-13125
Mostafa Reda,Accountant,36,Male,A,,CUST-13126
Hoda Mansour,Accountant,23,Male,D,Land,CUST-13127
Salma Ibrahim,Accountant,51,Male,A,Land,CUST-13128
Wael Amr,Engineer,29,Female,B,Land,CUST-13129
Sherif Saied,Teacher,40,Male,B,,CUST-13130
Nabil Abdel-Aziz,Technician,53,Female,B,,CUST-13131
Mostafa Zaki,Freelancer,34,Male,C,Land,CUST-13132
Mostafa Kamel,Accountant,62,Male,C,Vehicle,CUST-13133
Khaled Abdel-Aziz,Doctor,61,Female,C,,CUST-13134
Mahmoud Hamdy,Sales_Rep,55,Male,A,Vehicle,CUST-13135
Ibrahim Kamel,Teacher,59,Male,D,Land,CUST-13136
Nabil Nabil,Technician,63,Male,A,,CUST-13137
Karim Nabil,Technician,46,Male,B,,CUST-13138
Hassan Amr,Engineer,53,Male,D,Land,CUST-13139
Bassem Hassan,Technician,37,Male,A,Vehicle,CUST-13140
Hamdy Reda,Technician,57,Male,C,,CUST-13141
Hoda Abdel-Aziz,Doctor,59,Female,A,Land,CUST-13142
Wael Zaki,Sales_Rep,53,Female,A,Vehicle,CUST-13143
Tarek Adel,Doctor,44,Male,B,Land,CUST-13144
Sherif Nabil,Engineer,33,Female,C,Vehicle,CUST-13145
Layla Nabil,Teacher,44,Female,B,Vehicle,CUST-13146
Khaled Fawzy,Doctor,29,Female,C,Land,CUST-13147
Tarek Saied,Teacher,50,Female,A,,CUST-13148
Khaled Amr,Accountant,59,Female,C,Land,CUST-13149
Amira Hassan,Freelancer,23,Male,C,Vehicle,CUST-13150
Amira Hamdy,Engineer,30,Female,A,,CUST-13151
Mohamed Adel,Freelancer,23,Female,A,Land,CUST-13152
Hassan Kamel,Freelancer,39,Female,B,Vehicle,CUST-13153
,Accountant,27,Male,A,Vehicle,CUST-13154
Wael Ibrahim,Technician,56,Male,B,,CUST-13155
Ahmed Adel,Doctor,29,Female,B,Land,CUST-13156
Mohamed Fawzy,Doctor,24,Female,D,,CUST-13157
Wael Adel,Teacher,54,Female,C,Land,CUST-13158
Hassan Ghanem,Sales_Rep,56,Female,C,Land,CUST-13159
Omar Nabil,Teacher,36,Male,B,Vehicle,CUST-13160
Wael Amr,Sales_Rep,51,Male,A,Land,CUST-13161
Ahmed Saied,Doctor,51,Female,D,Vehicle,CUST-13162
Tarek Abdel-Aziz,Engineer,32,Male,A,Land,CUST-13163
Zaki Mansour,Doctor,64,Male,D,Vehicle,CUST-13164
Karim Fawzy,Freelancer,64,Female,B,Land,CUST-13165
Mona Ibrahim,Sales_Rep,61,Female,B,Vehicle,CUST-13166
Mona Fawzy,Accountant,56,Female,C,Land,CUST-13167
Karim Amr,Sales_Rep,37,Male,A,Vehicle,CUST-13168
Layla Hamdy,Teacher,41,Female,D,Vehicle,CUST-13169
Mohamed Fawzy,Doctor,33,Male,A,,CUST-13170
Salma Fawzy,Technician,33,Female,B,Land,CUST-13171
Sherif Saied,Freelancer,48,Male,A,Land,CUST-13172
Khaled Mansour,Sales_Rep,64,Female,B,Vehicle,CUST-13173
Ibrahim Abdel-Aziz,Accountant,65,Male,B,Vehicle,CUST-13174
Ahmed Nabil,Teacher,25,Female,D,Vehicle,CUST-13175
Khaled Ibrahim,Doctor,29,Male,A,Vehicle,CUST-13176
Hamdy Mansour,Accountant,65,Female,B,Land,CUST-13177
Hassan Zaki,Teacher,44,Female,A,Land,CUST-13178
Ibrahim Mansour,Accountant,32,Male,D,Vehicle,CUST-13179
Layla Amr,Teacher,34,Male,A,,CUST-13180
Ibrahim Ghanem,Engineer,45,Female,C,Land,CUST-13181
Sherif Adel,Freelancer,41,Female,D,Land,CUST-13182
Zaki Reda,Teacher,64,Female,A,Land,CUST-13183
Wael Mahmoud,Technician,58,Male,C,Vehicle,CUST-13184
Mostafa Kamel,Teacher,38,Male,C,,CUST-13185
Khaled Amr,Technician,22,Male,C,Land,CUST-13186
Ahmed Ghanem,Engineer,28,Male,A,,CUST-13187
Karim Ghanem,Engineer,45,Male,A,,CUST-13188
Hoda Adel,Teacher,27,Male,D,Vehicle,CUST-13189
Hamdy Hassan,Engineer,38,Female,D,Vehicle,CUST-13190
Mona Zaki,Engineer,32,Female,A,,CUST-13191
Sara Kamel,Sales_Rep,60,Female,B,,CUST-13192
Fatma Fawzy,Engineer,33,Male,D,Vehicle,CUST-13193
Zaki Hassan,Teacher,36,Male,B,,CUST-13194
Mona Amr,Sales_Rep,53,Male,A,,CUST-13195
Hoda Hamdy,Teacher,53,Male,D,Land,CUST-13196
Sara El-Sayed,Doctor,42,Male,B,Vehicle,CUST-13197
Sara Ghanem,Technician,63,Male,C,,CUST-13198
Omar Fawzy,Engineer,21,Male,D,Vehicle,CUST-13199
Zaki Adel,Engineer,26,Female,A,,CUST-13200
Hamdy Mansour,Freelancer,28,Female,C,,CUST-13201
Hoda Hassan,Accountant,29,Male,C,Land,CUST-13202
Sherif Kamel,Sales_Rep,34,Female,A,Land,CUST-13203
Sherif Hamdy,Teacher,54,Male,D,Vehicle,CUST-13204
Karim Amr,Teacher,23,Male,C,,CUST-13205
Sara Hamdy,Doctor,53,Female,A,Vehicle,CUST-13206
Dina Zaki,Technician,56,Male,B,,CUST-13207
Hoda Amr,Teacher,50,Male,C,Vehicle,CUST-13208
Mona Mahmoud,Engineer,59,Male,A,Vehicle,CUST-13209
Mostafa Saied,Accountant,29,Female,D,Land,CUST-13210
Layla Hamdy,Engineer,58,Female,D,Land,CUST-13211
,Technician,50,Female,B,Land,CUST-13212
Nabil Mansour,Doctor,65,Female,C,,CUST-13213
Hoda Reda,Accountant,50,Female,B,,CUST-13214
Heba Adel,Doctor,65,Male,A,Vehicle,CUST-13215
Mohamed Fawzy,Sales_Rep,27,Male,C,Land,CUST-13216
Khaled Saied,Accountant,47,Male,B,,CUST-13217
Karim Kamel,Accountant,64,Male,C,,CUST-13218
Mostafa Ibrahim,Technician,37,Male,A,Vehicle,CUST-13219
Ahmed Saied,Doctor,31,Female,D,,CUST-13220
Layla Zaki,Doctor,48,Female,D,Land,CUST-13221
Hassan Hassan,Doctor,64,Male,C,Land,CUST-13222
Hoda Reda,Accountant,44,Female,A,Land,CUST-13223
Wael Abdel-Aziz,Teacher,33,Male,D,Vehicle,CUST-13224
Mahmoud Ibrahim,Technician,41,Female,C,Vehicle,CUST-13225
Dina Kamel,Technician,43,Male,C,Vehicle,CUST-13226
Layla Mahmoud,Technician,46,Male,C,Vehicle,CUST-13227
Mahmoud Hamdy,Freelancer,30,Male,B,Land,CUST-13228
Layla Hassan,Sales_Rep,42,Male,A,Land,CUST-13229
Omar Saied,Teacher,34,Female,A,Vehicle,CUST-13230
Hoda Ghanem,Engineer,37,Male,C,Vehicle,CUST-13231
Khaled Nabil,Engineer,58,Male,B,Land,CUST-13232
Layla El-Sayed,Teacher,38,Male,B,,CUST-13233
Karim Abdel-Aziz,Technician,28,Male,B,Land,CUST-13234
Khaled Adel,Freelancer,47,Male,C,Vehicle,CUST-13235
Bassem Saied,Engineer,23,Female,B,Vehicle,CUST-13236
Hamdy Nabil,Technician,32,Male,B,,CUST-13237
Amira Nabil,Engineer,24,Male,B,Land,CUST-13238
Omar El-Sayed,Freelancer,41,Female,B,,CUST-13239
Heba Reda,Sales_Rep,36,Female,C,,CUST-13240
Khaled Zaki,Accountant,28,Male,B,,CUST-13241
Mostafa Adel,Freelancer,53,Male,C,Vehicle,CUST-13242
Nabil Amr,Technician,30,Male,C,Land,CUST-13243
Karim Reda,Doctor,28,Male,D,Vehicle,CUST-13244
Mohamed Fawzy,Engineer,52,Female,A,Land,CUST-13245
Bassem Ghanem,Doctor,24,Female,D,,CUST-13246
Omar Hamdy,Engineer,38,Female,B,Vehicle,CUST-13247
Mahmoud Mahmoud,Engineer,64,Female,A,Land,CUST-13248
Fatma Saied,Technician,52,Female,B,,CUST-13249
Mostafa Amr,Engineer,59,Female,A,Vehicle,CUST-13250
Mona Ibrahim,Sales_Rep,51,Male,D,,CUST-13251
Hamdy El-Sayed,Doctor,55,Female,C,Vehicle,CUST-13252
Mona Nabil,Freelancer,48,Male,C,,CUST-13253
Wael Hassan,Doctor,23,Female,B,,CUST-13254
Hamdy Saied,Accountant,39,Female,C,,CUST-13255
Hoda Mansour,Technician,56,Female,D,Vehicle,CUST-13256
Sherif Abdel-Aziz,Doctor,26,Male,D,Land,CUST-13257
Hamdy Reda,Doctor,35,Male,A,Land,CUST-13258
Fatma Mahmoud,Doctor,40,Male,B,,CUST-13259
Zaki Ibrahim,Doctor,49,Female,A,,CUST-13260
Mostafa Fawzy,Teacher,52,Male,B,Vehicle,CUST-13261
Mahmoud Hassan,Teacher,28,Female,B,,CUST-13262
Salma Adel,Freelancer,54,Male,C,,CUST-13263
Zaki Kamel,Engineer,62,Male,C,,CUST-13264
Zaki Ghanem,Accountant,47,Female,B,Vehicle,CUST-13265
,Technician,52,Female,A,Vehicle,CUST-13266
Salma Ibrahim,Doctor,41,Male,C,Vehicle,CUST-13267
Omar Saied,Sales_Rep,54,Male,D,Vehicle,CUST-13268
Dina Hassan,Technician,63,Male,C,Vehicle,CUST-13269
Mohamed Zaki,Technician,22,Female,B,Vehicle,CUST-13270
Mohamed Fawzy,Technician,56,Male,C,Vehicle,CUST-13271
Omar Zaki,Engineer,22,Male,A,Land,CUST-13272
Mostafa Mahmoud,Engineer,62,Male,C,Vehicle,CUST-13273
Sara Mahmoud,Accountant,48,Male,B,,CUST-13274
Heba Amr,Doctor,47,Female,B,Vehicle,CUST-13275
Heba Nabil,Technician,45,Male,A,,CUST-13276
Layla Mansour,Technician,25,Male,B,Land,CUST-13277
Fatma Reda,Engineer,64,Male,C,,CUST-13278
Ibrahim Saied,Accountant,37,Female,B,Vehicle,CUST-13279
Mostafa Saied,Doctor,51,Female,A,Land,CUST-13280
Nabil Abdel-Aziz,Freelancer,54,Male,C,Vehicle,CUST-13281
Mohamed Fawzy,Freelancer,33,Male,A,,CUST-13282
Hamdy Saied,Teacher,24,Male,C,Vehicle,CUST-13283
Ibrahim Kamel,Sales_Rep,32,Female,C,Vehicle,CUST-13284
Tarek Abdel-Aziz,Teacher,25,Female,C,,CUST-13285
Mahmoud Zaki,Freelancer,32,Male,C,Vehicle,CUST-13286
Mona Abdel-Aziz,Technician,49,Male,A,Land,CUST-13287
Salma Nabil,Accountant,47,Female,B,,CUST-13288
Salma Mansour,Doctor,33,Male,B,Land,CUST-13289
Ibrahim Nabil,Freelancer,29,Female,D,Vehicle,CUST-13290
Heba Adel,Freelancer,28,Male,A,Vehicle,CUST-13291
Fatma Abdel-Aziz,Freelancer,40,Male,C,,CUST-13292
Sara Reda,Sales_Rep,29,Male,A,,CUST-13293
Omar Hassan,Teacher,61,Male,D,Vehicle,CUST-13294
Sara Adel,Engineer,63,Male,D,Land,CUST-13295
Ahmed Ibrahim,Sales_Rep,61,Male,B,,CUST-13296
Mahmoud Adel,Doctor,27,Female,A,Land,CUST-13297
Nabil Abdel-Aziz,Doctor,41,Male,B,Land,CUST-13298
Tarek Ghanem,Teacher,65,Male,C,Land,CUST-13299
Khaled Mansour,Technician,35,Male,D,,CUST-13300
Wael Saied,Teacher,39,Male,A,,CUST-13301
Sara Nabil,Freelancer,59,Female,C,Vehicle,CUST-13302
Fatma Hamdy,Doctor,54,Female,C,Land,CUST-13303
Wael Zaki,Freelancer,45,Female,C,Land,CUST-13304
Wael Abdel-Aziz,Technician,65,Male,C,,CUST-13305
Karim Mahmoud,Technician,39,Female,C,,CUST-13306
Bassem Abdel-Aziz,Technician,39,Female,B,Vehicle,CUST-13307
Zaki Mansour,Engineer,29,Female,A,Vehicle,CUST-13308
Mahmoud Kamel,Technician,53,Male,A,Vehicle,CUST-13309
Bassem Adel,Doctor,34,Female,C,,CUST-13310
Layla Hamdy,Technician,21,Female,B,Land,CUST-13311
Hassan El-Sayed,Sales_Rep,56,Female,D,Vehicle,CUST-13312
Nabil Amr,Teacher,25,Female,B,Vehicle,CUST-13313
Mostafa Hassan,Teacher,40,Male,D,,CUST-13314
Dina Reda,Doctor,45,Male,A,Land,CUST-13315
Nabil Ghanem,Sales_Rep,27,Female,A,Vehicle,CUST-13316
Dina Ghanem,Sales_Rep,60,Male,B,,CUST-13317
Mahmoud Saied,Technician,36,Female,D,Land,CUST-13318
Wael Abdel-Aziz,Teacher,21,Female,D,,CUST-13319
Sherif Nabil,Engineer,21,Female,B,Land,CUST-13320
Ibrahim Ghanem,Accountant,28,Male,D,,CUST-13321
Sara Nabil,Teacher,31,Male,C,,CUST-13322
Tarek Mahmoud,Accountant,40,Male,C,Vehicle,CUST-13323
Wael Hassan,Sales_Rep,24,Male,B,Land,CUST-13324
Khaled El-Sayed,Doctor,27,Female,C,Vehicle,CUST-13325
Mostafa Abdel-Aziz,Sales_Rep,45,Male,C,,CUST-13326
Mahmoud Saied,Accountant,24,Female,D,,CUST-13327
Nabil Kamel,Freelancer,26,Male,C,Land,CUST-13328
Khaled Hassan,Sales_Rep,44,Male,C,,CUST-13329
Heba Reda,Teacher,38,Female,A,Vehicle,CUST-13330
Salma Ghanem,Teacher,33,Male,C,Land,CUST-13331
Ahmed Saied,Teacher,43,Male,D,Vehicle,CUST-13332
Bassem Reda,Freelancer,42,Female,A,,CUST-13333
Mona El-Sayed,Engineer,27,Male,C,,CUST-13334
Bassem Kamel,Doctor,46,Male,B,Land,CUST-13335
Ibrahim Abdel-Aziz,Teacher,38,Male,D,Land,CUST-13336
Mostafa Mansour,Sales_Rep,34,Male,B,Land,CUST-13337
Hassan Abdel-Aziz,Sales_Rep,47,Female,B,Land,CUST-13338
Hoda Saied,Teacher,55,Female,D,Vehicle,CUST-13339
Heba Ibrahim,Sales_Rep,47,Female,D,Vehicle,CUST-13340
Layla Hamdy,Freelancer,30,Female,C,Vehicle,CUST-13341
Ibrahim Ibrahim,Sales_Rep,63,Male,B,,CUST-13342
Layla Abdel-Aziz,Accountant,58,Male,A,Land,CUST-13343
,Accountant,28,Female,D,Vehicle,CUST-13344
Nabil Adel,Doctor,48,Female,C,Land,CUST-13345
,Freelancer,31,Female,C,Land,CUST-13346
Sara Nabil,Engineer,34,Male,C,,CUST-13347
Mahmoud Adel,Freelancer,46,Male,D,Land,CUST-13348
Zaki Kamel,Doctor,63,Female,B,,CUST-13349
Ahmed Zaki,Sales_Rep,21,Male,B,Vehicle,CUST-13350
Hoda Saied,Technician,57,Male,D,Vehicle,CUST-13351
Zaki Fawzy,Teacher,49,Male,D,Vehicle,CUST-13352
Hamdy Saied,Sales_Rep,64,Male,A,Vehicle,CUST-13353
Ahmed Adel,Doctor,57,Female,A,,CUST-13354
Mohamed Hassan,Doctor,45,Female,A,Vehicle,CUST-13355
Mona Ibrahim,Engineer,39,Female,A,Vehicle,CUST-13356
Heba Abdel-Aziz,Technician,59,Male,B,,CUST-13357
Sara Ghanem,Accountant,34,Male,D,Vehicle,CUST-13358
Sherif Mansour,Sales_Rep,21,Male,D,,CUST-13359
Zaki Reda,Accountant,57,Male,A,Land,CUST-13360
Omar Hamdy,Freelancer,45,Male,D,Vehicle,CUST-13361
Wael Amr,Teacher,34,Female,A,Vehicle,CUST-13362
Wael Kamel,Doctor,51,Female,C,Vehicle,CUST-13363
Layla Kamel,Engineer,22,Female,A,,CUST-13364
Wael Amr,Accountant,24,Male,C,Land,CUST-13365
Sara Zaki,Accountant,32,Male,A,Land,CUST-13366
Ahmed Reda,Freelancer,50,Female,B,Land,CUST-13367
Khaled Adel,Teacher,44,Female,A,Land,CUST-13368
Mona Reda,Sales_Rep,21,Female,C,Land,CUST-13369
Zaki Abdel-Aziz,Engineer,45,Female,A,Vehicle,CUST-13370
Hoda Adel,Freelancer,39,Female,B,Land,CUST-13371
Hamdy El-Sayed,Doctor,31,Male,B,Land,CUST-13372
Hassan Mansour,Sales_Rep,50,Female,A,Vehicle,CUST-13373
Layla Nabil,Sales_Rep,52,Female,B,Vehicle,CUST-13374
Salma Ibrahim,Accountant,55,Male,A,Land,CUST-13375
Mohamed Zaki,Accountant,40,Female,A,Land,CUST-13376
Omar Mansour,Technician,23,Female,A,,CUST-13377
Ahmed Mansour,Accountant,41,Female,B,Vehicle,CUST-13378
Layla Hassan,Engineer,59,Male,A,Land,CUST-13379
Khaled Fawzy,Doctor,38,Female,A,Land,CUST-13380
Sherif Mahmoud,Accountant,57,Female,B,,CUST-13381
,Accountant,37,Female,D,Land,CUST-13382
Sherif Mahmoud,Accountant,41,Male,D,Vehicle,CUST-13383
Ibrahim Ghanem,Technician,30,Female,B,Vehicle,CUST-13384
Hoda Saied,Accountant,53,Male,C,Land,CUST-13385
Sherif Kamel,Accountant,41,Female,A,Land,CUST-13386
Tarek Hassan,Teacher,33,Male,B,Vehicle,CUST-13387
Bassem Zaki,Freelancer,22,Female,D,,CUST-13388
Karim Saied,Accountant,24,Male,D,,CUST-13389
Salma Mahmoud,Freelancer,34,Male,A,Vehicle,CUST-13390
Heba Mansour,Doctor,65,Male,D,Vehicle,CUST-13391
Khaled Saied,Doctor,54,Male,D,Vehicle,CUST-13392
Tarek Nabil,Engineer,22,Male,A,Vehicle,CUST-13393
Khaled Reda,Accountant,38,Male,D,Vehicle,CUST-13394
Dina Fawzy,Technician,39,Female,A,,CUST-13395
Omar Kamel,Sales_Rep,54,Male,C,Vehicle,CUST-13396
Zaki Mahmoud,Accountant,26,Male,A,,CUST-13397
Zaki Ghanem,Doctor,29,Male,D,Vehicle,CUST-13398
Nabil Amr,Doctor,49,Male,C,Land,CUST-13399
Tarek Adel,Technician,64,Female,C,Land,CUST-13400
Wael Reda,Freelancer,34,Male,A,Vehicle,CUST-13401
Khaled Saied,Engineer,45,Female,A,,CUST-13402
Omar Nabil,Engineer,25,Female,B,Vehicle,CUST-13403
Zaki Mahmoud,Doctor,54,Male,B,,CUST-13404
Omar Ghanem,Engineer,33,Male,A,Vehicle,CUST-13405
Sara Mansour,Accountant,35,Female,D,Vehicle,CUST-13406
Mona Nabil,Doctor,30,Female,D,,CUST-13407
Ahmed Ghanem,Freelancer,36,Female,A,,CUST-13408
Khaled Fawzy,Sales_Rep,33,Female,A,,CUST-13409
Zaki Hamdy,Freelancer,43,Male,A,Land,CUST-13410
Ahmed Mahmoud,Teacher,65,Female,B,Land,CUST-13411
Amira Hamdy,Accountant,34,Male,C,Vehicle,CUST-13412
Nabil Mansour,Engineer,51,Male,B,Land,CUST-13413
Hoda Mansour,Teacher,40,Female,B,,CUST-13414
Mostafa Ghanem,Engineer,63,Female,D,Vehicle,CUST-13415
Tarek Hassan,Freelancer,42,Female,C,Vehicle,CUST-13416
Zaki Ibrahim,Doctor,38,Male,A,Land,CUST-13417
Fatma Fawzy,Freelancer,28,Male,C,Vehicle,CUST-13418
Sherif Kamel,Sales_Rep,25,Female,C,Land,CUST-13419
Amira Nabil,Sales_Rep,45,Female,A,,CUST-13420
Mohamed Zaki,Doctor,27,Male,C,Land,CUST-13421
Bassem Nabil,Doctor,55,Female,D,Land,CUST-13422
Wael El-Sayed,Sales_Rep,22,Female,B,Land,CUST-13423
Salma Fawzy,Freelancer,22,Female,C,Land,CUST-13424
Mahmoud Reda,Freelancer,40,Female,C,,CUST-13425
Tarek Reda,Doctor,35,Female,A,,CUST-13426
Heba Kamel,Technician,53,Male,A,Vehicle,CUST-13427
Sara Amr,Technician,57,Female,A,Land,CUST-13428
Fatma Mahmoud,Doctor,42,Female,C,,CUST-13429
Hamdy Saied,Doctor,60,Male,D,Land,CUST-13430
Hassan Hassan,Doctor,65,Female,A,Land,CUST-13431
Wael Ghanem,Technician,30,Female,B,,CUST-13432
Khaled Reda,Doctor,48,Male,D,Vehicle,CUST-13433
Fatma Adel,Teacher,53,Female,A,,CUST-13434
Salma Ghanem,Accountant,49,Male,D,Vehicle,CUST-13435
Ibrahim Ghanem,Teacher,61,Female,A,,CUST-13436
Amira Zaki,Technician,27,Female,A,Vehicle,CUST-13437
Ahmed Abdel-Aziz,Technician,45,Female,D,,CUST-13438
Zaki Fawzy,Engineer,51,Male,A,Land,CUST-13439
Ibrahim Zaki,Doctor,62,Male,D,Land,CUST-13440
Ahmed Hassan,Doctor,49,Female,C,Vehicle,CUST-13441
Heba Abdel-Aziz,Accountant,61,Male,A,,CUST-13442
Sara Reda,Engineer,37,Female,A,,CUST-13443
Zaki Adel,Accountant,56,Male,B,Land,CUST-13444
Ibrahim Reda,Technician,56,Male,D,Vehicle,CUST-13445
,Doctor,33,Male,C,Vehicle,CUST-13446
Wael Nabil,Accountant,39,Male,D,,CUST-13447
,Accountant,24,Male,D,Vehicle,CUST-13448
Mohamed Amr,Engineer,33,Female,B,Land,CUST-13449
,Doctor,57,Male,C,Vehicle,CUST-13450
Wael Amr,Accountant,30,Female,D,Land,CUST-13451
,Freelancer,22,Female,A,Land,CUST-13452
Mostafa Ibrahim,Accountant,41,Male,B,,CUST-13453
Karim Reda,Sales_Rep,56,Male,A,,CUST-13454
Sara Ghanem,Freelancer,39,Male,B,Vehicle,CUST-13455
Mahmoud Reda,Teacher,23,Male,A,Land,CUST-13456
Sherif Mansour,Engineer,61,Male,A,Land,CUST-13457
Ibrahim Ibrahim,Accountant,63,Male,D,Vehicle,CUST-13458
Dina Reda,Doctor,29,Female,D,Vehicle,CUST-13459
Amira El-Sayed,Accountant,43,Female,C,Vehicle,CUST-13460
Amira Kamel,Sales_Rep,53,Female,A,Vehicle,CUST-13461
Hoda Kamel,Doctor,31,Female,B,Vehicle,CUST-13462
Layla Hamdy,Teacher,38,Male,B,Land,CUST-13463
Mostafa Hassan,Technician,35,Female,D,Vehicle,CUST-13464
Khaled Nabil,Sales_Rep,21,Male,A,Vehicle,CUST-13465
Ahmed Zaki,Accountant,49,Female,D,Vehicle,CUST-13466
Karim Hassan,Technician,23,Female,C,Vehicle,CUST-13467
Dina Abdel-Aziz,Doctor,48,Male,B,Land,CUST-13468
Heba Abdel-Aziz,Accountant,24,Male,B,Vehicle,CUST-13469
Salma Abdel-Aziz,Doctor,44,Male,C,Vehicle,CUST-13470
Bassem Abdel-Aziz,Sales_Rep,29,Male,A,Vehicle,CUST-13471
Mohamed Hassan,Accountant,56,Female,A,Vehicle,CUST-13472
Karim Nabil,Doctor,48,Female,C,,CUST-13473
Mahmoud El-Sayed,Sales_Rep,25,Female,A,,CUST-13474
Hassan Fawzy,Doctor,21,Female,D,,CUST-13475
Hoda Fawzy,Engineer,32,Female,B,,CUST-13476
Ahmed Nabil,Teacher,22,Female,C,Vehicle,CUST-13477
Omar Adel,Sales_Rep,33,Female,A,Land,CUST-13478
Heba Abdel-Aziz,Engineer,62,Female,C,Vehicle,CUST-13479
Zaki Ghanem,Engineer,58,Female,C,,CUST-13480
Amira Reda,Engineer,21,Female,D,Land,CUST-13481
Sherif Fawzy,Technician,65,Male,D,,CUST-13482
Hamdy Hamdy,Freelancer,31,Female,A,Land,CUST-13483
Layla Mansour,Technician,38,Female,C,Vehicle,CUST-13484
,Engineer,54,Female,B,Land,CUST-13485
,Freelancer,49,Female,C,Land,CUST-13486
Hoda Kamel,Accountant,63,Female,B,Land,CUST-13487
Ahmed Mahmoud,Teacher,50,Female,C,Land,CUST-13488
Mona Fawzy,Technician,30,Male,B,Vehicle,CUST-13489
Fatma Fawzy,Technician,61,Male,B,Vehicle,CUST-13490
Amira El-Sayed,Accountant,27,Male,C,Land,CUST-13491
Zaki Abdel-Aziz,Engineer,24,Male,A,Vehicle,CUST-13492
Hamdy Hassan,Doctor,30,Male,C,,CUST-13493
Nabil Mansour,Doctor,50,Female,C,Vehicle,CUST-13494
Bassem Ghanem,Teacher,22,Female,C,,CUST-13495
Wael Abdel-Aziz,Doctor,56,Male,A,Vehicle,CUST-13496
Omar Hamdy,Sales_Rep,53,Female,D,Land,CUST-13497
,Engineer,49,Male,B,Vehicle,CUST-13498
Fatma Fawzy,Doctor,48,Male,D,Land,CUST-13499
Mona Zaki,Teacher,49,Male,C,,CUST-13500
Sara Kamel,Sales_Rep,24,Female,D,,CUST-13501
Nabil Mansour,Accountant,26,Female,C,,CUST-13502
Sara El-Sayed,Sales_Rep,32,Female,A,,CUST-13503
Sara Saied,Accountant,63,Male,A,Land,CUST-13504
Heba Hamdy,Teacher,55,Male,B,Vehicle,CUST-13505
Ibrahim El-Sayed,Engineer,21,Female,A,,CUST-13506
Mona Zaki,Sales_Rep,45,Female,B,Land,CUST-13507
Sherif Mansour,Freelancer,36,Male,A,Land,CUST-13508
Hassan Saied,Teacher,62,Female,B,Vehicle,CUST-13509
Sara Hamdy,Sales_Rep,42,Male,D,Vehicle,CUST-13510
Wael Mahmoud,Doctor,40,Male,D,,CUST-13511
Dina Mahmoud,Accountant,27,Female,D,Land,CUST-13512
Mahmoud Ibrahim,Engineer,46,Female,B,Land,CUST-13513
Sara El-Sayed,Teacher,44,Female,A,Land,CUST-13514
Layla Amr,Engineer,42,Female,C,Vehicle,CUST-13515
Mahmoud Hamdy,Sales_Rep,44,Male,A,Land,CUST-13516
Amira Reda,Engineer,57,Female,C,Vehicle,CUST-13517
Wael Hassan,Accountant,45,Female,A,Land,CUST-13518
Mona Reda,Freelancer,61,Male,C,Vehicle,CUST-13519
Dina Kamel,Freelancer,43,Male,B,Land,CUST-13520
Hoda Saied,Doctor,59,Male,B,Vehicle,CUST-13521
Mona Ibrahim,Freelancer,31,Female,B,,CUST-13522
Zaki Zaki,Doctor,64,Male,A,,CUST-13523
Sherif Hassan,Sales_Rep,43,Male,A,Vehicle,CUST-13524
Bassem Fawzy,Doctor,46,Female,C,Land,CUST-13525
Layla Amr,Freelancer,23,Male,D,Land,CUST-13526
Amira Abdel-Aziz,Accountant,56,Male,D,Vehicle,CUST-13527
Zaki Mahmoud,Sales_Rep,63,Male,B,,CUST-13528
Bassem Nabil,Teacher,41,Female,C,,CUST-13529
Zaki Hassan,Accountant,56,Female,A,Vehicle,CUST-13530
Omar Abdel-Aziz,Sales_Rep,45,Male,A,,CUST-13531
Heba Ibrahim,Engineer,62,Female,A,Land,CUST-13532
Dina Nabil,Teacher,54,Male,B,,CUST-13533
Mostafa Mansour,Doctor,43,Female,A,,CUST-13534
Bassem Saied,Doctor,43,Male,A,Land,CUST-13535
Khaled Nabil,Accountant,64,Male,A,Land,CUST-13536
Hamdy Nabil,Freelancer,45,Female,A,Vehicle,CUST-13537
,Engineer,46,Male,C,Vehicle,CUST-13538
Hoda Mahmoud,Doctor,28,Female,C,Land,CUST-13539
Mahmoud Fawzy,Technician,58,Female,A,Vehicle,CUST-13540
Mostafa Mansour,Freelancer,44,Female,B,,CUST-13541
Khaled Zaki,Accountant,50,Male,B,Land,CUST-13542
Sara Mahmoud,Accountant,33,Male,A,Vehicle,CUST-13543
Mona Zaki,Teacher,61,Male,C,Vehicle,CUST-13544
Wael Kamel,Accountant,36,Female,A,,CUST-13545
,Accountant,21,Male,A,Land,CUST-13546
Ahmed Abdel-Aziz,Technician,55,Female,D,,CUST-13547
Sara Reda,Freelancer,64,Female,D,,CUST-13548
Mona Saied,Accountant,40,Female,D,Vehicle,CUST-13549
Mahmoud Ghanem,Doctor,58,Male,B,Land,CUST-13550
,Technician,64,Female,A,,CUST-13551
Nabil Amr,Doctor,63,Female,D,Land,CUST-13552
Salma Fawzy,Doctor,65,Female,D,Vehicle,CUST-13553
Wael Nabil,Teacher,60,Male,D,,CUST-13554
Layla Zaki,Engineer,31,Female,B,,CUST-13555
Fatma Mahmoud,Accountant,22,Male,A,,CUST-13556
Omar Hassan,Technician,22,Female,D,Vehicle,CUST-13557
Wael Hassan,Freelancer,64,Male,D,,CUST-13558
Amira Kamel,Accountant,35,Male,C,Vehicle,CUST-13559
Layla Zaki,Teacher,37,Female,C,Vehicle,CUST-13560
Mohamed Mahmoud,Technician,25,Female,D,Land,CUST-13561
Salma Ghanem,Accountant,23,Male,C,Land,CUST-13562
Sherif Nabil,Engineer,56,Female,D,Vehicle,CUST-13563
Zaki Hassan,Sales_Rep,38,Female,B,Vehicle,CUST-13564
Hassan Mahmoud,Sales_Rep,57,Male,A,,CUST-13565
Hamdy Hassan,Freelancer,31,Male,B,Land,CUST-13566
Heba Kamel,Freelancer,40,Female,D,Land,CUST-13567
Dina Ghanem,Accountant,22,Male,C,Vehicle,CUST-13568
Tarek Mahmoud,Freelancer,27,Male,C,,CUST-13569
Amira Abdel-Aziz,Teacher,22,Female,B,Vehicle,CUST-13570
Mona El-Sayed,Accountant,36,Male,C,Land,CUST-13571
Mona Adel,Engineer,51,Male,C,Vehicle,CUST-13572
Salma Kamel,Sales_Rep,52,Female,A,Vehicle,CUST-13573
Zaki Amr,Teacher,39,Male,A,,CUST-13574
Sherif Mansour,Doctor,31,Male,B,Vehicle,CUST-13575
Hamdy Abdel-Aziz,Doctor,62,Female,B,Vehicle,CUST-13576
Dina Saied,Technician,23,Male,D,Vehicle,CUST-13577
Amira Abdel-Aziz,Doctor,60,Female,D,Land,CUST-13578
Amira Abdel-Aziz,Technician,45,Male,D,,CUST-13579
Omar Mansour,Engineer,55,Male,A,Land,CUST-13580
Mostafa El-Sayed,Teacher,34,Female,D,Land,CUST-13581
Bassem Hassan,Sales_Rep,37,Male,D,,CUST-13582
Sherif Fawzy,Engineer,38,Male,A,,CUST-13583
Sherif Zaki,Accountant,55,Male,B,,CUST-13584
Mostafa Hassan,Technician,47,Male,D,Land,CUST-13585
Dina Ghanem,Sales_Rep,34,Male,C,Vehicle,CUST-13586
Layla Ibrahim,Accountant,36,Male,D,,CUST-13587
Zaki El-Sayed,Teacher,39,Female,C,Vehicle,CUST-13588
Layla Zaki,Freelancer,53,Female,B,Land,CUST-13589
Fatma Fawzy,Sales_Rep,46,Male,B,,CUST-13590
,Sales_Rep,44,Male,C,Vehicle,CUST-13591
Mohamed Abdel-Aziz,Engineer,22,Female,C,Vehicle,CUST-13592
Hamdy Nabil,Technician,59,Male,A,Vehicle,CUST-13593
Heba Ghanem,Teacher,46,Female,D,Vehicle,CUST-13594
Mona Reda,Accountant,62,Female,D,Vehicle,CUST-13595
Sara Abdel-Aziz,Sales_Rep,26,Female,C,Vehicle,CUST-13596
Wael El-Sayed,Sales_Rep,64,Female,A,Land,CUST-13597
Wael Ibrahim,Technician,37,Male,B,,CUST-13598
Mohamed Kamel,Doctor,40,Male,D,Land,CUST-13599
Tarek Ibrahim,Technician,65,Female,C,,CUST-13600
Fatma Mansour,Accountant,54,Male,B,Land,CUST-13601
Hassan Amr,Technician,43,Male,C,Land,CUST-13602
Mohamed Fawzy,Doctor,43,Male,C,Vehicle,CUST-13603
Salma Hassan,Technician,57,Female,A,Land,CUST-13604
Sherif Fawzy,Accountant,37,Female,C,,CUST-13605
Sherif Mahmoud,Teacher,33,Male,A,,CUST-13606
Dina Hassan,Teacher,43,Male,C,,CUST-13607
Salma Ibrahim,Doctor,37,Male,B,Vehicle,CUST-13608
Mostafa Nabil,Engineer,22,Male,D,Vehicle,CUST-13609
Ahmed Reda,Freelancer,31,Female,C,Land,CUST-13610
Mahmoud Mansour,Engineer,31,Female,C,Land,CUST-13611
Mohamed Saied,Engineer,50,Female,B,,CUST-13612
Hassan El-Sayed,Accountant,56,Female,C,,CUST-13613
Bassem Ghanem,Technician,61,Male,B,,CUST-13614
Salma Mahmoud,Sales_Rep,45,Female,B,,CUST-13615
Salma Abdel-Aziz,Sales_Rep,31,Female,D,Land,CUST-13616
Karim Ghanem,Sales_Rep,37,Female,A,Vehicle,CUST-13617
Amira Fawzy,Engineer,47,Female,A,,CUST-13618
Bassem Ghanem,Engineer,51,Male,D,Land,CUST-13619
Salma Reda,Technician,54,Female,B,,CUST-13620
Nabil Saied,Freelancer,35,Male,B,,CUST-13621
Mona Nabil,Freelancer,39,Female,A,,CUST-13622
Khaled Fawzy,Freelancer,65,Male,A,Land,CUST-13623
Karim Reda,Technician,43,Male,D,Land,CUST-13624
Mohamed Kamel,Doctor,48,Female,C,Land,CUST-13625
Heba Ibrahim,Freelancer,25,Male,A,Land,CUST-13626
Tarek Adel,Freelancer,42,Male,C,Land,CUST-13627
Ahmed Abdel-Aziz,Technician,60,Female,D,Vehicle,CUST-13628
Hassan Mansour,Engineer,45,Female,A,Vehicle,CUST-13629
Karim Saied,Technician,55,Female,C,Land,CUST-13630
Hoda Fawzy,Accountant,33,Female,C,Land,CUST-13631
Layla Nabil,Doctor,49,Male,C,Vehicle,CUST-13632
Karim Reda,Doctor,24,Male,A,Land,CUST-13633
Salma Zaki,Doctor,25,Female,D,,CUST-13634
Layla Saied,Accountant,28,Male,D,Vehicle,CUST-13635
Salma Saied,Teacher,41,Male,B,,CUST-13636
Omar Fawzy,Doctor,41,Female,C,,CUST-13637
Heba El-Sayed,Doctor,48,Female,C,Land,CUST-13638
,Accountant,37,Male,A,Land,CUST-13639
Mostafa Adel,Sales_Rep,56,Female,C,Land,CUST-13640
Layla Saied,Engineer,24,Female,D,Vehicle,CUST-13641
Mona Amr,Teacher,59,Male,D,Land,CUST-13642
Omar Abdel-Aziz,Freelancer,51,Female,D,Vehicle,CUST-13643
Ibrahim Ghanem,Doctor,22,Female,B,Land,CUST-13644
Omar Amr,Accountant,47,Male,D,,CUST-13645
Mohamed Abdel-Aziz,Freelancer,25,Female,A,Vehicle,CUST-13646
Hamdy Ghanem,Technician,46,Male,A,,CUST-13647
Tarek Amr,Technician,64,Female,D,Vehicle,CUST-13648
Wael El-Sayed,Engineer,62,Male,A,,CUST-13649
Mostafa Reda,Freelancer,59,Female,D,,CUST-13650
Tarek Hamdy,Accountant,34,Female,A,Vehicle,CUST-13651
Mohamed Reda,Accountant,44,Male,B,,CUST-13652
Sara Saied,Engineer,50,Male,A,Vehicle,CUST-13653
Heba Ghanem,Freelancer,62,Female,C,Land,CUST-13654
Amira Reda,Accountant,60,Female,C,Land,CUST-13655
Amira Fawzy,Sales_Rep,60,Male,B,,CUST-13656
Wael Zaki,Freelancer,32,Male,B,,CUST-13657
Hassan Mansour,Technician,21,Male,B,Vehicle,CUST-13658
Sara Kamel,Teacher,60,Female,C,Vehicle,CUST-13659
Nabil Kamel,Accountant,46,Female,C,Vehicle,CUST-13660
Salma Hamdy,Freelancer,23,Female,C,,CUST-13661
Nabil Kamel,Doctor,49,Male,B,Vehicle,CUST-13662
Hamdy Amr,Freelancer,22,Male,C,Vehicle,CUST-13663
,Sales_Rep,23,Male,A,Vehicle,CUST-13664
Dina Mansour,Sales_Rep,23,Female,A,,CUST-13665
Sherif Kamel,Technician,26,Male,A,,CUST-13666
Ahmed Abdel-Aziz,Engineer,62,Female,D,Vehicle,CUST-13667
Amira Reda,Technician,53,Female,C,,CUST-13668
Zaki Ibrahim,Freelancer,31,Male,C,,CUST-13669
Mahmoud Kamel,Freelancer,44,Female,A,Vehicle,CUST-13670
,Sales_Rep,53,Female,C,,CUST-13671
Khaled Hamdy,Freelancer,40,Male,B,Vehicle,CUST-13672
Omar Ghanem,Sales_Rep,44,Female,D,Vehicle,CUST-13673
Fatma Mansour,Technician,30,Male,C,Vehicle,CUST-13674
Ahmed Ibrahim,Teacher,62,Female,C,Vehicle,CUST-13675
Sherif El-Sayed,Sales_Rep,48,Female,A,,CUST-13676
,Accountant,42,Male,D,Vehicle,CUST-13677
Khaled Zaki,Sales_Rep,60,Female,A,Vehicle,CUST-13678
Omar Reda,Sales_Rep,23,Male,C,,CUST-13679
Salma Ibrahim,Sales_Rep,56,Female,D,Land,CUST-13680
Hamdy Ghanem,Accountant,40,Female,D,Vehicle,CUST-13681
Layla Zaki,Teacher,47,Female,A,Land,CUST-13682
Mostafa Saied,Teacher,57,Male,D,Land,CUST-13683
Salma Zaki,Sales_Rep,42,Male,D,,CUST-13684
Sara Amr,Technician,34,Male,B,Land,CUST-13685
Karim Reda,Doctor,21,Male,A,Land,CUST-13686
Hoda Ibrahim,Doctor,52,Male,B,Land,CUST-13687
Hamdy Nabil,Freelancer,47,Female,D,Vehicle,CUST-13688
Zaki Kamel,Doctor,42,Male,A,,CUST-13689
Nabil Nabil,Sales_Rep,27,Female,D,Land,CUST-13690
Tarek Zaki,Engineer,22,Male,A,,CUST-13691
Sherif Zaki,Teacher,43,Male,C,Land,CUST-13692
Layla El-Sayed,Doctor,58,Male,D,Land,CUST-13693
Zaki Nabil,Teacher,53,Female,C,Vehicle,CUST-13694
Hamdy Fawzy,Freelancer,21,Female,B,Vehicle,CUST-13695
Mohamed Amr,Sales_Rep,54,Female,D,,CUST-13696
Nabil Ghanem,Technician,37,Male,D,Vehicle,CUST-13697
Layla Amr,Accountant,33,Female,D,,CUST-13698
Salma Hassan,Sales_Rep,33,Male,B,,CUST-13699
Layla Ibrahim,Freelancer,47,Female,B,,CUST-13700
Mohamed Reda,Accountant,53,Female,A,Vehicle,CUST-13701
Mahmoud Fawzy,Freelancer,59,Male,A,,CUST-13702
Zaki Adel,Technician,38,Male,D,Land,CUST-13703
Amira Mansour,Doctor,44,Male,A,Land,CUST-13704
Fatma Fawzy,Accountant,51,Female,D,,CUST-13705
Dina Ghanem,Teacher,58,Male,C,Vehicle,CUST-13706
Tarek Hassan,Freelancer,36,Male,B,,CUST-13707
Mahmoud Reda,Freelancer,49,Female,C,Vehicle,CUST-13708
Zaki Abdel-Aziz,Freelancer,65,Female,D,Land,CUST-13709
Ahmed Abdel-Aziz,Teacher,36,Male,D,Land,CUST-13710
Mona Hamdy,Freelancer,47,Male,D,Land,CUST-13711
Salma Reda,Engineer,29,Male,B,Land,CUST-13712
Bassem Nabil,Teacher,25,Female,D,,CUST-13713
Sherif Mansour,Sales_Rep,47,Male,C,,CUST-13714
Hamdy Hassan,Freelancer,34,Male,C,Vehicle,CUST-13715
Sherif El-Sayed,Doctor,46,Female,A,Vehicle,CUST-13716
Salma Hassan,Engineer,54,Female,B,Land,CUST-13717
Ibrahim Hassan,Technician,54,Male,A,,CUST-13718
Fatma Fawzy,Technician,57,Female,B,Vehicle,CUST-13719
Zaki Fawzy,Freelancer,33,Female,C,Land,CUST-13720
Mohamed Hassan,Accountant,28,Male,D,Land,CUST-13721
Wael Ghanem,Engineer,59,Female,A,Vehicle,CUST-13722
Sara Adel,Technician,28,Female,A,,CUST-13723
Bassem Nabil,Sales_Rep,41,Female,A,Land,CUST-13724
Karim Mansour,Sales_Rep,40,Female,D,Land,CUST-13725
Omar Ibrahim,Teacher,26,Female,B,Land,CUST-13726
,Accountant,22,Female,D,,CUST-13727
Ahmed Nabil,Technician,62,Male,B,Vehicle,CUST-13728
Ahmed Hassan,Teacher,49,Male,D,Land,CUST-13729
Amira Saied,Engineer,55,Female,D,Land,CUST-13730
Sherif Ghanem,Engineer,41,Female,A,,CUST-13731
Heba Saied,Engineer,24,Female,C,Land,CUST-13732
Omar El-Sayed,Sales_Rep,41,Female,C,Land,CUST-13733
Karim Ibrahim,Sales_Rep,43,Male,B,Land,CUST-13734
Ibrahim Abdel-Aziz,Freelancer,61,Female,B,Vehicle,CUST-13735
Salma Reda,Engineer,23,Female,A,,CUST-13736
Zaki Ibrahim,Engineer,45,Female,A,Vehicle,CUST-13737
Mona Fawzy,Technician,34,Male,B,Vehicle,CUST-13738
Amira Mansour,Doctor,26,Female,D,,CUST-13739
Hassan Saied,Accountant,53,Female,D,Vehicle,CUST-13740
Hamdy Fawzy,Sales_Rep,52,Female,D,Land,CUST-13741
Dina Zaki,Accountant,36,Female,C,,CUST-13742
Ahmed El-Sayed,Sales_Rep,24,Male,D,Vehicle,CUST-13743
Hassan El-Sayed,Teacher,25,Male,D,Land,CUST-13744
Khaled Amr,Doctor,62,Male,D,,CUST-13745
Khaled Mahmoud,Doctor,35,Female,C,Vehicle,CUST-13746
Nabil Hamdy,Engineer,28,Female,D,Land,CUST-13747
Sherif Saied,Accountant,44,Male,D,,CUST-13748
Hamdy Saied,Teacher,27,Male,B,Vehicle,CUST-13749
Layla Zaki,Teacher,21,Female,D,Land,CUST-13750
Mona El-Sayed,Doctor,42,Female,C,,CUST-13751
Mostafa Amr,Engineer,55,Male,A,,CUST-13752
Fatma Mansour,Technician,25,Male,B,Vehicle,CUST-13753
Fatma Kamel,Accountant,36,Female,B,,CUST-13754
Wael Abdel-Aziz,Doctor,53,Female,B,Vehicle,CUST-13755
Wael Ghanem,Teacher,31,Male,D,Vehicle,CUST-13756
Fatma Mahmoud,Technician,63,Male,A,Vehicle,CUST-13757
Heba Abdel-Aziz,Accountant,23,Male,D,,CUST-13758
Wael Amr,Doctor,54,Male,C,Land,CUST-13759
Nabil Ibrahim,Engineer,34,Male,B,,CUST-13760
Omar Hamdy,Engineer,39,Male,A,Vehicle,CUST-13761
Hamdy Mansour,Engineer,65,Female,C,Vehicle,CUST-13762
Hoda Hassan,Doctor,29,Female,C,Vehicle,CUST-13763
Layla Adel,Engineer,45,Female,A,,CUST-13764
Heba Amr,Engineer,30,Female,A,Vehicle,CUST-13765
Salma Fawzy,Teacher,45,Female,B,Land,CUST-13766
Sherif Hamdy,Freelancer,28,Female,C,Land,CUST-13767
Wael Ghanem,Accountant,25,Male,D,Vehicle,CUST-13768
Layla Kamel,Accountant,37,Male,C,Land,CUST-13769
Ahmed Adel,Teacher,52,Female,A,,CUST-13770
Omar Amr,Engineer,42,Male,D,,CUST-13771
Mahmoud Nabil,Teacher,46,Male,C,Land,CUST-13772
Ahmed Adel,Sales_Rep,34,Male,A,,CUST-13773
Layla Hassan,Freelancer,23,Female,C,Vehicle,CUST-13774
Bassem Mahmoud,Engineer,38,Male,C,Vehicle,CUST-13775
Mohamed Saied,Accountant,28,Female,B,,CUST-13776
Karim Abdel-Aziz,Doctor,58,Female,A,,CUST-13777
Dina Abdel-Aziz,Engineer,22,Female,C,,CUST-13778
Heba Ibrahim,Sales_Rep,49,Male,A,Land,CUST-13779
Mona Fawzy,Teacher,54,Female,A,Land,CUST-13780
Mohamed Abdel-Aziz,Freelancer,26,Male,D,,CUST-13781
Ibrahim Zaki,Sales_Rep,36,Male,D,Vehicle,CUST-13782
Amira Abdel-Aziz,Freelancer,32,Male,C,Land,CUST-13783
Hassan Saied,Doctor,26,Male,B,Vehicle,CUST-13784
Ahmed Zaki,Teacher,62,Male,D,,CUST-13785
Bassem Fawzy,Teacher,28,Male,C,Vehicle,CUST-13786
Nabil Fawzy,Engineer,53,Female,D,Land,CUST-13787
Omar Fawzy,Sales_Rep,47,Male,C,Land,CUST-13788
Karim Ghanem,Accountant,43,Male,B,Land,CUST-13789
Mahmoud Saied,Engineer,32,Male,C,Vehicle,CUST-13790
Khaled Kamel,Doctor,34,Female,A,Vehicle,CUST-13791
Mahmoud Saied,Freelancer,36,Female,C,Vehicle,CUST-13792
Omar Amr,Freelancer,39,Male,A,,CUST-13793
Bassem Reda,Engineer,28,Female,A,,CUST-13794
Karim Adel,Teacher,39,Male,D,,CUST-13795
Dina Nabil,Technician,43,Female,D,Vehicle,CUST-13796
Sara Zaki,Sales_Rep,46,Female,A,Vehicle,CUST-13797
Tarek Ghanem,Engineer,33,Female,A,Land,CUST-13798
Layla Hamdy,Sales_Rep,47,Male,A,Vehicle,CUST-13799
Tarek Reda,Sales_Rep,54,Female,A,Land,CUST-13800
Tarek Ghanem,Technician,64,Female,B,Vehicle,CUST-13801
Karim Saied,Technician,37,Female,A,,CUST-13802
Mahmoud Adel,Engineer,51,Female,B,Vehicle,CUST-13803
Hamdy Adel,Sales_Rep,58,Male,B,Vehicle,CUST-13804
Wael Adel,Sales_Rep,33,Male,D,Vehicle,CUST-13805
Bassem Nabil,Teacher,45,Male,A,,CUST-13806
Ibrahim Kamel,Technician,57,Female,C,Vehicle,CUST-13807
Ahmed Mansour,Doctor,29,Female,B,Land,CUST-13808
Mona Reda,Teacher,56,Female,C,Vehicle,CUST-13809
Sara Saied,Freelancer,47,Female,D,Land,CUST-13810
Mona Ibrahim,Freelancer,54,Male,B,Vehicle,CUST-13811
Wael Adel,Teacher,60,Male,C,Vehicle,CUST-13812
Mohamed Zaki,Doctor,35,Female,C,,CUST-13813
Nabil Nabil,Technician,53,Female,B,Land,CUST-13814
Salma Fawzy,Sales_Rep,51,Female,A,Vehicle,CUST-13815
Ibrahim Fawzy,Teacher,49,Female,B,,CUST-13816
Omar Zaki,Sales_Rep,48,Male,B,,CUST-13817
Mahmoud Saied,Teacher,37,Female,B,Vehicle,CUST-13818
Karim Abdel-Aziz,Accountant,45,Male,D,Land,CUST-13819
Ahmed Mansour,Sales_Rep,32,Male,B,Land,CUST-13820
Mona El-Sayed,Sales_Rep,46,Male,B,Vehicle,CUST-13821
Nabil El-Sayed,Sales_Rep,24,Male,D,,CUST-13822
Nabil Mansour,Accountant,33,Male,D,Vehicle,CUST-13823
Amira Hassan,Freelancer,61,Female,A,Land,CUST-13824
Layla Hassan,Doctor,36,Female,D,,CUST-13825
Hoda Abdel-Aziz,Freelancer,61,Female,D,Land,CUST-13826
Zaki Ibrahim,Sales_Rep,50,Male,B,Land,CUST-13827
Hassan Ibrahim,Technician,37,Female,D,Vehicle,CUST-13828
Heba Hamdy,Doctor,60,Female,B,Vehicle,CUST-13829
Omar Reda,Technician,26,Female,B,Vehicle,CUST-13830
Zaki Nabil,Accountant,54,Male,D,Land,CUST-13831
Hoda Mahmoud,Sales_Rep,52,Female,C,Vehicle,CUST-13832
Wael Kamel,Sales_Rep,33,Male,A,Land,CUST-13833
Fatma Ibrahim,Teacher,34,Male,C,Vehicle,CUST-13834
Hoda Adel,Engineer,43,Male,A,Land,CUST-13835
Hassan Mansour,Sales_Rep,28,Female,D,,CUST-13836
Mohamed Adel,Technician,38,Male,B,,CUST-13837
,Sales_Rep,57,Female,A,Vehicle,CUST-13838
Salma Fawzy,Teacher,57,Male,D,Land,CUST-13839
Hamdy Zaki,Freelancer,38,Female,B,Land,CUST-13840
Hassan Amr,Doctor,61,Female,D,Vehicle,CUST-13841
Bassem Amr,Accountant,23,Female,A,Vehicle,CUST-13842
Heba Reda,Freelancer,60,Female,B,,CUST-13843
Hamdy Zaki,Technician,29,Male,A,Vehicle,CUST-13844
Sherif Kamel,Doctor,64,Male,D,,CUST-13845
Karim Hamdy,Accountant,45,Female,B,,CUST-13846
Mona Mansour,Doctor,39,Female,A,Vehicle,CUST-13847
Sara Saied,Technician,45,Female,D,Land,CUST-13848
Tarek Nabil,Technician,63,Male,A,,CUST-13849
Sherif Reda,Doctor,65,Male,C,Land,CUST-13850
Tarek Zaki,Sales_Rep,33,Male,D,Vehicle,CUST-13851
Dina Fawzy,Sales_Rep,46,Male,D,,CUST-13852
Mostafa Adel,Freelancer,60,Female,C,Land,CUST-13853
Mahmoud Ibrahim,Sales_Rep,31,Male,B,Vehicle,CUST-13854
Mostafa Ibrahim,Engineer,34,Male,A,Vehicle,CUST-13855
Ibrahim Mahmoud,Accountant,55,Male,A,Land,CUST-13856
Sara Mansour,Accountant,21,Male,C,Land,CUST-13857
Amira Saied,Doctor,59,Male,D,Vehicle,CUST-13858
Karim Saied,Teacher,29,Female,C,Vehicle,CUST-13859
Amira Mahmoud,Freelancer,41,Female,B,,CUST-13860
Amira Abdel-Aziz,Accountant,46,Male,C,,CUST-13861
Mostafa Abdel-Aziz,Teacher,37,Female,A,Vehicle,CUST-13862
Karim Nabil,Accountant,32,Female,D,Vehicle,CUST-13863
Khaled Saied,Accountant,37,Male,C,Vehicle,CUST-13864
Sherif Hassan,Sales_Rep,49,Male,B,Vehicle,CUST-13865
Fatma Amr,Accountant,38,Male,B,Land,CUST-13866
Ibrahim Abdel-Aziz,Freelancer,53,Male,D,,CUST-13867
Hassan Mahmoud,Doctor,36,Female,C,,CUST-13868
Salma Kamel,Engineer,39,Male,B,Land,CUST-13869
Hamdy Ibrahim,Doctor,35,Male,B,Vehicle,CUST-13870
Bassem Reda,Accountant,65,Female,A,,CUST-13871
Mona Zaki,Doctor,35,Female,C,Vehicle,CUST-13872
Heba Reda,Engineer,52,Female,B,Vehicle,CUST-13873
Salma Mahmoud,Technician,59,Female,B,,CUST-13874
Khaled Mansour,Technician,27,Female,B,,CUST-13875
Salma Fawzy,Doctor,59,Male,C,Land,CUST-13876
Mona Hamdy,Doctor,32,Female,A,Vehicle,CUST-13877
Layla Adel,Accountant,35,Female,C,Land,CUST-13878
Tarek El-Sayed,Accountant,45,Female,B,Vehicle,CUST-13879
Mahmoud Ibrahim,Engineer,34,Female,B,Land,CUST-13880
Mahmoud Amr,Teacher,39,Female,C,Vehicle,CUST-13881
Ibrahim Fawzy,Freelancer,30,Male,C,Land,CUST-13882
Ahmed Kamel,Sales_Rep,59,Female,B,Vehicle,CUST-13883
Amira Mansour,Teacher,22,Female,B,Vehicle,CUST-13884
Tarek Adel,Accountant,51,Female,C,,CUST-13885
Fatma El-Sayed,Freelancer,22,Male,A,,CUST-13886
Bassem Ghanem,Technician,45,Male,A,,CUST-13887
Khaled Fawzy,Technician,64,Male,A,Land,CUST-13888
Wael Ibrahim,Technician,57,Female,C,Land,CUST-13889
Omar Adel,Teacher,45,Female,C,,CUST-13890
Sara Saied,Technician,33,Female,A,,CUST-13891
Fatma Amr,Engineer,55,Female,B,Vehicle,CUST-13892
Omar Mahmoud,Technician,64,Male,A,,CUST-13893
,Teacher,59,Female,A,,CUST-13894
Mohamed Abdel-Aziz,Teacher,64,Male,D,Vehicle,CUST-13895
Hamdy Hamdy,Technician,49,Male,D,Vehicle,CUST-13896
Ahmed Hassan,Technician,38,Male,D,Vehicle,CUST-13897
Ibrahim Hassan,Sales_Rep,38,Male,C,Land,CUST-13898
Dina Amr,Doctor,53,Male,D,,CUST-13899
Zaki Kamel,Sales_Rep,46,Female,D,Vehicle,CUST-13900
Fatma Nabil,Technician,42,Female,B,Land,CUST-13901
Ibrahim El-Sayed,Engineer,54,Female,C,Land,CUST-13902
Hoda Ibrahim,Technician,55,Female,C,,CUST-13903
Wael Mahmoud,Accountant,46,Female,B,Land,CUST-13904
Dina Nabil,Accountant,31,Male,A,Vehicle,CUST-13905
Mona Mansour,Sales_Rep,43,Male,C,Vehicle,CUST-13906
Omar El-Sayed,Technician,61,Female,A,,CUST-13907
,Teacher,48,Male,B,Land,CUST-13908
Sara Amr,Teacher,25,Female,C,,CUST-13909
,Engineer,31,Female,C,Land,CUST-13910
Sherif Kamel,Sales_Rep,37,Male,C,Land,CUST-13911
Nabil Zaki,Freelancer,44,Male,D,Land,CUST-13912
,Doctor,54,Female,D,Vehicle,CUST-13913
Mahmoud Zaki,Technician,64,Male,D,Vehicle,CUST-13914
Nabil Hamdy,Doctor,57,Female,D,Vehicle,CUST-13915
Layla Abdel-Aziz,Teacher,52,Female,A,Land,CUST-13916
Salma Amr,Teacher,65,Female,C,Vehicle,CUST-13917
Nabil Kamel,Technician,50,Female,B,,CUST-13918
Omar Hassan,Engineer,32,Female,D,,CUST-13919
Omar Reda,Technician,42,Female,D,Land,CUST-13920
Karim Zaki,Accountant,55,Male,B,Land,CUST-13921
Hoda Adel,Doctor,46,Male,C,,CUST-13922
Fatma El-Sayed,Freelancer,56,Male,A,,CUST-13923
Heba Mansour,Engineer,44,Female,C,,CUST-13924
Bassem Reda,Teacher,26,Male,D,,CUST-13925
Mohamed Hamdy,Sales_Rep,39,Male,A,Vehicle,CUST-13926
Heba Mansour,Doctor,38,Male,B,Vehicle,CUST-13927
Khaled Mansour,Freelancer,22,Female,A,Land,CUST-13928
Nabil Reda,Teacher,28,Female,C,Land,CUST-13929
Hassan Adel,Engineer,47,Male,B,Land,CUST-13930
Amira Hamdy,Technician,53,Male,B,,CUST-13931
Mohamed Nabil,Technician,51,Male,C,Land,CUST-13932
Mona Hassan,Teacher,29,Female,A,Land,CUST-13933
Bassem Ghanem,Freelancer,26,Male,A,Vehicle,CUST-13934
Mona Ghanem,Accountant,54,Male,A,Land,CUST-13935
,Teacher,23,Male,D,Vehicle,CUST-13936
Layla Zaki,Doctor,50,Female,D,,CUST-13937
Hoda Abdel-Aziz,Sales_Rep,57,Male,B,,CUST-13938
Khaled Reda,Accountant,24,Female,D,Vehicle,CUST-13939
Salma Zaki,Technician,39,Female,C,Land,CUST-13940
Khaled El-Sayed,Engineer,39,Male,A,Land,CUST-13941
Sherif Abdel-Aziz,Engineer,33,Female,C,,CUST-13942
,Doctor,53,Male,A,Land,CUST-13943
Ahmed Mahmoud,Teacher,43,Male,A,Land,CUST-13944
Mona El-Sayed,Doctor,62,Female,B,Vehicle,CUST-13945
Amira Nabil,Technician,33,Female,A,Vehicle,CUST-13946
Tarek Fawzy,Technician,22,Female,D,Land,CUST-13947
Sherif Saied,Doctor,25,Male,D,,CUST-13948
Hamdy El-Sayed,Doctor,59,Male,D,,CUST-13949
Mona Fawzy,Sales_Rep,34,Male,C,Vehicle,CUST-13950
Mohamed Ghanem,Sales_Rep,24,Female,A,Land,CUST-13951
Hoda Kamel,Doctor,43,Male,D,,CUST-13952
Karim Fawzy,Accountant,58,Female,D,Land,CUST-13953
Karim Fawzy,Sales_Rep,42,Female,B,,CUST-13954
Dina Abdel-Aziz,Technician,24,Male,D,,CUST-13955
Dina Mahmoud,Teacher,36,Male,A,Land,CUST-13956
Tarek El-Sayed,Doctor,57,Male,C,Land,CUST-13957
Dina Hamdy,Engineer,32,Male,C,Land,CUST-13958
Dina Mansour,Engineer,46,Female,B,,CUST-13959
Hoda Amr,Teacher,38,Male,A,Land,CUST-13960
Omar Ibrahim,Doctor,27,Female,C,,CUST-13961
Zaki Reda,Sales_Rep,42,Female,C,,CUST-13962
Heba Reda,Freelancer,63,Female,B,Vehicle,CUST-13963
,Teacher,38,Male,C,,CUST-13964
Ibrahim Kamel,Sales_Rep,40,Male,B,Land,CUST-13965
Ibrahim Fawzy,Teacher,52,Male,D,Vehicle,CUST-13966
,Technician,55,Male,D,Land,CUST-13967
Dina Fawzy,Doctor,57,Female,B,,CUST-13968
Mostafa Saied,Accountant,50,Male,D,,CUST-13969
Nabil Ibrahim,Teacher,34,Female,B,Vehicle,CUST-13970
Zaki Ibrahim,Freelancer,59,Female,C,Land,CUST-13971
Zaki Nabil,Freelancer,24,Female,B,Vehicle,CUST-13972
Sherif Reda,Doctor,57,Female,D,Land,CUST-13973
Ahmed El-Sayed,Freelancer,23,Male,A,Vehicle,CUST-13974
Tarek Reda,Teacher,63,Female,A,,CUST-13975
Mona Ghanem,Sales_Rep,21,Male,D,,CUST-13976
Hamdy El-Sayed,Teacher,38,Female,A,,CUST-13977
Mahmoud Hamdy,Doctor,57,Male,B,,CUST-13978
Mohamed Hamdy,Freelancer,47,Female,B,Land,CUST-13979
Salma El-Sayed,Engineer,65,Female,C,,CUST-13980
Layla Fawzy,Sales_Rep,37,Female,B,Vehicle,CUST-13981
Karim El-Sayed,Engineer,29,Male,D,,CUST-13982
Sherif Ghanem,Technician,34,Male,B,Land,CUST-13983
Bassem Amr,Sales_Rep,29,Female,D,Land,CUST-13984
Mahmoud Hamdy,Accountant,52,Female,D,,CUST-13985
Fatma Adel,Teacher,24,Male,B,,CUST-13986
Dina Amr,Engineer,61,Female,A,Land,CUST-13987
Mona Fawzy,Freelancer,47,Female,D,Vehicle,CUST-13988
Wael Saied,Accountant,22,Female,C,,CUST-13989
Ahmed Adel,Technician,44,Male,A,Vehicle,CUST-13990
Wael Adel,Accountant,60,Male,D,Vehicle,CUST-13991
Ahmed Nabil,Doctor,46,Female,B,,CUST-13992
Bassem Hassan,Sales_Rep,53,Male,B,Land,CUST-13993
Karim Mahmoud,Teacher,28,Male,A,,CUST-13994
Mostafa Mansour,Doctor,21,Male,B,Vehicle,CUST-13995
Karim Ibrahim,Accountant,24,Female,B,,CUST-13996
Zaki Ibrahim,Freelancer,59,Male,C,,CUST-13997
Sherif El-Sayed,Teacher,53,Male,C,Land,CUST-13998
Fatma Mahmoud,Sales_Rep,64,Female,C,Vehicle,CUST-13999
,Doctor,24,Female,D,Land,CUST-14000
Nabil Reda,Accountant,53,Female,C,Land,CUST-14001
Layla Hassan,Teacher,40,Female,A,Land,CUST-14002
Salma Ibrahim,Sales_Rep,21,Female,C,,CUST-14003
Sara Saied,Accountant,37,Male,D,Vehicle,CUST-14004
Fatma Fawzy,Teacher,40,Male,C,,CUST-14005
Layla Reda,Accountant,35,Female,A,,CUST-14006
Sara Mansour,Doctor,39,Female,C,,CUST-14007
Mona Ghanem,Accountant,64,Male,D,,CUST-14008
Mohamed Hamdy,Accountant,24,Male,B,Land,CUST-14009
Ibrahim Fawzy,Doctor,62,Male,D,,CUST-14010
Ibrahim Adel,Accountant,65,Male,C,Land,CUST-14011
Salma Hassan,Technician,48,Male,C,,CUST-14012
Khaled Abdel-Aziz,Technician,41,Male,B,,CUST-14013
Mohamed Mahmoud,Engineer,50,Male,B,Vehicle,CUST-14014
Nabil Fawzy,Technician,58,Male,B,Vehicle,CUST-14015
Sherif Saied,Sales_Rep,24,Male,D,Vehicle,CUST-14016
Layla Zaki,Doctor,24,Male,C,Land,CUST-14017
Heba Mansour,Sales_Rep,27,Female,C,,CUST-14018
Layla Abdel-Aziz,Teacher,30,Male,A,Vehicle,CUST-14019
Fatma Zaki,Sales_Rep,52,Female,C,Vehicle,CUST-14020
,Accountant,56,Female,C,Land,CUST-14021
Mohamed Reda,Engineer,30,Female,D,Land,CUST-14022
Mostafa Ibrahim,Doctor,26,Female,D,,CUST-14023
Mahmoud Hassan,Freelancer,23,Male,D,Land,CUST-14024
Salma Nabil,Doctor,42,Female,A,Vehicle,CUST-14025
Ibrahim Mansour,Teacher,42,Female,D,Land,CUST-14026
Ibrahim Kamel,Technician,59,Male,C,Land,CUST-14027
Fatma El-Sayed,Freelancer,43,Female,D,,CUST-14028
Wael Hassan,Engineer,59,Female,C,Land,CUST-14029
Hamdy Reda,Doctor,33,Female,D,,CUST-14030
Sara Reda,Sales_Rep,56,Male,D,,CUST-14031
Wael Ghanem,Doctor,32,Female,D,Vehicle,CUST-14032
Mostafa Ibrahim,Teacher,46,Male,B,,CUST-14033
Omar Fawzy,Accountant,23,Male,B,Land,CUST-14034
Nabil Hassan,Sales_Rep,45,Female,C,Land,CUST-14035
Ahmed Saied,Freelancer,48,Female,A,Land,CUST-14036
Wael Mahmoud,Doctor,64,Male,C,Land,CUST-14037
Nabil Reda,Engineer,65,Female,D,,CUST-14038
Mostafa Nabil,Doctor,52,Male,A,Vehicle,CUST-14039
Sara Hamdy,Freelancer,42,Female,C,,CUST-14040
,Teacher,52,Male,A,Vehicle,CUST-14041
Layla Zaki,Doctor,25,Female,D,,CUST-14042
Karim Hassan,Teacher,46,Female,C,,CUST-14043
Omar Kamel,Teacher,35,Male,D,Land,CUST-14044
Karim Kamel,Teacher,27,Male,C,,CUST-14045
Bassem Zaki,Doctor,55,Male,A,Vehicle,CUST-14046
Mahmoud Fawzy,Freelancer,59,Male,C,,CUST-14047
Mona Hamdy,Freelancer,56,Male,B,Vehicle,CUST-14048
Salma Reda,Accountant,62,Male,B,,CUST-14049
Nabil Reda,Engineer,56,Female,C,Vehicle,CUST-14050
Karim Saied,Sales_Rep,58,Female,C,Vehicle,CUST-14051
Amira Hamdy,Teacher,54,Male,A,,CUST-14052
Salma Fawzy,Engineer,61,Female,C,Vehicle,CUST-14053
Mohamed Amr,Doctor,58,Male,B,Vehicle,CUST-14054
,Freelancer,23,Female,A,,CUST-14055
Dina Nabil,Technician,44,Male,D,Land,CUST-14056
Omar Abdel-Aziz,Freelancer,26,Female,A,Land,CUST-14057
Karim Saied,Freelancer,62,Male,A,Vehicle,CUST-14058
Hamdy Adel,Doctor,43,Female,B,Land,CUST-14059
Mahmoud Mansour,Technician,47,Female,A,Vehicle,CUST-14060
,Freelancer,26,Female,B,,CUST-14061
Nabil Reda,Technician,54,Male,D,,CUST-14062
Dina Ibrahim,Freelancer,24,Female,C,Vehicle,CUST-14063
Layla Mansour,Doctor,25,Female,B,Vehicle,CUST-14064
Sherif Ghanem,Sales_Rep,48,Female,B,Vehicle,CUST-14065
Bassem Hassan,Sales_Rep,39,Male,A,,CUST-14066
Ibrahim El-Sayed,Engineer,44,Female,D,Land,CUST-14067
Sherif Kamel,Accountant,30,Male,C,Land,CUST-14068
Ahmed Ibrahim,Engineer,56,Male,D,Vehicle,CUST-14069
Heba Abdel-Aziz,Teacher,59,Female,B,Land,CUST-14070
Karim Saied,Freelancer,57,Male,A,Vehicle,CUST-14071
Hamdy Kamel,Technician,28,Female,B,Vehicle,CUST-14072
Sherif Fawzy,Doctor,63,Female,B,,CUST-14073
Salma Amr,Accountant,32,Female,D,Land,CUST-14074
Fatma Zaki,Freelancer,27,Female,B,Vehicle,CUST-14075
Zaki Fawzy,Engineer,57,Male,B,Vehicle,CUST-14076
Zaki Abdel-Aziz,Technician,57,Female,D,Vehicle,CUST-14077
Mohamed Abdel-Aziz,Accountant,25,Male,D,Land,CUST-14078
Mahmoud Kamel,Doctor,60,Female,B,Vehicle,CUST-14079
Wael Hassan,Doctor,63,Female,B,,CUST-14080
Hassan Ibrahim,Doctor,25,Female,C,Vehicle,CUST-14081
Zaki Mahmoud,Accountant,28,Female,C,,CUST-14082
Mostafa Fawzy,Engineer,40,Female,B,Land,CUST-14083
Salma Fawzy,Freelancer,25,Female,A,,CUST-14084
Mostafa Adel,Doctor,49,Female,B,,CUST-14085
Amira Zaki,Engineer,64,Male,C,,CUST-14086
Zaki Kamel,Sales_Rep,28,Male,A,Vehicle,CUST-14087
Layla Adel,Engineer,32,Male,D,Land,CUST-14088
Zaki Adel,Engineer,58,Male,A,Vehicle,CUST-14089
Nabil Zaki,Sales_Rep,51,Female,D,Vehicle,CUST-14090
Mona Reda,Sales_Rep,24,Male,C,Land,CUST-14091
Mahmoud Reda,Technician,52,Male,D,Vehicle,CUST-14092
Mostafa Mansour,Technician,22,Male,D,Vehicle,CUST-14093
Layla Reda,Engineer,21,Female,A,Vehicle,CUST-14094
Bassem Hamdy,Technician,25,Male,B,,CUST-14095
Amira Adel,Teacher,59,Male,C,Vehicle,CUST-14096
Fatma Mansour,Technician,52,Male,C,,CUST-14097
Ahmed Abdel-Aziz,Teacher,58,Male,D,,CUST-14098
Sherif Adel,Teacher,34,Female,C,,CUST-14099
Hamdy Mahmoud,Doctor,51,Male,A,Land,CUST-14100
Karim Hassan,Accountant,21,Female,C,,CUST-14101
Hamdy Abdel-Aziz,Teacher,53,Male,B,Land,CUST-14102
Nabil Mansour,Accountant,36,Female,D,Land,CUST-14103
Ahmed Amr,Technician,46,Male,A,Land,CUST-14104
Ibrahim Hassan,Freelancer,22,Male,D,Vehicle,CUST-14105
Bassem Amr,Sales_Rep,56,Male,A,Vehicle,CUST-14106
Salma Adel,Accountant,39,Male,D,Vehicle,CUST-14107
Ahmed Fawzy,Teacher,25,Female,A,Vehicle,CUST-14108
Khaled Mahmoud,Engineer,47,Female,D,Land,CUST-14109
Zaki Ibrahim,Technician,33,Female,B,,CUST-14110
Mohamed El-Sayed,Engineer,37,Male,A,Vehicle,CUST-14111
Hassan Mansour,Accountant,39,Female,A,,CUST-14112
Hoda Nabil,Engineer,55,Female,A,,CUST-14113
Mohamed Amr,Teacher,44,Female,D,Vehicle,CUST-14114
Ahmed Adel,Teacher,50,Female,C,,CUST-14115
Mahmoud Fawzy,Doctor,58,Female,D,Land,CUST-14116
Ibrahim Fawzy,Engineer,65,Male,D,Land,CUST-14117
Amira Abdel-Aziz,Technician,21,Female,C,Land,CUST-14118
Sherif Mansour,Freelancer,26,Female,C,Land,CUST-14119
Hassan Mahmoud,Accountant,55,Male,B,Land,CUST-14120
Bassem Saied,Teacher,34,Female,A,Vehicle,CUST-14121
Omar Kamel,Teacher,24,Male,A,,CUST-14122
Ahmed Reda,Sales_Rep,60,Male,C,Land,CUST-14123
Nabil Fawzy,Sales_Rep,61,Male,C,Land,CUST-14124
Karim Reda,Doctor,35,Female,C,Vehicle,CUST-14125
Dina Nabil,Technician,59,Male,B,Vehicle,CUST-14126
Nabil Abdel-Aziz,Accountant,52,Male,B,Vehicle,CUST-14127
Khaled Mansour,Freelancer,22,Male,A,,CUST-14128
Zaki Hamdy,Sales_Rep,28,Female,C,Vehicle,CUST-14129
Nabil Ibrahim,Technician,32,Male,B,Land,CUST-14130
Omar El-Sayed,Accountant,54,Female,B,Land,CUST-14131
Amira Ghanem,Freelancer,63,Male,B,Vehicle,CUST-14132
Tarek Zaki,Teacher,33,Male,B,Land,CUST-14133
Mohamed Nabil,Accountant,53,Female,A,Vehicle,CUST-14134
Fatma Reda,Accountant,58,Male,B,,CUST-14135
Heba Amr,Doctor,25,Female,C,Vehicle,CUST-14136
Layla Zaki,Teacher,46,Female,D,Vehicle,CUST-14137
Mahmoud Adel,Engineer,54,Female,C,Land,CUST-14138
Sherif Ghanem,Freelancer,35,Male,C,Land,CUST-14139
,Sales_Rep,51,Male,A,Vehicle,CUST-14140
Karim Saied,Engineer,42,Female,D,Land,CUST-14141
Mahmoud Zaki,Sales_Rep,21,Male,D,Vehicle,CUST-14142
Bassem Abdel-Aziz,Accountant,37,Female,A,,CUST-14143
Mostafa El-Sayed,Teacher,53,Female,D,Vehicle,CUST-14144
Omar Mansour,Sales_Rep,35,Female,A,Vehicle,CUST-14145
Mona Kamel,Teacher,38,Female,A,,CUST-14146
Salma Mansour,Engineer,34,Female,A,,CUST-14147
Zaki Hamdy,Technician,54,Female,D,,CUST-14148
Amira Fawzy,Teacher,42,Male,A,,CUST-14149
Mona Abdel-Aziz,Sales_Rep,43,Female,B,,CUST-14150
Tarek Mansour,Teacher,54,Male,B,Land,CUST-14151
Mahmoud Adel,Accountant,43,Male,C,,CUST-14152
Wael El-Sayed,Doctor,48,Male,A,Land,CUST-14153
Sherif Kamel,Doctor,56,Female,C,Land,CUST-14154
Zaki Mansour,Technician,57,Female,A,Land,CUST-14155
Ibrahim Nabil,Freelancer,64,Female,C,Vehicle,CUST-14156
Nabil El-Sayed,Accountant,29,Female,D,,CUST-14157
Khaled Fawzy,Teacher,61,Male,B,,CUST-14158
Mona Saied,Freelancer,27,Male,A,,CUST-14159
Sherif Nabil,Sales_Rep,64,Male,A,Land,CUST-14160
Zaki Kamel,Accountant,50,Female,A,Vehicle,CUST-14161
Mona Amr,Engineer,37,Female,B,Land,CUST-14162
,Engineer,37,Male,D,Land,CUST-14163
Salma Amr,Engineer,41,Male,D,Land,CUST-14164
Ahmed Fawzy,Sales_Rep,57,Male,A,,CUST-14165
Salma Adel,Sales_Rep,34,Male,D,,CUST-14166
Ibrahim Nabil,Teacher,32,Female,B,,CUST-14167
Omar El-Sayed,Engineer,30,Male,D,Land,CUST-14168
Hoda Hassan,Freelancer,65,Female,A,Vehicle,CUST-14169
Hamdy Mansour,Accountant,34,Male,B,Vehicle,CUST-14170
Omar Adel,Accountant,60,Male,D,,CUST-14171
Karim Mansour,Sales_Rep,52,Female,C,Land,CUST-14172
Khaled Amr,Technician,24,Female,A,Land,CUST-14173
Hoda Fawzy,Doctor,31,Male,C,Land,CUST-14174
Salma Zaki,Technician,60,Male,C,,CUST-14175
Amira Abdel-Aziz,Doctor,56,Female,A,,CUST-14176
Hoda El-Sayed,Teacher,37,Male,A,Vehicle,CUST-14177
Omar Zaki,Freelancer,29,Male,A,Land,CUST-14178
Tarek Mansour,Engineer,32,Male,D,,CUST-14179
Karim Kamel,Accountant,28,Male,B,Land,CUST-14180
Bassem Adel,Sales_Rep,46,Male,A,Vehicle,CUST-14181
Layla Fawzy,Accountant,22,Female,B,Land,CUST-14182
Karim Abdel-Aziz,Doctor,39,Female,C,Vehicle,CUST-14183
Ibrahim Zaki,Technician,34,Female,A,,CUST-14184
Mona Amr,Freelancer,51,Male,D,Land,CUST-14185
Hoda Reda,Technician,45,Male,C,Land,CUST-14186
Hamdy Reda,Engineer,55,Female,A,Land,CUST-14187
Salma Mahmoud,Sales_Rep,47,Female,A,,CUST-14188
Nabil Reda,Teacher,60,Female,A,,CUST-14189
Omar Hassan,Technician,59,Male,C,Vehicle,CUST-14190
Dina Hassan,Sales_Rep,22,Female,A,,CUST-14191
Hassan Abdel-Aziz,Technician,58,Male,A,Vehicle,CUST-14192
Tarek Hamdy,Engineer,27,Male,A,Vehicle,CUST-14193
Nabil Amr,Engineer,58,Male,D,,CUST-14194
Sara Adel,Doctor,38,Male,D,Vehicle,CUST-14195
Layla Ibrahim,Technician,62,Female,A,Land,CUST-14196
Tarek Mahmoud,Doctor,31,Male,C,,CUST-14197
Bassem Hamdy,Accountant,33,Male,C,Land,CUST-14198
Zaki Reda,Teacher,49,Male,A,Vehicle,CUST-14199
Hoda Saied,Freelancer,21,Male,A,,CUST-14200
Hassan Fawzy,Engineer,60,Male,B,Vehicle,CUST-14201
Hamdy Abdel-Aziz,Accountant,37,Female,C,Vehicle,CUST-14202
Mohamed Reda,Freelancer,62,Female,D,Land,CUST-14203
Khaled Hamdy,Doctor,44,Female,A,Vehicle,CUST-14204
Salma Ghanem,Technician,33,Female,D,Land,CUST-14205
Sara Mansour,Technician,27,Male,C,Land,CUST-14206
Sherif Mansour,Teacher,65,Female,B,,CUST-14207
Mona Zaki,Freelancer,49,Male,D,Land,CUST-14208
Layla Mansour,Sales_Rep,48,Female,A,Land,CUST-14209
Omar Adel,Freelancer,42,Male,C,,CUST-14210
Ibrahim Mansour,Engineer,27,Male,A,Vehicle,CUST-14211
Mahmoud Nabil,Accountant,55,Female,B,Vehicle,CUST-14212
Ibrahim Amr,Engineer,60,Female,B,,CUST-14213
Mona Saied,Accountant,49,Male,A,Land,CUST-14214
Wael Abdel-Aziz,Accountant,47,Male,A,,CUST-14215
,Engineer,28,Male,C,,CUST-14216
Hamdy Mansour,Doctor,39,Male,B,,CUST-14217
Amira Mahmoud,Technician,60,Male,C,Land,CUST-14218
Ibrahim Mansour,Teacher,36,Male,C,Vehicle,CUST-14219
Mostafa Nabil,Accountant,33,Female,B,Land,CUST-14220
,Freelancer,35,Male,D,,CUST-14221
Sara Reda,Teacher,38,Female,C,Vehicle,CUST-14222
Omar Adel,Teacher,59,Female,A,Vehicle,CUST-14223
Fatma Mansour,Accountant,30,Female,B,Land,CUST-14224
Bassem Hassan,Technician,22,Female,B,Vehicle,CUST-14225
Ibrahim Zaki,Technician,39,Male,A,Vehicle,CUST-14226
Ibrahim Reda,Engineer,33,Female,C,,CUST-14227
Hamdy Adel,Doctor,57,Female,D,Vehicle,CUST-14228
Bassem Reda,Sales_Rep,48,Male,D,,CUST-14229
Zaki Saied,Engineer,40,Female,A,,CUST-14230
Fatma Nabil,Sales_Rep,27,Male,C,Vehicle,CUST-14231
Zaki Reda,Engineer,21,Male,C,,CUST-14232
Mostafa Hamdy,Freelancer,54,Female,D,Land,CUST-14233
Mona Mansour,Accountant,29,Male,B,,CUST-14234
Fatma Zaki,Engineer,63,Female,A,Vehicle,CUST-14235
Zaki Fawzy,Accountant,65,Male,C,,CUST-14236
Heba Ibrahim,Teacher,41,Female,A,Vehicle,CUST-14237
Heba Reda,Engineer,25,Male,D,,CUST-14238
Fatma Ibrahim,Sales_Rep,59,Male,D,,CUST-14239
Mona Hassan,Sales_Rep,23,Female,D,Land,CUST-14240
Khaled Mahmoud,Teacher,54,Male,A,Land,CUST-14241
Hoda Mahmoud,Freelancer,41,Female,C,,CUST-14242
Sherif Saied,Engineer,56,Female,C,,CUST-14243
Zaki Saied,Accountant,56,Female,B,Land,CUST-14244
Ahmed Reda,Technician,50,Male,A,Land,CUST-14245
Layla Hamdy,Doctor,62,Male,A,Vehicle,CUST-14246
Dina Ibrahim,Freelancer,22,Male,D,Vehicle,CUST-14247
Mona Nabil,Freelancer,46,Male,C,Vehicle,CUST-14248
,Doctor,36,Female,C,Vehicle,CUST-14249
Ibrahim Ghanem,Teacher,29,Female,D,,CUST-14250
Fatma Mahmoud,Sales_Rep,60,Female,D,,CUST-14251
Ahmed Zaki,Technician,43,Male,D,,CUST-14252
Zaki Amr,Accountant,57,Male,B,Vehicle,CUST-14253
Sara Fawzy,Teacher,29,Male,B,,CUST-14254
Sara Amr,Accountant,28,Female,C,,CUST-14255
Salma El-Sayed,Technician,35,Female,C,Vehicle,CUST-14256
Sara Nabil,Freelancer,31,Male,B,Land,CUST-14257
Wael Zaki,Sales_Rep,52,Male,A,Land,CUST-14258
Omar Ibrahim,Technician,62,Female,C,Vehicle,CUST-14259
Karim Hamdy,Technician,54,Female,B,,CUST-14260
Omar Fawzy,Doctor,28,Female,C,Land,CUST-14261
Mona Adel,Freelancer,58,Female,D,Land,CUST-14262
Amira Hassan,Doctor,65,Female,A,Land,CUST-14263
Ahmed Ibrahim,Freelancer,61,Female,B,Vehicle,CUST-14264
Fatma El-Sayed,Teacher,28,Male,B,,CUST-14265
Khaled Adel,Sales_Rep,63,Female,B,Vehicle,CUST-14266
Nabil El-Sayed,Accountant,28,Male,D,,CUST-14267
Sherif Hassan,Teacher,59,Male,D,Land,CUST-14268
Ahmed Abdel-Aziz,Doctor,29,Male,B,Vehicle,CUST-14269
Ahmed Zaki,Accountant,50,Male,B,Vehicle,CUST-14270
Amira Ibrahim,Freelancer,32,Female,A,Land,CUST-14271
Karim Adel,Technician,37,Male,B,Vehicle,CUST-14272
Wael Reda,Sales_Rep,25,Female,D,Vehicle,CUST-14273
Salma Hamdy,Sales_Rep,32,Female,C,Vehicle,CUST-14274
Salma El-Sayed,Freelancer,64,Female,A,Land,CUST-14275
Hoda Nabil,Teacher,27,Female,C,Land,CUST-14276
Hamdy Reda,Sales_Rep,39,Male,D,Vehicle,CUST-14277
Tarek Ibrahim,Accountant,31,Male,A,Vehicle,CUST-14278
Ibrahim Kamel,Teacher,30,Male,A,Vehicle,CUST-14279
Zaki Mahmoud,Accountant,32,Female,D,Vehicle,CUST-14280
Bassem Zaki,Accountant,21,Female,D,Land,CUST-14281
Wael Abdel-Aziz,Doctor,38,Male,D,,CUST-14282
Zaki Mansour,Accountant,42,Female,A,,CUST-14283
Hamdy Adel,Accountant,33,Female,C,Vehicle,CUST-14284
,Doctor,31,Female,C,Land,CUST-14285
Karim Hassan,Teacher,49,Male,A,Vehicle,CUST-14286
Hamdy Mahmoud,Engineer,63,Male,C,Land,CUST-14287
Salma Adel,Accountant,30,Male,A,,CUST-14288
Bassem Nabil,Technician,52,Male,C,Vehicle,CUST-14289
Bassem Saied,Engineer,43,Female,A,,CUST-14290
Mahmoud Mansour,Doctor,26,Male,B,Land,CUST-14291
Salma Saied,Technician,28,Female,C,,CUST-14292
Nabil Abdel-Aziz,Technician,52,Male,A,Vehicle,CUST-14293
Hamdy Mansour,Engineer,58,Male,C,,CUST-14294
Dina Fawzy,Engineer,35,Male,D,,CUST-14295
Omar Fawzy,Accountant,35,Male,C,Land,CUST-14296
Mohamed Saied,Teacher,46,Female,B,Vehicle,CUST-14297
Wael Mahmoud,Technician,23,Female,B,Land,CUST-14298
Nabil Amr,Freelancer,36,Male,C,,CUST-14299
Tarek Kamel,Teacher,42,Female,B,Vehicle,CUST-14300
Fatma Mahmoud,Teacher,26,Male,C,Vehicle,CUST-14301
Salma Mahmoud,Teacher,31,Female,C,,CUST-14302
Sherif Abdel-Aziz,Doctor,59,Female,D,,CUST-14303
Sara Zaki,Teacher,46,Female,C,Land,CUST-14304
Hamdy Hassan,Doctor,32,Male,D,Vehicle,CUST-14305
Ibrahim Adel,Accountant,23,Female,A,Land,CUST-14306
Nabil Fawzy,Teacher,36,Male,C,Land,CUST-14307
Sherif El-Sayed,Engineer,57,Male,B,Land,CUST-14308
Mona Adel,Doctor,37,Male,A,,CUST-14309
Mona Ibrahim,Technician,65,Female,A,,CUST-14310
Khaled Reda,Teacher,21,Male,C,,CUST-14311
Layla Amr,Engineer,38,Male,D,,CUST-14312
Mostafa El-Sayed,Doctor,53,Male,C,Land,CUST-14313
Hoda Saied,Freelancer,42,Female,B,,CUST-14314
Mona Zaki,Sales_Rep,54,Male,A,Land,CUST-14315
Amira El-Sayed,Technician,38,Male,C,Vehicle,CUST-14316
Mona Amr,Technician,27,Male,A,Vehicle,CUST-14317
Karim Ghanem,Freelancer,24,Female,C,Land,CUST-14318
Khaled Mahmoud,Engineer,51,Male,D,,CUST-14319
Mostafa Fawzy,Technician,34,Female,B,Land,CUST-14320
Fatma Ibrahim,Freelancer,28,Male,A,Vehicle,CUST-14321
Mohamed Abdel-Aziz,Technician,61,Female,B,,CUST-14322
Sherif Ibrahim,Technician,64,Female,D,Vehicle,CUST-14323
Nabil Nabil,Teacher,29,Female,D,Vehicle,CUST-14324
Zaki Ghanem,Accountant,31,Female,D,Vehicle,CUST-14325
Fatma Hamdy,Teacher,46,Male,D,,CUST-14326
Mahmoud Amr,Doctor,36,Female,C,Vehicle,CUST-14327
Salma Saied,Freelancer,32,Male,D,Vehicle,CUST-14328
Nabil Mansour,Doctor,37,Male,A,Vehicle,CUST-14329
Amira Abdel-Aziz,Doctor,27,Female,C,,CUST-14330
Hamdy Amr,Technician,30,Male,B,Land,CUST-14331
Bassem Reda,Freelancer,49,Male,A,Vehicle,CUST-14332
Ibrahim Fawzy,Accountant,53,Female,D,,CUST-14333
Layla Hassan,Technician,33,Male,B,,CUST-14334
Tarek Saied,Freelancer,60,Female,B,,CUST-14335
Hassan Kamel,Sales_Rep,62,Female,B,Land,CUST-14336
Mohamed Ibrahim,Doctor,27,Male,C,,CUST-14337
Dina Fawzy,Doctor,62,Male,A,Vehicle,CUST-14338
Ahmed Fawzy,Sales_Rep,56,Female,D,Vehicle,CUST-14339
Karim Nabil,Freelancer,63,Male,A,Land,CUST-14340
Zaki Mansour,Doctor,58,Female,B,Vehicle,CUST-14341
Layla Adel,Accountant,31,Female,D,,CUST-14342
Sherif Ibrahim,Technician,38,Male,A,Land,CUST-14343
Omar Fawzy,Freelancer,21,Female,D,,CUST-14344
Mohamed El-Sayed,Doctor,60,Male,C,Land,CUST-14345
Hassan Ibrahim,Technician,57,Male,D,,CUST-14346
Mona Hamdy,Doctor,50,Male,D,Land,CUST-14347
Khaled Saied,Accountant,44,Male,C,,CUST-14348
Mahmoud Adel,Technician,31,Male,D,,CUST-14349
,Accountant,51,Female,C,,CUST-14350
Ahmed Amr,Sales_Rep,35,Male,C,Vehicle,CUST-14351
Ahmed Ghanem,Doctor,53,Female,C,,CUST-14352
Hassan Saied,Doctor,47,Female,C,Land,CUST-14353
Mostafa Reda,Technician,36,Female,D,Land,CUST-14354
Mostafa Mansour,Technician,59,Female,B,Vehicle,CUST-14355
Khaled Abdel-Aziz,Technician,34,Male,B,Land,CUST-14356
Wael Amr,Freelancer,55,Male,A,,CUST-14357
Mahmoud Hamdy,Freelancer,50,Female,B,Land,CUST-14358
Dina Nabil,Sales_Rep,22,Male,D,Land,CUST-14359
Tarek Mansour,Freelancer,52,Male,A,Vehicle,CUST-14360
Sherif Reda,Engineer,46,Female,C,Land,CUST-14361
Mohamed Mahmoud,Sales_Rep,47,Female,A,,CUST-14362
Khaled Kamel,Engineer,47,Male,A,,CUST-14363
Ibrahim El-Sayed,Sales_Rep,48,Male,A,,CUST-14364
Nabil Reda,Technician,28,Female,D,Vehicle,CUST-14365
Bassem Amr,Sales_Rep,33,Female,A,,CUST-14366
Hoda Hassan,Technician,58,Male,C,Vehicle,CUST-14367
Wael Zaki,Sales_Rep,49,Female,C,Vehicle,CUST-14368
Khaled Reda,Doctor,56,Male,D,,CUST-14369
Salma Abdel-Aziz,Freelancer,55,Male,A,,CUST-14370
Khaled Fawzy,Technician,46,Female,B,Vehicle,CUST-14371
Layla Ibrahim,Technician,38,Male,B,Vehicle,CUST-14372
Omar Saied,Accountant,43,Male,C,Vehicle,CUST-14373
Mona Ibrahim,Sales_Rep,36,Male,B,Vehicle,CUST-14374
Hoda Fawzy,Engineer,24,Male,C,,CUST-14375
Mahmoud Hamdy,Technician,56,Male,C,Land,CUST-14376
Ahmed Zaki,Sales_Rep,41,Male,C,Vehicle,CUST-14377
Tarek Nabil,Accountant,34,Male,D,Land,CUST-14378
Zaki Zaki,Accountant,56,Male,B,Vehicle,CUST-14379
Khaled Ibrahim,Freelancer,22,Female,C,,CUST-14380
Karim El-Sayed,Sales_Rep,33,Female,D,,CUST-14381
Ibrahim Ibrahim,Technician,22,Female,B,Land,CUST-14382
Hoda Ibrahim,Freelancer,32,Male,A,,CUST-14383
Mona Zaki,Sales_Rep,49,Male,C,Vehicle,CUST-14384
Sherif Fawzy,Teacher,35,Female,B,,CUST-14385
Ibrahim Reda,Freelancer,49,Male,A,Land,CUST-14386
Sara Reda,Teacher,56,Male,C,Land,CUST-14387
Hoda Mahmoud,Teacher,37,Male,B,Land,CUST-14388
Heba Nabil,Technician,59,Male,D,,CUST-14389
,Doctor,22,Female,D,Vehicle,CUST-14390
Omar Mahmoud,Freelancer,36,Male,B,Land,CUST-14391
Sara Reda,Teacher,39,Female,C,Vehicle,CUST-14392
Heba Nabil,Freelancer,56,Female,C,Vehicle,CUST-14393
Ibrahim Fawzy,Accountant,45,Male,C,,CUST-14394
Ibrahim Saied,Accountant,36,Male,C,Land,CUST-14395
Hamdy Fawzy,Freelancer,51,Female,B,Land,CUST-14396
Mahmoud Abdel-Aziz,Sales_Rep,64,Female,B,Land,CUST-14397
Dina Hamdy,Doctor,37,Female,D,,CUST-14398
Bassem Kamel,Freelancer,21,Female,C,,CUST-14399
Dina Hamdy,Accountant,62,Female,A,Land,CUST-14400
Layla Adel,Doctor,26,Male,A,,CUST-14401
Omar Abdel-Aziz,Technician,56,Female,D,Vehicle,CUST-14402
Hamdy Hassan,Technician,26,Female,A,,CUST-14403
Fatma Mansour,Freelancer,48,Male,C,Land,CUST-14404
Ahmed Mahmoud,Engineer,29,Female,C,,CUST-14405
Hamdy Ibrahim,Sales_Rep,39,Male,D,Vehicle,CUST-14406
Ibrahim Ghanem,Technician,54,Female,C,Vehicle,CUST-14407
Hoda Reda,Technician,53,Male,C,Land,CUST-14408
Nabil Reda,Doctor,36,Male,A,,CUST-14409
Ahmed Saied,Freelancer,32,Female,A,Vehicle,CUST-14410
Bassem Mansour,Accountant,34,Male,B,Land,CUST-14411
Khaled Saied,Accountant,40,Male,D,Land,CUST-14412
Hamdy Adel,Technician,43,Female,A,,CUST-14413
Nabil Ghanem,Engineer,51,Male,C,Vehicle,CUST-14414
Sara Saied,Freelancer,31,Male,B,,CUST-14415
Mona Abdel-Aziz,Teacher,59,Male,B,Land,CUST-14416
Bassem Fawzy,Teacher,42,Female,C,Land,CUST-14417
Sherif El-Sayed,Sales_Rep,62,Female,C,,CUST-14418
Wael Nabil,Engineer,29,Male,A,Vehicle,CUST-14419
Hamdy Zaki,Doctor,62,Male,C,Vehicle,CUST-14420
Amira Mansour,Teacher,38,Male,D,Vehicle,CUST-14421
Fatma Ghanem,Sales_Rep,45,Female,D,Vehicle,CUST-14422
Amira Amr,Teacher,36,Male,B,Land,CUST-14423
Wael Hassan,Technician,32,Male,A,,CUST-14424
Hoda Ibrahim,Technician,48,Male,C,Land,CUST-14425
Tarek Hamdy,Engineer,55,Female,C,Vehicle,CUST-14426
Sherif Reda,Accountant,41,Male,C,Land,CUST-14427
,Doctor,39,Female,A,Land,CUST-14428
Tarek Zaki,Teacher,62,Female,B,,CUST-14429
Dina El-Sayed,Freelancer,43,Female,B,Vehicle,CUST-14430
Salma Mansour,Engineer,29,Male,A,,CUST-14431
Karim Saied,Technician,44,Male,C,,CUST-14432
Bassem Kamel,Accountant,43,Female,A,,CUST-14433
Hamdy Hamdy,Doctor,49,Male,C,Land,CUST-14434
Hoda Abdel-Aziz,Teacher,26,Female,B,Vehicle,CUST-14435
Zaki Reda,Accountant,54,Male,B,,CUST-14436
,Engineer,60,Female,A,Land,CUST-14437
Omar Ibrahim,Doctor,28,Female,A,Land,CUST-14438
Mohamed Hamdy,Freelancer,39,Male,B,,CUST-14439
Heba Fawzy,Teacher,25,Male,A,Vehicle,CUST-14440
Mahmoud Mansour,Teacher,38,Male,A,,CUST-14441
Nabil Nabil,Doctor,24,Male,C,Vehicle,CUST-14442
,Technician,57,Female,B,Vehicle,CUST-14443
Dina Abdel-Aziz,Technician,26,Male,B,Vehicle,CUST-14444
Mona Ibrahim,Freelancer,21,Female,A,,CUST-14445
Omar Reda,Engineer,47,Female,D,,CUST-14446
Hoda Mahmoud,Sales_Rep,62,Female,C,,CUST-14447
Bassem Ghanem,Sales_Rep,30,Male,D,Vehicle,CUST-14448
Mohamed Saied,Freelancer,37,Female,C,Vehicle,CUST-14449
,Freelancer,64,Male,A,Land,CUST-14450
Hoda Amr,Sales_Rep,50,Male,D,Vehicle,CUST-14451
Hamdy Mahmoud,Accountant,46,Female,D,Vehicle,CUST-14452
Hamdy Mansour,Doctor,42,Female,C,,CUST-14453
Hassan Fawzy,Freelancer,29,Male,C,Land,CUST-14454
Tarek Saied,Doctor,46,Female,B,,CUST-14455
Khaled Ibrahim,Technician,22,Male,C,,CUST-14456
Heba Hamdy,Technician,59,Female,B,Vehicle,CUST-14457
Karim Fawzy,Doctor,28,Female,C,Land,CUST-14458
Sherif Kamel,Sales_Rep,55,Male,A,Vehicle,CUST-14459
Tarek Hamdy,Doctor,37,Female,C,Vehicle,CUST-14460
Heba Abdel-Aziz,Doctor,28,Female,C,Land,CUST-14461
Amira Reda,Doctor,56,Male,C,,CUST-14462
Mahmoud El-Sayed,Sales_Rep,37,Male,D,,CUST-14463
Mostafa El-Sayed,Sales_Rep,59,Female,D,Land,CUST-14464
Karim Kamel,Teacher,47,Male,A,Vehicle,CUST-14465
Dina El-Sayed,Sales_Rep,44,Male,D,,CUST-14466
Mohamed Amr,Sales_Rep,26,Female,C,,CUST-14467
Mahmoud Ghanem,Accountant,41,Male,B,Land,CUST-14468
Salma Fawzy,Doctor,58,Female,C,Vehicle,CUST-14469
Wael Mansour,Engineer,59,Female,B,Vehicle,CUST-14470
Amira Reda,Sales_Rep,59,Male,D,Vehicle,CUST-14471
Amira Ghanem,Technician,37,Female,C,Land,CUST-14472
Zaki Mahmoud,Sales_Rep,41,Female,A,,CUST-14473
Khaled Zaki,Technician,52,Female,D,Land,CUST-14474
Hoda Adel,Freelancer,40,Male,D,Land,CUST-14475
Ibrahim Ibrahim,Accountant,32,Female,C,Land,CUST-14476
Hassan Hassan,Freelancer,27,Female,B,Vehicle,CUST-14477
Sherif Amr,Teacher,64,Female,D,Land,CUST-14478
Mona Adel,Sales_Rep,42,Male,C,Land,CUST-14479
Khaled Mahmoud,Engineer,25,Male,C,Land,CUST-14480
Heba Ibrahim,Teacher,49,Male,C,,CUST-14481
Sherif Mansour,Technician,57,Male,A,Vehicle,CUST-14482
Mahmoud Reda,Freelancer,25,Male,A,,CUST-14483
Zaki Fawzy,Technician,54,Female,B,Land,CUST-14484
,Technician,60,Female,B,Land,CUST-14485
Hassan Mahmoud,Freelancer,28,Male,A,,CUST-14486
Mahmoud Mahmoud,Engineer,45,Male,A,,CUST-14487
Mohamed Amr,Sales_Rep,61,Female,B,Vehicle,CUST-14488
Hamdy Zaki,Teacher,40,Female,D,Land,CUST-14489
Bassem Fawzy,Accountant,48,Male,B,Land,CUST-14490
Salma Fawzy,Accountant,61,Male,A,,CUST-14491
Ahmed Amr,Doctor,24,Female,B,,CUST-14492
Mostafa Hassan,Teacher,27,Male,C,Vehicle,CUST-14493
Amira Abdel-Aziz,Doctor,65,Female,D,Vehicle,CUST-14494
,Doctor,47,Female,A,Vehicle,CUST-14495
Heba Adel,Doctor,63,Female,D,,CUST-14496
Hamdy Mansour,Accountant,43,Male,D,Land,CUST-14497
Karim Mahmoud,Accountant,37,Male,B,Vehicle,CUST-14498
Tarek El-Sayed,Freelancer,22,Female,D,,CUST-14499
,Technician,32,Female,B,Vehicle,CUST-14500
Bassem Mahmoud,Doctor,48,Male,C,,CUST-14501
Amira Amr,Engineer,64,Male,D,Land,CUST-14502
Bassem Kamel,Sales_Rep,21,Male,B,Land,CUST-14503
,Engineer,52,Male,C,Land,CUST-14504
Layla El-Sayed,Technician,29,Female,D,Vehicle,CUST-14505
Mohamed Amr,Teacher,38,Male,C,Land,CUST-14506
Heba Nabil,Sales_Rep,58,Male,C,Land,CUST-14507
Omar Hassan,Sales_Rep,33,Female,B,Land,CUST-14508
Tarek Saied,Doctor,55,Female,B,Vehicle,CUST-14509
Ahmed Ghanem,Teacher,56,Male,B,,CUST-14510
Hassan El-Sayed,Doctor,49,Female,A,Vehicle,CUST-14511
Fatma Mahmoud,Engineer,53,Female,B,,CUST-14512
Nabil Amr,Teacher,41,Female,A,,CUST-14513
Karim El-Sayed,Doctor,23,Male,C,Vehicle,CUST-14514
Sherif Ghanem,Engineer,51,Female,D,Vehicle,CUST-14515
Hamdy Ibrahim,Teacher,34,Male,B,,CUST-14516
Hamdy El-Sayed,Freelancer,44,Male,D,Land,CUST-14517
Salma Abdel-Aziz,Doctor,58,Male,C,Vehicle,CUST-14518
Khaled Amr,Freelancer,30,Male,D,Vehicle,CUST-14519
Wael Ghanem,Sales_Rep,22,Male,A,Vehicle,CUST-14520
Mona Kamel,Technician,22,Male,A,,CUST-14521
Hamdy Ibrahim,Doctor,64,Male,D,,CUST-14522
Hassan Kamel,Engineer,42,Female,C,Land,CUST-14523
Amira Saied,Accountant,23,Female,D,Land,CUST-14524
Heba Hamdy,Freelancer,44,Female,D,Vehicle,CUST-14525
Sara Nabil,Freelancer,63,Female,B,Vehicle,CUST-14526
Bassem Hamdy,Sales_Rep,28,Male,C,,CUST-14527
Fatma El-Sayed,Freelancer,56,Female,D,,CUST-14528
Sherif Fawzy,Doctor,35,Male,D,,CUST-14529
Hassan Reda,Sales_Rep,27,Male,A,Vehicle,CUST-14530
Khaled Amr,Engineer,24,Male,C,,CUST-14531
Hoda Adel,Accountant,30,Male,D,,CUST-14532
Wael Abdel-Aziz,Doctor,63,Female,C,,CUST-14533
Bassem Hamdy,Accountant,24,Male,A,Vehicle,CUST-14534
Zaki Hamdy,Sales_Rep,24,Female,A,,CUST-14535
Layla Mansour,Doctor,42,Male,A,Vehicle,CUST-14536
Fatma Kamel,Engineer,36,Female,B,,CUST-14537
Mahmoud Hassan,Accountant,64,Male,D,Vehicle,CUST-14538
Amira Amr,Sales_Rep,55,Male,D,Land,CUST-14539
Heba Hassan,Freelancer,58,Male,A,,CUST-14540
Omar Abdel-Aziz,Accountant,41,Female,D,,CUST-14541
Nabil Fawzy,Engineer,37,Female,D,,CUST-14542
Hassan Saied,Teacher,29,Female,B,,CUST-14543
Ahmed Adel,Accountant,64,Female,B,Vehicle,CUST-14544
Nabil Ghanem,Freelancer,30,Female,C,,CUST-14545
Hamdy Hassan,Freelancer,58,Female,B,Land,CUST-14546
Omar Amr,Engineer,52,Male,C,Vehicle,CUST-14547
Amira Kamel,Doctor,35,Female,A,Land,CUST-14548
Tarek Mahmoud,Technician,63,Male,A,Land,CUST-14549
Ibrahim Saied,Teacher,29,Male,A,Land,CUST-14550
Khaled Saied,Technician,21,Female,C,Vehicle,CUST-14551
Hamdy Adel,Engineer,27,Male,B,Land,CUST-14552
Hoda Fawzy,Sales_Rep,46,Female,C,Vehicle,CUST-14553
Zaki Hassan,Accountant,44,Female,A,,CUST-14554
Mohamed Kamel,Engineer,40,Female,D,Land,CUST-14555
Nabil Hamdy,Technician,59,Male,B,,CUST-14556
Mahmoud Saied,Technician,21,Female,D,Land,CUST-14557
Fatma Adel,Accountant,28,Female,D,Land,CUST-14558
Hoda Ibrahim,Teacher,64,Female,B,,CUST-14559
Hoda Amr,Doctor,38,Female,D,,CUST-14560
Khaled Hassan,Doctor,25,Male,C,Vehicle,CUST-14561
Ahmed Zaki,Sales_Rep,51,Female,C,,CUST-14562
,Technician,38,Male,A,Vehicle,CUST-14563
Nabil Reda,Teacher,30,Male,A,Land,CUST-14564
Salma Hamdy,Technician,36,Male,B,Land,CUST-14565
Nabil Zaki,Teacher,48,Male,C,Land,CUST-14566
Khaled Ibrahim,Engineer,52,Male,C,Land,CUST-14567
Ibrahim Adel,Engineer,46,Male,B,Land,CUST-14568
Hamdy Hamdy,Sales_Rep,45,Female,A,Vehicle,CUST-14569
Mostafa Abdel-Aziz,Accountant,28,Male,B,Land,CUST-14570
Ibrahim Kamel,Doctor,40,Male,C,Vehicle,CUST-14571
Hamdy Hamdy,Technician,38,Female,B,Land,CUST-14572
Heba Amr,Engineer,47,Male,B,,CUST-14573
Mahmoud Nabil,Technician,53,Male,D,,CUST-14574
Mona Ibrahim,Doctor,58,Female,B,,CUST-14575
Tarek Kamel,Teacher,40,Female,C,Land,CUST-14576
Heba Mahmoud,Freelancer,50,Male,C,Land,CUST-14577
Wael Adel,Doctor,44,Male,D,Land,CUST-14578
Khaled Adel,Freelancer,32,Female,C,Vehicle,CUST-14579
Khaled Mansour,Doctor,36,Female,A,Land,CUST-14580
Fatma Hamdy,Freelancer,46,Male,D,,CUST-14581
,Doctor,25,Male,D,,CUST-14582
Salma Mahmoud,Accountant,30,Female,C,,CUST-14583
Mostafa Ibrahim,Doctor,39,Female,B,,CUST-14584
Amira Adel,Teacher,34,Female,A,Land,CUST-14585
Sara Ibrahim,Accountant,50,Female,C,Land,CUST-14586
Mona Mahmoud,Engineer,24,Female,C,,CUST-14587
,Accountant,29,Female,D,Vehicle,CUST-14588
Sherif Mansour,Engineer,49,Male,A,Vehicle,CUST-14589
Layla El-Sayed,Accountant,52,Female,A,Land,CUST-14590
Salma Abdel-Aziz,Accountant,49,Female,B,,CUST-14591
Fatma Kamel,Teacher,65,Male,A,Land,CUST-14592
Fatma Hassan,Teacher,55,Female,C,Vehicle,CUST-14593
Omar Reda,Freelancer,48,Male,C,Vehicle,CUST-14594
Hoda Fawzy,Accountant,43,Male,C,Land,CUST-14595
Khaled Reda,Engineer,49,Male,D,Vehicle,CUST-14596
Ahmed Hassan,Accountant,50,Female,A,Vehicle,CUST-14597
Salma Hassan,Freelancer,56,Male,D,Vehicle,CUST-14598
Ahmed Ibrahim,Doctor,31,Female,D,,CUST-14599
Wael Kamel,Teacher,63,Female,B,,CUST-14600
Mahmoud Saied,Engineer,54,Female,B,Land,CUST-14601
,Doctor,60,Female,B,Land,CUST-14602
Tarek Ghanem,Doctor,60,Male,B,Land,CUST-14603
Wael Nabil,Engineer,22,Female,A,Vehicle,CUST-14604
Bassem Kamel,Teacher,24,Female,A,,CUST-14605
Heba Adel,Doctor,26,Female,A,Land,CUST-14606
Amira Ibrahim,Teacher,30,Female,C,Vehicle,CUST-14607
Amira Mansour,Doctor,59,Male,B,Vehicle,CUST-14608
Hoda Ibrahim,Engineer,54,Male,D,Vehicle,CUST-14609
Omar Nabil,Engineer,21,Male,A,,CUST-14610
Nabil Hassan,Technician,29,Female,D,Land,CUST-14611
Salma Reda,Technician,22,Female,D,,CUST-14612
Mohamed Fawzy,Sales_Rep,47,Male,B,Vehicle,CUST-14613
Nabil Zaki,Accountant,21,Female,D,Land,CUST-14614
Fatma Abdel-Aziz,Sales_Rep,38,Female,D,,CUST-14615
Ahmed Hassan,Teacher,52,Male,A,Vehicle,CUST-14616
Ibrahim Hamdy,Doctor,46,Female,D,,CUST-14617
Sherif Saied,Doctor,34,Male,B,Land,CUST-14618
Omar Saied,Freelancer,24,Female,A,,CUST-14619
Mahmoud El-Sayed,Teacher,49,Female,A,Vehicle,CUST-14620
Fatma Saied,Doctor,62,Male,D,Vehicle,CUST-14621
Mostafa Ibrahim,Teacher,35,Female,D,Vehicle,CUST-14622
Ibrahim Amr,Freelancer,46,Female,C,Vehicle,CUST-14623
Hamdy Ghanem,Sales_Rep,39,Female,D,Vehicle,CUST-14624
Layla Fawzy,Sales_Rep,42,Male,C,Vehicle,CUST-14625
Mostafa El-Sayed,Teacher,48,Female,C,,CUST-14626
,Doctor,41,Male,B,,CUST-14627
Ibrahim Kamel,Doctor,22,Male,C,Land,CUST-14628
Sherif Abdel-Aziz,Freelancer,26,Female,C,Vehicle,CUST-14629
Amira Amr,Teacher,53,Male,A,Vehicle,CUST-14630
Hamdy Fawzy,Doctor,60,Male,D,,CUST-14631
Nabil Ibrahim,Technician,35,Female,B,Land,CUST-14632
Ahmed Zaki,Freelancer,32,Female,A,Vehicle,CUST-14633
Layla Mansour,Teacher,37,Female,D,Land,CUST-14634
Mohamed Amr,Engineer,46,Male,C,Land,CUST-14635
Mahmoud Hassan,Doctor,63,Female,C,Vehicle,CUST-14636
Khaled Reda,Engineer,44,Female,D,,CUST-14637
Mona Abdel-Aziz,Engineer,41,Male,D,Land,CUST-14638
Karim Ibrahim,Technician,63,Female,C,Land,CUST-14639
Amira Saied,Technician,30,Male,B,,CUST-14640
Layla Reda,Accountant,28,Male,C,,CUST-14641
Bassem Mahmoud,Teacher,53,Female,B,Vehicle,CUST-14642
Mona Kamel,Doctor,47,Female,B,Land,CUST-14643
Hamdy Fawzy,Accountant,37,Male,B,Vehicle,CUST-14644
Ahmed Mansour,Freelancer,37,Male,D,Land,CUST-14645
Omar Mansour,Sales_Rep,46,Female,D,Land,CUST-14646
Tarek Nabil,Teacher,42,Male,D,Land,CUST-14647
Mostafa Kamel,Doctor,23,Female,C,,CUST-14648
Karim Mahmoud,Teacher,59,Male,D,Vehicle,CUST-14649
Mostafa Amr,Sales_Rep,64,Male,A,Land,CUST-14650
Tarek Amr,Doctor,59,Female,B,Land,CUST-14651
Sherif Adel,Engineer,63,Male,B,Land,CUST-14652
Dina Saied,Technician,44,Male,D,Land,CUST-14653
Khaled Reda,Doctor,38,Male,A,Land,CUST-14654
Mohamed Saied,Freelancer,37,Female,A,,CUST-14655
Dina Mansour,Doctor,40,Male,A,Land,CUST-14656
Hoda Ghanem,Teacher,32,Male,D,,CUST-14657
Amira Nabil,Accountant,30,Female,D,Vehicle,CUST-14658
Amira Reda,Sales_Rep,47,Male,D,Land,CUST-14659
Nabil Reda,Doctor,41,Male,B,Land,CUST-14660
Layla Mahmoud,Engineer,41,Female,D,Land,CUST-14661
Dina Adel,Doctor,32,Female,D,Vehicle,CUST-14662
Wael Abdel-Aziz,Teacher,33,Female,D,Vehicle,CUST-14663
Mostafa Zaki,Accountant,57,Male,B,Land,CUST-14664
Dina Hassan,Engineer,38,Female,A,Land,CUST-14665
Mahmoud Nabil,Freelancer,23,Female,D,Land,CUST-14666
Dina Kamel,Doctor,35,Male,D,Land,CUST-14667
Khaled Adel,Freelancer,64,Female,A,,CUST-14668
Tarek Abdel-Aziz,Teacher,37,Female,A,Vehicle,CUST-14669
Omar Amr,Technician,45,Male,D,Vehicle,CUST-14670
Layla Abdel-Aziz,Accountant,28,Male,C,Land,CUST-14671
,Technician,35,Female,B,Vehicle,CUST-14672
Amira El-Sayed,Teacher,34,Female,B,,CUST-14673
Mostafa Mahmoud,Accountant,62,Male,A,Vehicle,CUST-14674
Salma Adel,Teacher,63,Male,B,,CUST-14675
Dina Saied,Freelancer,44,Male,B,Land,CUST-14676
Hamdy Ibrahim,Teacher,43,Female,C,Land,CUST-14677
Amira Saied,Freelancer,47,Female,B,Land,CUST-14678
Fatma Amr,Doctor,26,Male,B,Land,CUST-14679
Dina Reda,Sales_Rep,31,Male,A,Land,CUST-14680
Wael Hassan,Sales_Rep,21,Male,D,Land,CUST-14681
Fatma Adel,Teacher,62,Male,D,,CUST-14682
Mohamed Abdel-Aziz,Engineer,27,Male,C,,CUST-14683
Mostafa El-Sayed,Doctor,63,Male,A,,CUST-14684
Nabil Hassan,Technician,65,Male,C,,CUST-14685
Dina Hamdy,Technician,51,Male,D,Vehicle,CUST-14686
Sara Hamdy,Doctor,61,Female,C,Land,CUST-14687
Hoda Abdel-Aziz,Doctor,28,Male,D,Vehicle,CUST-14688
Hoda Adel,Doctor,30,Female,C,Vehicle,CUST-14689
Mostafa Kamel,Technician,47,Female,D,,CUST-14690
Ahmed Hassan,Accountant,23,Male,C,,CUST-14691
Khaled Ghanem,Teacher,49,Male,D,Vehicle,CUST-14692
Mona Mansour,Accountant,64,Male,B,Vehicle,CUST-14693
Nabil Hamdy,Freelancer,44,Female,A,Land,CUST-14694
Layla Ibrahim,Doctor,55,Male,B,Land,CUST-14695
Mona Amr,Doctor,41,Female,C,Vehicle,CUST-14696
Karim Nabil,Sales_Rep,36,Male,D,Vehicle,CUST-14697
Layla Abdel-Aziz,Accountant,54,Male,A,Vehicle,CUST-14698
Ahmed Mahmoud,Technician,62,Female,C,,CUST-14699
Karim Mahmoud,Accountant,27,Female,D,,CUST-14700
Mohamed Kamel,Accountant,47,Male,A,Land,CUST-14701
Mahmoud Saied,Engineer,61,Female,A,Vehicle,CUST-14702
Zaki Mansour,Doctor,46,Female,C,Vehicle,CUST-14703
Tarek Reda,Doctor,61,Male,D,Land,CUST-14704
Zaki Amr,Engineer,56,Female,A,Land,CUST-14705
Layla Ghanem,Engineer,59,Male,A,,CUST-14706
Wael Adel,Engineer,45,Female,D,Land,CUST-14707
Ahmed Mahmoud,Technician,25,Female,C,Vehicle,CUST-14708
Fatma Abdel-Aziz,Teacher,37,Male,D,Vehicle,CUST-14709
,Engineer,25,Female,B,Land,CUST-14710
Ahmed Ghanem,Teacher,65,Female,D,Land,CUST-14711
Mona Reda,Doctor,45,Male,C,Land,CUST-14712
Dina Hassan,Technician,53,Male,B,Vehicle,CUST-14713
Omar Nabil,Doctor,21,Male,D,Vehicle,CUST-14714
Hassan Nabil,Freelancer,45,Male,A,Vehicle,CUST-14715
Khaled El-Sayed,Sales_Rep,56,Male,A,Vehicle,CUST-14716
Mostafa Nabil,Freelancer,29,Male,C,Vehicle,CUST-14717
Omar Saied,Teacher,21,Male,C,,CUST-14718
Mona Saied,Sales_Rep,48,Male,C,,CUST-14719
Hassan Hamdy,Sales_Rep,56,Male,A,,CUST-14720
Layla Saied,Engineer,45,Female,C,,CUST-14721
Ibrahim Hassan,Engineer,36,Female,A,Vehicle,CUST-14722
Khaled Mansour,Sales_Rep,24,Male,A,Land,CUST-14723
Mona Mahmoud,Teacher,49,Female,C,,CUST-14724
Karim Ibrahim,Freelancer,26,Male,A,Land,CUST-14725
,Technician,40,Male,A,,CUST-14726
Amira Nabil,Sales_Rep,48,Female,A,Vehicle,CUST-14727
Sara Mahmoud,Accountant,64,Female,D,Land,CUST-14728
,Freelancer,53,Male,C,Vehicle,CUST-14729
,Sales_Rep,45,Male,C,,CUST-14730
Bassem Saied,Engineer,56,Female,B,,CUST-14731
Layla Ibrahim,Technician,59,Male,D,Vehicle,CUST-14732
Mona Amr,Teacher,43,Male,B,,CUST-14733
Hassan Ibrahim,Accountant,38,Male,D,Vehicle,CUST-14734
Layla Amr,Teacher,22,Female,B,Vehicle,CUST-14735
Tarek Nabil,Doctor,52,Male,C,Land,CUST-14736
Dina Adel,Freelancer,36,Male,A,,CUST-14737
Salma Mansour,Accountant,22,Male,A,,CUST-14738
Nabil Fawzy,Teacher,41,Female,B,Vehicle,CUST-14739
Nabil Zaki,Freelancer,48,Male,C,Land,CUST-14740
Nabil Amr,Doctor,22,Female,D,Land,CUST-14741
Heba Hassan,Freelancer,23,Female,C,Land,CUST-14742
Hamdy Nabil,Freelancer,64,Female,A,Land,CUST-14743
Layla Fawzy,Freelancer,65,Female,A,,CUST-14744
Layla Saied,Accountant,38,Female,B,Vehicle,CUST-14745
Omar Zaki,Technician,46,Male,B,,CUST-14746
Khaled Zaki,Accountant,43,Female,C,Vehicle,CUST-14747
Mohamed Nabil,Sales_Rep,61,Male,A,Vehicle,CUST-14748
Mostafa Hassan,Doctor,36,Male,B,Land,CUST-14749
Mona Kamel,Freelancer,64,Male,D,,CUST-14750
Sara Adel,Doctor,43,Male,B,Land,CUST-14751
Dina Reda,Engineer,32,Female,D,Land,CUST-14752
Ahmed Ibrahim,Teacher,33,Male,C,Vehicle,CUST-14753
Fatma Zaki,Doctor,32,Female,D,,CUST-14754
Mohamed Reda,Accountant,46,Male,B,Land,CUST-14755
Omar Amr,Accountant,34,Female,A,Land,CUST-14756
Omar Mansour,Teacher,34,Female,C,Land,CUST-14757
Layla Abdel-Aziz,Technician,35,Female,B,Land,CUST-14758
Nabil Saied,Sales_Rep,62,Male,D,Land,CUST-14759
Heba Adel,Teacher,31,Male,C,,CUST-14760
Tarek Zaki,Doctor,58,Female,B,Land,CUST-14761
Mohamed Abdel-Aziz,Engineer,58,Female,A,,CUST-14762
Nabil Reda,Engineer,41,Female,A,Land,CUST-14763
,Sales_Rep,43,Male,D,Vehicle,CUST-14764
Tarek Ghanem,Teacher,37,Male,A,Vehicle,CUST-14765
Amira Mahmoud,Doctor,24,Female,A,,CUST-14766
Mostafa El-Sayed,Sales_Rep,51,Female,D,Vehicle,CUST-14767
Amira Ghanem,Engineer,27,Female,C,Vehicle,CUST-14768
Nabil Mahmoud,Doctor,46,Male,C,Land,CUST-14769
Hassan Hassan,Accountant,42,Male,C,Vehicle,CUST-14770
Mohamed Mansour,Sales_Rep,21,Female,D,,CUST-14771
Heba Mahmoud,Teacher,37,Female,D,,CUST-14772
Tarek Saied,Freelancer,50,Male,B,Land,CUST-14773
Mona Kamel,Technician,35,Female,D,Land,CUST-14774
Sherif Hamdy,Accountant,39,Female,D,,CUST-14775
Zaki Abdel-Aziz,Freelancer,22,Male,B,Land,CUST-14776
Sherif Amr,Accountant,32,Male,A,Land,CUST-14777
Sherif Mahmoud,Technician,38,Male,A,Land,CUST-14778
Sara Hassan,Engineer,54,Male,A,Land,CUST-14779
Nabil Kamel,Sales_Rep,36,Female,D,,CUST-14780
Mahmoud Fawzy,Engineer,50,Male,A,Vehicle,CUST-14781
Khaled Hassan,Accountant,37,Male,A,,CUST-14782
,Teacher,62,Male,A,,CUST-14783
Hassan El-Sayed,Sales_Rep,41,Male,B,,CUST-14784
Fatma Reda,Teacher,23,Female,D,,CUST-14785
Dina Nabil,Freelancer,22,Female,D,Land,CUST-14786
Hamdy Kamel,Technician,28,Male,A,,CUST-14787
Tarek Adel,Doctor,48,Female,C,Vehicle,CUST-14788
,Engineer,62,Male,C,Land,CUST-14789
Karim Mansour,Sales_Rep,44,Female,A,Land,CUST-14790
Bassem Kamel,Engineer,35,Male,D,Vehicle,CUST-14791
Khaled Mahmoud,Technician,47,Male,C,Vehicle,CUST-14792
Nabil Nabil,Sales_Rep,22,Female,D,Land,CUST-14793
Wael Saied,Engineer,59,Male,B,,CUST-14794
Mona Hassan,Sales_Rep,44,Male,D,Vehicle,CUST-14795
Omar Hamdy,Teacher,61,Male,D,Land,CUST-14796
Layla Mansour,Accountant,55,Female,D,Land,CUST-14797
Mostafa Fawzy,Accountant,41,Male,A,Vehicle,CUST-14798
Mahmoud Ghanem,Teacher,36,Male,D,Vehicle,CUST-14799
Fatma Kamel,Teacher,45,Male,B,Land,CUST-14800
Ibrahim Mahmoud,Technician,60,Male,B,,CUST-14801
Fatma Saied,Doctor,40,Female,A,Land,CUST-14802
Ibrahim Abdel-Aziz,Freelancer,40,Male,D,,CUST-14803
Fatma Fawzy,Technician,61,Female,D,Vehicle,CUST-14804
Mostafa Reda,Sales_Rep,57,Female,B,Land,CUST-14805
Tarek Zaki,Freelancer,35,Male,D,Land,CUST-14806
Dina El-Sayed,Freelancer,54,Male,D,Vehicle,CUST-14807
Hassan Ibrahim,Freelancer,40,Male,A,,CUST-14808
Karim El-Sayed,Freelancer,47,Male,B,Vehicle,CUST-14809
Heba Ibrahim,Technician,45,Male,A,,CUST-14810
Layla Hamdy,Teacher,53,Male,D,Vehicle,CUST-14811
Zaki Adel,Accountant,52,Male,B,,CUST-14812
Khaled Mahmoud,Sales_Rep,25,Female,C,Vehicle,CUST-14813
Hassan Amr,Sales_Rep,59,Male,C,Land,CUST-14814
Sherif Fawzy,Sales_Rep,45,Female,B,,CUST-14815
Karim Zaki,Teacher,39,Male,D,,CUST-14816
Hassan Mahmoud,Technician,45,Male,A,Vehicle,CUST-14817
Mohamed Hassan,Doctor,53,Female,A,Vehicle,CUST-14818
Khaled Hassan,Technician,61,Female,D,Land,CUST-14819
Salma Abdel-Aziz,Freelancer,49,Male,D,Vehicle,CUST-14820
Mostafa Hassan,Freelancer,26,Female,D,,CUST-14821
Salma Adel,Accountant,26,Male,C,Vehicle,CUST-14822
Zaki Reda,Accountant,28,Female,A,Land,CUST-14823
Bassem Saied,Technician,48,Male,C,,CUST-14824
Karim Hassan,Engineer,37,Female,D,,CUST-14825
Wael Nabil,Engineer,41,Male,A,Land,CUST-14826
Ibrahim Zaki,Sales_Rep,39,Male,A,Vehicle,CUST-14827
Fatma Mahmoud,Technician,55,Male,D,Vehicle,CUST-14828
Sherif Hassan,Doctor,59,Female,D,Vehicle,CUST-14829
Ibrahim Amr,Technician,54,Female,D,,CUST-14830
Salma Adel,Teacher,45,Female,B,Land,CUST-14831
Nabil Fawzy,Freelancer,64,Female,B,Land,CUST-14832
Amira Abdel-Aziz,Accountant,41,Female,C,Land,CUST-14833
Hamdy Hamdy,Technician,50,Female,D,Vehicle,CUST-14834
Mostafa El-Sayed,Teacher,40,Female,C,Vehicle,CUST-14835
Tarek Amr,Engineer,55,Female,C,Land,CUST-14836
Omar Zaki,Freelancer,57,Female,C,Vehicle,CUST-14837
Sara Adel,Engineer,51,Female,C,Land,CUST-14838
Hamdy El-Sayed,Accountant,44,Female,D,,CUST-14839
Bassem Kamel,Engineer,56,Male,C,Land,CUST-14840
Ibrahim Reda,Sales_Rep,56,Female,C,Land,CUST-14841
Sara Kamel,Freelancer,35,Male,C,Vehicle,CUST-14842
Mohamed Fawzy,Sales_Rep,25,Female,D,,CUST-14843
Ahmed Kamel,Doctor,28,Female,B,,CUST-14844
Mostafa Amr,Teacher,29,Female,A,Vehicle,CUST-14845
Ibrahim Zaki,Engineer,27,Male,B,Vehicle,CUST-14846
Karim Ghanem,Engineer,31,Male,C,Vehicle,CUST-14847
Khaled Saied,Sales_Rep,43,Male,B,Vehicle,CUST-14848
Nabil Hassan,Sales_Rep,55,Female,A,Vehicle,CUST-14849
Hamdy Ghanem,Accountant,33,Female,C,Land,CUST-14850
Hassan Zaki,Technician,35,Male,A,Vehicle,CUST-14851
Wael Fawzy,Technician,56,Female,B,,CUST-14852
Dina Ghanem,Engineer,48,Female,C,Vehicle,CUST-14853
Dina El-Sayed,Freelancer,25,Male,A,Land,CUST-14854
Hoda Ghanem,Technician,62,Female,B,,CUST-14855
Khaled Reda,Sales_Rep,31,Male,C,Land,CUST-14856
Layla Mahmoud,Technician,61,Male,A,,CUST-14857
Mona Hassan,Technician,27,Male,A,Land,CUST-14858
Hoda Abdel-Aziz,Technician,37,Female,D,,CUST-14859
Sherif Zaki,Freelancer,24,Female,D,Vehicle,CUST-14860
Karim Hassan,Doctor,52,Male,C,Vehicle,CUST-14861
Mahmoud Mansour,Doctor,24,Male,C,,CUST-14862
,Accountant,60,Male,A,Land,CUST-14863
Bassem Hassan,Teacher,40,Female,A,Vehicle,CUST-14864
Omar Abdel-Aziz,Technician,55,Female,C,Land,CUST-14865
Mostafa Hassan,Teacher,29,Male,A,Vehicle,CUST-14866
Mohamed Ibrahim,Teacher,26,Male,A,,CUST-14867
Heba Mansour,Accountant,53,Male,C,Land,CUST-14868
Ibrahim Zaki,Sales_Rep,45,Female,D,Land,CUST-14869
Amira Nabil,Freelancer,21,Female,A,,CUST-14870
Wael Fawzy,Accountant,22,Male,B,Vehicle,CUST-14871
Mahmoud Abdel-Aziz,Teacher,45,Male,C,,CUST-14872
Salma Zaki,Doctor,41,Female,D,Vehicle,CUST-14873
Salma Fawzy,Doctor,30,Male,D,Land,CUST-14874
Hassan Saied,Sales_Rep,47,Male,B,Land,CUST-14875
Zaki Saied,Engineer,58,Male,A,Vehicle,CUST-14876
Hamdy El-Sayed,Accountant,30,Male,B,Land,CUST-14877
Tarek Mahmoud,Teacher,40,Male,A,Vehicle,CUST-14878
Ahmed Hassan,Accountant,63,Female,A,,CUST-14879
Salma Adel,Freelancer,31,Female,B,Vehicle,CUST-14880
Mohamed Hassan,Freelancer,30,Male,A,Vehicle,CUST-14881
Karim Reda,Accountant,35,Female,B,Land,CUST-14882
Hamdy Adel,Technician,35,Male,B,,CUST-14883
Karim Saied,Engineer,54,Female,D,,CUST-14884
Sherif El-Sayed,Technician,57,Male,C,Land,CUST-14885
Mona Adel,Freelancer,49,Female,D,Vehicle,CUST-14886
Zaki Hassan,Freelancer,58,Female,A,Land,CUST-14887
Hassan Abdel-Aziz,Accountant,45,Male,C,,CUST-14888
,Sales_Rep,29,Female,D,Vehicle,CUST-14889
Hoda Kamel,Engineer,59,Male,B,Vehicle,CUST-14890
Wael Ghanem,Doctor,25,Male,D,Vehicle,CUST-14891
Hoda Fawzy,Doctor,53,Female,A,Land,CUST-14892
Mostafa Zaki,Engineer,40,Male,B,Land,CUST-14893
Bassem Hamdy,Teacher,58,Male,D,Vehicle,CUST-14894
Sherif Fawzy,Engineer,63,Male,C,Vehicle,CUST-14895
Salma Ghanem,Technician,41,Female,B,Land,CUST-14896
Fatma Mansour,Freelancer,43,Male,C,Vehicle,CUST-14897
Sara Saied,Engineer,42,Male,A,,CUST-14898
Mohamed Mansour,Teacher,48,Male,A,,CUST-14899
Bassem Abdel-Aziz,Freelancer,29,Female,C,Vehicle,CUST-14900
Fatma Ghanem,Doctor,42,Male,C,Land,CUST-14901
Wael Ghanem,Freelancer,65,Male,B,Land,CUST-14902
Ahmed Ibrahim,Sales_Rep,32,Male,D,Vehicle,CUST-14903
Mostafa Ghanem,Teacher,43,Female,A,Land,CUST-14904
Dina Amr,Accountant,23,Male,B,,CUST-14905
Mona El-Sayed,Accountant,57,Male,C,Land,CUST-14906
Khaled Abdel-Aziz,Teacher,24,Female,B,Vehicle,CUST-14907
Nabil Kamel,Sales_Rep,22,Female,B,Land,CUST-14908
Mahmoud Kamel,Accountant,31,Female,C,Vehicle,CUST-14909
Layla Reda,Accountant,22,Female,D,Vehicle,CUST-14910
Mohamed Amr,Doctor,24,Female,B,Land,CUST-14911
Layla El-Sayed,Teacher,62,Female,A,Vehicle,CUST-14912
Heba Nabil,Engineer,33,Female,A,Vehicle,CUST-14913
Sara Adel,Sales_Rep,47,Female,A,Land,CUST-14914
Sherif Reda,Freelancer,43,Male,A,Land,CUST-14915
Layla Fawzy,Sales_Rep,52,Female,A,Vehicle,CUST-14916
Wael El-Sayed,Technician,62,Female,C,,CUST-14917
Zaki Ibrahim,Sales_Rep,28,Male,D,,CUST-14918
Khaled Ibrahim,Teacher,52,Female,B,,CUST-14919
Omar Nabil,Sales_Rep,27,Male,B,,CUST-14920
Omar Hassan,Doctor,58,Female,C,Vehicle,CUST-14921
Heba Kamel,Sales_Rep,53,Female,C,Vehicle,CUST-14922
Dina Hassan,Engineer,65,Male,C,Vehicle,CUST-14923
Sherif Mahmoud,Engineer,28,Male,C,Land,CUST-14924
Mostafa Mahmoud,Doctor,59,Male,A,,CUST-14925
Sara Reda,Accountant,61,Female,D,Land,CUST-14926
Ibrahim Amr,Freelancer,49,Male,A,,CUST-14927
Hamdy Ghanem,Sales_Rep,58,Female,D,Vehicle,CUST-14928
,Doctor,58,Male,A,,CUST-14929
Ibrahim Saied,Accountant,39,Female,B,Land,CUST-14930
Mohamed Mahmoud,Doctor,38,Male,B,,CUST-14931
Dina Saied,Doctor,29,Female,D,Vehicle,CUST-14932
Zaki Mahmoud,Engineer,41,Female,C,Land,CUST-14933
Bassem Mansour,Engineer,24,Female,C,Vehicle,CUST-14934
Wael Amr,Doctor,45,Male,A,,CUST-14935
Bassem Ibrahim,Freelancer,37,Female,D,Land,CUST-14936
Omar Amr,Technician,39,Female,B,Land,CUST-14937
Wael Ghanem,Sales_Rep,48,Male,B,Land,CUST-14938
Sherif Amr,Technician,38,Male,A,,CUST-14939
Hamdy El-Sayed,Teacher,47,Male,D,,CUST-14940
Ibrahim Fawzy,Accountant,23,Female,B,Land,CUST-14941
Hamdy Ghanem,Teacher,57,Female,A,Land,CUST-14942
Amira El-Sayed,Freelancer,28,Female,B,,CUST-14943
Heba El-Sayed,Accountant,26,Male,C,Vehicle,CUST-14944
Fatma Ghanem,Doctor,53,Female,A,,CUST-14945
Ibrahim Amr,Accountant,23,Female,A,Vehicle,CUST-14946
Mohamed Amr,Sales_Rep,47,Male,B,Land,CUST-14947
Mohamed Mansour,Technician,22,Female,A,Vehicle,CUST-14948
Omar Mansour,Accountant,64,Female,C,,CUST-14949
Bassem Hamdy,Teacher,42,Male,A,,CUST-14950
Omar El-Sayed,Accountant,49,Female,B,,CUST-14951
Amira Nabil,Doctor,55,Female,C,Vehicle,CUST-14952
Ibrahim Kamel,Sales_Rep,49,Female,D,,CUST-14953
Hoda Ghanem,Doctor,48,Female,C,Vehicle,CUST-14954
Omar Amr,Technician,28,Female,D,,CUST-14955
Sara Saied,Freelancer,62,Male,D,Vehicle,CUST-14956
Sara Ghanem,Engineer,38,Male,A,,CUST-14957
Dina Abdel-Aziz,Doctor,42,Male,A,Land,CUST-14958
Mostafa Reda,Technician,50,Female,A,Land,CUST-14959
Ahmed Adel,Technician,40,Female,C,Land,CUST-14960
Karim Kamel,Freelancer,52,Female,D,Vehicle,CUST-14961
Bassem El-Sayed,Doctor,50,Male,B,,CUST-14962
Ibrahim El-Sayed,Sales_Rep,35,Female,C,Vehicle,CUST-14963
Mohamed Reda,Engineer,59,Female,C,,CUST-14964
Bassem Abdel-Aziz,Technician,56,Male,C,Vehicle,CUST-14965
Mahmoud Adel,Technician,29,Female,A,Vehicle,CUST-14966
Zaki El-Sayed,Freelancer,30,Female,B,Vehicle,CUST-14967
Sherif Kamel,Sales_Rep,22,Female,B,Land,CUST-14968
Dina Hamdy,Engineer,42,Female,B,,CUST-14969
Mahmoud Adel,Accountant,21,Male,B,Vehicle,CUST-14970
Hoda Saied,Freelancer,23,Male,B,,CUST-14971
Hassan Hassan,Accountant,34,Male,B,Land,CUST-14972
Bassem Amr,Freelancer,55,Female,A,Land,CUST-14973
Mahmoud Ghanem,Freelancer,61,Female,B,Land,CUST-14974
Fatma Fawzy,Accountant,28,Female,C,Vehicle,CUST-14975
Mohamed Hamdy,Sales_Rep,51,Male,B,Land,CUST-14976
Hamdy Mansour,Teacher,64,Male,D,,CUST-14977
Mostafa Ibrahim,Technician,25,Female,D,Vehicle,CUST-14978
Tarek Hassan,Accountant,33,Male,B,,CUST-14979
Mahmoud Amr,Sales_Rep,45,Female,A,Vehicle,CUST-14980
Hoda Fawzy,Accountant,48,Female,A,Vehicle,CUST-14981
Salma Saied,Freelancer,62,Female,C,Vehicle,CUST-14982
Dina Hamdy,Doctor,39,Male,D,Vehicle,CUST-14983
Hoda Hamdy,Accountant,30,Female,B,,CUST-14984
Hamdy Kamel,Freelancer,41,Female,A,Vehicle,CUST-14985
Sherif El-Sayed,Engineer,38,Male,B,Land,CUST-14986
Wael Amr,Teacher,55,Female,C,,CUST-14987
Hamdy Ghanem,Doctor,52,Male,C,Land,CUST-14988
Karim Reda,Technician,42,Male,C,Vehicle,CUST-14989
,Technician,49,Female,A,,CUST-14990
Bassem Abdel-Aziz,Technician,47,Male,D,Land,CUST-14991
Bassem Kamel,Accountant,32,Male,A,,CUST-14992
Bassem Hassan,Freelancer,65,Male,A,,CUST-14993
Mostafa Kamel,Freelancer,58,Male,A,Land,CUST-14994
Karim Ibrahim,Doctor,63,Female,A,Land,CUST-14995
Zaki Zaki,Freelancer,58,Male,C,Land,CUST-14996
Karim Ibrahim,Technician,40,Male,C,,CUST-14997
Wael Hamdy,Accountant,23,Female,A,,CUST-14998
Tarek Nabil,Sales_Rep,27,Male,D,,CUST-14999
Mona Mansour,Freelancer,42,Female,A,Vehicle,CUST-15000
Ahmed Reda,Freelancer,54,Male,A,Land,CUST-15001
Sherif Nabil,Engineer,47,Female,C,,CUST-15002
Ahmed Ghanem,Accountant,64,Male,D,Vehicle,CUST-15003
Fatma Fawzy,Freelancer,65,Female,C,Vehicle,CUST-15004
Sara Kamel,Accountant,53,Male,C,Land,CUST-15005
Mohamed Nabil,Engineer,46,Female,B,,CUST-15006
Amira Hamdy,Technician,44,Female,D,,CUST-15007
Mostafa Nabil,Accountant,37,Male,B,Vehicle,CUST-15008
Karim Ghanem,Teacher,60,Male,C,,CUST-15009
Mostafa Abdel-Aziz,Technician,60,Male,D,Land,CUST-15010
Ahmed Saied,Freelancer,21,Male,D,Land,CUST-15011
Amira Ghanem,Doctor,37,Female,B,Vehicle,CUST-15012
Layla Mahmoud,Technician,34,Female,C,Land,CUST-15013
Bassem Saied,Freelancer,48,Male,D,,CUST-15014
Bassem Mahmoud,Engineer,42,Female,C,Vehicle,CUST-15015
Mahmoud Adel,Teacher,43,Male,B,,CUST-15016
Khaled Hassan,Technician,45,Male,B,Land,CUST-15017
Zaki Reda,Sales_Rep,34,Male,A,,CUST-15018
Wael Kamel,Teacher,42,Male,B,Vehicle,CUST-15019
Bassem Hassan,Accountant,61,Male,A,Vehicle,CUST-15020
Bassem Adel,Engineer,50,Female,A,,CUST-15021
Wael Zaki,Doctor,37,Female,C,,CUST-15022
Tarek Hamdy,Freelancer,42,Female,C,Land,CUST-15023
Heba Fawzy,Technician,53,Female,D,Vehicle,CUST-15024
Mahmoud Fawzy,Accountant,60,Male,D,,CUST-15025
Khaled Mansour,Doctor,27,Female,B,,CUST-15026
Bassem Fawzy,Technician,29,Female,D,,CUST-15027
Mona Nabil,Technician,23,Female,B,Vehicle,CUST-15028
Dina Hassan,Engineer,31,Female,C,,CUST-15029
Omar El-Sayed,Sales_Rep,27,Male,D,,CUST-15030
Tarek Amr,Freelancer,51,Female,D,Land,CUST-15031
Khaled Nabil,Technician,23,Male,A,Land,CUST-15032
,Teacher,58,Male,B,Vehicle,CUST-15033
Omar Abdel-Aziz,Sales_Rep,47,Male,A,Land,CUST-15034
Hoda Mahmoud,Teacher,65,Female,A,,CUST-15035
Khaled Saied,Freelancer,49,Male,D,,CUST-15036
Mahmoud Fawzy,Engineer,33,Female,C,Vehicle,CUST-15037
Salma Abdel-Aziz,Teacher,21,Female,D,Vehicle,CUST-15038
Ahmed Ibrahim,Teacher,26,Male,C,Land,CUST-15039
Fatma Mansour,Teacher,44,Male,D,Land,CUST-15040
Heba Amr,Engineer,46,Female,C,,CUST-15041
Sara El-Sayed,Engineer,42,Male,D,Land,CUST-15042
Dina Ghanem,Teacher,31,Female,B,,CUST-15043
Mohamed Adel,Teacher,61,Male,C,Vehicle,CUST-15044
Ibrahim El-Sayed,Doctor,30,Male,C,,CUST-15045
Layla Adel,Freelancer,63,Female,B,,CUST-15046
Dina Ghanem,Teacher,44,Female,B,,CUST-15047
Mona Ghanem,Teacher,50,Female,D,Land,CUST-15048
Mahmoud Mahmoud,Teacher,39,Male,B,Vehicle,CUST-15049
Fatma Hassan,Sales_Rep,40,Male,A,,CUST-15050
Mona Abdel-Aziz,Engineer,42,Female,A,Land,CUST-15051
Dina Kamel,Sales_Rep,55,Female,C,,CUST-15052
Mona Nabil,Doctor,41,Female,B,Vehicle,CUST-15053
Heba Nabil,Freelancer,48,Male,B,Vehicle,CUST-15054
Karim El-Sayed,Sales_Rep,59,Male,A,Vehicle,CUST-15055
Mona Amr,Technician,44,Female,D,Vehicle,CUST-15056
Tarek Amr,Engineer,35,Female,A,,CUST-15057
Zaki Nabil,Accountant,44,Female,C,Land,CUST-15058
Hoda Mansour,Freelancer,59,Female,D,Land,CUST-15059
Layla Kamel,Engineer,65,Male,D,Land,CUST-15060
Wael Nabil,Technician,53,Male,D,Vehicle,CUST-15061
Hoda El-Sayed,Accountant,59,Female,A,,CUST-15062
Bassem Nabil,Technician,56,Female,B,Land,CUST-15063
Hassan Kamel,Sales_Rep,28,Female,D,,CUST-15064
Hoda Ibrahim,Technician,35,Male,D,Vehicle,CUST-15065
Heba Zaki,Technician,30,Female,A,,CUST-15066
Zaki Amr,Doctor,49,Female,B,Vehicle,CUST-15067
Ahmed Ghanem,Doctor,39,Male,C,Vehicle,CUST-15068
Khaled Fawzy,Freelancer,31,Female,C,Land,CUST-15069
,Accountant,41,Female,C,Vehicle,CUST-15070
Hamdy Nabil,Sales_Rep,22,Female,D,Land,CUST-15071
Khaled Kamel,Doctor,40,Male,D,Land,CUST-15072
Dina Adel,Accountant,28,Male,A,Land,CUST-15073
Mahmoud Mansour,Freelancer,40,Male,C,Vehicle,CUST-15074
Zaki Saied,Accountant,31,Male,D,Land,CUST-15075
,Doctor,30,Female,D,Land,CUST-15076
Fatma Saied,Engineer,27,Female,B,,CUST-15077
,Sales_Rep,37,Female,B,Land,CUST-15078
Fatma Ghanem,Accountant,42,Female,B,Vehicle,CUST-15079
Amira Reda,Technician,57,Female,B,Land,CUST-15080
Layla Amr,Teacher,33,Male,A,Land,CUST-15081
Ibrahim Mansour,Sales_Rep,41,Female,B,Land,CUST-15082
Ahmed Adel,Freelancer,49,Male,A,Land,CUST-15083
Sara Adel,Engineer,42,Female,D,Land,CUST-15084
Ibrahim Amr,Technician,50,Female,C,,CUST-15085
Amira Mahmoud,Engineer,24,Female,D,Land,CUST-15086
Bassem Ibrahim,Sales_Rep,58,Male,D,Vehicle,CUST-15087
Hoda Hamdy,Technician,58,Male,B,Vehicle,CUST-15088
Fatma Zaki,Sales_Rep,51,Female,A,,CUST-15089
Layla Nabil,Sales_Rep,45,Male,A,Vehicle,CUST-15090
Zaki Abdel-Aziz,Technician,55,Female,A,Vehicle,CUST-15091
Dina El-Sayed,Engineer,44,Male,D,Vehicle,CUST-15092
Hoda Mahmoud,Accountant,64,Female,D,,CUST-15093
Nabil El-Sayed,Engineer,54,Male,D,Vehicle,CUST-15094
Khaled El-Sayed,Sales_Rep,46,Male,A,Land,CUST-15095
,Engineer,23,Female,A,,CUST-15096
Hoda Adel,Technician,22,Female,B,,CUST-15097
Ibrahim Adel,Accountant,41,Female,D,Vehicle,CUST-15098
Wael Mansour,Technician,52,Female,A,,CUST-15099
Mostafa Adel,Teacher,29,Female,A,Vehicle,CUST-15100
Karim Abdel-Aziz,Doctor,52,Male,A,Vehicle,CUST-15101
Karim Zaki,Freelancer,27,Male,D,,CUST-15102
Nabil Adel,Teacher,35,Female,B,Land,CUST-15103
Mahmoud Reda,Technician,34,Female,C,Land,CUST-15104
Fatma Mansour,Teacher,46,Female,B,Land,CUST-15105
Ibrahim Hamdy,Freelancer,61,Female,C,,CUST-15106
Zaki Zaki,Technician,42,Male,C,Vehicle,CUST-15107
Mostafa Ibrahim,Engineer,54,Male,D,Vehicle,CUST-15108
Zaki Zaki,Doctor,64,Female,D,Vehicle,CUST-15109
,Accountant,24,Female,C,,CUST-15110
Karim Mansour,Accountant,29,Male,D,,CUST-15111
Tarek Abdel-Aziz,Teacher,36,Male,C,Vehicle,CUST-15112
Nabil Hassan,Doctor,44,Male,C,Land,CUST-15113
Mohamed Abdel-Aziz,Teacher,24,Male,B,,CUST-15114
Hamdy Ghanem,Technician,38,Female,D,Land,CUST-15115
Hoda El-Sayed,Freelancer,38,Female,C,Vehicle,CUST-15116
Amira Mahmoud,Technician,63,Male,B,Land,CUST-15117
Sherif Kamel,Freelancer,46,Male,D,,CUST-15118
Fatma Kamel,Teacher,61,Female,B,,CUST-15119
Tarek Hamdy,Freelancer,56,Male,C,,CUST-15120
Omar Mansour,Doctor,57,Male,A,Land,CUST-15121
Hamdy Ibrahim,Technician,41,Male,D,Vehicle,CUST-15122
Mohamed Amr,Teacher,35,Female,A,,CUST-15123
Ibrahim Mahmoud,Sales_Rep,29,Female,A,Land,CUST-15124
Nabil Fawzy,Sales_Rep,63,Male,A,Land,CUST-15125
Wael Zaki,Freelancer,28,Female,C,,CUST-15126
Sara Amr,Engineer,38,Male,C,Vehicle,CUST-15127
Ahmed El-Sayed,Accountant,62,Male,D,Vehicle,CUST-15128
Hoda Mansour,Freelancer,62,Female,C,,CUST-15129
Mahmoud Abdel-Aziz,Doctor,36,Male,D,Vehicle,CUST-15130
Fatma Hamdy,Technician,31,Male,B,,CUST-15131
Hamdy Hamdy,Freelancer,25,Female,C,Vehicle,CUST-15132
Omar Fawzy,Doctor,42,Male,C,,CUST-15133
Khaled Mahmoud,Doctor,35,Male,C,Vehicle,CUST-15134
Bassem Reda,Technician,35,Female,B,Land,CUST-15135
,Sales_Rep,37,Female,A,Land,CUST-15136
Zaki Mahmoud,Technician,51,Female,A,,CUST-15137
Karim Mansour,Engineer,28,Male,C,Land,CUST-15138
Nabil Mahmoud,Engineer,54,Female,A,,CUST-15139
Mostafa Mahmoud,Sales_Rep,58,Female,B,,CUST-15140
Layla Adel,Sales_Rep,50,Female,B,,CUST-15141
Mohamed Adel,Doctor,34,Male,B,,CUST-15142
Karim Abdel-Aziz,Engineer,23,Female,D,Vehicle,CUST-15143
Ahmed Adel,Doctor,56,Male,D,,CUST-15144
Amira Saied,Freelancer,32,Female,C,Land,CUST-15145
Omar Mansour,Teacher,55,Female,D,Land,CUST-15146
Omar Mansour,Doctor,43,Male,B,Vehicle,CUST-15147
Layla El-Sayed,Sales_Rep,46,Male,B,,CUST-15148
Salma Abdel-Aziz,Accountant,29,Male,C,Vehicle,CUST-15149
Omar Mansour,Sales_Rep,30,Female,D,Vehicle,CUST-15150
Wael Ghanem,Accountant,24,Female,C,Vehicle,CUST-15151
Ibrahim Fawzy,Freelancer,35,Female,A,Vehicle,CUST-15152
Bassem Nabil,Engineer,47,Male,C,Vehicle,CUST-15153
Zaki Ibrahim,Engineer,60,Female,D,,CUST-15154
Zaki Abdel-Aziz,Accountant,33,Female,B,,CUST-15155
Hassan Mahmoud,Freelancer,38,Male,B,Land,CUST-15156
Zaki Saied,Teacher,38,Female,D,Vehicle,CUST-15157
Sherif Ibrahim,Engineer,65,Male,B,Vehicle,CUST-15158
Hoda Ghanem,Accountant,32,Male,D,Vehicle,CUST-15159
Mohamed Ghanem,Accountant,37,Female,C,Vehicle,CUST-15160
Dina Hamdy,Technician,64,Female,C,Vehicle,CUST-15161
Hamdy Hassan,Sales_Rep,65,Female,A,Vehicle,CUST-15162
Salma Adel,Freelancer,47,Male,A,Vehicle,CUST-15163
,Engineer,37,Female,D,Vehicle,CUST-15164
Sherif Fawzy,Doctor,58,Female,B,Vehicle,CUST-15165
Nabil Nabil,Doctor,56,Male,A,Land,CUST-15166
Dina Zaki,Freelancer,31,Female,C,,CUST-15167
Bassem Hamdy,Accountant,25,Female,C,,CUST-15168
,Doctor,54,Male,C,Vehicle,CUST-15169
Mahmoud Mahmoud,Engineer,42,Female,D,Vehicle,CUST-15170
Layla Saied,Engineer,23,Female,C,Vehicle,CUST-15171
Bassem Mahmoud,Engineer,49,Male,D,Land,CUST-15172
Ibrahim El-Sayed,Teacher,60,Male,D,,CUST-15173
Karim El-Sayed,Freelancer,41,Female,B,,CUST-15174
Bassem Mansour,Accountant,22,Male,A,,CUST-15175
Salma Ghanem,Engineer,32,Female,A,Vehicle,CUST-15176
Sara Reda,Technician,56,Female,A,Vehicle,CUST-15177
,Engineer,34,Female,B,Vehicle,CUST-15178
Bassem Amr,Doctor,62,Female,C,,CUST-15179
Sherif Nabil,Freelancer,27,Male,A,Vehicle,CUST-15180
Hoda Nabil,Freelancer,39,Male,D,,CUST-15181
Layla Fawzy,Teacher,30,Female,C,,CUST-15182
Wael Zaki,Teacher,26,Female,B,Land,CUST-15183
Ahmed Abdel-Aziz,Freelancer,28,Female,C,,CUST-15184
Mona Ibrahim,Doctor,25,Female,C,Vehicle,CUST-15185
Sara Ghanem,Sales_Rep,61,Female,B,Vehicle,CUST-15186
,Doctor,37,Female,D,,CUST-15187
Fatma Abdel-Aziz,Technician,60,Male,A,,CUST-15188
Layla Reda,Sales_Rep,56,Female,D,Vehicle,CUST-15189
Mona Hamdy,Technician,59,Female,D,,CUST-15190
Sara Amr,Technician,54,Female,A,,CUST-15191
Sherif Adel,Freelancer,23,Female,A,Vehicle,CUST-15192
Dina Nabil,Accountant,48,Female,B,Land,CUST-15193
Amira Kamel,Freelancer,39,Female,B,,CUST-15194
Mona Ghanem,Sales_Rep,42,Female,D,Land,CUST-15195
Ibrahim Abdel-Aziz,Engineer,52,Female,D,Land,CUST-15196
Amira Kamel,Engineer,25,Female,C,,CUST-15197
Sara Hassan,Technician,38,Male,D,,CUST-15198
Mahmoud Reda,Sales_Rep,30,Male,A,Land,CUST-15199
Mona Amr,Technician,25,Female,A,,CUST-15200
Zaki Saied,Sales_Rep,33,Female,A,Vehicle,CUST-15201
Omar Reda,Engineer,56,Male,A,Vehicle,CUST-15202
Hoda Ghanem,Sales_Rep,36,Female,C,Vehicle,CUST-15203
Mostafa Fawzy,Technician,54,Female,C,Land,CUST-15204
Nabil Reda,Teacher,58,Male,B,,CUST-15205
Nabil Nabil,Doctor,22,Male,D,Land,CUST-15206
Hamdy Nabil,Teacher,56,Female,B,Land,CUST-15207
Mostafa Saied,Accountant,38,Female,A,Land,CUST-15208
Karim Kamel,Freelancer,56,Male,A,Land,CUST-15209
Hassan Saied,Engineer,57,Male,A,Vehicle,CUST-15210
Amira Ghanem,Freelancer,24,Male,B,Vehicle,CUST-15211
Sherif Ghanem,Technician,31,Female,D,Vehicle,CUST-15212
Nabil Adel,Engineer,29,Male,C,Land,CUST-15213
Hassan Hassan,Freelancer,41,Female,A,,CUST-15214
Sara Abdel-Aziz,Sales_Rep,60,Male,B,Vehicle,CUST-15215
Hassan Mahmoud,Sales_Rep,32,Male,C,Vehicle,CUST-15216
Wael El-Sayed,Engineer,42,Male,A,Land,CUST-15217
Hassan Amr,Engineer,55,Female,C,Vehicle,CUST-15218
Wael Abdel-Aziz,Doctor,49,Female,B,Land,CUST-15219
Amira El-Sayed,Technician,65,Female,C,Vehicle,CUST-15220
Ahmed Fawzy,Doctor,64,Female,B,,CUST-15221
Hassan Adel,Teacher,40,Male,C,Vehicle,CUST-15222
Fatma El-Sayed,Technician,51,Male,D,Vehicle,CUST-15223
Tarek El-Sayed,Accountant,35,Male,D,Vehicle,CUST-15224
Sherif Saied,Technician,21,Male,B,,CUST-15225
Bassem Hassan,Doctor,55,Male,C,Vehicle,CUST-15226
Hoda Hamdy,Accountant,22,Female,B,Vehicle,CUST-15227
Layla Ghanem,Accountant,45,Male,D,,CUST-15228
Hassan Mahmoud,Doctor,31,Female,A,,CUST-15229
Sara Kamel,Engineer,38,Male,B,Vehicle,CUST-15230
Zaki Zaki,Technician,47,Male,C,,CUST-15231
Salma Mansour,Doctor,21,Female,C,Vehicle,CUST-15232
Dina Amr,Freelancer,58,Male,A,Land,CUST-15233
Hamdy Amr,Technician,40,Female,C,Land,CUST-15234
Karim Amr,Freelancer,60,Female,D,Land,CUST-15235
Fatma Nabil,Accountant,26,Female,A,,CUST-15236
Hassan Hassan,Sales_Rep,24,Male,C,Vehicle,CUST-15237
Heba Reda,Sales_Rep,46,Female,A,Vehicle,CUST-15238
Ibrahim El-Sayed,Doctor,43,Male,B,,CUST-15239
Hassan Fawzy,Doctor,53,Female,C,Land,CUST-15240
Hassan Reda,Freelancer,46,Male,A,Vehicle,CUST-15241
Fatma Amr,Technician,26,Male,C,Vehicle,CUST-15242
,Teacher,58,Female,D,Land,CUST-15243
Hoda Ghanem,Engineer,36,Male,B,Vehicle,CUST-15244
Tarek Reda,Accountant,44,Female,B,Vehicle,CUST-15245
Amira El-Sayed,Sales_Rep,47,Male,A,Vehicle,CUST-15246
Sherif Hamdy,Teacher,46,Male,B,Land,CUST-15247
Omar Amr,Technician,53,Female,B,Land,CUST-15248
,Accountant,65,Male,A,Land,CUST-15249
Hamdy Ibrahim,Technician,54,Male,D,Land,CUST-15250
,Sales_Rep,22,Female,C,Vehicle,CUST-15251
Heba Ibrahim,Doctor,47,Female,B,Vehicle,CUST-15252
Nabil Fawzy,Freelancer,51,Male,A,,CUST-15253
Hassan Saied,Freelancer,54,Female,D,,CUST-15254
Wael Ghanem,Accountant,62,Female,C,Vehicle,CUST-15255
Mahmoud Adel,Freelancer,36,Male,C,Land,CUST-15256
Bassem Adel,Freelancer,43,Female,C,Land,CUST-15257
Fatma Reda,Technician,41,Male,B,Vehicle,CUST-15258
Khaled Ibrahim,Teacher,40,Male,A,Land,CUST-15259
Karim Ibrahim,Engineer,43,Male,C,Land,CUST-15260
Hoda Fawzy,Sales_Rep,65,Female,D,Land,CUST-15261
Salma Amr,Freelancer,60,Male,A,Vehicle,CUST-15262
,Teacher,30,Male,B,,CUST-15263
Nabil Amr,Freelancer,35,Female,B,,CUST-15264
Mona Amr,Technician,53,Male,B,,CUST-15265
Heba Zaki,Accountant,36,Male,D,Vehicle,CUST-15266
Heba Fawzy,Accountant,31,Female,B,Land,CUST-15267
Layla Mansour,Teacher,47,Male,B,Land,CUST-15268
Sherif Mansour,Sales_Rep,37,Male,B,,CUST-15269
Nabil Hassan,Teacher,60,Male,B,Vehicle,CUST-15270
Zaki Reda,Teacher,60,Male,C,Vehicle,CUST-15271
Khaled Zaki,Technician,57,Female,C,Land,CUST-15272
Nabil Nabil,Teacher,32,Male,C,Vehicle,CUST-15273
Hamdy Abdel-Aziz,Doctor,52,Female,D,Vehicle,CUST-15274
Hoda Hamdy,Sales_Rep,62,Female,C,,CUST-15275
Fatma Hassan,Accountant,40,Male,D,Vehicle,CUST-15276
Nabil Mansour,Engineer,51,Male,B,Vehicle,CUST-15277
Salma Saied,Doctor,26,Male,B,Vehicle,CUST-15278
Tarek Nabil,Engineer,27,Female,D,,CUST-15279
Layla Nabil,Accountant,30,Female,C,Land,CUST-15280
Sherif Ibrahim,Technician,59,Female,B,Vehicle,CUST-15281
Amira Ibrahim,Teacher,41,Male,A,Land,CUST-15282
Amira Hassan,Doctor,52,Male,A,,CUST-15283
Bassem Reda,Sales_Rep,57,Male,B,,CUST-15284
Zaki Fawzy,Engineer,50,Female,A,,CUST-15285
Bassem Mahmoud,Technician,60,Male,D,,CUST-15286
Omar Mahmoud,Accountant,49,Male,D,,CUST-15287
Wael Zaki,Technician,53,Male,A,,CUST-15288
Mostafa Mansour,Accountant,64,Male,C,,CUST-15289
Ibrahim Kamel,Technician,48,Male,B,,CUST-15290
Hoda Mahmoud,Engineer,50,Male,A,Land,CUST-15291
Tarek Amr,Teacher,24,Male,C,,CUST-15292
Mohamed El-Sayed,Engineer,27,Male,C,Vehicle,CUST-15293
Mohamed Abdel-Aziz,Sales_Rep,29,Male,D,,CUST-15294
Mostafa El-Sayed,Technician,22,Male,B,,CUST-15295
Mona Reda,Technician,26,Male,C,,CUST-15296
Zaki Nabil,Doctor,53,Female,D,Vehicle,CUST-15297
Layla Abdel-Aziz,Freelancer,30,Male,D,Land,CUST-15298
Sara Kamel,Doctor,32,Female,D,,CUST-15299
Mohamed Hamdy,Sales_Rep,60,Male,D,Vehicle,CUST-15300
Salma Hassan,Accountant,57,Female,C,Vehicle,CUST-15301
Nabil Ibrahim,Freelancer,38,Female,D,,CUST-15302
Mahmoud Zaki,Teacher,59,Male,C,Land,CUST-15303
Sara Fawzy,Teacher,62,Female,A,,CUST-15304
Hamdy Adel,Freelancer,60,Male,C,Vehicle,CUST-15305
Salma Ibrahim,Doctor,41,Female,C,Vehicle,CUST-15306
Layla Ibrahim,Sales_Rep,62,Female,A,Land,CUST-15307
Omar Hamdy,Freelancer,56,Female,D,,CUST-15308
Dina Ibrahim,Doctor,40,Female,A,Land,CUST-15309
Ibrahim Mahmoud,Teacher,65,Male,B,,CUST-15310
Tarek Abdel-Aziz,Sales_Rep,47,Female,C,Vehicle,CUST-15311
Hassan Fawzy,Doctor,59,Male,A,Vehicle,CUST-15312
Hoda Kamel,Technician,24,Female,B,Land,CUST-15313
Heba Hamdy,Freelancer,63,Female,A,,CUST-15314
Hassan Abdel-Aziz,Doctor,37,Female,C,Vehicle,CUST-15315
Nabil El-Sayed,Technician,21,Female,B,,CUST-15316
Mona Amr,Accountant,35,Female,C,Land,CUST-15317
Karim Hamdy,Sales_Rep,45,Female,C,,CUST-15318
Karim Mansour,Freelancer,27,Male,C,,CUST-15319
Sara Hamdy,Engineer,38,Male,D,,CUST-15320
Mona Mahmoud,Technician,46,Female,D,Land,CUST-15321
Fatma Saied,Technician,47,Male,D,Land,CUST-15322
Sara Hamdy,Accountant,40,Male,C,Vehicle,CUST-15323
Ahmed Fawzy,Freelancer,48,Male,B,Land,CUST-15324
Mahmoud El-Sayed,Freelancer,41,Male,D,,CUST-15325
Fatma Fawzy,Engineer,48,Male,D,Land,CUST-15326
Sherif Nabil,Teacher,61,Male,A,Land,CUST-15327
Ahmed Saied,Accountant,28,Female,B,,CUST-15328
Nabil Amr,Teacher,34,Male,C,Land,CUST-15329
Amira Fawzy,Engineer,29,Female,C,,CUST-15330
Khaled Nabil,Doctor,34,Male,D,Vehicle,CUST-15331
,Technician,50,Female,C,Land,CUST-15332
Layla Zaki,Sales_Rep,57,Female,D,Land,CUST-15333
Mostafa Adel,Sales_Rep,41,Male,C,Land,CUST-15334
,Accountant,61,Male,B,Land,CUST-15335
Sara Mansour,Engineer,64,Male,D,Land,CUST-15336
Mohamed Amr,Engineer,39,Female,A,Vehicle,CUST-15337
Layla Fawzy,Freelancer,40,Male,A,Land,CUST-15338
Sherif Saied,Doctor,52,Male,D,,CUST-15339
Fatma Mansour,Teacher,27,Female,B,Land,CUST-15340
Khaled Nabil,Freelancer,46,Female,D,,CUST-15341
Bassem Abdel-Aziz,Engineer,40,Male,B,Land,CUST-15342
Nabil Abdel-Aziz,Sales_Rep,39,Male,A,,CUST-15343
Hamdy Mahmoud,Teacher,60,Female,B,Vehicle,CUST-15344
Hoda Mahmoud,Accountant,34,Male,C,,CUST-15345
Sherif Reda,Technician,54,Male,B,,CUST-15346
Tarek Ibrahim,Teacher,48,Female,B,,CUST-15347
Sara Reda,Freelancer,45,Female,B,Vehicle,CUST-15348
Khaled Hamdy,Teacher,61,Female,B,Land,CUST-15349
Khaled Reda,Accountant,44,Female,B,Vehicle,CUST-15350
Mahmoud Hassan,Engineer,58,Female,C,,CUST-15351
Hoda El-Sayed,Freelancer,30,Male,D,Vehicle,CUST-15352
Layla Adel,Sales_Rep,49,Female,A,,CUST-15353
Khaled Nabil,Accountant,65,Male,B,Vehicle,CUST-15354
Mohamed Saied,Sales_Rep,29,Female,C,,CUST-15355
Sara Mahmoud,Doctor,35,Male,A,Land,CUST-15356
Dina Mahmoud,Freelancer,22,Female,A,Land,CUST-15357
Omar Fawzy,Accountant,55,Male,A,,CUST-15358
Mahmoud El-Sayed,Teacher,56,Male,B,Land,CUST-15359
Fatma Reda,Engineer,55,Female,B,Land,CUST-15360
Sherif Reda,Doctor,26,Female,A,Vehicle,CUST-15361
Wael Abdel-Aziz,Sales_Rep,60,Female,A,Vehicle,CUST-15362
Mahmoud Reda,Accountant,64,Female,D,Vehicle,CUST-15363
,Engineer,51,Male,B,Land,CUST-15364
Tarek Mahmoud,Engineer,40,Male,A,Land,CUST-15365
Mahmoud Mansour,Technician,33,Female,C,Land,CUST-15366
Mostafa Amr,Teacher,41,Female,D,Land,CUST-15367
Salma Fawzy,Technician,62,Male,B,Land,CUST-15368
Bassem Amr,Sales_Rep,45,Male,C,,CUST-15369
Tarek Nabil,Sales_Rep,25,Female,C,,CUST-15370
Nabil Nabil,Freelancer,31,Male,B,,CUST-15371
,Doctor,51,Male,B,Land,CUST-15372
Mohamed Hassan,Doctor,56,Female,C,Land,CUST-15373
Amira Saied,Teacher,52,Female,B,Land,CUST-15374
Dina El-Sayed,Teacher,41,Female,C,Vehicle,CUST-15375
Mostafa Zaki,Doctor,57,Male,D,Land,CUST-15376
Khaled Reda,Engineer,36,Female,C,Land,CUST-15377
Mahmoud Hassan,Freelancer,25,Female,D,Vehicle,CUST-15378
Hassan Saied,Doctor,58,Male,C,,CUST-15379
Khaled Kamel,Teacher,60,Male,C,Vehicle,CUST-15380
Karim Adel,Freelancer,64,Female,B,Land,CUST-15381
Dina Hassan,Accountant,28,Female,A,,CUST-15382
Hoda Zaki,Freelancer,39,Female,A,Land,CUST-15383
Dina Fawzy,Engineer,46,Female,C,Land,CUST-15384
Nabil Kamel,Sales_Rep,52,Female,C,Vehicle,CUST-15385
Dina Saied,Technician,42,Male,B,Vehicle,CUST-15386
Omar Fawzy,Sales_Rep,65,Male,C,Land,CUST-15387
Sara Kamel,Doctor,48,Female,B,Land,CUST-15388
Layla Ibrahim,Engineer,31,Female,D,Land,CUST-15389
Hoda Kamel,Accountant,27,Female,B,Vehicle,CUST-15390
Layla Nabil,Teacher,56,Male,A,Land,CUST-15391
Omar Ibrahim,Technician,31,Male,B,,CUST-15392
Nabil El-Sayed,Teacher,49,Female,A,Vehicle,CUST-15393
Tarek Saied,Technician,33,Female,D,Vehicle,CUST-15394
Ahmed Saied,Freelancer,65,Female,A,Vehicle,CUST-15395
Hamdy El-Sayed,Sales_Rep,34,Female,A,Vehicle,CUST-15396
Tarek Hassan,Technician,38,Male,D,Land,CUST-15397
Wael Reda,Freelancer,64,Male,C,Land,CUST-15398
Layla Abdel-Aziz,Technician,32,Female,C,,CUST-15399
Tarek Amr,Sales_Rep,62,Female,B,Land,CUST-15400
Heba El-Sayed,Freelancer,47,Female,B,Vehicle,CUST-15401
Khaled Mahmoud,Sales_Rep,27,Male,A,,CUST-15402
Salma Mansour,Freelancer,37,Female,B,Vehicle,CUST-15403
Bassem El-Sayed,Technician,47,Male,B,Vehicle,CUST-15404
Zaki Reda,Teacher,62,Female,A,Land,CUST-15405
Sara Nabil,Doctor,62,Male,D,Vehicle,CUST-15406
Dina Hamdy,Accountant,33,Female,D,Vehicle,CUST-15407
Sara Ghanem,Engineer,30,Female,C,,CUST-15408
Khaled Zaki,Engineer,42,Female,C,,CUST-15409
Mahmoud Hamdy,Accountant,47,Male,A,,CUST-15410
Dina Nabil,Freelancer,23,Female,D,Vehicle,CUST-15411
Hoda Mahmoud,Sales_Rep,36,Female,B,Land,CUST-15412
Dina Amr,Accountant,30,Female,D,,CUST-15413
Omar Fawzy,Engineer,43,Female,B,Land,CUST-15414
Dina Nabil,Accountant,58,Female,A,,CUST-15415
Dina Ibrahim,Technician,61,Male,D,,CUST-15416
Heba Abdel-Aziz,Sales_Rep,44,Male,A,Vehicle,CUST-15417
Khaled Amr,Accountant,51,Female,A,,CUST-15418
Tarek Mansour,Doctor,54,Female,B,Vehicle,CUST-15419
Tarek Zaki,Technician,60,Male,D,Land,CUST-15420
Heba Ghanem,Sales_Rep,43,Female,C,,CUST-15421
Bassem Hassan,Freelancer,29,Male,C,Vehicle,CUST-15422
Salma El-Sayed,Technician,55,Male,C,,CUST-15423
Dina Amr,Freelancer,49,Female,C,,CUST-15424
Hoda Saied,Accountant,59,Female,D,,CUST-15425
Khaled Abdel-Aziz,Teacher,33,Female,C,Land,CUST-15426
Hassan Ghanem,Sales_Rep,50,Male,B,,CUST-15427
Nabil Mansour,Engineer,50,Male,D,Vehicle,CUST-15428
Ibrahim Ghanem,Teacher,30,Female,A,Vehicle,CUST-15429
Ibrahim Saied,Teacher,33,Female,C,,CUST-15430
Tarek Amr,Technician,47,Female,C,Land,CUST-15431
Karim Mansour,Teacher,31,Male,D,Land,CUST-15432
Layla Hamdy,Freelancer,36,Female,B,Land,CUST-15433
Dina Hamdy,Accountant,58,Female,B,Vehicle,CUST-15434
Ibrahim Nabil,Doctor,43,Female,D,Land,CUST-15435
Mona El-Sayed,Freelancer,33,Female,C,Land,CUST-15436
Tarek Mahmoud,Teacher,53,Male,B,Land,CUST-15437
Bassem Hamdy,Freelancer,28,Male,A,Land,CUST-15438
Layla Ibrahim,Accountant,33,Female,D,,CUST-15439
Khaled Ghanem,Technician,56,Female,C,Land,CUST-15440
Salma Mansour,Accountant,48,Male,A,,CUST-15441
Ahmed Kamel,Technician,35,Female,C,Vehicle,CUST-15442
Amira Abdel-Aziz,Freelancer,32,Male,D,Vehicle,CUST-15443
Wael El-Sayed,Doctor,28,Male,B,Vehicle,CUST-15444
Dina Fawzy,Sales_Rep,24,Female,B,Land,CUST-15445
Heba Ghanem,Doctor,49,Male,C,,CUST-15446
Tarek Reda,Teacher,39,Female,D,,CUST-15447
Omar Amr,Engineer,52,Female,C,,CUST-15448
Dina Nabil,Teacher,48,Female,A,Vehicle,CUST-15449
Khaled Nabil,Engineer,63,Female,C,Vehicle,CUST-15450
Mahmoud Abdel-Aziz,Teacher,30,Male,A,Land,CUST-15451
Hassan Adel,Engineer,33,Male,C,Vehicle,CUST-15452
Ibrahim Ibrahim,Technician,27,Female,D,,CUST-15453
Sherif Nabil,Technician,37,Male,A,Land,CUST-15454
Bassem Adel,Sales_Rep,47,Female,C,Vehicle,CUST-15455
Mohamed Ibrahim,Doctor,42,Female,B,,CUST-15456
Bassem Hassan,Engineer,21,Male,A,Vehicle,CUST-15457
Ibrahim El-Sayed,Teacher,28,Female,C,,CUST-15458
Amira El-Sayed,Doctor,42,Female,B,Land,CUST-15459
Hassan Hamdy,Accountant,22,Male,B,Land,CUST-15460
Dina Kamel,Freelancer,29,Male,D,Vehicle,CUST-15461
Heba Abdel-Aziz,Freelancer,37,Female,A,Vehicle,CUST-15462
Sara Mahmoud,Engineer,52,Male,D,Vehicle,CUST-15463
Layla Abdel-Aziz,Doctor,58,Female,C,,CUST-15464
Ahmed Nabil,Freelancer,59,Male,A,Land,CUST-15465
Ahmed Ibrahim,Teacher,48,Female,C,Vehicle,CUST-15466
Khaled Mahmoud,Technician,21,Male,A,Land,CUST-15467
Bassem El-Sayed,Engineer,36,Female,B,Vehicle,CUST-15468
Sara Kamel,Technician,30,Male,A,,CUST-15469
Sherif Ghanem,Doctor,48,Male,D,Land,CUST-15470
Ibrahim El-Sayed,Accountant,23,Female,D,Land,CUST-15471
Layla Mansour,Sales_Rep,47,Female,A,,CUST-15472
Sara Amr,Sales_Rep,32,Male,C,,CUST-15473
Karim Ghanem,Accountant,39,Male,B,Vehicle,CUST-15474
Tarek Hassan,Teacher,27,Female,A,Land,CUST-15475
Khaled Hassan,Accountant,43,Male,B,Vehicle,CUST-15476
Mahmoud Reda,Freelancer,45,Male,B,,CUST-15477
Mahmoud Amr,Freelancer,55,Male,C,Vehicle,CUST-15478
Omar El-Sayed,Technician,41,Male,D,Land,CUST-15479
Mahmoud Ibrahim,Teacher,38,Male,B,Vehicle,CUST-15480
Mostafa Mahmoud,Teacher,37,Female,D,Land,CUST-15481
Tarek Saied,Freelancer,24,Male,B,,CUST-15482
Tarek Abdel-Aziz,Freelancer,21,Female,C,Land,CUST-15483
Hoda Abdel-Aziz,Freelancer,28,Male,C,Land,CUST-15484
Wael Nabil,Sales_Rep,47,Male,A,Vehicle,CUST-15485
Mostafa Fawzy,Teacher,37,Male,B,Vehicle,CUST-15486
Karim Hassan,Accountant,34,Male,D,Land,CUST-15487
Hamdy Ghanem,Doctor,39,Female,A,Land,CUST-15488
Karim El-Sayed,Teacher,34,Male,B,,CUST-15489
Omar El-Sayed,Accountant,50,Male,D,Land,CUST-15490
Omar Zaki,Freelancer,51,Male,D,Vehicle,CUST-15491
Sherif Ibrahim,Accountant,42,Male,B,Land,CUST-15492
Nabil Saied,Freelancer,46,Female,C,,CUST-15493
Hassan Reda,Doctor,55,Male,D,Land,CUST-15494
Nabil Ghanem,Teacher,28,Male,A,,CUST-15495
Hoda Hamdy,Freelancer,40,Male,A,Land,CUST-15496
Khaled Hamdy,Technician,56,Male,A,,CUST-15497
Hoda Kamel,Engineer,37,Male,C,Vehicle,CUST-15498
Mostafa Fawzy,Accountant,52,Male,B,Land,CUST-15499
Hassan Mansour,Engineer,52,Male,B,Vehicle,CUST-15500
Khaled Amr,Technician,32,Female,A,,CUST-15501
Khaled Fawzy,Engineer,42,Male,D,Land,CUST-15502
Dina Fawzy,Doctor,34,Female,B,Vehicle,CUST-15503
Nabil Nabil,Technician,51,Female,A,Land,CUST-15504
Wael Amr,Doctor,40,Male,D,,CUST-15505
Ahmed Amr,Doctor,59,Male,B,Vehicle,CUST-15506
Nabil Ghanem,Doctor,31,Female,C,,CUST-15507
Amira Amr,Accountant,21,Female,A,Vehicle,CUST-15508
,Freelancer,65,Male,C,Land,CUST-15509
Karim Kamel,Engineer,22,Male,A,Land,CUST-15510
Ahmed Hamdy,Technician,60,Male,A,Vehicle,CUST-15511
Mahmoud Ghanem,Teacher,63,Female,C,,CUST-15512
Fatma Fawzy,Doctor,55,Female,D,Vehicle,CUST-15513
Karim Ghanem,Doctor,37,Female,A,Vehicle,CUST-15514
Dina El-Sayed,Engineer,32,Male,C,Vehicle,CUST-15515
Amira Amr,Teacher,22,Female,C,Land,CUST-15516
Dina Ibrahim,Doctor,62,Male,C,Vehicle,CUST-15517
Mohamed Kamel,Teacher,29,Male,D,,CUST-15518
Amira Ghanem,Accountant,51,Male,A,Vehicle,CUST-15519
Wael Saied,Engineer,62,Male,B,Land,CUST-15520
Layla Ghanem,Engineer,47,Female,A,Vehicle,CUST-15521
Mohamed Zaki,Doctor,51,Male,C,Land,CUST-15522
Omar Saied,Accountant,57,Female,C,,CUST-15523
Zaki Zaki,Technician,63,Male,B,Land,CUST-15524
Tarek Reda,Engineer,38,Male,C,,CUST-15525
Dina El-Sayed,Sales_Rep,26,Female,A,,CUST-15526
Hoda Mansour,Doctor,33,Male,D,,CUST-15527
Tarek Kamel,Freelancer,50,Male,B,Vehicle,CUST-15528
Ahmed Reda,Engineer,23,Female,A,Land,CUST-15529
Ahmed Fawzy,Freelancer,63,Female,A,Land,CUST-15530
,Engineer,29,Male,B,Vehicle,CUST-15531
Layla El-Sayed,Sales_Rep,52,Male,B,,CUST-15532
Ahmed Ghanem,Engineer,63,Female,C,Vehicle,CUST-15533
Zaki El-Sayed,Freelancer,23,Male,B,Vehicle,CUST-15534
Karim El-Sayed,Doctor,32,Male,B,Land,CUST-15535
Nabil El-Sayed,Technician,39,Male,B,Land,CUST-15536
Heba Mahmoud,Technician,34,Male,B,,CUST-15537
Mostafa Ibrahim,Sales_Rep,24,Male,C,,CUST-15538
Zaki Mansour,Sales_Rep,60,Female,B,Vehicle,CUST-15539
Mostafa Ibrahim,Engineer,26,Female,D,Land,CUST-15540
Omar Kamel,Technician,27,Female,B,Vehicle,CUST-15541
Nabil Mahmoud,Engineer,39,Male,D,Land,CUST-15542
Mahmoud Adel,Freelancer,47,Male,C,Land,CUST-15543
Wael Abdel-Aziz,Technician,39,Female,A,,CUST-15544
Nabil Mahmoud,Accountant,37,Female,B,Land,CUST-15545
Salma Nabil,Sales_Rep,30,Male,D,Vehicle,CUST-15546
Mahmoud Amr,Sales_Rep,65,Male,D,Land,CUST-15547
,Doctor,35,Male,B,Land,CUST-15548
Nabil Ibrahim,Freelancer,33,Male,C,Land,CUST-15549
Zaki Hamdy,Sales_Rep,49,Female,B,,CUST-15550
Ahmed Nabil,Freelancer,33,Male,D,Vehicle,CUST-15551
Ibrahim Hamdy,Accountant,30,Male,C,,CUST-15552
Hassan Hamdy,Engineer,55,Male,D,Vehicle,CUST-15553
Hassan El-Sayed,Engineer,55,Male,A,Vehicle,CUST-15554
Salma Ghanem,Engineer,48,Male,B,Vehicle,CUST-15555
Wael Ghanem,Accountant,60,Female,B,,CUST-15556
Bassem Saied,Teacher,32,Male,D,,CUST-15557
Salma Zaki,Teacher,39,Female,B,Vehicle,CUST-15558
Khaled Nabil,Technician,43,Male,C,Vehicle,CUST-15559
Sherif Abdel-Aziz,Sales_Rep,62,Male,D,Land,CUST-15560
Ahmed El-Sayed,Teacher,52,Male,D,Land,CUST-15561
Dina Kamel,Teacher,34,Male,B,Land,CUST-15562
Heba Hamdy,Doctor,55,Male,B,Land,CUST-15563
Tarek Kamel,Technician,59,Male,D,,CUST-15564
Omar Ghanem,Freelancer,40,Male,D,Vehicle,CUST-15565
Ahmed Hamdy,Sales_Rep,29,Male,D,Vehicle,CUST-15566
Bassem Hassan,Doctor,39,Male,C,Land,CUST-15567
Hamdy Hamdy,Teacher,39,Male,D,,CUST-15568
Zaki Hassan,Doctor,47,Male,B,,CUST-15569
Hassan Adel,Teacher,26,Male,C,,CUST-15570
Wael Hassan,Technician,53,Male,D,Land,CUST-15571
Tarek Reda,Teacher,62,Male,C,,CUST-15572
Tarek Nabil,Accountant,33,Male,D,,CUST-15573
Layla Adel,Teacher,37,Female,D,Land,CUST-15574
Sara Zaki,Teacher,35,Male,C,Land,CUST-15575
Khaled Reda,Doctor,53,Male,B,Vehicle,CUST-15576
Karim Hassan,Technician,26,Female,D,Land,CUST-15577
Mahmoud Hamdy,Teacher,52,Male,D,Land,CUST-15578
Mahmoud Kamel,Accountant,56,Female,D,,CUST-15579
Amira Abdel-Aziz,Doctor,36,Female,D,Vehicle,CUST-15580
Tarek Ibrahim,Sales_Rep,62,Male,B,,CUST-15581
Ahmed Fawzy,Doctor,32,Female,D,Vehicle,CUST-15582
Salma Adel,Sales_Rep,57,Male,A,Land,CUST-15583
Hamdy Zaki,Doctor,55,Female,B,Land,CUST-15584
Amira Fawzy,Doctor,60,Female,D,,CUST-15585
Bassem Abdel-Aziz,Teacher,62,Female,A,Vehicle,CUST-15586
Sherif Hamdy,Engineer,34,Male,D,Land,CUST-15587
Zaki El-Sayed,Sales_Rep,42,Male,B,Land,CUST-15588
Layla Hassan,Teacher,41,Female,D,Land,CUST-15589
Sherif Ibrahim,Sales_Rep,45,Female,D,Land,CUST-15590
Hassan Hamdy,Doctor,40,Male,C,Land,CUST-15591
Layla Ghanem,Technician,60,Female,D,Land,CUST-15592
Bassem Kamel,Sales_Rep,49,Male,A,,CUST-15593
Layla Hassan,Sales_Rep,26,Male,D,,CUST-15594
Bassem Kamel,Accountant,23,Female,D,,CUST-15595
Mostafa Abdel-Aziz,Freelancer,21,Male,B,Vehicle,CUST-15596
Ahmed Hassan,Teacher,57,Male,B,Vehicle,CUST-15597
Khaled Kamel,Accountant,62,Female,A,Vehicle,CUST-15598
Bassem Hamdy,Sales_Rep,27,Male,C,,CUST-15599
Mostafa Zaki,Engineer,62,Male,C,Vehicle,CUST-15600
Sherif Abdel-Aziz,Teacher,45,Female,C,Land,CUST-15601
Wael Mansour,Sales_Rep,59,Female,B,,CUST-15602
Tarek Abdel-Aziz,Technician,65,Female,A,Vehicle,CUST-15603
Khaled Kamel,Teacher,32,Female,B,Land,CUST-15604
Tarek Amr,Freelancer,23,Male,B,Land,CUST-15605
Mostafa Abdel-Aziz,Sales_Rep,53,Female,A,Land,CUST-15606
Tarek Ghanem,Engineer,34,Female,D,Vehicle,CUST-15607
Wael Nabil,Engineer,21,Female,C,Vehicle,CUST-15608
Wael Amr,Engineer,29,Male,A,Vehicle,CUST-15609
Nabil Hassan,Technician,60,Male,A,,CUST-15610
Wael Kamel,Teacher,34,Female,D,Land,CUST-15611
Tarek El-Sayed,Doctor,44,Male,D,Vehicle,CUST-15612
Sara Nabil,Technician,34,Female,A,Land,CUST-15613
Hassan El-Sayed,Engineer,43,Male,C,Vehicle,CUST-15614
Mostafa Mansour,Engineer,47,Male,B,Vehicle,CUST-15615
Khaled Hamdy,Engineer,22,Male,A,Vehicle,CUST-15616
Nabil Abdel-Aziz,Engineer,65,Male,D,Vehicle,CUST-15617
Mahmoud Mahmoud,Teacher,62,Male,A,,CUST-15618
Ahmed Zaki,Engineer,29,Female,D,,CUST-15619
Amira Mahmoud,Sales_Rep,47,Male,C,Land,CUST-15620
Dina Kamel,Engineer,28,Male,D,Vehicle,CUST-15621
Hoda Ibrahim,Teacher,59,Male,B,Land,CUST-15622
Heba Abdel-Aziz,Engineer,29,Female,B,Vehicle,CUST-15623
Fatma Kamel,Engineer,52,Female,A,,CUST-15624
Mahmoud Amr,Engineer,42,Male,C,Land,CUST-15625
Hassan Saied,Teacher,42,Female,A,,CUST-15626
Dina Mahmoud,Technician,23,Female,B,,CUST-15627
Sara El-Sayed,Technician,37,Female,A,Land,CUST-15628
Hassan Ibrahim,Accountant,52,Male,A,,CUST-15629
Heba Fawzy,Doctor,52,Male,A,Vehicle,CUST-15630
Zaki Zaki,Accountant,42,Female,D,,CUST-15631
Khaled Hassan,Freelancer,36,Female,A,,CUST-15632
Karim Abdel-Aziz,Doctor,22,Female,C,,CUST-15633
Mahmoud Hamdy,Engineer,35,Female,A,Land,CUST-15634
Khaled Reda,Freelancer,40,Male,D,Land,CUST-15635
Salma Fawzy,Teacher,46,Female,A,,CUST-15636
Fatma El-Sayed,Sales_Rep,57,Male,A,Land,CUST-15637
Fatma Zaki,Engineer,33,Male,A,,CUST-15638
Hoda Fawzy,Freelancer,55,Male,D,,CUST-15639
Karim Adel,Accountant,50,Female,C,,CUST-15640
Khaled Ghanem,Technician,41,Female,A,,CUST-15641
Wael Adel,Freelancer,40,Male,C,Vehicle,CUST-15642
Salma Saied,Doctor,38,Male,C,,CUST-15643
Fatma Saied,Freelancer,52,Female,B,Vehicle,CUST-15644
Hamdy Hamdy,Engineer,35,Male,A,Vehicle,CUST-15645
Khaled Abdel-Aziz,Doctor,36,Female,D,Vehicle,CUST-15646
Ibrahim Hassan,Doctor,55,Male,D,Land,CUST-15647
Heba Reda,Teacher,48,Female,A,,CUST-15648
Bassem Kamel,Freelancer,58,Female,D,Land,CUST-15649
Khaled Adel,Sales_Rep,41,Male,A,Land,CUST-15650
Dina Hassan,Engineer,36,Male,B,,CUST-15651
Omar Adel,Technician,63,Male,D,,CUST-15652
Hoda Amr,Accountant,41,Female,B,,CUST-15653
Hassan Kamel,Teacher,60,Female,C,Land,CUST-15654
Amira Ghanem,Accountant,39,Male,C,Land,CUST-15655
Ibrahim Hamdy,Accountant,34,Male,D,Land,CUST-15656
Mostafa Saied,Engineer,45,Female,B,Land,CUST-15657
Salma Hamdy,Teacher,47,Male,D,Vehicle,CUST-15658
Dina Ghanem,Accountant,35,Female,C,Land,CUST-15659
Heba Hamdy,Doctor,38,Female,B,Land,CUST-15660
Hassan Fawzy,Sales_Rep,52,Male,C,,CUST-15661
Hassan Abdel-Aziz,Freelancer,48,Female,D,Land,CUST-15662
Ahmed Adel,Sales_Rep,51,Male,A,,CUST-15663
Dina Mahmoud,Technician,62,Male,B,,CUST-15664
Karim Saied,Accountant,38,Male,D,Vehicle,CUST-15665
,Teacher,54,Male,A,Vehicle,CUST-15666
Mostafa Kamel,Sales_Rep,46,Male,C,,CUST-15667
Mostafa Hamdy,Sales_Rep,61,Male,A,,CUST-15668
Karim Ibrahim,Teacher,27,Female,D,Vehicle,CUST-15669
Nabil Saied,Engineer,43,Male,B,,CUST-15670
Amira Mahmoud,Doctor,36,Male,A,,CUST-15671
Hamdy Nabil,Accountant,64,Female,A,,CUST-15672
Layla Abdel-Aziz,Engineer,42,Female,C,Land,CUST-15673
Omar Adel,Engineer,46,Male,B,,CUST-15674
Layla Fawzy,Technician,33,Male,C,Vehicle,CUST-15675
Zaki Abdel-Aziz,Teacher,54,Female,B,Land,CUST-15676
Heba Hassan,Freelancer,43,Female,B,Land,CUST-15677
Bassem Nabil,Engineer,61,Male,B,,CUST-15678
Amira Abdel-Aziz,Teacher,22,Male,C,,CUST-15679
,Engineer,59,Female,A,,CUST-15680
Hamdy Hassan,Engineer,64,Female,D,,CUST-15681
Sara Saied,Accountant,24,Male,A,Land,CUST-15682
Dina Mahmoud,Freelancer,63,Female,C,Vehicle,CUST-15683
Ahmed El-Sayed,Accountant,58,Female,C,Vehicle,CUST-15684
Hassan Reda,Teacher,31,Female,A,,CUST-15685
Mahmoud Mansour,Teacher,25,Female,D,,CUST-15686
Dina Abdel-Aziz,Engineer,46,Female,D,,CUST-15687
Mona El-Sayed,Sales_Rep,65,Female,D,Land,CUST-15688
Tarek Amr,Teacher,52,Male,B,Vehicle,CUST-15689
Ibrahim Amr,Doctor,33,Female,A,Land,CUST-15690
Hoda Fawzy,Doctor,64,Female,D,Land,CUST-15691
Layla Kamel,Doctor,40,Female,B,Land,CUST-15692
Bassem Kamel,Accountant,43,Female,A,Vehicle,CUST-15693
Bassem El-Sayed,Teacher,57,Male,D,,CUST-15694
Mostafa Hamdy,Doctor,65,Female,D,Land,CUST-15695
Omar Saied,Freelancer,60,Female,D,Land,CUST-15696
Ibrahim Kamel,Doctor,26,Female,C,Vehicle,CUST-15697
Hamdy Fawzy,Engineer,65,Female,B,,CUST-15698
Sherif Adel,Sales_Rep,53,Female,D,Land,CUST-15699
Fatma Hassan,Technician,29,Female,C,,CUST-15700
Khaled Reda,Freelancer,38,Female,D,Land,CUST-15701
Hoda Saied,Engineer,61,Male,A,Land,CUST-15702
Dina Kamel,Engineer,26,Male,D,Land,CUST-15703
Omar Ghanem,Accountant,39,Male,D,Land,CUST-15704
Dina Kamel,Sales_Rep,60,Female,D,,CUST-15705
Heba Nabil,Teacher,64,Male,A,Vehicle,CUST-15706
Fatma Hassan,Teacher,23,Female,A,,CUST-15707
Wael El-Sayed,Engineer,38,Female,C,Land,CUST-15708
Sara Adel,Doctor,55,Female,A,,CUST-15709
Hassan Adel,Sales_Rep,49,Female,D,,CUST-15710
Zaki Ghanem,Doctor,64,Female,C,Vehicle,CUST-15711
Ibrahim Amr,Teacher,63,Female,A,Land,CUST-15712
Zaki Abdel-Aziz,Teacher,63,Female,B,,CUST-15713
Nabil Saied,Freelancer,55,Male,C,,CUST-15714
Karim Abdel-Aziz,Engineer,34,Male,B,,CUST-15715
Mohamed Hassan,Teacher,53,Female,C,Vehicle,CUST-15716
Heba Adel,Accountant,43,Female,A,Vehicle,CUST-15717
Khaled Fawzy,Accountant,57,Female,D,,CUST-15718
Zaki Hassan,Teacher,62,Male,C,Land,CUST-15719
Mona El-Sayed,Freelancer,61,Male,D,,CUST-15720
Hoda Hassan,Doctor,49,Male,B,Land,CUST-15721
Mohamed Saied,Freelancer,42,Female,B,,CUST-15722
Hamdy El-Sayed,Engineer,35,Female,C,,CUST-15723
Omar Nabil,Sales_Rep,50,Female,D,,CUST-15724
Layla Adel,Accountant,26,Male,D,Land,CUST-15725
Sara Amr,Accountant,46,Female,C,Land,CUST-15726
Ibrahim Zaki,Freelancer,24,Female,C,Vehicle,CUST-15727
Nabil El-Sayed,Engineer,41,Female,D,,CUST-15728
Zaki Ghanem,Accountant,49,Female,B,Vehicle,CUST-15729
Tarek Amr,Doctor,47,Male,B,Vehicle,CUST-15730
,Doctor,23,Male,D,,CUST-15731
Heba Nabil,Engineer,57,Female,C,Vehicle,CUST-15732
Sherif Fawzy,Accountant,59,Female,A,,CUST-15733
Mohamed Zaki,Engineer,38,Female,C,Land,CUST-15734
Layla Nabil,Sales_Rep,25,Male,D,Land,CUST-15735
Ahmed Ibrahim,Freelancer,48,Female,B,Land,CUST-15736
,Doctor,41,Male,A,Vehicle,CUST-15737
Sherif Mansour,Teacher,63,Female,B,Vehicle,CUST-15738
Karim Nabil,Accountant,43,Male,B,,CUST-15739
Zaki Zaki,Sales_Rep,32,Male,B,,CUST-15740
Omar Mansour,Accountant,42,Male,D,Land,CUST-15741
Karim Fawzy,Sales_Rep,60,Female,C,Land,CUST-15742
Ahmed Hassan,Teacher,42,Female,D,Vehicle,CUST-15743
Omar Mahmoud,Technician,23,Male,C,Land,CUST-15744
Mahmoud Ibrahim,Doctor,23,Female,C,Vehicle,CUST-15745
Mona Hassan,Teacher,64,Female,A,,CUST-15746
Layla Mahmoud,Accountant,31,Female,B,Vehicle,CUST-15747
Mostafa Ghanem,Technician,51,Female,B,,CUST-15748
Zaki Zaki,Freelancer,63,Female,B,Vehicle,CUST-15749
Sara El-Sayed,Doctor,64,Female,C,Vehicle,CUST-15750
Wael Ibrahim,Doctor,64,Female,D,,CUST-15751
Mahmoud Hamdy,Teacher,47,Male,A,,CUST-15752
Salma Hamdy,Doctor,62,Female,A,,CUST-15753
Salma Ibrahim,Teacher,49,Female,C,Vehicle,CUST-15754
Nabil Ghanem,Engineer,34,Female,C,,CUST-15755
Bassem Hamdy,Teacher,43,Female,B,Land,CUST-15756
Mona Amr,Freelancer,42,Male,C,Vehicle,CUST-15757
Fatma Saied,Doctor,57,Male,B,,CUST-15758
Khaled Adel,Engineer,30,Female,A,Vehicle,CUST-15759
Layla Ibrahim,Freelancer,32,Male,B,,CUST-15760
Dina Adel,Teacher,50,Male,D,Land,CUST-15761
Hassan Abdel-Aziz,Freelancer,52,Female,B,Land,CUST-15762
,Freelancer,24,Female,D,,CUST-15763
Sherif Amr,Engineer,32,Female,B,,CUST-15764
Amira Mahmoud,Accountant,28,Male,B,Vehicle,CUST-15765
Dina Zaki,Freelancer,42,Female,A,Vehicle,CUST-15766
Layla Amr,Engineer,34,Female,A,Vehicle,CUST-15767
Salma Abdel-Aziz,Accountant,48,Female,C,Vehicle,CUST-15768
Karim Amr,Teacher,56,Male,B,Land,CUST-15769
Bassem Ghanem,Sales_Rep,37,Female,A,,CUST-15770
Wael Ibrahim,Doctor,45,Male,D,Vehicle,CUST-15771
Tarek Amr,Doctor,23,Male,B,Vehicle,CUST-15772
Mohamed Abdel-Aziz,Teacher,48,Male,D,Vehicle,CUST-15773
Amira Hassan,Technician,44,Male,C,Land,CUST-15774
Karim Mahmoud,Doctor,62,Male,B,Land,CUST-15775
Sara Abdel-Aziz,Doctor,38,Female,A,Land,CUST-15776
Mahmoud Zaki,Accountant,28,Male,B,Land,CUST-15777
Sara Adel,Sales_Rep,60,Female,C,,CUST-15778
Tarek Fawzy,Sales_Rep,47,Male,D,Land,CUST-15779
Mahmoud El-Sayed,Technician,22,Male,D,,CUST-15780
Heba Reda,Engineer,48,Male,D,Land,CUST-15781
Salma Ibrahim,Doctor,48,Female,A,Vehicle,CUST-15782
,Teacher,34,Male,D,Vehicle,CUST-15783
Amira Hassan,Teacher,42,Male,C,Vehicle,CUST-15784
Amira Abdel-Aziz,Doctor,30,Female,C,,CUST-15785
Mahmoud Hassan,Freelancer,46,Female,A,,CUST-15786
Hoda Zaki,Engineer,44,Female,D,Vehicle,CUST-15787
Ibrahim Fawzy,Teacher,55,Male,D,,CUST-15788
Ibrahim Ghanem,Freelancer,28,Female,A,Land,CUST-15789
Heba Mansour,Freelancer,45,Male,B,Land,CUST-15790
Hassan Mansour,Doctor,58,Male,D,Land,CUST-15791
Mahmoud Amr,Doctor,62,Male,C,Vehicle,CUST-15792
,Technician,61,Female,C,Land,CUST-15793
Ibrahim Hamdy,Doctor,62,Female,C,Vehicle,CUST-15794
Mona Saied,Accountant,23,Male,B,,CUST-15795
Fatma Mahmoud,Engineer,24,Male,B,Land,CUST-15796
Mona Hamdy,Doctor,23,Male,D,Land,CUST-15797
Hoda Adel,Accountant,54,Female,B,Land,CUST-15798
Layla Fawzy,Freelancer,42,Female,B,Vehicle,CUST-15799
Layla Reda,Doctor,61,Female,B,Land,CUST-15800
Hoda Mansour,Technician,37,Male,A,Land,CUST-15801
Salma Reda,Engineer,46,Female,A,Land,CUST-15802
Wael Ghanem,Technician,47,Male,A,,CUST-15803
Sherif Mahmoud,Teacher,30,Male,A,,CUST-15804
Amira Hamdy,Technician,30,Female,B,Land,CUST-15805
Tarek Reda,Technician,64,Male,D,Land,CUST-15806
Ahmed Hassan,Teacher,53,Female,C,,CUST-15807
Tarek Mansour,Teacher,33,Male,A,Vehicle,CUST-15808
Dina Fawzy,Accountant,23,Male,A,Land,CUST-15809
Nabil Hassan,Freelancer,47,Male,D,Vehicle,CUST-15810
Hamdy Saied,Sales_Rep,59,Male,C,,CUST-15811
,Engineer,41,Female,C,,CUST-15812
Tarek Mahmoud,Freelancer,45,Male,A,Land,CUST-15813
Mona Ibrahim,Freelancer,47,Male,A,Land,CUST-15814
Ahmed Reda,Technician,24,Female,D,Land,CUST-15815
Mohamed Hamdy,Doctor,60,Female,C,Land,CUST-15816
Mahmoud El-Sayed,Accountant,63,Female,B,Vehicle,CUST-15817
Hassan Hamdy,Technician,54,Male,A,,CUST-15818
Fatma Mansour,Sales_Rep,64,Female,C,Land,CUST-15819
Mostafa Mahmoud,Sales_Rep,59,Female,C,Land,CUST-15820
Ahmed Reda,Sales_Rep,61,Female,C,Land,CUST-15821
,Engineer,35,Male,A,Land,CUST-15822
Mahmoud Ghanem,Accountant,31,Male,C,,CUST-15823
Karim Ghanem,Engineer,37,Female,C,,CUST-15824
Mona El-Sayed,Engineer,63,Male,B,Land,CUST-15825
Hassan Fawzy,Accountant,41,Female,C,,CUST-15826
Bassem Nabil,Doctor,62,Female,A,Vehicle,CUST-15827
Wael Hassan,Sales_Rep,61,Female,B,Land,CUST-15828
Bassem Saied,Technician,30,Male,A,Land,CUST-15829
Hoda Nabil,Doctor,34,Female,D,,CUST-15830
Karim Ibrahim,Engineer,46,Female,D,Vehicle,CUST-15831
Layla El-Sayed,Sales_Rep,27,Male,B,Vehicle,CUST-15832
,Engineer,22,Male,D,,CUST-15833
Sherif Ghanem,Technician,22,Female,B,,CUST-15834
Mona Fawzy,Freelancer,35,Male,D,,CUST-15835
Omar Hassan,Freelancer,21,Male,D,Land,CUST-15836
,Sales_Rep,43,Female,D,Land,CUST-15837
Hassan Fawzy,Freelancer,33,Female,D,Vehicle,CUST-15838
Sherif Kamel,Sales_Rep,41,Female,D,Land,CUST-15839
Nabil Zaki,Doctor,45,Male,B,Vehicle,CUST-15840
Heba Ghanem,Teacher,34,Female,A,Land,CUST-15841
,Sales_Rep,38,Female,C,Vehicle,CUST-15842
Hoda Hassan,Doctor,44,Female,A,Vehicle,CUST-15843
Amira Fawzy,Teacher,25,Male,D,,CUST-15844
Omar Fawzy,Freelancer,42,Female,B,,CUST-15845
Mostafa Hamdy,Doctor,34,Female,B,Vehicle,CUST-15846
Hamdy El-Sayed,Engineer,34,Female,C,Vehicle,CUST-15847
Hassan Abdel-Aziz,Doctor,46,Male,B,,CUST-15848
Karim Adel,Doctor,29,Female,D,,CUST-15849
Salma El-Sayed,Engineer,51,Female,B,,CUST-15850
Amira Mahmoud,Technician,50,Male,B,Vehicle,CUST-15851
Amira Fawzy,Freelancer,50,Male,D,Vehicle,CUST-15852
Dina Nabil,Technician,27,Male,A,Vehicle,CUST-15853
Salma Saied,Technician,63,Female,C,,CUST-15854
Nabil El-Sayed,Engineer,28,Female,D,Vehicle,CUST-15855
Mona Mansour,Technician,24,Male,A,Land,CUST-15856
Mahmoud Hamdy,Freelancer,62,Male,A,Land,CUST-15857
Amira Ibrahim,Sales_Rep,39,Female,B,Vehicle,CUST-15858
Ahmed Nabil,Technician,62,Female,A,Vehicle,CUST-15859
Fatma Kamel,Technician,35,Male,A,,CUST-15860
Mona Hamdy,Doctor,25,Male,B,Land,CUST-15861
Nabil Nabil,Doctor,49,Male,D,Vehicle,CUST-15862
Wael Reda,Teacher,33,Male,C,Land,CUST-15863
Ahmed Ibrahim,Accountant,63,Male,D,Vehicle,CUST-15864
Hoda Hassan,Engineer,63,Male,D,,CUST-15865
Hamdy Amr,Engineer,37,Female,B,Vehicle,CUST-15866
Heba Ibrahim,Freelancer,59,Female,A,Land,CUST-15867
Hamdy Adel,Technician,31,Female,D,Land,CUST-15868
Wael Fawzy,Engineer,33,Male,D,Land,CUST-15869
Omar Kamel,Freelancer,35,Female,D,,CUST-15870
Hoda Hassan,Accountant,44,Female,B,Vehicle,CUST-15871
Karim Kamel,Doctor,64,Female,B,,CUST-15872
,Engineer,53,Male,B,,CUST-15873
Hamdy El-Sayed,Sales_Rep,35,Female,D,Vehicle,CUST-15874
Bassem Kamel,Technician,43,Male,D,,CUST-15875
Amira Ibrahim,Engineer,45,Female,A,Vehicle,CUST-15876
Hassan Abdel-Aziz,Technician,41,Female,A,Land,CUST-15877
Dina Reda,Engineer,59,Female,D,Vehicle,CUST-15878
Karim Zaki,Doctor,39,Female,A,Vehicle,CUST-15879
Heba Ibrahim,Engineer,45,Female,C,Land,CUST-15880
Mostafa El-Sayed,Doctor,53,Female,C,,CUST-15881
Bassem Saied,Sales_Rep,33,Male,C,,CUST-15882
Fatma Abdel-Aziz,Accountant,62,Male,C,Land,CUST-15883
Amira Mansour,Doctor,29,Male,C,Vehicle,CUST-15884
Hassan Hassan,Accountant,25,Female,D,Vehicle,CUST-15885
Layla Nabil,Engineer,34,Female,C,Vehicle,CUST-15886
Sherif El-Sayed,Sales_Rep,60,Male,D,Vehicle,CUST-15887
Karim Hamdy,Accountant,34,Male,B,Vehicle,CUST-15888
Mostafa Mansour,Sales_Rep,32,Female,C,Vehicle,CUST-15889
Mahmoud Nabil,Technician,28,Female,D,,CUST-15890
Khaled Hamdy,Doctor,52,Male,B,Land,CUST-15891
Fatma Zaki,Technician,60,Male,A,,CUST-15892
Mostafa Ibrahim,Freelancer,65,Female,C,Land,CUST-15893
Layla Zaki,Doctor,56,Female,A,Vehicle,CUST-15894
Hamdy Amr,Doctor,24,Male,C,Vehicle,CUST-15895
Karim Abdel-Aziz,Teacher,36,Male,A,,CUST-15896
Bassem Abdel-Aziz,Sales_Rep,23,Female,B,,CUST-15897
Sherif Fawzy,Teacher,29,Male,A,Vehicle,CUST-15898
Hamdy Abdel-Aziz,Sales_Rep,52,Male,B,Land,CUST-15899
Bassem Amr,Technician,60,Male,D,Land,CUST-15900
Wael Amr,Technician,43,Female,A,,CUST-15901
Hoda Ghanem,Technician,26,Male,C,Land,CUST-15902
Mostafa Adel,Accountant,46,Female,D,,CUST-15903
Karim Hassan,Teacher,28,Male,A,Vehicle,CUST-15904
Sara Adel,Teacher,25,Male,C,,CUST-15905
Hamdy El-Sayed,Engineer,21,Female,D,Land,CUST-15906
Mostafa Zaki,Accountant,60,Male,C,Vehicle,CUST-15907
Salma Abdel-Aziz,Engineer,64,Male,A,Vehicle,CUST-15908
Hamdy Zaki,Doctor,24,Male,D,Vehicle,CUST-15909
Ahmed Zaki,Doctor,63,Male,C,Vehicle,CUST-15910
Heba Mahmoud,Teacher,50,Female,C,Land,CUST-15911
Hamdy Reda,Accountant,25,Male,D,,CUST-15912
Ahmed Nabil,Teacher,29,Female,C,,CUST-15913
Mostafa Amr,Freelancer,56,Male,A,Vehicle,CUST-15914
Ibrahim Nabil,Teacher,64,Female,C,Vehicle,CUST-15915
Salma Adel,Teacher,24,Male,B,Vehicle,CUST-15916
Khaled Fawzy,Technician,40,Female,D,Vehicle,CUST-15917
Tarek Mansour,Accountant,52,Female,D,Vehicle,CUST-15918
Wael Hassan,Teacher,39,Male,B,Vehicle,CUST-15919
Khaled Amr,Technician,48,Female,B,Vehicle,CUST-15920
Zaki Kamel,Sales_Rep,37,Female,D,,CUST-15921
Karim Hamdy,Doctor,47,Male,C,Vehicle,CUST-15922
Fatma Hamdy,Teacher,51,Male,B,Vehicle,CUST-15923
Mona Mansour,Freelancer,64,Male,B,Land,CUST-15924
Fatma Hamdy,Doctor,38,Female,B,,CUST-15925
Mostafa El-Sayed,Engineer,33,Male,D,,CUST-15926
Zaki Mansour,Engineer,40,Male,A,Vehicle,CUST-15927
Salma Adel,Engineer,44,Female,C,Land,CUST-15928
Fatma Hassan,Sales_Rep,47,Female,A,Land,CUST-15929
Tarek Mansour,Technician,26,Male,D,,CUST-15930
Sherif Amr,Freelancer,47,Male,A,Vehicle,CUST-15931
Salma Nabil,Accountant,30,Female,A,Land,CUST-15932
Mostafa Saied,Teacher,27,Male,C,Land,CUST-15933
Ahmed Adel,Engineer,49,Male,C,Land,CUST-15934
Heba Hassan,Engineer,64,Male,B,,CUST-15935
Hoda Reda,Technician,41,Male,A,Vehicle,CUST-15936
Sherif Hamdy,Engineer,23,Female,D,Land,CUST-15937
Nabil Saied,Doctor,65,Male,C,Vehicle,CUST-15938
Mona Ibrahim,Doctor,55,Female,B,Land,CUST-15939
Bassem Fawzy,Technician,40,Male,D,,CUST-15940
Salma Saied,Engineer,39,Female,B,,CUST-15941
Amira Zaki,Doctor,48,Male,B,Land,CUST-15942
Amira Mansour,Freelancer,29,Male,B,,CUST-15943
Ibrahim Fawzy,Freelancer,52,Male,D,Land,CUST-15944
Hoda Adel,Freelancer,43,Female,D,Land,CUST-15945
Omar Mansour,Doctor,38,Male,A,,CUST-15946
Mostafa Saied,Freelancer,47,Female,D,Land,CUST-15947
Nabil Reda,Accountant,31,Female,C,Vehicle,CUST-15948
Mohamed Reda,Freelancer,23,Male,D,Vehicle,CUST-15949
Mostafa Kamel,Engineer,29,Female,C,Land,CUST-15950
Heba El-Sayed,Engineer,36,Male,C,,CUST-15951
Sherif Fawzy,Teacher,61,Female,C,Land,CUST-15952
Amira Ibrahim,Teacher,24,Male,C,Land,CUST-15953
Sherif Saied,Teacher,49,Female,B,,CUST-15954
Bassem El-Sayed,Sales_Rep,57,Male,D,Land,CUST-15955
Mahmoud Mahmoud,Accountant,57,Male,A,Vehicle,CUST-15956
,Freelancer,45,Male,B,Vehicle,CUST-15957
Tarek Ibrahim,Sales_Rep,46,Male,C,Land,CUST-15958
Amira Ghanem,Technician,34,Male,C,Land,CUST-15959
Karim Abdel-Aziz,Freelancer,52,Female,B,Land,CUST-15960
Mostafa Abdel-Aziz,Technician,63,Female,B,,CUST-15961
Heba Mahmoud,Doctor,52,Male,C,,CUST-15962
Hassan Mansour,Accountant,62,Male,A,,CUST-15963
Hamdy Ibrahim,Doctor,51,Male,D,Land,CUST-15964
Layla El-Sayed,Freelancer,36,Female,D,Land,CUST-15965
Hoda Fawzy,Sales_Rep,37,Male,C,Vehicle,CUST-15966
Bassem Kamel,Engineer,36,Male,A,Land,CUST-15967
Mona Kamel,Doctor,28,Male,D,Land,CUST-15968
Sara El-Sayed,Doctor,32,Female,B,Land,CUST-15969
Mostafa El-Sayed,Accountant,62,Female,B,Vehicle,CUST-15970
Ibrahim Nabil,Accountant,56,Female,A,Land,CUST-15971
,Freelancer,63,Male,D,Vehicle,CUST-15972
Ahmed Hassan,Teacher,29,Female,D,Vehicle,CUST-15973
Dina Hamdy,Freelancer,21,Male,B,Vehicle,CUST-15974
Sara Hassan,Engineer,26,Female,B,Vehicle,CUST-15975
Dina Amr,Engineer,44,Male,D,,CUST-15976
Mahmoud Kamel,Freelancer,24,Female,B,,CUST-15977
Ahmed Zaki,Freelancer,23,Female,A,Vehicle,CUST-15978
Dina Ibrahim,Sales_Rep,59,Male,A,Vehicle,CUST-15979
Sara Amr,Doctor,29,Female,D,Land,CUST-15980
Heba Abdel-Aziz,Doctor,49,Male,B,,CUST-15981
Mostafa Mansour,Engineer,44,Female,B,Vehicle,CUST-15982
Wael Zaki,Accountant,23,Male,D,Land,CUST-15983
Heba El-Sayed,Freelancer,54,Male,C,Land,CUST-15984
Salma El-Sayed,Engineer,47,Female,D,Land,CUST-15985
Hoda Abdel-Aziz,Freelancer,34,Female,B,Land,CUST-15986
Ahmed Ibrahim,Technician,21,Female,A,,CUST-15987
Hassan Fawzy,Accountant,30,Male,D,Land,CUST-15988
Bassem Fawzy,Teacher,25,Female,B,Land,CUST-15989
Khaled Ghanem,Freelancer,26,Female,D,Land,CUST-15990
Hoda Mahmoud,Engineer,24,Female,D,Land,CUST-15991
Ahmed Ibrahim,Doctor,46,Male,C,Vehicle,CUST-15992
Sherif Ghanem,Sales_Rep,47,Female,B,,CUST-15993
Zaki Mahmoud,Sales_Rep,62,Female,A,Land,CUST-15994
,Freelancer,36,Female,C,,CUST-15995
Tarek Mansour,Teacher,36,Female,B,Vehicle,CUST-15996
Mona Adel,Freelancer,46,Male,C,Land,CUST-15997
Sherif Ibrahim,Teacher,62,Female,B,,CUST-15998
Heba Kamel,Accountant,58,Male,A,Land,CUST-15999
Heba Hamdy,Doctor,51,Female,A,Land,CUST-16000
Hoda Abdel-Aziz,Accountant,41,Male,B,Land,CUST-16001
Nabil El-Sayed,Sales_Rep,60,Male,C,Land,CUST-16002
Mona Hassan,Freelancer,31,Male,A,Vehicle,CUST-16003
Sherif Reda,Technician,64,Male,C,Land,CUST-16004
Fatma Mahmoud,Freelancer,35,Female,C,,CUST-16005
Ibrahim Adel,Technician,54,Female,A,Vehicle,CUST-16006
Ahmed Mahmoud,Freelancer,59,Male,D,Land,CUST-16007
Omar Mansour,Sales_Rep,61,Female,A,Land,CUST-16008
Zaki Amr,Doctor,42,Female,A,Land,CUST-16009
Mona Kamel,Accountant,24,Female,A,,CUST-16010
Hassan Hamdy,Doctor,46,Female,A,Vehicle,CUST-16011
Fatma Amr,Teacher,48,Male,A,,CUST-16012
Dina Mansour,Freelancer,58,Female,D,,CUST-16013
Hassan Saied,Doctor,37,Female,A,,CUST-16014
Hassan Amr,Teacher,57,Female,B,Vehicle,CUST-16015
Hassan Reda,Technician,38,Female,C,Land,CUST-16016
Layla Abdel-Aziz,Technician,47,Female,C,,CUST-16017
Karim Abdel-Aziz,Engineer,25,Male,A,Land,CUST-16018
,Sales_Rep,42,Female,A,,CUST-16019
Khaled Nabil,Technician,46,Female,B,,CUST-16020
Khaled Hassan,Technician,60,Female,D,Land,CUST-16021
Heba Abdel-Aziz,Accountant,23,Male,C,Vehicle,CUST-16022
Karim El-Sayed,Teacher,23,Male,D,Land,CUST-16023
Sara Ibrahim,Teacher,32,Male,C,,CUST-16024
Hoda Ghanem,Doctor,29,Female,C,,CUST-16025
Nabil Ghanem,Sales_Rep,49,Female,B,Vehicle,CUST-16026
Nabil Abdel-Aziz,Technician,44,Male,C,,CUST-16027
Nabil Nabil,Freelancer,28,Female,D,Vehicle,CUST-16028
Salma Adel,Accountant,39,Female,B,,CUST-16029
Ahmed Fawzy,Engineer,41,Male,C,,CUST-16030
Omar Abdel-Aziz,Sales_Rep,58,Female,D,Vehicle,CUST-16031
Hoda Zaki,Sales_Rep,44,Male,A,Land,CUST-16032
Mahmoud El-Sayed,Accountant,55,Male,D,,CUST-16033
Amira Abdel-Aziz,Technician,48,Female,C,Land,CUST-16034
Tarek Ibrahim,Engineer,58,Female,C,Vehicle,CUST-16035
Karim Adel,Teacher,64,Female,C,,CUST-16036
Heba Saied,Doctor,26,Female,A,,CUST-16037
Hoda Fawzy,Teacher,45,Female,B,Vehicle,CUST-16038
Hassan Nabil,Technician,34,Female,D,Vehicle,CUST-16039
Fatma Hassan,Freelancer,40,Female,A,Vehicle,CUST-16040
Heba Adel,Engineer,51,Female,B,Vehicle,CUST-16041
Tarek Reda,Teacher,61,Female,D,Vehicle,CUST-16042
Amira Kamel,Freelancer,47,Male,D,Land,CUST-16043
Ahmed Hamdy,Teacher,31,Female,C,Land,CUST-16044
Karim Abdel-Aziz,Engineer,41,Male,A,,CUST-16045
Hoda Abdel-Aziz,Teacher,55,Male,D,,CUST-16046
Khaled El-Sayed,Doctor,30,Male,D,Vehicle,CUST-16047
Ahmed Mahmoud,Accountant,61,Female,C,,CUST-16048
Ibrahim Zaki,Freelancer,53,Female,C,,CUST-16049
Ibrahim Abdel-Aziz,Freelancer,51,Female,D,Land,CUST-16050
,Freelancer,45,Male,D,Land,CUST-16051
Mahmoud Zaki,Sales_Rep,38,Male,B,Vehicle,CUST-16052
Mohamed Saied,Sales_Rep,44,Male,D,Vehicle,CUST-16053
Sherif Nabil,Freelancer,59,Male,C,,CUST-16054
Mahmoud Ibrahim,Sales_Rep,65,Female,A,Land,CUST-16055
Heba Zaki,Teacher,27,Female,D,Land,CUST-16056
Mahmoud Ibrahim,Teacher,44,Male,C,Land,CUST-16057
Sara El-Sayed,Teacher,45,Female,B,Land,CUST-16058
Sherif Ghanem,Accountant,64,Male,A,Vehicle,CUST-16059
Omar Adel,Doctor,63,Female,C,,CUST-16060
Ahmed Ibrahim,Freelancer,34,Female,D,,CUST-16061
Hoda Adel,Technician,56,Female,B,,CUST-16062
Sara Mahmoud,Accountant,51,Female,C,Vehicle,CUST-16063
Khaled Nabil,Freelancer,40,Female,C,,CUST-16064
Omar Adel,Freelancer,51,Male,B,Land,CUST-16065
Wael Mahmoud,Teacher,34,Female,D,Land,CUST-16066
Khaled Fawzy,Freelancer,40,Male,D,,CUST-16067
Bassem Mansour,Engineer,28,Female,C,Vehicle,CUST-16068
Mohamed Saied,Technician,65,Male,A,,CUST-16069
Karim Nabil,Accountant,64,Female,A,,CUST-16070
Mohamed Adel,Sales_Rep,27,Female,B,Vehicle,CUST-16071
Tarek Abdel-Aziz,Freelancer,35,Male,B,Vehicle,CUST-16072
Hassan Kamel,Freelancer,48,Female,D,,CUST-16073
Sara Fawzy,Freelancer,22,Female,D,,CUST-16074
Khaled Nabil,Freelancer,55,Female,B,Land,CUST-16075
Salma Ibrahim,Accountant,31,Male,D,Land,CUST-16076
Khaled Abdel-Aziz,Freelancer,46,Female,D,Vehicle,CUST-16077
Amira Ghanem,Freelancer,35,Male,A,,CUST-16078
Hamdy Hassan,Doctor,64,Female,D,Vehicle,CUST-16079
Zaki Hassan,Doctor,56,Male,D,Vehicle,CUST-16080
Wael Ibrahim,Freelancer,65,Female,B,Vehicle,CUST-16081
Ibrahim Reda,Freelancer,32,Female,D,,CUST-16082
,Engineer,48,Female,B,Land,CUST-16083
Hoda Mansour,Doctor,28,Male,B,Vehicle,CUST-16084
Hamdy Ibrahim,Teacher,63,Female,C,Land,CUST-16085
Omar El-Sayed,Technician,53,Female,B,Vehicle,CUST-16086
Dina Mahmoud,Doctor,40,Female,B,Vehicle,CUST-16087
Dina Reda,Freelancer,38,Female,D,Land,CUST-16088
,Accountant,55,Male,C,,CUST-16089
Mostafa Ibrahim,Engineer,50,Male,C,Land,CUST-16090
Amira Saied,Doctor,30,Female,C,,CUST-16091
Ahmed El-Sayed,Accountant,40,Male,B,,CUST-16092
Salma Amr,Sales_Rep,65,Female,B,Vehicle,CUST-16093
,Freelancer,32,Female,B,Vehicle,CUST-16094
Mostafa Zaki,Technician,40,Female,A,Vehicle,CUST-16095
Dina Kamel,Doctor,50,Male,B,Vehicle,CUST-16096
Amira Mansour,Accountant,61,Male,D,Vehicle,CUST-16097
Ahmed Reda,Teacher,62,Female,B,Vehicle,CUST-16098
Salma Nabil,Doctor,42,Female,B,Vehicle,CUST-16099
Hamdy Ghanem,Freelancer,40,Female,A,Vehicle,CUST-16100
Dina Mansour,Technician,33,Male,D,Land,CUST-16101
Fatma Fawzy,Sales_Rep,59,Female,B,Vehicle,CUST-16102
Mostafa Mahmoud,Technician,37,Female,B,,CUST-16103
Ibrahim Nabil,Engineer,56,Male,C,,CUST-16104
Amira Kamel,Technician,43,Male,B,Vehicle,CUST-16105
Salma Fawzy,Freelancer,29,Female,A,Land,CUST-16106
Dina Mansour,Doctor,36,Male,C,Land,CUST-16107
Mona Kamel,Technician,26,Female,A,Vehicle,CUST-16108
Sara Fawzy,Doctor,59,Male,B,Vehicle,CUST-16109
Khaled Nabil,Accountant,22,Female,A,,CUST-16110
Dina Ghanem,Technician,23,Male,C,,CUST-16111
Layla Amr,Accountant,31,Male,B,,CUST-16112
Bassem Hamdy,Freelancer,47,Female,D,,CUST-16113
Mahmoud Nabil,Accountant,43,Female,B,Land,CUST-16114
Mostafa Ghanem,Accountant,34,Female,B,,CUST-16115
,Teacher,22,Female,B,,CUST-16116
Heba Ghanem,Doctor,53,Male,D,Land,CUST-16117
Hoda Saied,Engineer,32,Female,B,Vehicle,CUST-16118
Heba Saied,Teacher,30,Male,D,Land,CUST-16119
Tarek Amr,Doctor,41,Female,A,Land,CUST-16120
Wael Ibrahim,Sales_Rep,48,Male,A,,CUST-16121
Wael Kamel,Engineer,41,Male,C,Land,CUST-16122
Sherif Mansour,Accountant,64,Female,C,Land,CUST-16123
,Freelancer,43,Female,B,Land,CUST-16124
Ibrahim Mansour,Accountant,39,Female,D,Land,CUST-16125
Mona Kamel,Sales_Rep,25,Male,A,,CUST-16126
Dina Abdel-Aziz,Sales_Rep,44,Female,A,Vehicle,CUST-16127
Amira Mahmoud,Accountant,31,Male,C,,CUST-16128
Mahmoud Kamel,Teacher,58,Female,D,,CUST-16129
Mostafa Saied,Accountant,47,Male,B,,CUST-16130
Dina Mansour,Engineer,62,Female,D,Land,CUST-16131
Hoda Reda,Sales_Rep,62,Female,D,Land,CUST-16132
Sara Fawzy,Freelancer,35,Female,D,Vehicle,CUST-16133
Ibrahim Reda,Doctor,65,Female,C,,CUST-16134
,Engineer,56,Male,D,Land,CUST-16135
Tarek Hamdy,Accountant,56,Female,B,Land,CUST-16136
Fatma Zaki,Doctor,63,Male,B,,CUST-16137
Mahmoud Saied,Teacher,41,Female,B,Vehicle,CUST-16138
Bassem Reda,Technician,45,Female,A,,CUST-16139
Layla Reda,Engineer,27,Male,C,Land,CUST-16140
Mostafa Nabil,Doctor,31,Male,B,,CUST-16141
Ahmed Fawzy,Teacher,33,Male,C,Vehicle,CUST-16142
Ahmed Hassan,Teacher,51,Male,B,Vehicle,CUST-16143
Sherif Hassan,Doctor,44,Male,C,Land,CUST-16144
Mona Hamdy,Technician,40,Female,A,,CUST-16145
Mohamed Saied,Sales_Rep,41,Female,A,Land,CUST-16146
Wael Abdel-Aziz,Engineer,49,Male,D,,CUST-16147
Wael Mahmoud,Doctor,62,Female,A,Land,CUST-16148
Mona Mansour,Technician,65,Male,D,Vehicle,CUST-16149
Hassan Saied,Engineer,56,Female,A,Vehicle,CUST-16150
Khaled Fawzy,Teacher,35,Female,D,,CUST-16151
Karim El-Sayed,Accountant,60,Male,D,Vehicle,CUST-16152
Tarek Zaki,Accountant,54,Male,A,,CUST-16153
Fatma Mahmoud,Sales_Rep,48,Female,C,Land,CUST-16154
Hoda Nabil,Engineer,58,Female,C,Vehicle,CUST-16155
Hamdy Amr,Sales_Rep,60,Female,D,,CUST-16156
Zaki Adel,Technician,49,Female,C,Vehicle,CUST-16157
Ibrahim Ghanem,Engineer,53,Female,C,Vehicle,CUST-16158
Hassan Kamel,Engineer,45,Female,B,Land,CUST-16159
Karim Kamel,Doctor,62,Male,B,Vehicle,CUST-16160
Mahmoud Abdel-Aziz,Engineer,24,Female,C,,CUST-16161
Sara Abdel-Aziz,Doctor,61,Male,B,Land,CUST-16162
Dina Kamel,Accountant,30,Male,A,,CUST-16163
,Sales_Rep,57,Male,A,Vehicle,CUST-16164
Hoda El-Sayed,Doctor,59,Male,D,Vehicle,CUST-16165
Mahmoud Amr,Sales_Rep,37,Female,D,Land,CUST-16166
Hassan Fawzy,Doctor,58,Female,B,Vehicle,CUST-16167
Sherif Amr,Freelancer,39,Female,C,Vehicle,CUST-16168
Fatma Abdel-Aziz,Engineer,48,Female,C,Vehicle,CUST-16169
Sara Mansour,Teacher,60,Male,B,Vehicle,CUST-16170
Heba Kamel,Technician,62,Male,B,,CUST-16171
Nabil Abdel-Aziz,Technician,44,Male,D,Land,CUST-16172
Karim Zaki,Technician,55,Male,A,,CUST-16173
Fatma El-Sayed,Accountant,42,Male,C,,CUST-16174
Wael Nabil,Teacher,53,Female,D,Land,CUST-16175
Sherif Ghanem,Technician,29,Male,C,Land,CUST-16176
Mona El-Sayed,Technician,38,Male,B,Land,CUST-16177
Ahmed Hassan,Sales_Rep,41,Male,A,Land,CUST-16178
Fatma Adel,Accountant,40,Male,C,Land,CUST-16179
Hoda Nabil,Accountant,31,Male,A,,CUST-16180
Tarek Hamdy,Accountant,32,Male,B,,CUST-16181
Karim Mansour,Freelancer,27,Female,A,Vehicle,CUST-16182
Wael Reda,Sales_Rep,42,Male,D,,CUST-16183
Hamdy Mansour,Accountant,53,Male,D,Vehicle,CUST-16184
Ahmed Hassan,Teacher,43,Female,C,Land,CUST-16185
Ahmed Nabil,Technician,31,Female,A,Vehicle,CUST-16186
Mohamed Ghanem,Freelancer,25,Male,B,Vehicle,CUST-16187
Mona Adel,Doctor,41,Male,D,Land,CUST-16188
Layla Mahmoud,Sales_Rep,54,Female,C,Vehicle,CUST-16189
Zaki Ghanem,Freelancer,33,Male,B,Land,CUST-16190
Sara Mansour,Engineer,26,Male,D,Vehicle,CUST-16191
Nabil Saied,Doctor,51,Female,C,Land,CUST-16192
Nabil Kamel,Accountant,50,Male,D,Land,CUST-16193
Layla Kamel,Sales_Rep,32,Male,D,,CUST-16194
Hassan Adel,Doctor,23,Female,C,,CUST-16195
Sara Adel,Technician,53,Male,A,Land,CUST-16196
Fatma El-Sayed,Technician,23,Female,A,,CUST-16197
Mostafa Fawzy,Freelancer,41,Male,A,,CUST-16198
Salma Adel,Technician,27,Female,C,,CUST-16199
,Freelancer,38,Male,A,Vehicle,CUST-16200
Sara Abdel-Aziz,Technician,37,Female,A,,CUST-16201
Wael Ibrahim,Teacher,34,Male,B,Vehicle,CUST-16202
Zaki Ibrahim,Doctor,55,Female,D,Vehicle,CUST-16203
Omar Amr,Engineer,37,Male,B,Land,CUST-16204
Bassem Amr,Sales_Rep,63,Female,A,Vehicle,CUST-16205
Omar Amr,Freelancer,55,Male,D,Land,CUST-16206
Amira Ghanem,Doctor,61,Female,B,Land,CUST-16207
Nabil Hassan,Freelancer,48,Male,A,Vehicle,CUST-16208
Salma Abdel-Aziz,Doctor,61,Male,C,,CUST-16209
Bassem Adel,Accountant,36,Male,B,Land,CUST-16210
Karim Abdel-Aziz,Accountant,44,Female,D,,CUST-16211
Fatma Hamdy,Teacher,34,Male,D,,CUST-16212
Amira Mansour,Technician,42,Male,B,Vehicle,CUST-16213
Sara Adel,Freelancer,33,Female,B,,CUST-16214
Ahmed Nabil,Doctor,28,Female,A,Vehicle,CUST-16215
Khaled Mahmoud,Engineer,59,Male,D,Land,CUST-16216
Khaled Nabil,Teacher,35,Female,A,Land,CUST-16217
Mona Kamel,Accountant,37,Female,C,Land,CUST-16218
Karim Adel,Technician,35,Male,B,,CUST-16219
Omar Ibrahim,Sales_Rep,50,Male,A,Vehicle,CUST-16220
Salma Mahmoud,Sales_Rep,30,Male,C,Vehicle,CUST-16221
Mona Abdel-Aziz,Doctor,52,Female,B,Vehicle,CUST-16222
Mahmoud Amr,Teacher,54,Female,C,Vehicle,CUST-16223
Tarek Kamel,Sales_Rep,34,Male,C,Land,CUST-16224
Khaled Kamel,Teacher,38,Male,C,Land,CUST-16225
Hoda Reda,Doctor,42,Male,B,Vehicle,CUST-16226
Amira Abdel-Aziz,Doctor,29,Female,D,,CUST-16227
Amira Saied,Accountant,25,Female,D,Vehicle,CUST-16228
Amira Saied,Freelancer,36,Male,A,Land,CUST-16229
Salma Ibrahim,Freelancer,61,Female,B,Vehicle,CUST-16230
Sherif Fawzy,Doctor,31,Female,B,Vehicle,CUST-16231
Mohamed Fawzy,Teacher,28,Male,B,Land,CUST-16232
Nabil Fawzy,Sales_Rep,59,Male,A,Vehicle,CUST-16233
Sherif Zaki,Technician,60,Female,D,Land,CUST-16234
Mahmoud Saied,Engineer,48,Male,C,Vehicle,CUST-16235
Mahmoud Mansour,Teacher,46,Female,B,Vehicle,CUST-16236
Hamdy Adel,Technician,22,Female,A,Land,CUST-16237
Tarek Saied,Sales_Rep,65,Female,A,Vehicle,CUST-16238
Layla Kamel,Doctor,28,Male,D,Vehicle,CUST-16239
Layla Mahmoud,Teacher,48,Female,D,Vehicle,CUST-16240
Heba Adel,Doctor,23,Male,A,Land,CUST-16241
Dina Ghanem,Accountant,64,Female,C,,CUST-16242
Khaled Kamel,Technician,39,Female,C,,CUST-16243
Hamdy Amr,Doctor,64,Female,A,Vehicle,CUST-16244
Mostafa Amr,Teacher,27,Male,A,Land,CUST-16245
Bassem Hassan,Freelancer,25,Male,D,Land,CUST-16246
Layla Hassan,Freelancer,34,Male,A,,CUST-16247
Hamdy Amr,Freelancer,22,Female,A,Land,CUST-16248
Hoda Adel,Engineer,47,Female,C,,CUST-16249
Ibrahim Hamdy,Accountant,50,Female,A,,CUST-16250
Bassem Hassan,Freelancer,54,Male,A,Land,CUST-16251
Amira Ibrahim,Accountant,22,Female,D,,CUST-16252
Karim Ibrahim,Doctor,24,Female,B,Land,CUST-16253
,Freelancer,30,Male,C,,CUST-16254
Mostafa El-Sayed,Engineer,34,Male,A,Land,CUST-16255
Tarek Fawzy,Doctor,39,Female,D,Vehicle,CUST-16256
Tarek Mansour,Technician,58,Male,B,Vehicle,CUST-16257
Omar Amr,Teacher,29,Male,D,Land,CUST-16258
Wael Mahmoud,Engineer,37,Male,A,Land,CUST-16259
Ibrahim Mahmoud,Technician,49,Female,A,,CUST-16260
Zaki Fawzy,Accountant,54,Male,A,Vehicle,CUST-16261
Mona Hassan,Doctor,46,Female,A,Vehicle,CUST-16262
Mona Amr,Technician,60,Female,A,Land,CUST-16263
Karim Saied,Sales_Rep,47,Female,C,Land,CUST-16264
Karim Adel,Freelancer,61,Female,B,Land,CUST-16265
Mostafa El-Sayed,Teacher,62,Male,D,Vehicle,CUST-16266
Salma Mahmoud,Sales_Rep,61,Male,D,Land,CUST-16267
Bassem Fawzy,Technician,52,Male,B,Vehicle,CUST-16268
Salma Mahmoud,Teacher,29,Female,C,Vehicle,CUST-16269
Amira Hamdy,Engineer,30,Female,B,Vehicle,CUST-16270
Salma Mahmoud,Engineer,33,Female,D,Vehicle,CUST-16271
Nabil Mahmoud,Teacher,34,Female,A,Vehicle,CUST-16272
Sherif Abdel-Aziz,Doctor,57,Female,C,Land,CUST-16273
Dina Zaki,Doctor,61,Male,D,Vehicle,CUST-16274
Dina Amr,Teacher,53,Female,D,Land,CUST-16275
Wael Zaki,Engineer,62,Female,A,Land,CUST-16276
Salma Zaki,Engineer,53,Female,A,Land,CUST-16277
,Doctor,51,Male,C,Vehicle,CUST-16278
Fatma Ghanem,Doctor,63,Male,D,Land,CUST-16279
Layla Ibrahim,Doctor,47,Male,B,Vehicle,CUST-16280
Ahmed Adel,Technician,47,Male,B,Vehicle,CUST-16281
Mona Kamel,Freelancer,50,Male,A,Land,CUST-16282
Tarek Ibrahim,Technician,21,Female,D,Vehicle,CUST-16283
Mona Reda,Accountant,25,Male,C,Vehicle,CUST-16284
Tarek Amr,Teacher,35,Female,B,Vehicle,CUST-16285
Karim Hamdy,Teacher,21,Female,C,,CUST-16286
Hamdy Mansour,Engineer,65,Male,A,Land,CUST-16287
Mohamed Ibrahim,Teacher,62,Male,B,Vehicle,CUST-16288
Ahmed Fawzy,Accountant,21,Male,A,Vehicle,CUST-16289
Sherif Hamdy,Engineer,29,Female,C,,CUST-16290
Mostafa Hassan,Accountant,61,Female,B,Land,CUST-16291
Heba Reda,Accountant,49,Male,B,Vehicle,CUST-16292
Karim Ibrahim,Engineer,42,Female,B,,CUST-16293
Heba Nabil,Engineer,53,Male,C,,CUST-16294
Salma Adel,Technician,43,Male,A,Land,CUST-16295
Layla Amr,Accountant,35,Female,D,,CUST-16296
Ahmed Abdel-Aziz,Freelancer,26,Female,C,Vehicle,CUST-16297
Omar Zaki,Freelancer,58,Female,A,Vehicle,CUST-16298
,Sales_Rep,29,Female,A,Vehicle,CUST-16299
Hoda Ghanem,Accountant,44,Female,A,Vehicle,CUST-16300
Dina Mansour,Technician,38,Male,C,,CUST-16301
Bassem Abdel-Aziz,Sales_Rep,60,Female,A,Vehicle,CUST-16302
Hassan Ibrahim,Freelancer,54,Male,D,Land,CUST-16303
Zaki Hamdy,Doctor,38,Female,A,,CUST-16304
Bassem Adel,Freelancer,50,Female,C,Vehicle,CUST-16305
Hoda Kamel,Freelancer,57,Female,A,,CUST-16306
Heba Saied,Doctor,40,Female,B,Vehicle,CUST-16307
Mona Abdel-Aziz,Accountant,58,Female,A,Land,CUST-16308
Mohamed Mansour,Technician,61,Male,B,,CUST-16309
Omar Saied,Doctor,26,Male,C,Land,CUST-16310
Hamdy Mahmoud,Accountant,21,Male,C,Land,CUST-16311
Ahmed El-Sayed,Technician,47,Male,B,,CUST-16312
Hassan Hamdy,Engineer,37,Male,C,Land,CUST-16313
Layla Mansour,Technician,48,Male,D,Land,CUST-16314
Hassan Saied,Teacher,45,Female,B,Vehicle,CUST-16315
Hoda Reda,Doctor,42,Male,B,,CUST-16316
Salma Zaki,Accountant,37,Male,B,,CUST-16317
Zaki Fawzy,Doctor,22,Female,B,Land,CUST-16318
Nabil Ibrahim,Teacher,55,Male,B,Vehicle,CUST-16319
Dina Kamel,Teacher,28,Male,D,Land,CUST-16320
Sherif Ibrahim,Sales_Rep,39,Male,A,Vehicle,CUST-16321
Nabil Adel,Doctor,42,Male,D,Land,CUST-16322
Ibrahim Abdel-Aziz,Freelancer,50,Male,C,Vehicle,CUST-16323
Karim Saied,Sales_Rep,40,Male,A,,CUST-16324
Nabil Amr,Engineer,22,Female,B,Vehicle,CUST-16325
Zaki Hassan,Doctor,45,Female,C,Vehicle,CUST-16326
Fatma Abdel-Aziz,Sales_Rep,22,Female,B,Vehicle,CUST-16327
Mohamed Hassan,Accountant,43,Male,A,Vehicle,CUST-16328
Mahmoud Saied,Accountant,65,Female,B,,CUST-16329
Sara El-Sayed,Teacher,46,Female,A,,CUST-16330
Khaled Ibrahim,Doctor,22,Male,D,,CUST-16331
Salma Hassan,Freelancer,29,Female,D,Vehicle,CUST-16332
Mona Abdel-Aziz,Technician,26,Female,D,,CUST-16333
Mona Fawzy,Technician,41,Female,A,Vehicle,CUST-16334
Nabil Fawzy,Teacher,40,Male,A,,CUST-16335
Hoda Amr,Technician,29,Male,C,,CUST-16336
Dina Nabil,Technician,29,Male,C,Vehicle,CUST-16337
Khaled Kamel,Technician,64,Female,D,Vehicle,CUST-16338
Tarek Kamel,Freelancer,54,Female,C,Vehicle,CUST-16339
Tarek Mansour,Doctor,23,Male,B,Land,CUST-16340
Amira Mansour,Accountant,22,Female,A,Vehicle,CUST-16341
,Engineer,48,Male,D,,CUST-16342
Omar Nabil,Sales_Rep,61,Female,B,Vehicle,CUST-16343
Khaled Reda,Doctor,36,Female,D,,CUST-16344
Mohamed Hamdy,Accountant,40,Male,D,Land,CUST-16345
Hamdy Zaki,Accountant,22,Male,C,Land,CUST-16346
Nabil Ghanem,Freelancer,56,Female,B,Vehicle,CUST-16347
Nabil Amr,Technician,23,Female,C,Land,CUST-16348
Heba Ibrahim,Accountant,23,Male,B,Vehicle,CUST-16349
Zaki El-Sayed,Teacher,44,Male,C,Vehicle,CUST-16350
Mostafa Amr,Freelancer,62,Male,C,Vehicle,CUST-16351
Wael Zaki,Doctor,48,Male,C,Vehicle,CUST-16352
Omar Reda,Sales_Rep,30,Male,C,Vehicle,CUST-16353
Karim Ibrahim,Freelancer,27,Male,D,Vehicle,CUST-16354
Nabil Fawzy,Accountant,63,Male,A,Land,CUST-16355
Sara Zaki,Technician,28,Female,A,Vehicle,CUST-16356
Salma Zaki,Teacher,23,Female,A,,CUST-16357
Hamdy Abdel-Aziz,Doctor,37,Female,D,Vehicle,CUST-16358
Mahmoud Mansour,Technician,58,Male,A,Land,CUST-16359
Khaled Reda,Accountant,64,Male,D,,CUST-16360
Fatma Fawzy,Teacher,46,Male,C,,CUST-16361
Mona Abdel-Aziz,Technician,35,Male,C,Vehicle,CUST-16362
Ibrahim Zaki,Engineer,63,Male,D,,CUST-16363
Amira Zaki,Freelancer,52,Female,D,,CUST-16364
Bassem Hassan,Technician,60,Female,C,Land,CUST-16365
Sara Reda,Engineer,46,Male,A,Land,CUST-16366
Layla Hassan,Doctor,38,Male,A,Land,CUST-16367
Sherif Mansour,Teacher,52,Male,A,Vehicle,CUST-16368
Mona Mansour,Technician,56,Female,C,Land,CUST-16369
Mostafa Ibrahim,Doctor,50,Male,B,Land,CUST-16370
Fatma Abdel-Aziz,Teacher,40,Male,A,Land,CUST-16371
Sherif Saied,Doctor,38,Male,D,,CUST-16372
Nabil El-Sayed,Technician,38,Male,C,Vehicle,CUST-16373
Sherif Abdel-Aziz,Teacher,44,Female,D,,CUST-16374
Mohamed Ghanem,Sales_Rep,43,Male,B,Land,CUST-16375
Salma Nabil,Technician,23,Male,C,Land,CUST-16376
Mostafa Hamdy,Doctor,59,Female,D,Land,CUST-16377
Ahmed Saied,Technician,37,Male,B,Vehicle,CUST-16378
Ibrahim Mahmoud,Engineer,57,Male,C,Vehicle,CUST-16379
Fatma Reda,Technician,27,Female,B,Land,CUST-16380
Mahmoud Ghanem,Freelancer,47,Male,A,Vehicle,CUST-16381
Omar Hassan,Doctor,39,Female,D,Vehicle,CUST-16382
Salma Fawzy,Accountant,25,Male,A,Vehicle,CUST-16383
Tarek Fawzy,Doctor,32,Female,A,,CUST-16384
Layla Fawzy,Engineer,29,Male,D,Vehicle,CUST-16385
Fatma Hassan,Freelancer,51,Male,C,Land,CUST-16386
Omar Mahmoud,Engineer,32,Female,B,,CUST-16387
Hamdy El-Sayed,Teacher,23,Male,A,,CUST-16388
Hassan Mahmoud,Sales_Rep,46,Female,B,,CUST-16389
Fatma Hamdy,Technician,46,Female,A,Vehicle,CUST-16390
Heba Reda,Doctor,49,Female,C,Land,CUST-16391
Hamdy Saied,Teacher,51,Female,A,Land,CUST-16392
Ibrahim Reda,Sales_Rep,60,Male,B,Land,CUST-16393
Mohamed Adel,Doctor,21,Male,D,Vehicle,CUST-16394
Layla Mahmoud,Teacher,40,Female,B,Vehicle,CUST-16395
Bassem Ibrahim,Freelancer,36,Female,C,,CUST-16396
Mona Fawzy,Freelancer,50,Male,D,Land,CUST-16397
Zaki Ghanem,Accountant,37,Male,B,,CUST-16398
Amira Kamel,Doctor,57,Male,A,Land,CUST-16399
Hassan Nabil,Doctor,26,Female,A,Land,CUST-16400
Dina Hassan,Freelancer,41,Male,A,Land,CUST-16401
Mahmoud Adel,Sales_Rep,52,Male,B,,CUST-16402
Hoda Amr,Engineer,40,Male,C,,CUST-16403
Hoda Zaki,Engineer,22,Female,A,,CUST-16404
Hassan Ghanem,Engineer,61,Male,B,,CUST-16405
Hassan Adel,Technician,49,Male,B,,CUST-16406
Hassan Hamdy,Accountant,25,Male,D,,CUST-16407
Omar El-Sayed,Freelancer,24,Male,A,Land,CUST-16408
Salma Amr,Sales_Rep,25,Female,D,,CUST-16409
Khaled Hassan,Engineer,60,Female,D,Vehicle,CUST-16410
Zaki Nabil,Technician,22,Female,A,,CUST-16411
Zaki Abdel-Aziz,Sales_Rep,51,Male,B,Land,CUST-16412
Salma Reda,Doctor,52,Female,C,,CUST-16413
Sherif Kamel,Technician,39,Female,D,,CUST-16414
Bassem Fawzy,Teacher,56,Female,A,Land,CUST-16415
Wael Abdel-Aziz,Freelancer,61,Female,B,,CUST-16416
Fatma El-Sayed,Doctor,30,Female,A,Vehicle,CUST-16417
Karim Fawzy,Teacher,24,Female,A,Vehicle,CUST-16418
Wael Ibrahim,Freelancer,63,Male,D,,CUST-16419
Hoda Abdel-Aziz,Doctor,40,Male,B,Land,CUST-16420
Ibrahim Kamel,Accountant,52,Female,B,Vehicle,CUST-16421
Ahmed Amr,Engineer,52,Female,B,,CUST-16422
Karim Mahmoud,Accountant,36,Male,D,Vehicle,CUST-16423
Mostafa El-Sayed,Teacher,61,Female,B,Vehicle,CUST-16424
Ibrahim Kamel,Technician,22,Male,C,Vehicle,CUST-16425
Karim Saied,Freelancer,64,Male,D,Land,CUST-16426
Omar Amr,Technician,34,Female,A,Vehicle,CUST-16427
Ahmed Ibrahim,Teacher,49,Female,C,Land,CUST-16428
Mostafa El-Sayed,Freelancer,48,Male,D,,CUST-16429
Hamdy Kamel,Accountant,56,Male,D,,CUST-16430
Layla Mahmoud,Technician,48,Male,D,Land,CUST-16431
Layla Amr,Engineer,54,Female,D,,CUST-16432
Salma Saied,Engineer,26,Female,D,,CUST-16433
Bassem Ghanem,Doctor,41,Female,C,Vehicle,CUST-16434
Mostafa Mahmoud,Technician,36,Female,B,Land,CUST-16435
Salma Saied,Accountant,33,Male,C,,CUST-16436
Salma Saied,Freelancer,30,Female,B,,CUST-16437
Hassan Amr,Accountant,52,Male,C,,CUST-16438
Khaled Reda,Accountant,38,Female,D,Land,CUST-16439
Hassan Hamdy,Doctor,50,Male,B,Land,CUST-16440
Fatma Ibrahim,Teacher,27,Male,A,Land,CUST-16441
Khaled Saied,Technician,31,Female,D,Vehicle,CUST-16442
Omar Hassan,Doctor,22,Female,D,Vehicle,CUST-16443
Heba Abdel-Aziz,Sales_Rep,46,Male,C,,CUST-16444
Tarek Saied,Freelancer,64,Female,D,,CUST-16445
Karim Amr,Teacher,52,Female,B,Land,CUST-16446
Hassan El-Sayed,Doctor,47,Male,A,Vehicle,CUST-16447
Hoda Ghanem,Freelancer,40,Male,D,Land,CUST-16448
Amira Abdel-Aziz,Engineer,53,Female,D,Vehicle,CUST-16449
,Engineer,45,Female,D,Vehicle,CUST-16450
,Doctor,33,Male,C,,CUST-16451
Karim Abdel-Aziz,Technician,23,Female,D,Vehicle,CUST-16452
Layla Mansour,Sales_Rep,29,Female,C,Vehicle,CUST-16453
Hoda Ghanem,Engineer,24,Female,B,,CUST-16454
Khaled Amr,Doctor,51,Female,B,Land,CUST-16455
Mona Hamdy,Freelancer,23,Male,A,Land,CUST-16456
Sara Kamel,Sales_Rep,50,Male,A,,CUST-16457
Mohamed Abdel-Aziz,Engineer,29,Male,C,Land,CUST-16458
Hassan Nabil,Technician,33,Male,C,Land,CUST-16459
Salma Amr,Technician,44,Male,D,,CUST-16460
Sherif Hassan,Freelancer,31,Female,D,,CUST-16461
Mostafa Kamel,Doctor,23,Female,A,Land,CUST-16462
Hoda Ghanem,Accountant,36,Female,C,Vehicle,CUST-16463
Bassem Abdel-Aziz,Engineer,52,Male,A,,CUST-16464
Khaled Ibrahim,Accountant,53,Male,D,Vehicle,CUST-16465
Dina Zaki,Accountant,31,Female,C,Land,CUST-16466
Zaki El-Sayed,Technician,26,Female,B,,CUST-16467
Zaki Hamdy,Doctor,63,Female,B,Land,CUST-16468
Wael El-Sayed,Teacher,58,Male,C,,CUST-16469
Mona Ghanem,Teacher,57,Female,B,Land,CUST-16470
Mostafa Mahmoud,Freelancer,24,Male,D,Vehicle,CUST-16471
Mostafa Mansour,Doctor,62,Male,A,,CUST-16472
Layla Reda,Engineer,42,Female,C,Land,CUST-16473
Nabil Hamdy,Sales_Rep,47,Female,B,,CUST-16474
Hassan Saied,Doctor,27,Female,A,Land,CUST-16475
Salma Hamdy,Accountant,54,Female,B,Vehicle,CUST-16476
,Teacher,64,Female,D,Land,CUST-16477
Mohamed Reda,Teacher,48,Female,B,,CUST-16478
Tarek Zaki,Sales_Rep,36,Female,D,Land,CUST-16479
Zaki Abdel-Aziz,Freelancer,27,Male,A,Land,CUST-16480
Mostafa Amr,Teacher,64,Male,A,Land,CUST-16481
Sara Ghanem,Accountant,53,Male,A,Vehicle,CUST-16482
Fatma Zaki,Engineer,41,Female,A,Land,CUST-16483
Fatma Ghanem,Technician,42,Female,C,Land,CUST-16484
Hoda Saied,Doctor,42,Female,D,Vehicle,CUST-16485
Ahmed Mansour,Technician,60,Female,D,,CUST-16486
Mona Mahmoud,Accountant,23,Male,A,Land,CUST-16487
Tarek Mahmoud,Teacher,28,Male,A,Vehicle,CUST-16488
Hoda Kamel,Accountant,32,Male,C,Land,CUST-16489
Nabil Abdel-Aziz,Teacher,25,Male,C,Land,CUST-16490
Dina Mahmoud,Engineer,22,Male,B,Vehicle,CUST-16491
Nabil Ibrahim,Technician,57,Female,A,Vehicle,CUST-16492
Ibrahim Amr,Doctor,58,Male,C,Vehicle,CUST-16493
Dina Ghanem,Freelancer,57,Male,B,Vehicle,CUST-16494
Layla Zaki,Engineer,55,Female,D,Land,CUST-16495
Amira El-Sayed,Sales_Rep,44,Female,A,Vehicle,CUST-16496
Layla Mansour,Sales_Rep,23,Female,A,,CUST-16497
Fatma Mansour,Teacher,21,Male,D,,CUST-16498
Omar Mahmoud,Doctor,53,Female,A,Vehicle,CUST-16499
Fatma Hassan,Teacher,62,Male,C,,CUST-16500
Karim Zaki,Accountant,45,Male,B,Vehicle,CUST-16501
Hassan Adel,Teacher,57,Male,C,,CUST-16502
Ahmed Nabil,Freelancer,32,Male,A,Land,CUST-16503
Heba Ibrahim,Engineer,32,Female,C,Vehicle,CUST-16504
,Doctor,33,Female,A,,CUST-16505
Dina Zaki,Freelancer,53,Female,C,Vehicle,CUST-16506
Mohamed Adel,Teacher,56,Male,A,Vehicle,CUST-16507
Wael Amr,Technician,35,Female,A,Land,CUST-16508
Salma Adel,Freelancer,42,Female,A,Land,CUST-16509
Salma Hassan,Engineer,57,Female,A,Vehicle,CUST-16510
Hassan Fawzy,Freelancer,43,Female,C,Land,CUST-16511
Mohamed Ibrahim,Engineer,27,Male,B,Vehicle,CUST-16512
Wael Ibrahim,Freelancer,53,Male,B,,CUST-16513
Sherif Fawzy,Teacher,57,Female,C,Land,CUST-16514
Khaled Fawzy,Technician,63,Female,A,Land,CUST-16515
Zaki Adel,Accountant,29,Female,C,Land,CUST-16516
Dina Ghanem,Teacher,61,Female,C,,CUST-16517
Amira Hassan,Sales_Rep,31,Female,A,,CUST-16518
,Accountant,29,Male,C,Land,CUST-16519
Sara El-Sayed,Accountant,54,Male,D,,CUST-16520
Fatma Fawzy,Technician,46,Female,A,Land,CUST-16521
Sara Reda,Freelancer,39,Male,C,Land,CUST-16522
Mahmoud Amr,Accountant,30,Female,B,,CUST-16523
Zaki Mahmoud,Accountant,64,Female,B,Land,CUST-16524
Sherif Mansour,Accountant,33,Male,D,,CUST-16525
Fatma Hassan,Sales_Rep,55,Female,A,,CUST-16526
Karim Mahmoud,Sales_Rep,28,Female,A,Land,CUST-16527
Mona El-Sayed,Teacher,59,Female,B,,CUST-16528
Layla Kamel,Doctor,40,Female,D,Vehicle,CUST-16529
Hamdy Hassan,Freelancer,49,Male,D,,CUST-16530
Mona Kamel,Doctor,36,Female,B,Vehicle,CUST-16531
Zaki Hamdy,Accountant,60,Male,C,,CUST-16532
Sherif Fawzy,Engineer,53,Male,A,Land,CUST-16533
Wael El-Sayed,Teacher,50,Male,A,Land,CUST-16534
Hamdy Nabil,Teacher,38,Female,D,,CUST-16535
Ibrahim El-Sayed,Accountant,32,Female,A,Land,CUST-16536
Zaki El-Sayed,Technician,48,Female,B,Land,CUST-16537
Sherif Mahmoud,Teacher,33,Female,C,Vehicle,CUST-16538
Salma Reda,Doctor,26,Female,A,Vehicle,CUST-16539
Salma Reda,Teacher,65,Male,C,,CUST-16540
Wael Abdel-Aziz,Freelancer,26,Female,C,Vehicle,CUST-16541
Fatma Hassan,Sales_Rep,26,Male,C,Vehicle,CUST-16542
Ahmed Reda,Sales_Rep,56,Female,A,,CUST-16543
Sherif Amr,Freelancer,51,Male,D,,CUST-16544
Mostafa Zaki,Engineer,63,Male,A,Vehicle,CUST-16545
Nabil Ibrahim,Freelancer,42,Female,A,Land,CUST-16546
Layla El-Sayed,Technician,28,Male,C,,CUST-16547
Dina Amr,Engineer,26,Female,B,Land,CUST-16548
Mahmoud Reda,Freelancer,27,Male,C,Vehicle,CUST-16549
Mohamed Ibrahim,Technician,37,Female,B,Vehicle,CUST-16550
Khaled Mahmoud,Teacher,50,Male,C,Land,CUST-16551
Amira Mahmoud,Sales_Rep,46,Female,A,Land,CUST-16552
Omar Zaki,Engineer,62,Female,A,,CUST-16553
Amira Kamel,Accountant,28,Female,A,Land,CUST-16554
Sherif Abdel-Aziz,Sales_Rep,64,Female,B,,CUST-16555
Sara El-Sayed,Doctor,23,Male,A,Vehicle,CUST-16556
Bassem Nabil,Sales_Rep,29,Female,C,Vehicle,CUST-16557
Khaled Zaki,Doctor,63,Female,B,,CUST-16558
Mohamed Mahmoud,Technician,53,Male,C,Land,CUST-16559
Sherif Ibrahim,Doctor,29,Female,C,Land,CUST-16560
Mona Hamdy,Engineer,39,Female,B,Land,CUST-16561
Ibrahim Mahmoud,Doctor,21,Female,C,,CUST-16562
Nabil Abdel-Aziz,Doctor,58,Male,D,Land,CUST-16563
Bassem Ibrahim,Teacher,27,Male,A,Vehicle,CUST-16564
Mona Mansour,Sales_Rep,27,Male,D,Vehicle,CUST-16565
Tarek Amr,Sales_Rep,30,Male,A,Vehicle,CUST-16566
,Sales_Rep,65,Female,A,Vehicle,CUST-16567
Khaled Zaki,Technician,22,Female,A,,CUST-16568
Khaled Abdel-Aziz,Doctor,26,Female,B,Vehicle,CUST-16569
Heba Abdel-Aziz,Teacher,55,Female,C,Vehicle,CUST-16570
Karim Ibrahim,Doctor,41,Female,C,,CUST-16571
Bassem Adel,Engineer,44,Female,A,Land,CUST-16572
Salma Mansour,Freelancer,39,Female,D,Vehicle,CUST-16573
Zaki Hamdy,Doctor,59,Male,C,Land,CUST-16574
Sara Hamdy,Technician,43,Male,C,Land,CUST-16575
Ibrahim Reda,Sales_Rep,59,Male,D,Land,CUST-16576
Heba Abdel-Aziz,Doctor,65,Female,B,Vehicle,CUST-16577
Salma Adel,Accountant,45,Female,B,Land,CUST-16578
Mahmoud Abdel-Aziz,Doctor,60,Male,D,Land,CUST-16579
Wael Ghanem,Teacher,41,Male,B,Vehicle,CUST-16580
Mohamed Hamdy,Sales_Rep,63,Female,C,Land,CUST-16581
Bassem Nabil,Teacher,53,Male,A,,CUST-16582
Bassem Zaki,Teacher,27,Female,D,,CUST-16583
Layla Abdel-Aziz,Doctor,29,Female,A,Land,CUST-16584
Mohamed Hassan,Accountant,42,Female,A,Vehicle,CUST-16585
Heba Ghanem,Sales_Rep,39,Female,B,Land,CUST-16586
Sara Mansour,Freelancer,23,Male,C,,CUST-16587
Sara Mansour,Teacher,25,Female,D,Vehicle,CUST-16588
Fatma Ibrahim,Freelancer,50,Male,B,Land,CUST-16589
Hamdy Saied,Freelancer,42,Male,B,,CUST-16590
Mostafa Kamel,Technician,43,Male,C,Vehicle,CUST-16591
Mohamed Zaki,Technician,30,Male,B,Vehicle,CUST-16592
Omar Amr,Teacher,61,Male,B,Land,CUST-16593
Nabil Amr,Accountant,38,Male,D,Vehicle,CUST-16594
Mostafa Zaki,Teacher,61,Male,A,Land,CUST-16595
Mohamed Abdel-Aziz,Teacher,41,Male,C,Vehicle,CUST-16596
Layla El-Sayed,Technician,62,Female,C,Land,CUST-16597
Mona Saied,Engineer,51,Male,B,Land,CUST-16598
Amira Ibrahim,Engineer,34,Female,A,Land,CUST-16599
Sara Mahmoud,Sales_Rep,44,Male,B,Vehicle,CUST-16600
Omar Saied,Teacher,43,Female,C,,CUST-16601
Bassem Kamel,Technician,52,Female,D,Land,CUST-16602
Zaki Hassan,Engineer,49,Male,A,Land,CUST-16603
Dina Saied,Doctor,41,Male,C,,CUST-16604
Layla Ibrahim,Doctor,50,Female,D,Vehicle,CUST-16605
Mostafa Abdel-Aziz,Engineer,35,Male,B,Vehicle,CUST-16606
Ibrahim Mansour,Doctor,48,Female,C,Vehicle,CUST-16607
Amira Abdel-Aziz,Sales_Rep,54,Male,D,Land,CUST-16608
Layla Adel,Freelancer,62,Female,B,Land,CUST-16609
Hassan Mahmoud,Sales_Rep,64,Male,C,Vehicle,CUST-16610
Sara Fawzy,Doctor,64,Male,C,Land,CUST-16611
Sherif Adel,Engineer,21,Female,B,Land,CUST-16612
Heba Amr,Accountant,46,Male,A,,CUST-16613
Wael Mahmoud,Engineer,34,Male,B,Vehicle,CUST-16614
Mona Zaki,Sales_Rep,39,Male,D,,CUST-16615
Karim Saied,Doctor,54,Female,A,Vehicle,CUST-16616
Mostafa Ghanem,Technician,26,Male,B,Land,CUST-16617
Hamdy Nabil,Teacher,56,Female,C,Vehicle,CUST-16618
Hassan Nabil,Freelancer,32,Male,A,,CUST-16619
Salma Ibrahim,Accountant,34,Male,A,Vehicle,CUST-16620
Bassem Ghanem,Accountant,65,Female,C,Land,CUST-16621
Hassan Hamdy,Teacher,23,Male,B,Vehicle,CUST-16622
Dina Mansour,Doctor,62,Male,D,,CUST-16623
,Doctor,55,Female,B,,CUST-16624
Nabil Zaki,Doctor,55,Female,A,Vehicle,CUST-16625
Fatma Adel,Technician,26,Female,C,Land,CUST-16626
Hoda El-Sayed,Accountant,35,Male,B,,CUST-16627
Tarek Amr,Technician,30,Female,B,Vehicle,CUST-16628
Omar Hamdy,Engineer,55,Male,B,Vehicle,CUST-16629
Karim Kamel,Freelancer,45,Male,A,Vehicle,CUST-16630
Hassan Ibrahim,Sales_Rep,63,Female,D,,CUST-16631
Heba Hassan,Teacher,61,Male,C,Vehicle,CUST-16632
Hamdy Nabil,Sales_Rep,65,Male,D,Vehicle,CUST-16633
Hamdy Amr,Doctor,59,Female,D,,CUST-16634
Layla Hassan,Technician,58,Female,D,,CUST-16635
Salma Zaki,Teacher,22,Female,C,,CUST-16636
Mahmoud Nabil,Freelancer,54,Male,D,Vehicle,CUST-16637
Mohamed Saied,Accountant,24,Male,D,Vehicle,CUST-16638
Layla Ghanem,Freelancer,38,Male,C,,CUST-16639
Karim Hassan,Freelancer,39,Male,A,,CUST-16640
Mohamed Mansour,Freelancer,47,Male,B,Land,CUST-16641
Heba Mansour,Freelancer,33,Female,B,Vehicle,CUST-16642
Ibrahim El-Sayed,Technician,29,Female,A,Land,CUST-16643
Sara Adel,Sales_Rep,28,Female,B,Vehicle,CUST-16644
Nabil Reda,Engineer,57,Female,A,Vehicle,CUST-16645
Layla Kamel,Accountant,64,Female,C,Land,CUST-16646
Heba Ibrahim,Accountant,46,Female,C,,CUST-16647
Wael Ibrahim,Teacher,42,Female,C,,CUST-16648
Hoda Fawzy,Engineer,37,Female,B,,CUST-16649
Mona Adel,Technician,59,Female,B,Land,CUST-16650
Mahmoud Ibrahim,Accountant,45,Female,D,Land,CUST-16651
Karim Fawzy,Teacher,58,Male,D,Land,CUST-16652
Salma Hamdy,Engineer,54,Male,D,Vehicle,CUST-16653
Bassem Amr,Engineer,33,Male,A,,CUST-16654
Bassem Kamel,Doctor,47,Female,C,Land,CUST-16655
Fatma Zaki,Doctor,31,Male,D,Land,CUST-16656
Wael Saied,Technician,59,Female,B,,CUST-16657
Ahmed Mansour,Teacher,27,Male,C,,CUST-16658
Zaki Fawzy,Technician,44,Male,A,Vehicle,CUST-16659
Sherif Reda,Sales_Rep,52,Female,B,,CUST-16660
Amira Adel,Accountant,30,Male,A,,CUST-16661
Khaled Adel,Teacher,53,Female,D,,CUST-16662
Layla Mansour,Teacher,59,Female,D,Vehicle,CUST-16663
Khaled Adel,Teacher,31,Male,A,Vehicle,CUST-16664
Karim Abdel-Aziz,Engineer,27,Female,C,Land,CUST-16665
Sara Mahmoud,Teacher,65,Female,B,Vehicle,CUST-16666
Nabil El-Sayed,Accountant,48,Female,A,Land,CUST-16667
Nabil Hassan,Doctor,57,Female,B,,CUST-16668
Hassan Ibrahim,Technician,23,Male,C,,CUST-16669
Mohamed Nabil,Teacher,23,Male,C,Land,CUST-16670
Mohamed Kamel,Sales_Rep,37,Male,D,Vehicle,CUST-16671
Amira Amr,Freelancer,58,Male,B,,CUST-16672
Hoda El-Sayed,Accountant,25,Male,A,Land,CUST-16673
,Accountant,26,Female,C,Land,CUST-16674
Ibrahim Ibrahim,Doctor,47,Male,C,,CUST-16675
Nabil Ibrahim,Engineer,52,Male,B,Land,CUST-16676
Mona Ghanem,Sales_Rep,49,Female,B,,CUST-16677
Zaki Saied,Technician,23,Female,C,Vehicle,CUST-16678
Mona Amr,Sales_Rep,32,Male,A,,CUST-16679
Wael Amr,Accountant,58,Female,B,Land,CUST-16680
Heba Fawzy,Technician,24,Male,D,Vehicle,CUST-16681
Heba Reda,Teacher,34,Female,C,,CUST-16682
Omar Reda,Sales_Rep,34,Female,A,Land,CUST-16683
Fatma Ibrahim,Doctor,49,Male,C,,CUST-16684
Mahmoud Ghanem,Technician,24,Female,B,Vehicle,CUST-16685
Wael Abdel-Aziz,Sales_Rep,44,Male,B,Vehicle,CUST-16686
Mahmoud Adel,Teacher,28,Male,B,Vehicle,CUST-16687
Hassan Mahmoud,Technician,33,Female,C,Land,CUST-16688
Mostafa Amr,Freelancer,59,Female,A,Vehicle,CUST-16689
Mona Zaki,Freelancer,26,Female,D,Vehicle,CUST-16690
Mostafa Abdel-Aziz,Accountant,53,Female,D,Land,CUST-16691
Hoda Ibrahim,Teacher,25,Male,C,Vehicle,CUST-16692
Hassan Saied,Engineer,43,Female,B,Land,CUST-16693
Mona Fawzy,Accountant,44,Female,A,Vehicle,CUST-16694
Ahmed Fawzy,Freelancer,64,Male,B,Vehicle,CUST-16695
Wael Ibrahim,Engineer,58,Male,D,,CUST-16696
Ahmed Ghanem,Freelancer,53,Male,D,,CUST-16697
Hoda Fawzy,Teacher,30,Male,A,Vehicle,CUST-16698
Mostafa Mansour,Teacher,34,Female,C,Vehicle,CUST-16699
Hassan Ibrahim,Technician,63,Male,B,,CUST-16700
Mostafa Saied,Freelancer,44,Male,C,,CUST-16701
Mona Amr,Freelancer,27,Female,B,Land,CUST-16702
Zaki Saied,Accountant,53,Female,A,Vehicle,CUST-16703
Amira Zaki,Doctor,47,Male,D,Vehicle,CUST-16704
,Freelancer,37,Male,A,,CUST-16705
Amira Abdel-Aziz,Freelancer,30,Male,C,,CUST-16706
Mona Mansour,Accountant,37,Male,B,Land,CUST-16707
Fatma Ghanem,Doctor,37,Female,A,Vehicle,CUST-16708
Salma El-Sayed,Accountant,45,Male,A,,CUST-16709
Hamdy Saied,Engineer,63,Female,C,Vehicle,CUST-16710
Hoda Hassan,Doctor,56,Male,D,Vehicle,CUST-16711
Bassem Nabil,Freelancer,25,Male,D,,CUST-16712
Sherif Reda,Sales_Rep,26,Male,D,Vehicle,CUST-16713
Zaki Amr,Doctor,36,Male,C,Vehicle,CUST-16714
Karim Zaki,Engineer,62,Female,D,Vehicle,CUST-16715
Layla Hamdy,Teacher,52,Male,B,Land,CUST-16716
Heba Amr,Freelancer,35,Male,C,Vehicle,CUST-16717
Wael Mahmoud,Freelancer,21,Female,D,Vehicle,CUST-16718
Mahmoud Nabil,Teacher,29,Female,D,Land,CUST-16719
Ibrahim Mahmoud,Doctor,58,Male,A,Vehicle,CUST-16720
Nabil Mahmoud,Doctor,42,Female,A,Land,CUST-16721
Ahmed Hassan,Technician,63,Female,C,,CUST-16722
Salma Mansour,Sales_Rep,49,Male,B,Land,CUST-16723
Layla Kamel,Engineer,44,Male,A,,CUST-16724
Mahmoud Ibrahim,Sales_Rep,32,Female,C,Vehicle,CUST-16725
Karim Adel,Sales_Rep,64,Female,C,Vehicle,CUST-16726
Ahmed Ibrahim,Accountant,26,Female,D,Vehicle,CUST-16727
Ibrahim Mahmoud,Teacher,51,Male,A,Land,CUST-16728
Khaled Ghanem,Accountant,30,Female,B,Land,CUST-16729
Hamdy Ghanem,Teacher,52,Male,B,,CUST-16730
Dina Mansour,Freelancer,62,Female,B,Land,CUST-16731
Bassem Ibrahim,Accountant,28,Male,D,,CUST-16732
Khaled Reda,Teacher,48,Female,B,Vehicle,CUST-16733
Sara Reda,Freelancer,27,Male,A,,CUST-16734
Wael Fawzy,Technician,59,Male,D,Land,CUST-16735
Hassan Fawzy,Technician,40,Female,D,Vehicle,CUST-16736
Mahmoud El-Sayed,Technician,24,Female,C,Land,CUST-16737
Hoda Ibrahim,Freelancer,22,Female,C,Land,CUST-16738
Amira Mahmoud,Engineer,24,Female,A,,CUST-16739
Hamdy Hamdy,Accountant,61,Male,C,Vehicle,CUST-16740
Salma El-Sayed,Technician,63,Female,D,,CUST-16741
Bassem Reda,Sales_Rep,37,Male,D,,CUST-16742
Heba Nabil,Sales_Rep,27,Female,D,,CUST-16743
Karim Abdel-Aziz,Doctor,64,Male,D,Vehicle,CUST-16744
Hamdy Kamel,Sales_Rep,39,Female,C,,CUST-16745
Mohamed Mahmoud,Doctor,27,Male,A,Vehicle,CUST-16746
Hamdy Adel,Freelancer,33,Male,A,Land,CUST-16747
Ahmed Saied,Sales_Rep,58,Female,D,,CUST-16748
Zaki Nabil,Accountant,28,Male,A,Vehicle,CUST-16749
,Teacher,42,Female,D,Vehicle,CUST-16750
Wael Hassan,Sales_Rep,53,Male,D,,CUST-16751
Hassan Mansour,Teacher,44,Male,C,Vehicle,CUST-16752
Wael Saied,Teacher,42,Female,D,Vehicle,CUST-16753
Heba Amr,Doctor,38,Male,B,,CUST-16754
Karim Nabil,Doctor,53,Female,D,Vehicle,CUST-16755
Hoda Hamdy,Sales_Rep,45,Male,C,Land,CUST-16756
Hamdy Fawzy,Technician,39,Female,B,Vehicle,CUST-16757
Fatma Zaki,Teacher,47,Female,B,,CUST-16758
Ibrahim Mansour,Technician,24,Female,D,,CUST-16759
Hoda Saied,Accountant,43,Male,A,Land,CUST-16760
Hamdy Amr,Teacher,60,Male,B,Vehicle,CUST-16761
,Doctor,57,Male,B,Vehicle,CUST-16762
Sara Kamel,Engineer,47,Female,B,Land,CUST-16763
Khaled Amr,Engineer,38,Male,C,Vehicle,CUST-16764
Wael El-Sayed,Engineer,36,Male,D,Vehicle,CUST-16765
Hassan Mansour,Sales_Rep,64,Male,A,Land,CUST-16766
Sara Hassan,Sales_Rep,53,Female,B,,CUST-16767
Heba Hamdy,Freelancer,55,Female,A,,CUST-16768
Layla Reda,Accountant,49,Male,C,Land,CUST-16769
Hassan Abdel-Aziz,Teacher,28,Male,A,Vehicle,CUST-16770
Fatma Fawzy,Doctor,31,Female,B,,CUST-16771
Mostafa Hamdy,Sales_Rep,46,Female,C,Vehicle,CUST-16772
Karim Zaki,Freelancer,64,Male,D,,CUST-16773
Wael Hamdy,Technician,29,Female,B,Vehicle,CUST-16774
Mostafa Mahmoud,Accountant,25,Female,A,Vehicle,CUST-16775
Mahmoud Mansour,Engineer,28,Female,B,,CUST-16776
Sherif Mahmoud,Engineer,36,Female,B,Land,CUST-16777
Dina Ghanem,Sales_Rep,65,Female,B,Vehicle,CUST-16778
Fatma Mahmoud,Doctor,30,Female,D,,CUST-16779
Mona Nabil,Teacher,41,Male,A,,CUST-16780
Heba Mahmoud,Teacher,34,Male,D,,CUST-16781
Heba Kamel,Teacher,23,Male,B,Vehicle,CUST-16782
Dina Zaki,Engineer,27,Female,D,,CUST-16783
Salma Nabil,Accountant,34,Female,D,,CUST-16784
Hamdy Zaki,Technician,46,Female,C,Vehicle,CUST-16785
Salma Hamdy,Accountant,50,Male,D,Vehicle,CUST-16786
Hamdy Hassan,Teacher,42,Male,D,Vehicle,CUST-16787
Nabil Hamdy,Doctor,41,Female,A,Land,CUST-16788
Bassem Nabil,Engineer,64,Male,C,Vehicle,CUST-16789
Hassan Hassan,Sales_Rep,61,Male,B,Land,CUST-16790
Karim Saied,Teacher,61,Male,B,Vehicle,CUST-16791
Sherif Adel,Accountant,57,Male,A,Land,CUST-16792
,Doctor,41,Male,B,Vehicle,CUST-16793
Fatma Abdel-Aziz,Technician,60,Male,B,Vehicle,CUST-16794
Sara Hassan,Freelancer,44,Male,B,,CUST-16795
Sara Reda,Accountant,38,Male,C,Vehicle,CUST-16796
Fatma Nabil,Technician,41,Male,B,Land,CUST-16797
Wael Reda,Engineer,29,Female,C,Land,CUST-16798
Mona Saied,Freelancer,30,Male,A,Land,CUST-16799
Hamdy Hassan,Doctor,31,Female,C,Land,CUST-16800
Amira Nabil,Engineer,42,Male,D,Vehicle,CUST-16801
Heba Nabil,Technician,41,Male,C,Land,CUST-16802
Mona Fawzy,Doctor,56,Female,B,Land,CUST-16803
Zaki Nabil,Sales_Rep,40,Male,B,,CUST-16804
Wael Abdel-Aziz,Freelancer,49,Female,C,,CUST-16805
Khaled Hamdy,Teacher,43,Male,D,Land,CUST-16806
Zaki Reda,Freelancer,44,Female,D,Vehicle,CUST-16807
Zaki Adel,Sales_Rep,22,Male,A,Land,CUST-16808
Sherif Hassan,Sales_Rep,40,Female,C,Land,CUST-16809
Omar Amr,Sales_Rep,57,Female,D,Land,CUST-16810
Omar Nabil,Engineer,50,Female,A,,CUST-16811
Layla Mahmoud,Doctor,58,Male,B,Land,CUST-16812
Hoda Hamdy,Doctor,46,Male,A,,CUST-16813
Amira Reda,Technician,31,Male,A,Vehicle,CUST-16814
Bassem Zaki,Engineer,27,Female,D,Vehicle,CUST-16815
Hoda Nabil,Sales_Rep,43,Female,B,,CUST-16816
Fatma Amr,Accountant,29,Male,A,,CUST-16817
Wael El-Sayed,Accountant,44,Female,D,,CUST-16818
Fatma Hamdy,Sales_Rep,44,Female,D,Land,CUST-16819
Amira El-Sayed,Freelancer,27,Female,A,Vehicle,CUST-16820
Amira Saied,Sales_Rep,48,Female,B,,CUST-16821
Mona Mansour,Freelancer,21,Male,A,,CUST-16822
Sara Hassan,Sales_Rep,51,Female,D,Vehicle,CUST-16823
Omar Ibrahim,Sales_Rep,40,Female,A,Land,CUST-16824
Salma Adel,Freelancer,33,Female,B,,CUST-16825
Heba Amr,Accountant,22,Female,A,Land,CUST-16826
Hoda Saied,Doctor,40,Female,C,Land,CUST-16827
Hamdy Ghanem,Technician,54,Male,A,,CUST-16828
Hamdy Hassan,Sales_Rep,57,Female,A,Vehicle,CUST-16829
Tarek Mahmoud,Sales_Rep,23,Male,A,,CUST-16830
Sara Ghanem,Teacher,36,Male,B,Land,CUST-16831
Tarek Zaki,Doctor,22,Male,A,,CUST-16832
Fatma El-Sayed,Teacher,33,Female,C,Land,CUST-16833
Wael Reda,Engineer,39,Female,D,Vehicle,CUST-16834
Amira Zaki,Engineer,48,Male,A,Vehicle,CUST-16835
Mahmoud Hassan,Freelancer,48,Female,C,Land,CUST-16836
Mahmoud Fawzy,Sales_Rep,43,Male,A,Vehicle,CUST-16837
Fatma Hamdy,Sales_Rep,24,Male,C,Vehicle,CUST-16838
Mahmoud Adel,Teacher,52,Male,A,Vehicle,CUST-16839
Amira Abdel-Aziz,Engineer,32,Male,C,,CUST-16840
,Freelancer,24,Male,D,,CUST-16841
Mona Hassan,Engineer,40,Female,A,Vehicle,CUST-16842
Ahmed Kamel,Accountant,23,Female,C,Vehicle,CUST-16843
Hoda El-Sayed,Accountant,23,Female,B,,CUST-16844
Sherif Adel,Engineer,49,Male,C,Land,CUST-16845
Nabil Mahmoud,Technician,51,Female,B,Land,CUST-16846
Mohamed Fawzy,Teacher,61,Female,A,Vehicle,CUST-16847
Mona Adel,Sales_Rep,60,Male,B,,CUST-16848
Mostafa Fawzy,Technician,57,Male,D,,CUST-16849
Heba Kamel,Engineer,61,Female,C,Land,CUST-16850
Layla Nabil,Teacher,60,Female,D,Vehicle,CUST-16851
Tarek Ibrahim,Engineer,39,Male,A,Land,CUST-16852
Hoda Hassan,Teacher,46,Female,C,,CUST-16853
Bassem Amr,Doctor,46,Male,D,,CUST-16854
Sherif El-Sayed,Sales_Rep,40,Male,B,Land,CUST-16855
Mohamed Kamel,Teacher,59,Male,B,,CUST-16856
Mostafa Amr,Technician,52,Male,D,,CUST-16857
Nabil Ibrahim,Accountant,26,Male,C,Vehicle,CUST-16858
Amira Mahmoud,Technician,33,Female,A,Land,CUST-16859
Karim Kamel,Freelancer,44,Male,C,Land,CUST-16860
Hassan Mahmoud,Sales_Rep,57,Female,C,Land,CUST-16861
Hassan Hamdy,Doctor,30,Male,B,Vehicle,CUST-16862
Heba Hamdy,Sales_Rep,52,Female,C,Land,CUST-16863
Layla Fawzy,Sales_Rep,48,Male,C,Land,CUST-16864
Hoda Amr,Accountant,57,Male,A,Vehicle,CUST-16865
Fatma Amr,Teacher,50,Male,A,Vehicle,CUST-16866
Sherif Zaki,Freelancer,57,Female,A,Land,CUST-16867
Khaled Abdel-Aziz,Teacher,62,Female,A,,CUST-16868
Salma El-Sayed,Technician,25,Female,B,,CUST-16869
Fatma Amr,Doctor,41,Female,B,,CUST-16870
Layla Mahmoud,Freelancer,53,Female,A,,CUST-16871
Bassem Mahmoud,Freelancer,57,Female,A,Vehicle,CUST-16872
Sherif Mansour,Technician,59,Male,D,Vehicle,CUST-16873
Omar Kamel,Teacher,39,Male,B,,CUST-16874
Wael Amr,Doctor,64,Female,B,Land,CUST-16875
Zaki Nabil,Engineer,64,Male,C,,CUST-16876
Dina Adel,Sales_Rep,31,Male,D,,CUST-16877
Nabil Reda,Engineer,49,Male,A,,CUST-16878
,Doctor,63,Male,C,Land,CUST-16879
Mostafa Saied,Technician,37,Male,A,Vehicle,CUST-16880
Omar Zaki,Teacher,26,Female,D,,CUST-16881
Omar Reda,Accountant,60,Male,A,,CUST-16882
Dina El-Sayed,Sales_Rep,48,Male,D,Vehicle,CUST-16883
Layla Mahmoud,Freelancer,28,Female,C,,CUST-16884
Hassan Fawzy,Technician,53,Female,A,Land,CUST-16885
Layla Saied,Engineer,59,Female,D,Vehicle,CUST-16886
Heba Zaki,Accountant,35,Male,D,,CUST-16887
Mahmoud Kamel,Teacher,55,Female,A,Vehicle,CUST-16888
Karim Reda,Sales_Rep,56,Female,D,Vehicle,CUST-16889
Tarek Mahmoud,Freelancer,31,Female,C,Land,CUST-16890
Tarek Adel,Accountant,32,Male,C,,CUST-16891
Omar Fawzy,Doctor,27,Male,D,Land,CUST-16892
Salma Hamdy,Sales_Rep,27,Male,A,Land,CUST-16893
Layla Amr,Teacher,24,Female,C,Vehicle,CUST-16894
Dina Zaki,Freelancer,25,Male,C,Vehicle,CUST-16895
Heba Zaki,Doctor,45,Male,D,Land,CUST-16896
Mostafa Zaki,Freelancer,32,Female,D,Vehicle,CUST-16897
Nabil Mahmoud,Technician,49,Female,C,Land,CUST-16898
Karim Amr,Doctor,21,Female,D,,CUST-16899
Sherif Ghanem,Technician,60,Female,D,Land,CUST-16900
Ibrahim Saied,Accountant,30,Male,B,Vehicle,CUST-16901
Omar El-Sayed,Engineer,53,Male,B,,CUST-16902
Dina El-Sayed,Teacher,39,Female,C,,CUST-16903
Wael Saied,Accountant,63,Female,C,Vehicle,CUST-16904
Mona Abdel-Aziz,Doctor,31,Male,D,Land,CUST-16905
Mohamed Hamdy,Doctor,50,Female,C,,CUST-16906
Mostafa Kamel,Doctor,63,Female,A,Land,CUST-16907
Ahmed Adel,Freelancer,25,Male,A,Vehicle,CUST-16908
Amira Reda,Freelancer,36,Female,A,Vehicle,CUST-16909
Sherif Ibrahim,Sales_Rep,38,Female,B,Vehicle,CUST-16910
Mostafa Kamel,Teacher,21,Male,C,,CUST-16911
Mahmoud Kamel,Doctor,24,Female,B,Vehicle,CUST-16912
Nabil Ibrahim,Sales_Rep,34,Male,B,Vehicle,CUST-16913
Khaled Mahmoud,Freelancer,53,Male,C,Vehicle,CUST-16914
Wael Nabil,Freelancer,57,Female,B,Vehicle,CUST-16915
Fatma Adel,Freelancer,60,Female,B,Land,CUST-16916
Dina Hassan,Doctor,30,Female,B,,CUST-16917
Khaled Zaki,Doctor,46,Female,C,,CUST-16918
Amira Zaki,Teacher,35,Male,B,,CUST-16919
,Freelancer,64,Female,A,Land,CUST-16920
Amira Nabil,Accountant,56,Male,D,Vehicle,CUST-16921
Fatma Kamel,Freelancer,22,Female,A,Vehicle,CUST-16922
,Accountant,36,Female,A,Land,CUST-16923
Amira Mansour,Technician,58,Female,C,Vehicle,CUST-16924
Mahmoud Nabil,Accountant,58,Female,C,,CUST-16925
Heba Ghanem,Freelancer,51,Male,C,Land,CUST-16926
Heba Abdel-Aziz,Sales_Rep,25,Male,A,,CUST-16927
Tarek Ghanem,Engineer,56,Male,C,,CUST-16928
Wael Saied,Engineer,47,Female,D,Vehicle,CUST-16929
Tarek Ibrahim,Doctor,33,Female,D,,CUST-16930
Hoda Fawzy,Accountant,31,Male,D,Land,CUST-16931
Fatma Hassan,Doctor,24,Female,B,Vehicle,CUST-16932
Hoda Reda,Sales_Rep,43,Male,D,Land,CUST-16933
,Freelancer,56,Male,D,,CUST-16934
Hoda Fawzy,Sales_Rep,55,Female,C,,CUST-16935
Nabil Zaki,Doctor,41,Male,D,,CUST-16936
Mostafa Abdel-Aziz,Sales_Rep,24,Male,C,,CUST-16937
Sara Hamdy,Accountant,56,Male,A,Vehicle,CUST-16938
Heba Saied,Accountant,51,Female,B,Vehicle,CUST-16939
Zaki Amr,Accountant,39,Female,A,,CUST-16940
Omar Saied,Doctor,60,Male,C,,CUST-16941
Wael Adel,Technician,53,Female,C,,CUST-16942
Karim Saied,Teacher,59,Male,B,Vehicle,CUST-16943
Omar Kamel,Technician,62,Female,A,Vehicle,CUST-16944
Zaki Hassan,Technician,39,Male,D,Vehicle,CUST-16945
Hamdy Hamdy,Engineer,34,Female,C,,CUST-16946
Heba Adel,Engineer,54,Female,D,Vehicle,CUST-16947
Mahmoud Mansour,Accountant,22,Female,B,Land,CUST-16948
Zaki Nabil,Teacher,52,Male,C,Vehicle,CUST-16949
Fatma Adel,Sales_Rep,60,Female,A,Land,CUST-16950
Sara Nabil,Sales_Rep,35,Male,C,Land,CUST-16951
Amira Fawzy,Doctor,65,Male,C,Land,CUST-16952
Hamdy Saied,Doctor,31,Male,B,Land,CUST-16953
Khaled Adel,Engineer,23,Female,C,Vehicle,CUST-16954
,Accountant,30,Female,A,,CUST-16955
Wael Mansour,Technician,47,Female,A,Land,CUST-16956
Fatma Adel,Freelancer,30,Male,B,Land,CUST-16957
Karim Saied,Sales_Rep,35,Female,D,Land,CUST-16958
Mostafa Kamel,Freelancer,24,Female,D,Land,CUST-16959
Khaled El-Sayed,Technician,56,Male,C,,CUST-16960
Heba Ibrahim,Freelancer,28,Male,D,Land,CUST-16961
Wael Reda,Engineer,26,Female,D,,CUST-16962
Mona Ibrahim,Doctor,47,Male,D,Land,CUST-16963
Ahmed Zaki,Engineer,30,Male,D,Vehicle,CUST-16964
Wael Ibrahim,Teacher,42,Male,B,Land,CUST-16965
Hoda Zaki,Freelancer,23,Female,A,Land,CUST-16966
Amira Mansour,Sales_Rep,22,Female,A,,CUST-16967
Zaki Kamel,Sales_Rep,24,Female,D,Vehicle,CUST-16968
Mona Mansour,Freelancer,39,Male,D,,CUST-16969
Hoda Reda,Sales_Rep,37,Female,A,Vehicle,CUST-16970
Omar Hamdy,Doctor,21,Female,A,Vehicle,CUST-16971
Tarek Mansour,Doctor,54,Male,C,Land,CUST-16972
Omar El-Sayed,Sales_Rep,26,Female,B,Vehicle,CUST-16973
Nabil Hassan,Freelancer,49,Female,C,,CUST-16974
Mahmoud Hamdy,Engineer,32,Male,A,Land,CUST-16975
Layla Amr,Doctor,30,Male,B,Land,CUST-16976
Omar Hamdy,Sales_Rep,31,Female,A,,CUST-16977
Hoda Adel,Sales_Rep,34,Female,C,Vehicle,CUST-16978
Karim Saied,Engineer,65,Female,B,,CUST-16979
Zaki Ibrahim,Freelancer,47,Female,B,Vehicle,CUST-16980
Salma Kamel,Sales_Rep,63,Male,B,Land,CUST-16981
Bassem Mansour,Engineer,23,Female,C,Vehicle,CUST-16982
,Doctor,52,Female,D,Land,CUST-16983
Fatma Mansour,Engineer,52,Female,B,Land,CUST-16984
Salma Abdel-Aziz,Technician,61,Male,D,,CUST-16985
Salma Abdel-Aziz,Sales_Rep,25,Male,D,Vehicle,CUST-16986
Mostafa Adel,Doctor,32,Male,C,Vehicle,CUST-16987
Salma Mansour,Teacher,24,Female,B,Land,CUST-16988
Mahmoud Kamel,Engineer,60,Male,D,,CUST-16989
Karim Ghanem,Freelancer,61,Female,D,,CUST-16990
Ahmed El-Sayed,Teacher,59,Female,B,,CUST-16991
Zaki Mahmoud,Doctor,41,Male,D,Land,CUST-16992
Ibrahim Adel,Engineer,21,Male,D,Land,CUST-16993
Amira Mahmoud,Technician,64,Female,C,Vehicle,CUST-16994
Hassan Adel,Teacher,30,Male,A,Vehicle,CUST-16995
Mohamed Mansour,Accountant,22,Male,D,,CUST-16996
Fatma Ghanem,Engineer,60,Male,B,Land,CUST-16997
Bassem Adel,Teacher,50,Female,B,,CUST-16998
Omar El-Sayed,Sales_Rep,62,Female,D,Land,CUST-16999
,Engineer,22,Male,C,Vehicle,CUST-17000
Omar Mahmoud,Freelancer,60,Male,D,Vehicle,CUST-17001
Salma Hassan,Engineer,21,Male,B,Land,CUST-17002
Zaki Kamel,Technician,64,Male,D,,CUST-17003
Karim Kamel,Engineer,55,Female,B,Land,CUST-17004
Amira Adel,Accountant,43,Female,A,Land,CUST-17005
,Sales_Rep,30,Female,B,Land,CUST-17006
Tarek Nabil,Sales_Rep,46,Male,D,Land,CUST-17007
Khaled Kamel,Freelancer,34,Female,B,,CUST-17008
Mona Reda,Doctor,41,Female,C,,CUST-17009
Heba Ibrahim,Technician,41,Female,A,Land,CUST-17010
Layla Ghanem,Accountant,28,Male,C,,CUST-17011
Wael Zaki,Technician,21,Female,C,,CUST-17012
Hamdy Hassan,Accountant,47,Male,A,,CUST-17013
Khaled Nabil,Doctor,54,Female,A,Vehicle,CUST-17014
Mostafa El-Sayed,Technician,34,Male,A,,CUST-17015
Sherif Saied,Accountant,21,Female,C,Vehicle,CUST-17016
Dina Amr,Technician,50,Male,D,Vehicle,CUST-17017
Layla Nabil,Accountant,23,Female,A,,CUST-17018
Salma Mansour,Engineer,33,Female,C,,CUST-17019
Mohamed El-Sayed,Doctor,33,Male,C,,CUST-17020
Dina Ghanem,Doctor,28,Male,B,Vehicle,CUST-17021
Mona Ghanem,Engineer,22,Male,B,,CUST-17022
Amira Hassan,Technician,47,Female,C,Land,CUST-17023
Dina Saied,Sales_Rep,58,Male,C,Land,CUST-17024
Wael Ghanem,Doctor,39,Female,C,Vehicle,CUST-17025
Fatma El-Sayed,Teacher,62,Male,A,,CUST-17026
Bassem Saied,Freelancer,41,Male,B,Vehicle,CUST-17027
Mohamed Amr,Sales_Rep,42,Male,B,,CUST-17028
Sherif Zaki,Accountant,41,Male,A,Land,CUST-17029
Khaled Hassan,Doctor,56,Male,C,,CUST-17030
Salma Mahmoud,Sales_Rep,63,Male,B,,CUST-17031
Amira Ibrahim,Teacher,49,Female,A,Land,CUST-17032
Mohamed Abdel-Aziz,Doctor,44,Female,C,Vehicle,CUST-17033
,Doctor,26,Female,C,Vehicle,CUST-17034
Zaki Saied,Sales_Rep,34,Female,B,,CUST-17035
Hamdy Hamdy,Doctor,60,Female,D,,CUST-17036
Mohamed Abdel-Aziz,Engineer,34,Female,C,Vehicle,CUST-17037
Mahmoud Adel,Freelancer,26,Male,A,,CUST-17038
Nabil Ibrahim,Freelancer,56,Female,B,Vehicle,CUST-17039
Karim Hassan,Technician,56,Male,D,Land,CUST-17040
Layla Adel,Sales_Rep,44,Female,A,,CUST-17041
Fatma Kamel,Technician,36,Male,B,,CUST-17042
Tarek Mansour,Freelancer,27,Male,D,Vehicle,CUST-17043
Mona Ibrahim,Freelancer,51,Female,C,Land,CUST-17044
,Engineer,62,Male,B,Land,CUST-17045
Khaled Mahmoud,Doctor,38,Male,D,Land,CUST-17046
Khaled Ghanem,Engineer,31,Male,D,Land,CUST-17047
Mahmoud Kamel,Engineer,49,Male,B,Vehicle,CUST-17048
Hoda El-Sayed,Teacher,32,Female,D,,CUST-17049
Ibrahim Ibrahim,Engineer,36,Male,A,Vehicle,CUST-17050
Tarek Hamdy,Technician,62,Male,D,Vehicle,CUST-17051
Hoda Nabil,Sales_Rep,27,Female,C,Vehicle,CUST-17052
Heba Kamel,Accountant,37,Male,C,Vehicle,CUST-17053
,Technician,58,Female,A,Vehicle,CUST-17054
Layla Zaki,Technician,55,Female,D,Vehicle,CUST-17055
Wael Amr,Freelancer,46,Male,D,,CUST-17056
Salma Hamdy,Freelancer,48,Male,C,Land,CUST-17057
Hassan Hassan,Doctor,39,Female,B,,CUST-17058
Tarek Ibrahim,Engineer,38,Female,B,Land,CUST-17059
Hamdy Fawzy,Accountant,48,Female,A,Land,CUST-17060
Khaled Amr,Technician,63,Male,C,Land,CUST-17061
Wael Abdel-Aziz,Engineer,43,Female,C,Land,CUST-17062
Amira Nabil,Sales_Rep,32,Female,D,Vehicle,CUST-17063
Dina Fawzy,Engineer,51,Female,D,Land,CUST-17064
Wael Adel,Freelancer,64,Female,B,,CUST-17065
Karim Mansour,Doctor,26,Female,B,Land,CUST-17066
Mohamed Mahmoud,Engineer,26,Male,B,,CUST-17067
Bassem Reda,Technician,42,Female,C,,CUST-17068
Amira Ibrahim,Accountant,35,Male,D,,CUST-17069
Nabil Ghanem,Technician,26,Male,D,Land,CUST-17070
Sherif Ibrahim,Freelancer,59,Male,A,Land,CUST-17071
Wael Mansour,Sales_Rep,47,Male,D,Vehicle,CUST-17072
Layla Adel,Technician,32,Male,A,Vehicle,CUST-17073
Sara Kamel,Technician,57,Female,B,Vehicle,CUST-17074
Omar Ibrahim,Sales_Rep,47,Male,A,Land,CUST-17075
Fatma Mahmoud,Freelancer,30,Male,C,Land,CUST-17076
Ahmed Adel,Engineer,39,Female,A,,CUST-17077
Wael Ghanem,Technician,51,Male,C,,CUST-17078
Bassem Amr,Engineer,65,Male,D,Vehicle,CUST-17079
Ibrahim Adel,Technician,28,Female,D,Vehicle,CUST-17080
Sara Mahmoud,Doctor,65,Male,C,Vehicle,CUST-17081
Salma Nabil,Accountant,54,Female,C,Land,CUST-17082
Sara Ibrahim,Accountant,23,Male,B,,CUST-17083
Layla Hassan,Teacher,38,Female,D,Land,CUST-17084
Dina Ghanem,Sales_Rep,48,Female,B,Land,CUST-17085
Omar Mansour,Teacher,31,Male,D,Land,CUST-17086
Bassem Saied,Sales_Rep,62,Female,D,,CUST-17087
Nabil Abdel-Aziz,Accountant,26,Female,C,Land,CUST-17088
Wael El-Sayed,Sales_Rep,26,Female,D,Land,CUST-17089
Dina Abdel-Aziz,Accountant,22,Male,A,,CUST-17090
Bassem Hassan,Engineer,51,Female,A,,CUST-17091
Khaled Kamel,Accountant,47,Female,D,Vehicle,CUST-17092
Hamdy Ibrahim,Engineer,55,Female,C,Land,CUST-17093
Layla Saied,Accountant,38,Male,C,,CUST-17094
Hamdy Fawzy,Doctor,53,Female,C,,CUST-17095
Dina Reda,Sales_Rep,63,Male,D,,CUST-17096
Ibrahim Mansour,Accountant,42,Male,D,Vehicle,CUST-17097
Tarek Ghanem,Sales_Rep,49,Male,B,Vehicle,CUST-17098
,Technician,65,Female,A,Vehicle,CUST-17099
Fatma Fawzy,Teacher,43,Male,C,Land,CUST-17100
Zaki Kamel,Technician,55,Male,D,,CUST-17101
Heba Mansour,Accountant,38,Female,B,,CUST-17102
Khaled El-Sayed,Doctor,24,Female,C,Land,CUST-17103
Mohamed Ibrahim,Freelancer,32,Female,A,,CUST-17104
Amira Nabil,Freelancer,44,Female,C,Vehicle,CUST-17105
Nabil Saied,Engineer,57,Female,B,Vehicle,CUST-17106
Hoda Ibrahim,Technician,58,Female,A,Vehicle,CUST-17107
Wael Saied,Accountant,39,Female,A,,CUST-17108
Khaled Nabil,Engineer,33,Male,D,Land,CUST-17109
Hassan Abdel-Aziz,Doctor,53,Female,B,Land,CUST-17110
Mohamed Adel,Engineer,52,Female,D,Land,CUST-17111
Dina Reda,Engineer,61,Female,B,,CUST-17112
Salma Ghanem,Teacher,24,Female,A,,CUST-17113
Zaki Fawzy,Freelancer,61,Female,A,Vehicle,CUST-17114
Mostafa Kamel,Engineer,56,Female,D,,CUST-17115
Sherif Fawzy,Accountant,36,Female,D,Land,CUST-17116
Mahmoud Ibrahim,Sales_Rep,43,Male,A,Land,CUST-17117
Ibrahim Ibrahim,Freelancer,46,Male,C,Land,CUST-17118
Mostafa Ibrahim,Sales_Rep,58,Male,B,Land,CUST-17119
Mona Hassan,Freelancer,45,Female,A,Vehicle,CUST-17120
Hoda Saied,Doctor,28,Male,C,Vehicle,CUST-17121
Sara Adel,Freelancer,41,Female,A,Vehicle,CUST-17122
Amira Amr,Accountant,57,Female,B,Vehicle,CUST-17123
Hamdy Amr,Engineer,45,Male,A,Vehicle,CUST-17124
Mohamed Ghanem,Sales_Rep,35,Male,D,Vehicle,CUST-17125
Nabil Adel,Accountant,62,Female,D,Vehicle,CUST-17126
Heba Reda,Teacher,41,Female,A,,CUST-17127
Sherif Nabil,Technician,22,Male,A,,CUST-17128
Bassem Nabil,Freelancer,52,Female,B,Vehicle,CUST-17129
Omar Mahmoud,Freelancer,54,Male,A,Vehicle,CUST-17130
Karim Ghanem,Technician,22,Female,B,Vehicle,CUST-17131
Nabil El-Sayed,Accountant,24,Male,A,Land,CUST-17132
Fatma Hassan,Sales_Rep,42,Female,C,,CUST-17133
Hoda Nabil,Technician,45,Male,B,,CUST-17134
Hoda Amr,Technician,29,Female,B,,CUST-17135
Hoda Hamdy,Accountant,44,Female,C,Vehicle,CUST-17136
Heba Zaki,Sales_Rep,46,Male,D,Land,CUST-17137
Tarek Zaki,Freelancer,44,Female,D,Land,CUST-17138
Heba Zaki,Engineer,56,Female,A,Vehicle,CUST-17139
Salma Adel,Freelancer,48,Female,B,,CUST-17140
Hamdy Mahmoud,Freelancer,61,Male,D,,CUST-17141
Karim Mahmoud,Engineer,64,Female,C,,CUST-17142
Mona Adel,Teacher,40,Male,D,Vehicle,CUST-17143
Omar Reda,Accountant,39,Female,B,Vehicle,CUST-17144
Tarek El-Sayed,Accountant,46,Male,C,Vehicle,CUST-17145
Tarek Reda,Doctor,43,Male,C,Land,CUST-17146
Salma Amr,Sales_Rep,52,Male,D,,CUST-17147
Mostafa Hamdy,Accountant,48,Male,A,,CUST-17148
Karim Abdel-Aziz,Technician,41,Male,D,,CUST-17149
Heba Hamdy,Technician,26,Female,B,Vehicle,CUST-17150
Omar Saied,Teacher,65,Female,A,Land,CUST-17151
Heba Abdel-Aziz,Teacher,35,Female,C,Land,CUST-17152
Heba Nabil,Doctor,49,Male,D,,CUST-17153
Hassan Fawzy,Teacher,45,Male,C,Land,CUST-17154
Sara Ghanem,Teacher,24,Female,B,,CUST-17155
Mona Amr,Accountant,37,Male,D,Land,CUST-17156
Tarek Amr,Teacher,22,Female,C,Land,CUST-17157
Nabil Zaki,Freelancer,30,Male,A,,CUST-17158
Tarek Abdel-Aziz,Accountant,46,Male,C,Vehicle,CUST-17159
Mostafa Abdel-Aziz,Teacher,40,Female,D,Land,CUST-17160
Sara Nabil,Engineer,46,Female,B,Land,CUST-17161
Hassan Hassan,Accountant,44,Male,C,,CUST-17162
Fatma Adel,Doctor,40,Male,A,Land,CUST-17163
Khaled El-Sayed,Engineer,49,Female,A,Land,CUST-17164
Salma Amr,Doctor,45,Male,A,Land,CUST-17165
Ibrahim Saied,Engineer,24,Female,D,,CUST-17166
Mohamed Mansour,Doctor,65,Female,C,Land,CUST-17167
Dina Reda,Teacher,53,Female,B,,CUST-17168
Hamdy Mansour,Sales_Rep,53,Male,B,,CUST-17169
Mostafa Mahmoud,Teacher,31,Female,D,,CUST-17170
,Freelancer,30,Male,B,,CUST-17171
Layla Ghanem,Sales_Rep,43,Female,A,Land,CUST-17172
Layla Mansour,Accountant,58,Female,A,Vehicle,CUST-17173
Ibrahim Reda,Sales_Rep,39,Male,C,,CUST-17174
Hassan Ghanem,Teacher,56,Male,C,,CUST-17175
Layla Nabil,Engineer,60,Female,B,Land,CUST-17176
Omar Abdel-Aziz,Doctor,54,Female,C,Land,CUST-17177
Mahmoud Saied,Accountant,22,Male,B,,CUST-17178
Mohamed Fawzy,Engineer,59,Female,B,Vehicle,CUST-17179
Amira Hassan,Freelancer,63,Male,A,Land,CUST-17180
Karim Reda,Freelancer,57,Female,A,,CUST-17181
Mostafa Saied,Doctor,30,Female,C,,CUST-17182
Fatma Hamdy,Engineer,28,Female,C,Vehicle,CUST-17183
Zaki Abdel-Aziz,Doctor,47,Female,B,Vehicle,CUST-17184
Mona Ibrahim,Teacher,47,Male,C,Vehicle,CUST-17185
Mona Ghanem,Freelancer,21,Male,A,Land,CUST-17186
Khaled Hamdy,Teacher,50,Female,B,Land,CUST-17187
Mona El-Sayed,Teacher,60,Female,B,,CUST-17188
Sherif Amr,Sales_Rep,47,Male,A,Vehicle,CUST-17189
Hassan Mansour,Teacher,54,Female,C,Vehicle,CUST-17190
Sara Zaki,Accountant,35,Female,A,,CUST-17191
Hoda Amr,Technician,28,Female,D,Vehicle,CUST-17192
Bassem Ibrahim,Accountant,39,Male,B,Vehicle,CUST-17193
Sherif Fawzy,Sales_Rep,63,Male,B,Land,CUST-17194
Zaki Mansour,Engineer,44,Female,B,Vehicle,CUST-17195
Ibrahim Adel,Technician,46,Female,D,Vehicle,CUST-17196
Sherif Saied,Accountant,50,Male,B,Land,CUST-17197
Ibrahim Zaki,Doctor,46,Female,B,Land,CUST-17198
Salma Abdel-Aziz,Technician,29,Male,B,,CUST-17199
Heba Nabil,Technician,30,Female,D,Land,CUST-17200
Khaled Nabil,Accountant,59,Female,C,,CUST-17201
Wael Mansour,Accountant,22,Female,A,,CUST-17202
Fatma Nabil,Doctor,21,Male,B,Vehicle,CUST-17203
Zaki El-Sayed,Doctor,37,Male,D,Land,CUST-17204
Heba Ghanem,Teacher,51,Female,D,Land,CUST-17205
Khaled Ibrahim,Sales_Rep,34,Male,D,,CUST-17206
Khaled Reda,Accountant,45,Male,B,Land,CUST-17207
Bassem Kamel,Doctor,31,Female,A,Land,CUST-17208
Bassem Ghanem,Accountant,47,Male,C,Vehicle,CUST-17209
Amira El-Sayed,Accountant,47,Male,D,,CUST-17210
Zaki Amr,Freelancer,45,Male,C,,CUST-17211
Tarek Hamdy,Accountant,55,Female,A,Land,CUST-17212
Wael El-Sayed,Accountant,51,Male,D,,CUST-17213
Layla Nabil,Technician,52,Female,C,Land,CUST-17214
Layla Kamel,Engineer,50,Female,A,,CUST-17215
Hassan Abdel-Aziz,Freelancer,54,Male,A,,CUST-17216
,Teacher,43,Female,B,,CUST-17217
Omar Hassan,Engineer,25,Male,B,Vehicle,CUST-17218
Bassem El-Sayed,Accountant,27,Female,B,,CUST-17219
Layla Nabil,Freelancer,25,Male,B,Land,CUST-17220
Mohamed Hamdy,Doctor,64,Female,C,Vehicle,CUST-17221
Tarek Amr,Accountant,41,Male,C,Vehicle,CUST-17222
Nabil Hamdy,Freelancer,49,Male,B,Vehicle,CUST-17223
Tarek Mansour,Doctor,62,Female,D,Vehicle,CUST-17224
Hassan Abdel-Aziz,Accountant,60,Male,D,Vehicle,CUST-17225
Mohamed Adel,Accountant,48,Male,D,Vehicle,CUST-17226
Zaki Reda,Accountant,42,Male,D,,CUST-17227
Hassan Abdel-Aziz,Engineer,41,Male,C,Vehicle,CUST-17228
Ahmed Nabil,Technician,44,Female,B,,CUST-17229
Nabil El-Sayed,Engineer,21,Male,C,Land,CUST-17230
Amira Abdel-Aziz,Freelancer,31,Male,D,Land,CUST-17231
,Freelancer,52,Female,B,,CUST-17232
Mostafa Hamdy,Doctor,35,Female,D,,CUST-17233
Nabil Mansour,Doctor,56,Male,D,,CUST-17234
,Teacher,46,Female,B,Vehicle,CUST-17235
,Engineer,64,Female,B,Vehicle,CUST-17236
Heba Zaki,Teacher,34,Male,C,Vehicle,CUST-17237
Bassem Mahmoud,Sales_Rep,31,Male,A,Vehicle,CUST-17238
Tarek El-Sayed,Doctor,39,Female,B,Land,CUST-17239
Wael Saied,Sales_Rep,65,Female,A,,CUST-17240
Hoda Hamdy,Engineer,58,Male,A,Vehicle,CUST-17241
Hassan Saied,Freelancer,46,Male,B,Vehicle,CUST-17242
Mostafa Mahmoud,Freelancer,29,Male,D,Land,CUST-17243
Hoda Ibrahim,Engineer,28,Female,A,,CUST-17244
Khaled Saied,Accountant,31,Male,D,,CUST-17245
Khaled Mahmoud,Engineer,32,Male,D,,CUST-17246
Mahmoud Zaki,Engineer,53,Male,B,Vehicle,CUST-17247
Bassem Reda,Sales_Rep,63,Female,A,,CUST-17248
Ibrahim Mansour,Accountant,65,Male,D,,CUST-17249
Mostafa Ibrahim,Technician,48,Male,D,Vehicle,CUST-17250
Mohamed Hassan,Accountant,22,Female,D,,CUST-17251
Khaled Mahmoud,Technician,35,Male,B,Vehicle,CUST-17252
Mona Hamdy,Sales_Rep,56,Female,B,Land,CUST-17253
Mohamed Nabil,Engineer,47,Female,D,Vehicle,CUST-17254
Tarek Kamel,Accountant,50,Female,C,Vehicle,CUST-17255
Heba Hassan,Technician,36,Female,C,Vehicle,CUST-17256
Mohamed Ibrahim,Freelancer,23,Female,D,,CUST-17257
Salma El-Sayed,Accountant,65,Female,B,,CUST-17258
,Doctor,49,Male,A,Land,CUST-17259
Layla Hamdy,Teacher,42,Female,D,Land,CUST-17260
Sara Ibrahim,Sales_Rep,28,Female,C,Vehicle,CUST-17261
Mostafa Mahmoud,Engineer,34,Male,B,,CUST-17262
Khaled El-Sayed,Teacher,39,Male,A,,CUST-17263
Mona Mahmoud,Sales_Rep,62,Female,D,Vehicle,CUST-17264
Mahmoud Adel,Engineer,40,Male,B,Vehicle,CUST-17265
Khaled Fawzy,Doctor,45,Female,D,,CUST-17266
Dina Fawzy,Teacher,53,Male,A,Land,CUST-17267
Karim Kamel,Engineer,50,Male,A,Land,CUST-17268
Fatma Kamel,Engineer,61,Male,D,Vehicle,CUST-17269
Dina Nabil,Engineer,57,Male,C,Land,CUST-17270
Mostafa Adel,Engineer,40,Male,C,Vehicle,CUST-17271
Mahmoud El-Sayed,Accountant,32,Female,A,Land,CUST-17272
Fatma Abdel-Aziz,Technician,64,Male,D,Land,CUST-17273
Khaled Fawzy,Sales_Rep,48,Female,B,Vehicle,CUST-17274
Hamdy Fawzy,Technician,30,Male,B,Land,CUST-17275
Tarek Abdel-Aziz,Sales_Rep,34,Male,D,Land,CUST-17276
Salma Mansour,Accountant,34,Female,B,,CUST-17277
Sherif Amr,Doctor,56,Male,C,Vehicle,CUST-17278
Bassem Nabil,Freelancer,48,Female,C,,CUST-17279
Mohamed Amr,Freelancer,29,Female,C,Land,CUST-17280
Mohamed Hassan,Freelancer,25,Male,D,,CUST-17281
Mohamed Nabil,Teacher,38,Female,A,Vehicle,CUST-17282
,Technician,35,Male,B,Vehicle,CUST-17283
Ahmed Hamdy,Sales_Rep,63,Female,C,Land,CUST-17284
Khaled Hassan,Technician,56,Female,C,,CUST-17285
Dina Zaki,Engineer,48,Female,D,,CUST-17286
Tarek Ghanem,Technician,59,Female,D,Vehicle,CUST-17287
Dina El-Sayed,Technician,59,Female,D,Vehicle,CUST-17288
Mostafa Hassan,Doctor,39,Female,B,Vehicle,CUST-17289
Amira Kamel,Freelancer,64,Female,A,Vehicle,CUST-17290
Ibrahim Hamdy,Engineer,56,Female,C,Land,CUST-17291
Omar Amr,Doctor,53,Female,C,Vehicle,CUST-17292
Layla Reda,Teacher,54,Female,D,Vehicle,CUST-17293
Fatma Saied,Accountant,45,Female,A,Vehicle,CUST-17294
Hoda Reda,Technician,21,Female,A,,CUST-17295
Dina Adel,Technician,28,Male,A,,CUST-17296
Hoda Mansour,Doctor,62,Female,C,Land,CUST-17297
Hoda Hassan,Technician,62,Female,D,Land,CUST-17298
Amira Mansour,Engineer,44,Female,D,Vehicle,CUST-17299
Bassem Nabil,Doctor,49,Female,A,,CUST-17300
Tarek Nabil,Doctor,62,Female,B,,CUST-17301
Layla Hamdy,Teacher,51,Female,D,Land,CUST-17302
Mohamed Mahmoud,Technician,53,Male,D,Vehicle,CUST-17303
Dina Hassan,Sales_Rep,33,Male,C,Land,CUST-17304
Sara Zaki,Engineer,24,Female,D,Vehicle,CUST-17305
Hassan Adel,Teacher,46,Female,A,Vehicle,CUST-17306
Hassan Kamel,Technician,39,Female,D,,CUST-17307
Sara Adel,Technician,21,Male,C,Land,CUST-17308
Amira Hassan,Engineer,51,Female,A,,CUST-17309
Heba Hamdy,Freelancer,59,Male,B,Land,CUST-17310
Nabil Nabil,Sales_Rep,38,Female,C,Vehicle,CUST-17311
Bassem Fawzy,Teacher,41,Male,D,,CUST-17312
Sara Kamel,Accountant,25,Male,C,Vehicle,CUST-17313
Ahmed El-Sayed,Freelancer,60,Female,D,,CUST-17314
Layla Ghanem,Teacher,26,Male,A,Land,CUST-17315
Mohamed Reda,Engineer,57,Female,C,Vehicle,CUST-17316
Mahmoud Amr,Technician,54,Male,C,,CUST-17317
Mona Amr,Teacher,37,Female,B,Vehicle,CUST-17318
Hoda Zaki,Sales_Rep,25,Female,C,Land,CUST-17319
Sara Hassan,Freelancer,57,Male,B,Land,CUST-17320
Tarek Hassan,Accountant,33,Female,A,,CUST-17321
Ahmed Mahmoud,Freelancer,57,Male,B,Vehicle,CUST-17322
Zaki Fawzy,Technician,44,Male,C,Land,CUST-17323
Khaled Adel,Engineer,64,Male,C,Land,CUST-17324
Amira Kamel,Teacher,26,Female,D,Land,CUST-17325
Mostafa Mansour,Technician,31,Male,B,Vehicle,CUST-17326
Amira Abdel-Aziz,Freelancer,26,Female,A,Vehicle,CUST-17327
Karim Hassan,Teacher,56,Female,D,,CUST-17328
Heba Mansour,Freelancer,65,Male,A,Vehicle,CUST-17329
Sherif El-Sayed,Doctor,46,Female,B,Vehicle,CUST-17330
Mahmoud Reda,Teacher,41,Female,C,Vehicle,CUST-17331
Zaki Hamdy,Engineer,38,Female,B,Land,CUST-17332
Wael Fawzy,Sales_Rep,29,Female,D,Land,CUST-17333
Mostafa Fawzy,Teacher,63,Female,C,,CUST-17334
Heba Mansour,Doctor,58,Male,B,,CUST-17335
Wael Nabil,Freelancer,29,Female,A,Land,CUST-17336
Mostafa Ghanem,Freelancer,35,Female,C,Land,CUST-17337
Hoda Abdel-Aziz,Technician,38,Male,B,Land,CUST-17338
Nabil Abdel-Aziz,Freelancer,64,Male,D,,CUST-17339
Nabil Reda,Technician,27,Female,D,Vehicle,CUST-17340
Mohamed Adel,Sales_Rep,31,Male,C,,CUST-17341
Mostafa Hamdy,Teacher,42,Female,C,,CUST-17342
Amira Hamdy,Doctor,42,Male,A,Land,CUST-17343
Dina Zaki,Engineer,53,Male,D,Vehicle,CUST-17344
Mona Ghanem,Technician,57,Female,B,Land,CUST-17345
Omar Hamdy,Accountant,37,Male,D,Land,CUST-17346
Hassan Ghanem,Freelancer,62,Male,D,,CUST-17347
,Sales_Rep,53,Female,A,Land,CUST-17348
Hoda Mansour,Doctor,56,Male,C,,CUST-17349
Amira Ghanem,Sales_Rep,38,Male,B,Land,CUST-17350
Sherif Hassan,Freelancer,33,Male,B,Vehicle,CUST-17351
Zaki Abdel-Aziz,Engineer,38,Female,D,,CUST-17352
Hamdy Fawzy,Engineer,53,Female,A,Vehicle,CUST-17353
Tarek El-Sayed,Doctor,30,Female,C,Land,CUST-17354
Amira Reda,Freelancer,49,Male,C,,CUST-17355
Khaled Abdel-Aziz,Engineer,63,Male,A,Land,CUST-17356
Omar Nabil,Engineer,21,Male,D,,CUST-17357
Omar Mansour,Engineer,48,Female,A,Land,CUST-17358
Salma Mansour,Engineer,60,Female,A,Land,CUST-17359
Amira Saied,Teacher,36,Male,D,Vehicle,CUST-17360
Tarek Ibrahim,Sales_Rep,27,Male,D,,CUST-17361
Wael Ibrahim,Teacher,46,Male,A,Vehicle,CUST-17362
Amira Ibrahim,Technician,31,Female,B,,CUST-17363
Zaki Nabil,Technician,61,Female,B,Land,CUST-17364
Omar Mahmoud,Freelancer,22,Male,A,Vehicle,CUST-17365
Mostafa Saied,Sales_Rep,39,Male,B,,CUST-17366
Omar Ibrahim,Accountant,48,Female,A,Vehicle,CUST-17367
Karim Adel,Sales_Rep,40,Female,B,Vehicle,CUST-17368
Omar Amr,Teacher,65,Male,B,,CUST-17369
Bassem Saied,Teacher,59,Male,A,Land,CUST-17370
Layla Nabil,Freelancer,52,Female,A,Land,CUST-17371
Hamdy Ghanem,Teacher,46,Female,B,,CUST-17372
,Sales_Rep,26,Female,C,Land,CUST-17373
Zaki Hassan,Doctor,39,Female,C,Land,CUST-17374
Wael Amr,Accountant,40,Female,C,,CUST-17375
Fatma Nabil,Sales_Rep,33,Female,B,Vehicle,CUST-17376
Zaki Abdel-Aziz,Freelancer,25,Male,C,Vehicle,CUST-17377
Layla Fawzy,Doctor,34,Female,C,,CUST-17378
Sherif Nabil,Engineer,21,Female,D,,CUST-17379
Mona Mahmoud,Teacher,41,Male,C,Land,CUST-17380
Hoda Nabil,Technician,46,Female,C,Land,CUST-17381
Khaled Fawzy,Engineer,61,Male,A,Land,CUST-17382
Tarek Hassan,Doctor,52,Female,C,Land,CUST-17383
Sara Adel,Technician,27,Male,C,Vehicle,CUST-17384
Amira Zaki,Freelancer,25,Female,B,,CUST-17385
Karim Hamdy,Freelancer,51,Male,C,,CUST-17386
Tarek El-Sayed,Teacher,36,Male,D,Vehicle,CUST-17387
Dina Abdel-Aziz,Teacher,54,Female,A,Vehicle,CUST-17388
Mostafa Nabil,Teacher,60,Female,B,Vehicle,CUST-17389
,Sales_Rep,36,Male,B,,CUST-17390
Fatma Nabil,Freelancer,43,Male,A,,CUST-17391
Hoda Mahmoud,Engineer,37,Male,C,Land,CUST-17392
Hamdy Nabil,Freelancer,57,Female,D,Land,CUST-17393
Fatma Fawzy,Sales_Rep,58,Male,D,Land,CUST-17394
Bassem Abdel-Aziz,Accountant,23,Male,A,Land,CUST-17395
Mostafa El-Sayed,Freelancer,63,Male,B,Land,CUST-17396
Amira Adel,Accountant,59,Female,D,,CUST-17397
Mohamed Zaki,Teacher,33,Female,D,,CUST-17398
Karim Amr,Engineer,41,Female,B,Land,CUST-17399
Ibrahim Hamdy,Sales_Rep,35,Female,C,Vehicle,CUST-17400
Hamdy Hamdy,Accountant,56,Female,C,Vehicle,CUST-17401
Heba Kamel,Technician,31,Male,A,Vehicle,CUST-17402
Bassem Mahmoud,Doctor,57,Female,C,Land,CUST-17403
Sherif Hassan,Teacher,36,Female,B,Land,CUST-17404
Hamdy Hamdy,Teacher,57,Male,D,Land,CUST-17405
Khaled Reda,Accountant,26,Male,D,Vehicle,CUST-17406
Hassan El-Sayed,Engineer,57,Male,B,Land,CUST-17407
Nabil Mahmoud,Technician,28,Female,C,,CUST-17408
Mona Fawzy,Freelancer,51,Male,D,Land,CUST-17409
Heba Ghanem,Engineer,26,Male,A,,CUST-17410
Hassan Ghanem,Sales_Rep,65,Female,A,Land,CUST-17411
Khaled Ghanem,Accountant,28,Male,D,,CUST-17412
Karim Nabil,Freelancer,60,Male,A,Vehicle,CUST-17413
Wael Mansour,Teacher,35,Male,C,Vehicle,CUST-17414
Hamdy Hassan,Technician,65,Female,A,,CUST-17415
Hassan Reda,Doctor,59,Male,A,Land,CUST-17416
Hamdy Saied,Freelancer,25,Female,A,,CUST-17417
Sara Nabil,Technician,59,Female,B,,CUST-17418
Bassem Ghanem,Sales_Rep,47,Male,A,Vehicle,CUST-17419
,Engineer,63,Female,B,,CUST-17420
Fatma Amr,Technician,33,Female,D,Vehicle,CUST-17421
Hassan Zaki,Teacher,33,Male,C,Vehicle,CUST-17422
Zaki El-Sayed,Technician,61,Female,C,,CUST-17423
Nabil Mansour,Accountant,25,Male,C,Vehicle,CUST-17424
Layla Fawzy,Accountant,51,Male,D,,CUST-17425
,Freelancer,30,Male,D,,CUST-17426
Nabil Reda,Sales_Rep,23,Male,B,,CUST-17427
Sherif Mahmoud,Teacher,36,Female,B,Vehicle,CUST-17428
Karim Hamdy,Doctor,23,Male,B,,CUST-17429
Ahmed Mansour,Sales_Rep,39,Female,B,,CUST-17430
Karim Hamdy,Technician,47,Male,D,Vehicle,CUST-17431
Tarek Abdel-Aziz,Freelancer,32,Male,C,Land,CUST-17432
Salma Reda,Doctor,21,Male,B,Land,CUST-17433
Ibrahim Zaki,Technician,33,Male,C,,CUST-17434
Omar Reda,Accountant,21,Female,A,Vehicle,CUST-17435
Dina El-Sayed,Freelancer,24,Female,C,,CUST-17436
Heba Hamdy,Technician,21,Female,B,,CUST-17437
Tarek Hassan,Doctor,51,Male,A,Land,CUST-17438
Mohamed Amr,Teacher,26,Female,D,Land,CUST-17439
Fatma El-Sayed,Freelancer,44,Male,C,Vehicle,CUST-17440
Karim Adel,Sales_Rep,63,Female,C,Vehicle,CUST-17441
Ahmed El-Sayed,Doctor,22,Male,D,Vehicle,CUST-17442
Zaki Saied,Doctor,30,Female,C,Land,CUST-17443
,Doctor,57,Female,A,Land,CUST-17444
Khaled Abdel-Aziz,Freelancer,36,Female,A,Vehicle,CUST-17445
Khaled Mansour,Doctor,39,Male,B,,CUST-17446
Dina Mahmoud,Accountant,22,Female,C,Vehicle,CUST-17447
Mahmoud El-Sayed,Technician,37,Female,A,Land,CUST-17448
Dina Amr,Technician,33,Female,B,Land,CUST-17449
Mostafa Zaki,Sales_Rep,60,Male,B,,CUST-17450
Mona El-Sayed,Teacher,53,Male,D,Land,CUST-17451
Bassem Zaki,Technician,27,Female,B,,CUST-17452
Hassan Mahmoud,Sales_Rep,58,Male,D,,CUST-17453
Hoda Mansour,Technician,39,Female,D,,CUST-17454
Karim Reda,Sales_Rep,61,Female,C,,CUST-17455
Hoda Fawzy,Engineer,29,Male,B,,CUST-17456
Sherif Hassan,Freelancer,62,Female,A,Land,CUST-17457
Mona Saied,Technician,27,Female,A,Land,CUST-17458
Omar Ibrahim,Freelancer,28,Male,C,,CUST-17459
Amira Mahmoud,Technician,23,Female,A,Vehicle,CUST-17460
Heba Amr,Doctor,46,Male,D,Land,CUST-17461
Hamdy Zaki,Freelancer,56,Male,D,Land,CUST-17462
Bassem Nabil,Doctor,23,Male,A,Land,CUST-17463
Dina Zaki,Teacher,55,Male,B,Vehicle,CUST-17464
Zaki Saied,Sales_Rep,47,Male,C,,CUST-17465
Khaled Mahmoud,Teacher,32,Male,D,,CUST-17466
Mostafa El-Sayed,Technician,23,Female,D,Vehicle,CUST-17467
Sara Abdel-Aziz,Doctor,29,Female,D,Vehicle,CUST-17468
Sherif Saied,Sales_Rep,35,Female,C,Land,CUST-17469
Sara Amr,Teacher,35,Male,D,Land,CUST-17470
Hoda Mahmoud,Technician,24,Female,A,Vehicle,CUST-17471
,Engineer,43,Female,D,,CUST-17472
Karim Nabil,Sales_Rep,44,Female,B,Vehicle,CUST-17473
Hamdy Ibrahim,Doctor,65,Female,D,Land,CUST-17474
Sherif Zaki,Doctor,33,Male,A,Land,CUST-17475
Nabil Saied,Sales_Rep,64,Male,B,Land,CUST-17476
Mona Mahmoud,Technician,46,Male,C,Land,CUST-17477
Tarek Fawzy,Doctor,53,Female,D,Land,CUST-17478
Sara Abdel-Aziz,Technician,32,Male,C,Vehicle,CUST-17479
Ibrahim El-Sayed,Doctor,35,Female,D,Land,CUST-17480
Khaled Adel,Teacher,40,Female,D,Land,CUST-17481
Dina Ibrahim,Doctor,43,Male,C,Vehicle,CUST-17482
Dina Abdel-Aziz,Freelancer,48,Male,D,Vehicle,CUST-17483
Karim Hamdy,Doctor,27,Male,D,Vehicle,CUST-17484
Zaki Mansour,Freelancer,54,Female,D,,CUST-17485
Mohamed Fawzy,Doctor,46,Female,C,Land,CUST-17486
Wael El-Sayed,Freelancer,28,Female,C,Land,CUST-17487
Khaled Ghanem,Accountant,24,Male,C,,CUST-17488
Sherif Hamdy,Accountant,54,Male,B,Vehicle,CUST-17489
Hamdy Kamel,Doctor,60,Male,D,,CUST-17490
Khaled Mahmoud,Doctor,37,Male,A,,CUST-17491
Mostafa Zaki,Technician,52,Female,A,Land,CUST-17492
Zaki Fawzy,Teacher,48,Male,D,Vehicle,CUST-17493
Mohamed Reda,Freelancer,59,Female,A,Land,CUST-17494
Ibrahim Hassan,Technician,59,Male,D,,CUST-17495
Zaki Abdel-Aziz,Freelancer,47,Male,A,Vehicle,CUST-17496
Salma El-Sayed,Teacher,57,Male,C,,CUST-17497
Hamdy Reda,Accountant,24,Male,C,Land,CUST-17498
Heba Mahmoud,Accountant,37,Male,C,Vehicle,CUST-17499
Karim Hassan,Sales_Rep,51,Female,D,,CUST-17500
Layla Reda,Accountant,60,Female,A,,CUST-17501
Mahmoud Ibrahim,Engineer,34,Female,A,Land,CUST-17502
Amira Mansour,Engineer,22,Male,C,Vehicle,CUST-17503
Mostafa Reda,Teacher,48,Female,C,,CUST-17504
Khaled Amr,Sales_Rep,22,Female,C,,CUST-17505
Khaled Ibrahim,Teacher,56,Male,A,Vehicle,CUST-17506
Sara Mahmoud,Sales_Rep,51,Female,B,Vehicle,CUST-17507
Ibrahim Reda,Sales_Rep,49,Male,A,,CUST-17508
Hassan Ghanem,Freelancer,41,Male,A,Vehicle,CUST-17509
Nabil Reda,Teacher,34,Male,B,,CUST-17510
Dina Ibrahim,Freelancer,31,Male,C,Vehicle,CUST-17511
Omar El-Sayed,Engineer,56,Male,B,Vehicle,CUST-17512
Amira Zaki,Accountant,57,Male,B,Land,CUST-17513
Dina Mahmoud,Accountant,24,Male,B,Land,CUST-17514
Mahmoud Saied,Accountant,50,Male,C,,CUST-17515
Mostafa Amr,Freelancer,41,Male,D,,CUST-17516
Zaki Hassan,Accountant,53,Male,B,Vehicle,CUST-17517
Heba Zaki,Engineer,29,Male,D,,CUST-17518
Mahmoud Saied,Accountant,54,Female,D,Vehicle,CUST-17519
Heba Hamdy,Technician,31,Female,D,Land,CUST-17520
Dina Zaki,Technician,35,Female,B,,CUST-17521
Omar Reda,Doctor,48,Male,A,Vehicle,CUST-17522
Bassem Hassan,Teacher,35,Male,A,Vehicle,CUST-17523
Khaled Adel,Sales_Rep,29,Female,D,,CUST-17524
Wael Hamdy,Accountant,60,Male,B,Vehicle,CUST-17525
Bassem El-Sayed,Accountant,44,Female,C,,CUST-17526
Khaled Hassan,Engineer,57,Female,B,Land,CUST-17527
Ibrahim Fawzy,Teacher,41,Female,D,Vehicle,CUST-17528
Bassem Saied,Doctor,32,Female,A,,CUST-17529
Tarek Amr,Technician,62,Female,B,Land,CUST-17530
Amira Fawzy,Freelancer,21,Male,A,Land,CUST-17531
Sherif Mahmoud,Accountant,23,Female,C,Vehicle,CUST-17532
Wael Hamdy,Engineer,42,Female,B,,CUST-17533
Hoda El-Sayed,Technician,36,Female,C,Vehicle,CUST-17534
Omar Ibrahim,Technician,37,Male,B,,CUST-17535
,Accountant,36,Female,D,Land,CUST-17536
Hassan Ghanem,Accountant,65,Male,A,Land,CUST-17537
Hoda El-Sayed,Teacher,34,Male,C,Land,CUST-17538
Salma Ghanem,Technician,34,Female,C,Vehicle,CUST-17539
Dina Hassan,Teacher,53,Male,C,Land,CUST-17540
Hoda Kamel,Teacher,35,Male,D,,CUST-17541
Hoda Abdel-Aziz,Doctor,56,Female,B,,CUST-17542
Sherif Zaki,Teacher,59,Female,B,Land,CUST-17543
Mohamed Kamel,Technician,57,Male,D,,CUST-17544
Sara Fawzy,Engineer,42,Male,B,Land,CUST-17545
Zaki Ghanem,Sales_Rep,36,Male,A,Vehicle,CUST-17546
Dina Ghanem,Teacher,33,Male,D,Land,CUST-17547
Dina Mahmoud,Accountant,43,Female,B,,CUST-17548
Dina Saied,Technician,40,Female,D,Land,CUST-17549
Karim Nabil,Teacher,43,Female,A,,CUST-17550
Mohamed Reda,Doctor,50,Female,C,,CUST-17551
Mona Ibrahim,Doctor,62,Female,C,Land,CUST-17552
Mostafa Abdel-Aziz,Accountant,57,Female,A,,CUST-17553
Mostafa Fawzy,Doctor,25,Female,C,Land,CUST-17554
Layla Zaki,Technician,52,Female,C,,CUST-17555
Zaki Hassan,Technician,56,Male,A,,CUST-17556
Karim Reda,Accountant,36,Female,A,Land,CUST-17557
Mahmoud Abdel-Aziz,Accountant,53,Male,C,Vehicle,CUST-17558
Mostafa Abdel-Aziz,Engineer,57,Female,B,,CUST-17559
Hoda El-Sayed,Doctor,65,Female,C,Vehicle,CUST-17560
Dina Hamdy,Accountant,55,Male,B,Land,CUST-17561
Ahmed Adel,Technician,33,Female,C,Land,CUST-17562
Mohamed Abdel-Aziz,Accountant,57,Male,D,Vehicle,CUST-17563
Hoda Ibrahim,Engineer,53,Female,D,Land,CUST-17564
Amira El-Sayed,Accountant,28,Male,C,,CUST-17565
Hassan Ghanem,Freelancer,33,Female,C,Vehicle,CUST-17566
Sara Hassan,Teacher,46,Male,A,,CUST-17567
Sara Saied,Doctor,54,Female,A,Land,CUST-17568
Zaki Ghanem,Technician,53,Female,B,Vehicle,CUST-17569
Fatma El-Sayed,Technician,30,Male,C,Land,CUST-17570
Mostafa Kamel,Sales_Rep,27,Female,B,,CUST-17571
Hamdy Fawzy,Technician,28,Female,C,,CUST-17572
Bassem Mahmoud,Engineer,37,Female,B,Vehicle,CUST-17573
Khaled Ghanem,Accountant,24,Female,C,Vehicle,CUST-17574
Tarek Hamdy,Technician,35,Male,B,,CUST-17575
Wael Mahmoud,Teacher,49,Male,B,,CUST-17576
Wael Kamel,Doctor,44,Female,D,,CUST-17577
Nabil Nabil,Sales_Rep,50,Female,B,,CUST-17578
Hamdy Reda,Engineer,49,Male,C,Land,CUST-17579
Salma Ghanem,Engineer,39,Male,A,Vehicle,CUST-17580
,Engineer,41,Male,B,Land,CUST-17581
Fatma Ghanem,Technician,48,Male,B,Land,CUST-17582
Layla Kamel,Technician,57,Female,D,,CUST-17583
Amira Adel,Teacher,33,Female,D,,CUST-17584
Mahmoud Fawzy,Technician,27,Male,D,,CUST-17585
Ibrahim Ghanem,Freelancer,36,Male,A,Vehicle,CUST-17586
Mohamed Adel,Accountant,23,Female,C,Vehicle,CUST-17587
,Engineer,24,Female,B,,CUST-17588
Karim Nabil,Freelancer,58,Female,A,Land,CUST-17589
Sara Zaki,Doctor,39,Male,C,,CUST-17590
Omar Fawzy,Accountant,59,Female,A,Land,CUST-17591
Khaled Adel,Engineer,57,Female,C,Vehicle,CUST-17592
Wael Saied,Freelancer,60,Female,C,Land,CUST-17593
Mostafa El-Sayed,Sales_Rep,51,Male,B,Vehicle,CUST-17594
Heba Hamdy,Teacher,38,Female,C,,CUST-17595
Tarek Ibrahim,Freelancer,49,Female,B,,CUST-17596
Mohamed Reda,Freelancer,21,Male,C,Land,CUST-17597
Zaki Saied,Engineer,35,Female,D,,CUST-17598
Mostafa Reda,Freelancer,23,Female,D,Land,CUST-17599
Hamdy Zaki,Engineer,35,Female,B,Land,CUST-17600
Hamdy Kamel,Sales_Rep,46,Female,D,Land,CUST-17601
Hassan Hassan,Doctor,48,Male,A,,CUST-17602
Mostafa Hamdy,Freelancer,39,Male,B,,CUST-17603
Mohamed Mansour,Accountant,50,Male,C,,CUST-17604
Mahmoud Hassan,Doctor,47,Male,D,Land,CUST-17605
Dina Fawzy,Accountant,55,Male,B,,CUST-17606
Hassan Ghanem,Accountant,23,Female,A,Land,CUST-17607
Mona Hassan,Teacher,55,Male,A,Vehicle,CUST-17608
Hoda Hassan,Teacher,32,Male,C,,CUST-17609
Fatma Adel,Sales_Rep,45,Male,A,,CUST-17610
Nabil Reda,Sales_Rep,58,Female,D,,CUST-17611
Mona Reda,Engineer,62,Male,D,Land,CUST-17612
Salma Reda,Accountant,61,Female,D,Land,CUST-17613
Sherif Mansour,Doctor,61,Female,A,Land,CUST-17614
Tarek Mahmoud,Engineer,37,Female,A,Land,CUST-17615
Amira Mansour,Engineer,38,Female,B,,CUST-17616
Ibrahim Ghanem,Technician,54,Female,C,,CUST-17617
Wael Hassan,Technician,40,Female,D,Vehicle,CUST-17618
Wael Adel,Technician,49,Male,D,,CUST-17619
Omar Saied,Engineer,46,Female,D,,CUST-17620
Hassan Nabil,Engineer,49,Female,C,,CUST-17621
Bassem Nabil,Teacher,43,Female,B,Land,CUST-17622
Omar Abdel-Aziz,Sales_Rep,36,Male,B,Land,CUST-17623
Mahmoud Mahmoud,Freelancer,56,Male,C,,CUST-17624
Hassan Ghanem,Doctor,41,Male,B,,CUST-17625
Zaki Mansour,Sales_Rep,43,Female,C,Vehicle,CUST-17626
,Engineer,35,Male,A,,CUST-17627
,Sales_Rep,43,Male,A,,CUST-17628
Ibrahim Mansour,Doctor,31,Male,A,,CUST-17629
Sherif Ibrahim,Accountant,27,Female,C,,CUST-17630
Ahmed Nabil,Accountant,45,Female,C,Vehicle,CUST-17631
Ahmed Nabil,Sales_Rep,30,Female,C,,CUST-17632
Omar El-Sayed,Technician,52,Male,C,Vehicle,CUST-17633
Omar Hassan,Accountant,37,Male,B,Vehicle,CUST-17634
Mona Fawzy,Freelancer,56,Male,C,Vehicle,CUST-17635
Ibrahim Adel,Technician,63,Male,A,Vehicle,CUST-17636
Sherif Hamdy,Sales_Rep,61,Male,A,Land,CUST-17637
Khaled Amr,Engineer,50,Female,C,,CUST-17638
Amira Mahmoud,Accountant,28,Male,C,Vehicle,CUST-17639
Nabil El-Sayed,Doctor,37,Male,D,Vehicle,CUST-17640
Bassem Adel,Accountant,59,Male,A,Land,CUST-17641
Zaki Amr,Freelancer,26,Male,D,,CUST-17642
Salma Kamel,Doctor,57,Female,D,Vehicle,CUST-17643
Sara Nabil,Teacher,22,Male,B,,CUST-17644
Sherif Kamel,Engineer,59,Female,D,Land,CUST-17645
Fatma El-Sayed,Teacher,36,Female,B,Vehicle,CUST-17646
Tarek Reda,Sales_Rep,59,Female,B,,CUST-17647
Karim Ghanem,Doctor,60,Female,C,Vehicle,CUST-17648
Omar Hamdy,Technician,43,Male,D,Vehicle,CUST-17649
,Freelancer,24,Female,D,Vehicle,CUST-17650
Dina Adel,Sales_Rep,42,Male,A,Vehicle,CUST-17651
Hamdy Nabil,Sales_Rep,40,Male,C,,CUST-17652
Salma Reda,Accountant,48,Female,C,Vehicle,CUST-17653
Mahmoud Mansour,Sales_Rep,50,Female,C,Land,CUST-17654
Heba Amr,Teacher,24,Male,D,Vehicle,CUST-17655
Sherif Ghanem,Sales_Rep,51,Female,A,Land,CUST-17656
Mahmoud Reda,Teacher,51,Female,B,Vehicle,CUST-17657
Zaki Ibrahim,Engineer,35,Female,B,,CUST-17658
Layla Kamel,Technician,23,Male,B,Vehicle,CUST-17659
Heba Nabil,Freelancer,37,Male,B,,CUST-17660
Karim Hassan,Freelancer,48,Male,B,Land,CUST-17661
Salma Mansour,Teacher,25,Female,A,Vehicle,CUST-17662
Hamdy Zaki,Sales_Rep,36,Male,D,Vehicle,CUST-17663
Mostafa Zaki,Accountant,22,Female,B,,CUST-17664
Hamdy Adel,Doctor,39,Female,A,Vehicle,CUST-17665
Hassan Mahmoud,Freelancer,55,Male,B,,CUST-17666
Hassan Amr,Engineer,27,Male,B,Land,CUST-17667
Amira Kamel,Teacher,49,Male,A,,CUST-17668
Hamdy Nabil,Accountant,21,Female,B,,CUST-17669
Nabil Fawzy,Accountant,52,Female,B,Vehicle,CUST-17670
Fatma Adel,Freelancer,40,Male,B,,CUST-17671
Zaki Nabil,Sales_Rep,35,Female,D,,CUST-17672
Dina Zaki,Freelancer,44,Male,D,,CUST-17673
Sara Amr,Technician,51,Female,D,Vehicle,CUST-17674
Wael Hamdy,Doctor,61,Male,C,,CUST-17675
Tarek Ibrahim,Accountant,61,Female,C,Land,CUST-17676
Wael Reda,Accountant,60,Female,A,Land,CUST-17677
Heba Fawzy,Sales_Rep,61,Male,C,,CUST-17678
Sherif Fawzy,Technician,49,Male,D,Vehicle,CUST-17679
Mahmoud Ghanem,Technician,28,Male,A,Land,CUST-17680
Zaki Hamdy,Accountant,27,Female,A,Vehicle,CUST-17681
Mostafa Adel,Accountant,43,Female,B,,CUST-17682
Karim El-Sayed,Engineer,54,Male,A,Land,CUST-17683
Hamdy Saied,Doctor,28,Female,B,,CUST-17684
Hoda Nabil,Freelancer,51,Male,A,Vehicle,CUST-17685
Mohamed El-Sayed,Doctor,53,Female,B,Vehicle,CUST-17686
Layla Hamdy,Engineer,59,Female,A,Land,CUST-17687
Ahmed Reda,Technician,64,Female,B,,CUST-17688
Khaled Reda,Engineer,29,Male,D,,CUST-17689
Heba Hassan,Accountant,48,Female,D,Land,CUST-17690
Khaled Fawzy,Teacher,23,Male,C,,CUST-17691
Salma Hamdy,Freelancer,32,Female,D,,CUST-17692
Bassem Nabil,Sales_Rep,44,Female,A,Vehicle,CUST-17693
Amira Hassan,Accountant,29,Female,B,Vehicle,CUST-17694
Amira Saied,Engineer,27,Male,B,Vehicle,CUST-17695
Bassem Hamdy,Technician,62,Female,D,Land,CUST-17696
Ibrahim Mahmoud,Freelancer,49,Female,B,,CUST-17697
Heba Ibrahim,Sales_Rep,54,Male,D,,CUST-17698
Nabil Ibrahim,Doctor,27,Male,C,Land,CUST-17699
Amira Reda,Teacher,21,Male,B,,CUST-17700
Khaled Mansour,Freelancer,46,Female,D,Land,CUST-17701
Ahmed Nabil,Technician,26,Female,D,Land,CUST-17702
Hassan Hassan,Engineer,23,Male,A,,CUST-17703
Mahmoud Kamel,Doctor,49,Male,D,Land,CUST-17704
Khaled Adel,Sales_Rep,22,Male,A,Vehicle,CUST-17705
Zaki Mansour,Freelancer,45,Female,D,Land,CUST-17706
Hoda Amr,Doctor,51,Female,D,,CUST-17707
Ahmed Adel,Accountant,58,Male,C,Vehicle,CUST-17708
,Accountant,57,Male,B,Vehicle,CUST-17709
Layla Mansour,Sales_Rep,24,Male,B,Land,CUST-17710
Hoda Fawzy,Accountant,64,Female,D,,CUST-17711
Mostafa Nabil,Sales_Rep,38,Male,C,Land,CUST-17712
Ibrahim Amr,Sales_Rep,61,Male,A,Land,CUST-17713
Layla El-Sayed,Engineer,24,Female,C,Land,CUST-17714
Mostafa Ibrahim,Technician,40,Female,A,Land,CUST-17715
,Accountant,48,Male,D,Vehicle,CUST-17716
Heba Mahmoud,Freelancer,23,Male,B,Vehicle,CUST-17717
Mona Ibrahim,Sales_Rep,56,Male,B,Vehicle,CUST-17718
Nabil Reda,Technician,22,Male,B,,CUST-17719
Heba Saied,Doctor,45,Female,A,,CUST-17720
Hassan Ghanem,Engineer,34,Male,B,Land,CUST-17721
Layla Reda,Technician,23,Male,A,,CUST-17722
Ahmed Zaki,Teacher,27,Male,D,Land,CUST-17723
Hamdy Saied,Doctor,47,Female,D,,CUST-17724
Hassan Mansour,Accountant,53,Male,D,Vehicle,CUST-17725
Wael Fawzy,Sales_Rep,41,Male,C,Land,CUST-17726
Mohamed Reda,Doctor,48,Female,A,Vehicle,CUST-17727
Salma Abdel-Aziz,Accountant,60,Male,B,,CUST-17728
Mohamed Fawzy,Freelancer,21,Female,C,Land,CUST-17729
Mostafa Fawzy,Sales_Rep,26,Male,C,Vehicle,CUST-17730
Mona Fawzy,Accountant,47,Female,D,Land,CUST-17731
Mona Ghanem,Doctor,35,Male,D,Vehicle,CUST-17732
Layla El-Sayed,Freelancer,32,Male,A,Land,CUST-17733
Sherif Hassan,Teacher,60,Male,A,Land,CUST-17734
Mohamed Reda,Accountant,59,Female,B,Vehicle,CUST-17735
Mohamed Nabil,Engineer,63,Female,D,Vehicle,CUST-17736
Ahmed Mahmoud,Doctor,40,Female,C,Land,CUST-17737
Omar Ghanem,Doctor,41,Male,D,Vehicle,CUST-17738
Mostafa Zaki,Sales_Rep,36,Female,A,Vehicle,CUST-17739
Mahmoud Abdel-Aziz,Accountant,62,Male,C,Vehicle,CUST-17740
Hassan Amr,Freelancer,50,Female,D,Land,CUST-17741
Wael Mahmoud,Sales_Rep,64,Female,A,,CUST-17742
Omar Adel,Accountant,42,Female,B,Vehicle,CUST-17743
Mona Ibrahim,Teacher,23,Female,C,Vehicle,CUST-17744
Mahmoud Zaki,Freelancer,24,Female,A,,CUST-17745
Mahmoud Adel,Sales_Rep,62,Female,A,,CUST-17746
Sara Abdel-Aziz,Engineer,30,Male,A,Vehicle,CUST-17747
Ahmed Nabil,Engineer,46,Male,A,Land,CUST-17748
Bassem Reda,Accountant,29,Female,B,,CUST-17749
Layla Saied,Sales_Rep,37,Female,D,Vehicle,CUST-17750
Bassem Hassan,Freelancer,60,Female,C,Vehicle,CUST-17751
Amira Adel,Accountant,51,Male,C,,CUST-17752
Mostafa Adel,Freelancer,34,Male,A,Vehicle,CUST-17753
Hassan Mahmoud,Teacher,60,Female,C,,CUST-17754
Hoda Ibrahim,Technician,29,Male,A,,CUST-17755
Bassem Hassan,Teacher,46,Male,B,Vehicle,CUST-17756
Khaled Fawzy,Engineer,38,Female,A,,CUST-17757
Zaki Nabil,Technician,31,Male,D,Land,CUST-17758
Mostafa Hassan,Freelancer,55,Female,C,,CUST-17759
Wael Mansour,Accountant,38,Female,B,,CUST-17760
Omar Reda,Accountant,32,Male,A,Land,CUST-17761
Mostafa Ibrahim,Doctor,38,Male,D,,CUST-17762
Hassan Saied,Technician,46,Male,A,Land,CUST-17763
Wael Mahmoud,Doctor,45,Male,D,Vehicle,CUST-17764
Mahmoud Zaki,Accountant,61,Female,B,Vehicle,CUST-17765
Hassan Reda,Doctor,52,Male,A,Land,CUST-17766
Omar Hassan,Doctor,42,Male,C,,CUST-17767
Salma Kamel,Sales_Rep,29,Female,C,,CUST-17768
Sherif Mahmoud,Freelancer,28,Male,D,Vehicle,CUST-17769
Ibrahim Ibrahim,Teacher,24,Male,B,,CUST-17770
Mohamed Fawzy,Doctor,24,Male,D,Land,CUST-17771
Hamdy Amr,Engineer,29,Male,B,,CUST-17772
Khaled Ghanem,Doctor,30,Female,D,Land,CUST-17773
Fatma El-Sayed,Sales_Rep,42,Male,C,Land,CUST-17774
Mostafa Mansour,Sales_Rep,41,Female,D,Land,CUST-17775
Fatma Ghanem,Freelancer,24,Male,A,Land,CUST-17776
Zaki Hamdy,Sales_Rep,21,Female,D,Land,CUST-17777
Sara Nabil,Sales_Rep,32,Female,C,,CUST-17778
,Technician,34,Male,C,Vehicle,CUST-17779
Omar Fawzy,Sales_Rep,45,Male,C,,CUST-17780
Layla Ghanem,Engineer,56,Male,A,Vehicle,CUST-17781
Dina Reda,Technician,62,Male,D,Vehicle,CUST-17782
Omar Saied,Sales_Rep,56,Male,C,Land,CUST-17783
Mostafa Zaki,Teacher,60,Female,C,Vehicle,CUST-17784
Bassem Abdel-Aziz,Sales_Rep,42,Male,C,Land,CUST-17785
Mona Nabil,Teacher,55,Male,D,Land,CUST-17786
Wael Zaki,Accountant,36,Male,A,Vehicle,CUST-17787
Heba Adel,Teacher,34,Female,D,Land,CUST-17788
Mahmoud Hamdy,Technician,29,Female,D,Vehicle,CUST-17789
Sara Ibrahim,Engineer,33,Male,A,Land,CUST-17790
Dina Fawzy,Technician,48,Male,B,,CUST-17791
Wael El-Sayed,Doctor,64,Female,C,,CUST-17792
,Accountant,25,Male,A,Vehicle,CUST-17793
Mostafa Reda,Freelancer,23,Male,C,Vehicle,CUST-17794
,Teacher,49,Male,B,,CUST-17795
Layla Reda,Technician,54,Female,C,Vehicle,CUST-17796
Heba Ghanem,Teacher,65,Male,A,Land,CUST-17797
Nabil Reda,Doctor,25,Female,D,,CUST-17798
Nabil Mahmoud,Freelancer,65,Male,B,,CUST-17799
Fatma Hamdy,Teacher,53,Female,A,,CUST-17800
Hoda Ibrahim,Freelancer,57,Male,D,,CUST-17801
,Accountant,38,Male,B,Vehicle,CUST-17802
Sherif El-Sayed,Freelancer,46,Female,A,,CUST-17803
Karim Zaki,Technician,53,Female,C,,CUST-17804
Hamdy Reda,Technician,49,Male,C,Vehicle,CUST-17805
Sara Adel,Accountant,57,Female,C,,CUST-17806
Layla Fawzy,Technician,55,Male,A,Land,CUST-17807
Amira Saied,Engineer,48,Male,B,Land,CUST-17808
Zaki Kamel,Accountant,26,Male,C,Vehicle,CUST-17809
Salma Reda,Teacher,57,Female,C,,CUST-17810
Hassan Adel,Teacher,44,Male,C,Land,CUST-17811
Omar Reda,Sales_Rep,50,Male,C,Vehicle,CUST-17812
Hoda Adel,Teacher,64,Female,A,Vehicle,CUST-17813
Mahmoud Adel,Accountant,31,Female,A,Vehicle,CUST-17814
Fatma Adel,Freelancer,55,Female,A,Vehicle,CUST-17815
Mahmoud Amr,Engineer,60,Female,A,,CUST-17816
Mostafa Zaki,Freelancer,65,Female,B,,CUST-17817
Zaki Fawzy,Teacher,31,Female,B,Vehicle,CUST-17818
Bassem Fawzy,Sales_Rep,23,Male,D,Land,CUST-17819
Khaled Amr,Accountant,24,Male,C,Land,CUST-17820
Dina Hamdy,Engineer,56,Male,A,,CUST-17821
Mona Reda,Freelancer,57,Male,D,,CUST-17822
Hoda Reda,Technician,60,Male,C,Vehicle,CUST-17823
Karim Nabil,Freelancer,43,Female,D,Land,CUST-17824
Mohamed El-Sayed,Teacher,32,Female,A,,CUST-17825
Hassan Abdel-Aziz,Engineer,59,Male,B,,CUST-17826
Hassan Hamdy,Freelancer,25,Female,A,,CUST-17827
Mahmoud Ghanem,Accountant,44,Female,C,Vehicle,CUST-17828
Heba Hamdy,Freelancer,31,Female,B,,CUST-17829
Bassem Reda,Accountant,41,Female,B,Land,CUST-17830
Heba Ghanem,Freelancer,38,Male,D,Land,CUST-17831
Mahmoud Fawzy,Engineer,63,Female,C,,CUST-17832
Hamdy Saied,Engineer,47,Female,B,,CUST-17833
Nabil Adel,Freelancer,60,Male,A,,CUST-17834
Sherif Hamdy,Doctor,52,Male,B,Land,CUST-17835
Wael Abdel-Aziz,Doctor,50,Male,C,Land,CUST-17836
Tarek Fawzy,Sales_Rep,30,Female,C,Vehicle,CUST-17837
Amira Mansour,Freelancer,53,Male,A,,CUST-17838
Hoda Mahmoud,Accountant,40,Female,C,Land,CUST-17839
Hamdy Hassan,Accountant,39,Female,A,,CUST-17840
Heba Kamel,Teacher,53,Male,B,Land,CUST-17841
Tarek Abdel-Aziz,Sales_Rep,49,Female,D,Land,CUST-17842
Nabil Zaki,Accountant,57,Male,A,Land,CUST-17843
Hoda Mahmoud,Freelancer,39,Male,A,Vehicle,CUST-17844
Bassem Kamel,Technician,22,Female,D,Vehicle,CUST-17845
Mostafa Amr,Freelancer,65,Female,C,Vehicle,CUST-17846
Mostafa Amr,Engineer,38,Female,B,Vehicle,CUST-17847
Wael Nabil,Technician,57,Female,C,Vehicle,CUST-17848
Hamdy Saied,Doctor,37,Female,D,,CUST-17849
Khaled Saied,Technician,43,Male,A,Land,CUST-17850
Omar Amr,Sales_Rep,36,Female,C,,CUST-17851
Khaled Nabil,Freelancer,24,Male,B,,CUST-17852
Dina Hamdy,Sales_Rep,27,Male,D,,CUST-17853
Wael Mahmoud,Engineer,61,Male,D,Vehicle,CUST-17854
Dina Ghanem,Freelancer,36,Female,C,,CUST-17855
Salma Nabil,Sales_Rep,32,Female,C,Vehicle,CUST-17856
Heba Saied,Doctor,48,Female,C,Vehicle,CUST-17857
Omar Abdel-Aziz,Doctor,39,Female,A,,CUST-17858
Karim Adel,Engineer,33,Female,A,Land,CUST-17859
Ahmed Hassan,Accountant,44,Male,D,,CUST-17860
Zaki Hamdy,Teacher,24,Female,B,,CUST-17861
Ibrahim Hassan,Doctor,22,Male,C,Vehicle,CUST-17862
Heba Hamdy,Freelancer,65,Female,B,Land,CUST-17863
Sherif Mansour,Teacher,65,Female,D,Vehicle,CUST-17864
Mostafa Hamdy,Technician,61,Female,B,Land,CUST-17865
Hoda Fawzy,Teacher,24,Female,D,Vehicle,CUST-17866
Hoda Saied,Freelancer,27,Female,B,Vehicle,CUST-17867
Nabil Abdel-Aziz,Doctor,33,Female,A,Land,CUST-17868
Amira Adel,Engineer,23,Female,A,Vehicle,CUST-17869
Hassan Zaki,Accountant,58,Female,B,Vehicle,CUST-17870
Hassan Adel,Engineer,53,Male,D,Land,CUST-17871
Karim Ghanem,Doctor,29,Female,B,Vehicle,CUST-17872
Wael Fawzy,Freelancer,64,Female,C,Land,CUST-17873
Zaki Ghanem,Doctor,31,Female,D,Land,CUST-17874
Dina Ibrahim,Accountant,55,Male,D,Land,CUST-17875
Mona Zaki,Sales_Rep,59,Male,D,Vehicle,CUST-17876
Zaki El-Sayed,Accountant,58,Male,D,Land,CUST-17877
Sara Fawzy,Freelancer,50,Female,C,Vehicle,CUST-17878
Salma Hamdy,Sales_Rep,52,Male,C,Vehicle,CUST-17879
Zaki Adel,Teacher,27,Male,B,Land,CUST-17880
Zaki Hassan,Doctor,32,Female,B,Vehicle,CUST-17881
Mahmoud Hassan,Accountant,49,Female,D,Land,CUST-17882
Ahmed El-Sayed,Doctor,40,Female,A,Land,CUST-17883
Ahmed Hassan,Teacher,24,Female,C,Vehicle,CUST-17884
Mona Mahmoud,Teacher,34,Female,B,Land,CUST-17885
Wael Kamel,Accountant,45,Male,B,Vehicle,CUST-17886
Zaki Saied,Freelancer,57,Male,C,Vehicle,CUST-17887
Zaki Saied,Doctor,59,Female,A,Vehicle,CUST-17888
Fatma Abdel-Aziz,Teacher,33,Male,B,,CUST-17889
Layla Ghanem,Technician,25,Female,D,,CUST-17890
Ibrahim Reda,Teacher,28,Female,A,Vehicle,CUST-17891
Heba Hamdy,Technician,50,Male,D,,CUST-17892
Sherif Zaki,Freelancer,52,Female,B,Vehicle,CUST-17893
Hoda Nabil,Teacher,55,Female,D,Land,CUST-17894
Hoda Saied,Engineer,24,Male,C,,CUST-17895
Fatma Abdel-Aziz,Sales_Rep,23,Female,C,Vehicle,CUST-17896
Omar Mahmoud,Sales_Rep,39,Male,C,Land,CUST-17897
Heba Zaki,Freelancer,28,Female,D,,CUST-17898
Omar Mahmoud,Accountant,42,Male,D,Land,CUST-17899
Hamdy Ghanem,Freelancer,55,Male,D,Land,CUST-17900
Heba Saied,Accountant,38,Female,A,,CUST-17901
Karim Saied,Engineer,45,Female,B,,CUST-17902
,Freelancer,36,Male,B,Vehicle,CUST-17903
Mona Zaki,Teacher,61,Female,A,Land,CUST-17904
Mostafa El-Sayed,Accountant,25,Female,B,Land,CUST-17905
Wael Fawzy,Engineer,55,Female,B,Land,CUST-17906
Bassem Fawzy,Freelancer,59,Male,D,,CUST-17907
Wael Kamel,Accountant,35,Female,D,Land,CUST-17908
Amira Ibrahim,Sales_Rep,30,Male,B,,CUST-17909
Hoda Fawzy,Teacher,53,Male,D,Vehicle,CUST-17910
Layla Mahmoud,Teacher,39,Female,B,,CUST-17911
Heba Hamdy,Technician,65,Male,D,,CUST-17912
Khaled Amr,Engineer,37,Female,B,,CUST-17913
Bassem Kamel,Engineer,58,Female,C,Vehicle,CUST-17914
Mahmoud Amr,Sales_Rep,42,Female,B,Land,CUST-17915
Dina Adel,Teacher,46,Male,A,Land,CUST-17916
Wael Kamel,Sales_Rep,44,Female,C,Vehicle,CUST-17917
Sara Nabil,Sales_Rep,61,Male,B,Vehicle,CUST-17918
Ibrahim Abdel-Aziz,Teacher,53,Female,A,Land,CUST-17919
Salma Fawzy,Teacher,34,Female,B,,CUST-17920
Karim Hamdy,Technician,27,Female,B,Land,CUST-17921
Hassan Nabil,Doctor,34,Female,D,,CUST-17922
Layla Saied,Doctor,33,Female,C,Land,CUST-17923
Wael Fawzy,Doctor,46,Female,A,Vehicle,CUST-17924
Hamdy El-Sayed,Teacher,42,Male,B,Vehicle,CUST-17925
Tarek Reda,Freelancer,37,Female,A,,CUST-17926
Hoda Hassan,Engineer,61,Female,D,Land,CUST-17927
Mahmoud Kamel,Accountant,60,Female,D,Land,CUST-17928
Mona Hamdy,Doctor,62,Female,B,,CUST-17929
Bassem Ibrahim,Freelancer,52,Male,B,,CUST-17930
Khaled Hassan,Accountant,53,Female,C,Vehicle,CUST-17931
Amira Ghanem,Accountant,34,Male,B,Land,CUST-17932
Dina El-Sayed,Accountant,64,Male,A,Vehicle,CUST-17933
Karim Reda,Accountant,51,Female,D,Land,CUST-17934
Omar Adel,Teacher,44,Female,B,,CUST-17935
Nabil Fawzy,Sales_Rep,28,Male,D,Vehicle,CUST-17936
Mahmoud Hassan,Engineer,51,Male,C,,CUST-17937
Heba Hassan,Accountant,55,Male,D,,CUST-17938
Mohamed Ghanem,Accountant,37,Female,B,Vehicle,CUST-17939
Amira Ibrahim,Accountant,56,Male,D,,CUST-17940
Ahmed Hamdy,Teacher,28,Male,D,Vehicle,CUST-17941
Salma Hamdy,Sales_Rep,55,Male,A,,CUST-17942
Ahmed El-Sayed,Sales_Rep,23,Female,C,,CUST-17943
Sherif Mansour,Accountant,50,Male,C,Vehicle,CUST-17944
Omar Mahmoud,Engineer,38,Male,D,,CUST-17945
Nabil Mahmoud,Accountant,41,Female,D,Land,CUST-17946
Fatma Adel,Accountant,49,Male,A,Land,CUST-17947
,Engineer,44,Female,A,,CUST-17948
Hamdy Reda,Engineer,45,Male,A,,CUST-17949
Layla Kamel,Sales_Rep,30,Female,D,Vehicle,CUST-17950
Karim Reda,Freelancer,42,Male,B,,CUST-17951
Bassem Abdel-Aziz,Accountant,29,Male,D,,CUST-17952
Karim Mansour,Freelancer,26,Female,C,Land,CUST-17953
Tarek Mahmoud,Technician,54,Male,B,Land,CUST-17954
Wael Amr,Teacher,54,Female,B,Land,CUST-17955
Tarek Fawzy,Teacher,36,Male,B,,CUST-17956
Layla Mahmoud,Doctor,38,Male,D,,CUST-17957
Tarek El-Sayed,Accountant,64,Male,C,Land,CUST-17958
Nabil Fawzy,Teacher,60,Female,A,Land,CUST-17959
Ibrahim Fawzy,Accountant,23,Male,C,Vehicle,CUST-17960
Heba Ghanem,Sales_Rep,56,Female,D,Vehicle,CUST-17961
Ibrahim Ibrahim,Engineer,34,Male,C,Land,CUST-17962
Hamdy Mansour,Doctor,39,Male,B,Land,CUST-17963
Hoda Mansour,Technician,46,Male,A,Vehicle,CUST-17964
Omar Fawzy,Doctor,52,Male,C,Land,CUST-17965
Salma Kamel,Freelancer,40,Male,C,Vehicle,CUST-17966
Mona Hamdy,Doctor,59,Male,D,,CUST-17967
Bassem Amr,Accountant,55,Male,D,Vehicle,CUST-17968
Wael Amr,Sales_Rep,44,Female,B,Land,CUST-17969
Mostafa Adel,Teacher,53,Male,B,Land,CUST-17970
Zaki El-Sayed,Accountant,24,Female,A,,CUST-17971
,Doctor,38,Male,B,,CUST-17972
Sherif Abdel-Aziz,Teacher,62,Male,C,,CUST-17973
Zaki Adel,Accountant,33,Male,B,Land,CUST-17974
Hassan Saied,Doctor,32,Female,B,Vehicle,CUST-17975
Mostafa Adel,Doctor,50,Female,D,Vehicle,CUST-17976
Mohamed Abdel-Aziz,Freelancer,46,Female,A,Land,CUST-17977
Dina Reda,Accountant,23,Male,D,Vehicle,CUST-17978
Sara Hamdy,Doctor,26,Male,A,Vehicle,CUST-17979
Zaki Mahmoud,Accountant,56,Male,D,,CUST-17980
Nabil Ghanem,Teacher,55,Female,A,Land,CUST-17981
Hamdy Nabil,Engineer,38,Male,A,Vehicle,CUST-17982
Nabil Mahmoud,Teacher,43,Male,C,,CUST-17983
Salma Reda,Teacher,63,Male,B,Vehicle,CUST-17984
Nabil Zaki,Teacher,24,Female,C,,CUST-17985
Mostafa Mahmoud,Engineer,33,Female,C,Land,CUST-17986
Wael Amr,Technician,34,Male,D,Land,CUST-17987
Bassem Mahmoud,Sales_Rep,27,Male,D,,CUST-17988
Sara Hassan,Freelancer,29,Female,D,Vehicle,CUST-17989
Mostafa Hassan,Doctor,26,Female,D,,CUST-17990
Nabil Nabil,Teacher,54,Female,A,Land,CUST-17991
Nabil Mahmoud,Doctor,30,Male,C,Vehicle,CUST-17992
Ibrahim Reda,Technician,48,Male,C,,CUST-17993
Ibrahim Mansour,Teacher,55,Female,A,,CUST-17994
Mostafa Adel,Engineer,50,Male,C,Vehicle,CUST-17995
Mahmoud Adel,Technician,23,Female,A,Land,CUST-17996
Sara Mansour,Engineer,34,Male,D,Vehicle,CUST-17997
Hamdy Zaki,Engineer,52,Female,D,,CUST-17998
Sherif Mansour,Teacher,60,Male,D,,CUST-17999
Ibrahim Fawzy,Teacher,26,Male,B,,CUST-18000
Salma Amr,Accountant,42,Female,A,Vehicle,CUST-18001
Ibrahim Adel,Technician,34,Male,B,Vehicle,CUST-18002
Fatma Adel,Technician,62,Male,C,,CUST-18003
Mohamed Mansour,Engineer,52,Female,D,Vehicle,CUST-18004
Zaki Ghanem,Accountant,56,Male,A,Land,CUST-18005
Mostafa Adel,Technician,36,Male,B,Land,CUST-18006
Sherif El-Sayed,Teacher,33,Male,A,Vehicle,CUST-18007
Hoda Fawzy,Technician,49,Male,D,Land,CUST-18008
Wael Hassan,Freelancer,62,Female,D,Vehicle,CUST-18009
Salma Amr,Accountant,30,Male,C,,CUST-18010
,Accountant,26,Male,C,Vehicle,CUST-18011
Hoda Mahmoud,Engineer,48,Female,A,Land,CUST-18012
Khaled El-Sayed,Teacher,28,Female,C,Vehicle,CUST-18013
Layla Hassan,Accountant,40,Male,D,,CUST-18014
Nabil Saied,Technician,53,Female,D,Land,CUST-18015
Omar Mahmoud,Technician,48,Female,B,Land,CUST-18016
Ibrahim Saied,Sales_Rep,23,Female,D,,CUST-18017
Mahmoud Ibrahim,Freelancer,58,Female,D,Vehicle,CUST-18018
Wael Ghanem,Accountant,47,Female,C,Land,CUST-18019
Fatma Hassan,Teacher,31,Male,D,,CUST-18020
Zaki El-Sayed,Sales_Rep,26,Female,A,Vehicle,CUST-18021
,Teacher,22,Male,C,Land,CUST-18022
Hoda Hamdy,Engineer,58,Female,D,,CUST-18023
Ibrahim Reda,Doctor,36,Female,D,Land,CUST-18024
Hassan Amr,Accountant,53,Male,D,Land,CUST-18025
Mostafa Mansour,Engineer,65,Female,D,Land,CUST-18026
Wael El-Sayed,Accountant,29,Female,A,Vehicle,CUST-18027
Ibrahim Nabil,Teacher,39,Female,A,,CUST-18028
Heba Zaki,Technician,43,Male,B,,CUST-18029
Hamdy Nabil,Sales_Rep,58,Female,A,Land,CUST-18030
Mona Hassan,Accountant,36,Male,D,Land,CUST-18031
Nabil Zaki,Technician,65,Female,D,,CUST-18032
Karim Ghanem,Freelancer,30,Female,B,Vehicle,CUST-18033
Bassem Amr,Doctor,24,Female,B,,CUST-18034
Tarek Saied,Freelancer,23,Male,D,,CUST-18035
Nabil Mahmoud,Teacher,65,Female,D,,CUST-18036
Hassan El-Sayed,Teacher,62,Male,D,,CUST-18037
Salma Abdel-Aziz,Freelancer,34,Male,B,,CUST-18038
Ahmed Reda,Accountant,32,Male,D,Vehicle,CUST-18039
Hassan El-Sayed,Technician,44,Male,D,,CUST-18040
Ahmed Hassan,Doctor,41,Male,B,,CUST-18041
Wael Ghanem,Freelancer,39,Male,C,Land,CUST-18042
Salma Amr,Accountant,58,Male,C,Vehicle,CUST-18043
,Accountant,23,Female,A,,CUST-18044
Hassan Mahmoud,Doctor,33,Female,C,,CUST-18045
Hassan Mansour,Sales_Rep,27,Male,A,Vehicle,CUST-18046
Nabil Kamel,Doctor,26,Male,A,Land,CUST-18047
,Sales_Rep,37,Female,C,Vehicle,CUST-18048
Amira Mansour,Accountant,33,Male,B,Vehicle,CUST-18049
Mona Ibrahim,Sales_Rep,33,Male,A,,CUST-18050
Fatma Zaki,Freelancer,43,Male,A,Vehicle,CUST-18051
Ahmed Amr,Accountant,44,Female,D,,CUST-18052
Sara Ibrahim,Teacher,39,Male,D,Vehicle,CUST-18053
Heba Ibrahim,Sales_Rep,31,Female,C,Vehicle,CUST-18054
,Teacher,40,Male,C,Land,CUST-18055
Sara Nabil,Teacher,37,Male,A,Vehicle,CUST-18056
Dina Hamdy,Technician,45,Female,B,,CUST-18057
Sherif Saied,Sales_Rep,38,Male,B,Vehicle,CUST-18058
Mostafa Ghanem,Teacher,52,Female,B,Land,CUST-18059
Sherif Ghanem,Engineer,41,Female,B,Vehicle,CUST-18060
Ibrahim Adel,Accountant,62,Female,D,Vehicle,CUST-18061
Hassan Ibrahim,Technician,58,Male,D,Vehicle,CUST-18062
Dina Mahmoud,Sales_Rep,43,Male,D,Vehicle,CUST-18063
Mohamed El-Sayed,Technician,52,Male,A,Land,CUST-18064
Khaled Mahmoud,Doctor,63,Female,D,Land,CUST-18065
Hoda Mahmoud,Sales_Rep,45,Female,D,,CUST-18066
Heba Abdel-Aziz,Freelancer,57,Female,A,,CUST-18067
Layla Mahmoud,Accountant,40,Female,C,Land,CUST-18068
Layla Adel,Accountant,47,Female,B,,CUST-18069
Ahmed Ibrahim,Sales_Rep,44,Female,D,Vehicle,CUST-18070
Salma Kamel,Technician,22,Female,A,,CUST-18071
Layla Nabil,Teacher,34,Female,B,Vehicle,CUST-18072
Hassan Amr,Engineer,44,Male,B,,CUST-18073
Mona Zaki,Technician,51,Female,B,,CUST-18074
Zaki Zaki,Doctor,50,Male,C,,CUST-18075
Layla Hamdy,Engineer,48,Male,A,,CUST-18076
Karim Amr,Doctor,60,Male,D,Vehicle,CUST-18077
Tarek Saied,Sales_Rep,41,Male,D,Land,CUST-18078
Ahmed El-Sayed,Engineer,52,Male,D,Land,CUST-18079
Hamdy Adel,Freelancer,42,Female,D,,CUST-18080
Tarek Adel,Sales_Rep,32,Female,A,,CUST-18081
Wael Reda,Technician,31,Male,A,Land,CUST-18082
Sara Reda,Engineer,64,Male,D,Vehicle,CUST-18083
Amira Saied,Engineer,44,Male,C,Land,CUST-18084
Zaki Zaki,Freelancer,34,Male,A,Vehicle,CUST-18085
Sherif Abdel-Aziz,Technician,25,Female,D,Land,CUST-18086
Layla Hamdy,Engineer,42,Female,A,Vehicle,CUST-18087
Wael Mansour,Accountant,56,Female,D,Land,CUST-18088
Dina Reda,Engineer,46,Male,A,,CUST-18089
Mohamed Amr,Technician,36,Male,D,Vehicle,CUST-18090
Ibrahim Mahmoud,Engineer,44,Male,D,Land,CUST-18091
Layla Mahmoud,Engineer,47,Male,C,Land,CUST-18092
Mona Reda,Teacher,30,Male,A,,CUST-18093
Mostafa Abdel-Aziz,Engineer,39,Female,C,,CUST-18094
Sara Adel,Engineer,52,Female,B,Land,CUST-18095
Karim Mansour,Freelancer,64,Male,D,,CUST-18096
Heba Nabil,Teacher,43,Male,D,Vehicle,CUST-18097
Bassem Mahmoud,Sales_Rep,61,Female,A,,CUST-18098
Sara Nabil,Technician,25,Male,D,,CUST-18099
Fatma Mansour,Sales_Rep,43,Female,B,Land,CUST-18100
Omar Kamel,Technician,63,Male,A,,CUST-18101
Bassem Reda,Freelancer,48,Male,D,,CUST-18102
Layla Zaki,Technician,34,Female,D,Vehicle,CUST-18103
Dina Abdel-Aziz,Sales_Rep,65,Male,D,Vehicle,CUST-18104
Heba Abdel-Aziz,Teacher,65,Female,B,Vehicle,CUST-18105
Salma Mansour,Sales_Rep,50,Female,D,Land,CUST-18106
Heba Kamel,Engineer,54,Female,A,,CUST-18107
Amira Mahmoud,Doctor,23,Female,A,Land,CUST-18108
Zaki Adel,Teacher,24,Female,B,Land,CUST-18109
Hoda El-Sayed,Sales_Rep,65,Male,D,,CUST-18110
Sara Zaki,Freelancer,52,Male,C,Land,CUST-18111
Karim El-Sayed,Doctor,44,Female,B,Vehicle,CUST-18112
Bassem Amr,Teacher,54,Female,B,Vehicle,CUST-18113
Sherif Mahmoud,Engineer,63,Female,B,Vehicle,CUST-18114
Amira Zaki,Sales_Rep,28,Female,D,,CUST-18115
Amira Mahmoud,Technician,25,Female,A,,CUST-18116
Hoda Kamel,Sales_Rep,55,Female,D,,CUST-18117
Wael Ibrahim,Teacher,34,Male,D,Land,CUST-18118
Bassem Kamel,Technician,57,Female,D,Vehicle,CUST-18119
Bassem Saied,Sales_Rep,62,Female,C,,CUST-18120
Hassan Hassan,Technician,52,Female,B,Vehicle,CUST-18121
Layla Abdel-Aziz,Technician,60,Female,B,,CUST-18122
Layla El-Sayed,Doctor,32,Male,A,Land,CUST-18123
Khaled Zaki,Freelancer,30,Female,C,Land,CUST-18124
Layla Hamdy,Engineer,63,Female,D,,CUST-18125
Hassan El-Sayed,Freelancer,39,Male,D,,CUST-18126
Hassan Abdel-Aziz,Freelancer,25,Female,A,,CUST-18127
Tarek Mahmoud,Accountant,27,Male,B,Vehicle,CUST-18128
Dina Hamdy,Engineer,31,Male,C,Vehicle,CUST-18129
Mostafa Kamel,Technician,47,Male,B,Land,CUST-18130
Mona Zaki,Accountant,64,Female,A,Vehicle,CUST-18131
Mohamed Hassan,Sales_Rep,28,Male,A,Vehicle,CUST-18132
Dina Mansour,Engineer,47,Female,A,,CUST-18133
,Accountant,38,Female,A,,CUST-18134
Tarek Mansour,Teacher,61,Female,A,Vehicle,CUST-18135
Mona Zaki,Sales_Rep,47,Male,C,,CUST-18136
Layla Amr,Teacher,36,Female,C,,CUST-18137
Hamdy Zaki,Accountant,51,Female,A,Land,CUST-18138
Omar Zaki,Freelancer,57,Male,B,Vehicle,CUST-18139
Dina Adel,Engineer,29,Female,D,,CUST-18140
Nabil Nabil,Accountant,42,Male,B,Land,CUST-18141
Omar Mahmoud,Accountant,36,Male,C,Land,CUST-18142
Ibrahim Kamel,Sales_Rep,44,Female,C,Vehicle,CUST-18143
Amira Hamdy,Doctor,38,Male,B,,CUST-18144
Ahmed Ibrahim,Technician,24,Female,D,,CUST-18145
Sherif Amr,Freelancer,34,Female,C,Land,CUST-18146
Heba Ghanem,Doctor,22,Female,D,Vehicle,CUST-18147
Mohamed Adel,Teacher,47,Female,B,,CUST-18148
Mohamed Abdel-Aziz,Accountant,37,Female,C,Vehicle,CUST-18149
Khaled Saied,Technician,27,Male,C,Vehicle,CUST-18150
Mostafa Mahmoud,Doctor,40,Male,B,,CUST-18151
Bassem Amr,Freelancer,37,Female,C,Land,CUST-18152
Sherif Amr,Sales_Rep,52,Female,D,Vehicle,CUST-18153
Mahmoud Ibrahim,Accountant,61,Male,A,Land,CUST-18154
Hoda Mahmoud,Doctor,65,Female,C,,CUST-18155
Sara Amr,Sales_Rep,21,Female,C,Land,CUST-18156
Mohamed Adel,Sales_Rep,61,Male,C,Vehicle,CUST-18157
Sherif Reda,Doctor,54,Male,B,Land,CUST-18158
Salma Ghanem,Sales_Rep,27,Female,A,Land,CUST-18159
Omar Hamdy,Engineer,56,Male,D,,CUST-18160
Hamdy Hassan,Accountant,53,Female,C,,CUST-18161
Karim Saied,Freelancer,42,Male,A,Vehicle,CUST-18162
Fatma Nabil,Teacher,50,Male,A,Land,CUST-18163
Ibrahim Saied,Technician,37,Female,A,Land,CUST-18164
Hoda Ibrahim,Doctor,58,Male,B,Land,CUST-18165
Mohamed Zaki,Doctor,43,Male,D,,CUST-18166
Mona Ghanem,Sales_Rep,61,Female,B,Land,CUST-18167
Heba Ibrahim,Sales_Rep,53,Male,D,,CUST-18168
Mohamed Adel,Sales_Rep,23,Female,B,Vehicle,CUST-18169
Ibrahim Amr,Teacher,26,Male,D,Vehicle,CUST-18170
Sherif El-Sayed,Teacher,63,Male,D,Vehicle,CUST-18171
Hamdy Adel,Doctor,39,Female,C,Vehicle,CUST-18172
Khaled Abdel-Aziz,Doctor,50,Female,A,,CUST-18173
Amira Mahmoud,Teacher,63,Female,A,Vehicle,CUST-18174
Salma Mahmoud,Accountant,39,Female,B,Land,CUST-18175
Sherif Amr,Sales_Rep,60,Male,C,Vehicle,CUST-18176
Dina Reda,Freelancer,49,Female,B,Land,CUST-18177
Dina Nabil,Doctor,60,Female,A,,CUST-18178
Hamdy El-Sayed,Technician,60,Male,D,Land,CUST-18179
Bassem Fawzy,Sales_Rep,27,Female,B,,CUST-18180
Nabil Fawzy,Sales_Rep,49,Female,C,Land,CUST-18181
Ahmed Hamdy,Engineer,52,Male,C,Land,CUST-18182
Nabil Ghanem,Teacher,27,Male,C,Vehicle,CUST-18183
Khaled Fawzy,Sales_Rep,30,Male,B,Land,CUST-18184
Fatma Mansour,Teacher,25,Male,B,Land,CUST-18185
Sara Hassan,Sales_Rep,43,Male,D,Land,CUST-18186
Wael Zaki,Doctor,32,Male,B,,CUST-18187
Sherif Kamel,Freelancer,63,Male,D,,CUST-18188
Tarek Saied,Freelancer,54,Male,A,,CUST-18189
Ahmed Adel,Teacher,50,Female,B,Land,CUST-18190
Omar Adel,Freelancer,52,Male,C,Land,CUST-18191
Sherif Ghanem,Accountant,61,Female,A,Land,CUST-18192
Omar Amr,Doctor,47,Male,C,Land,CUST-18193
Sherif Ibrahim,Engineer,29,Male,D,Land,CUST-18194
Mostafa Fawzy,Technician,64,Male,C,Land,CUST-18195
Mostafa Ibrahim,Freelancer,53,Female,C,,CUST-18196
Nabil Saied,Freelancer,37,Male,D,Vehicle,CUST-18197
Nabil El-Sayed,Sales_Rep,57,Male,D,Land,CUST-18198
Karim Reda,Engineer,61,Male,D,Vehicle,CUST-18199
Nabil Abdel-Aziz,Sales_Rep,65,Male,B,,CUST-18200
Sara Abdel-Aziz,Doctor,57,Male,B,Vehicle,CUST-18201
Mohamed Reda,Teacher,55,Male,A,Vehicle,CUST-18202
Nabil El-Sayed,Sales_Rep,55,Male,D,,CUST-18203
Fatma El-Sayed,Accountant,59,Female,C,Land,CUST-18204
Hoda Abdel-Aziz,Accountant,56,Male,C,Land,CUST-18205
Ahmed Zaki,Technician,55,Male,A,Land,CUST-18206
Wael Hamdy,Engineer,65,Female,B,,CUST-18207
Hamdy Reda,Teacher,53,Female,C,,CUST-18208
Ibrahim El-Sayed,Accountant,65,Male,D,Land,CUST-18209
Sherif Fawzy,Technician,21,Female,D,Land,CUST-18210
Omar Zaki,Freelancer,33,Female,C,Vehicle,CUST-18211
Zaki Kamel,Engineer,57,Male,B,,CUST-18212
Heba Zaki,Engineer,59,Male,B,Land,CUST-18213
Sherif Fawzy,Engineer,35,Male,A,,CUST-18214
Hoda Nabil,Freelancer,36,Male,A,Land,CUST-18215
Mostafa Ibrahim,Doctor,21,Female,B,Land,CUST-18216
Layla Nabil,Teacher,38,Male,D,,CUST-18217
Amira Reda,Doctor,60,Female,B,Vehicle,CUST-18218
Omar Hamdy,Accountant,33,Female,D,Vehicle,CUST-18219
Salma Zaki,Engineer,36,Male,C,,CUST-18220
Amira Saied,Engineer,25,Female,A,,CUST-18221
Bassem Nabil,Teacher,42,Male,A,Vehicle,CUST-18222
Mostafa Ghanem,Freelancer,62,Male,D,,CUST-18223
Bassem Fawzy,Accountant,29,Male,D,,CUST-18224
Mona Mansour,Technician,53,Female,C,Land,CUST-18225
Khaled Reda,Sales_Rep,37,Male,C,Vehicle,CUST-18226
Hassan Amr,Sales_Rep,46,Male,D,Land,CUST-18227
Zaki Adel,Doctor,40,Male,C,Land,CUST-18228
Amira Nabil,Technician,61,Male,A,Vehicle,CUST-18229
Karim Saied,Freelancer,65,Male,A,,CUST-18230
Karim Zaki,Technician,33,Female,B,Vehicle,CUST-18231
Heba Zaki,Sales_Rep,53,Female,C,,CUST-18232
Layla El-Sayed,Technician,33,Male,C,Vehicle,CUST-18233
Mahmoud Adel,Doctor,26,Female,D,Land,CUST-18234
Sara Amr,Doctor,46,Female,B,Vehicle,CUST-18235
Khaled Nabil,Technician,58,Female,A,Land,CUST-18236
Tarek Mahmoud,Freelancer,23,Male,C,,CUST-18237
Khaled Zaki,Sales_Rep,51,Female,D,,CUST-18238
Hamdy Hassan,Doctor,57,Female,C,,CUST-18239
Heba Mahmoud,Sales_Rep,34,Male,A,Land,CUST-18240
Hoda El-Sayed,Freelancer,47,Male,C,,CUST-18241
Mahmoud Ghanem,Teacher,26,Male,D,Land,CUST-18242
Hoda Reda,Teacher,21,Male,D,,CUST-18243
Karim Fawzy,Technician,48,Male,B,Vehicle,CUST-18244
Hoda Fawzy,Engineer,24,Female,D,Vehicle,CUST-18245
Tarek Zaki,Doctor,26,Male,B,Land,CUST-18246
Karim Nabil,Engineer,42,Female,C,,CUST-18247
Mostafa Ghanem,Doctor,39,Male,B,Land,CUST-18248
Hoda Abdel-Aziz,Technician,49,Male,B,Vehicle,CUST-18249
Mona Fawzy,Doctor,49,Male,B,Land,CUST-18250
Hassan Reda,Doctor,31,Female,B,,CUST-18251
Mohamed Ghanem,Technician,41,Female,C,,CUST-18252
Sherif Zaki,Teacher,32,Male,B,,CUST-18253
Hoda Saied,Doctor,64,Female,C,Vehicle,CUST-18254
Amira Ghanem,Doctor,44,Male,A,,CUST-18255
Tarek Nabil,Freelancer,55,Female,C,Land,CUST-18256
Wael Kamel,Freelancer,42,Male,C,Vehicle,CUST-18257
Fatma Ghanem,Accountant,46,Male,A,,CUST-18258
Layla Hamdy,Freelancer,56,Male,D,Land,CUST-18259
Dina El-Sayed,Teacher,33,Male,D,Land,CUST-18260
Sara Fawzy,Doctor,29,Male,D,Vehicle,CUST-18261
Zaki El-Sayed,Freelancer,41,Female,D,Vehicle,CUST-18262
Mahmoud Saied,Doctor,36,Female,B,Land,CUST-18263
Mahmoud Reda,Accountant,65,Female,B,Land,CUST-18264
Khaled El-Sayed,Doctor,33,Male,D,Land,CUST-18265
Nabil El-Sayed,Technician,49,Male,C,Vehicle,CUST-18266
Amira Zaki,Freelancer,52,Male,B,,CUST-18267
Mona El-Sayed,Teacher,21,Male,D,Land,CUST-18268
Mohamed Amr,Sales_Rep,54,Male,A,Vehicle,CUST-18269
Ahmed Kamel,Accountant,62,Male,A,Land,CUST-18270
Dina Adel,Technician,33,Female,A,,CUST-18271
Heba Mahmoud,Accountant,62,Female,A,Vehicle,CUST-18272
Sherif Adel,Teacher,53,Female,A,Vehicle,CUST-18273
Hassan Saied,Engineer,49,Male,B,,CUST-18274
Omar Fawzy,Engineer,59,Male,D,Vehicle,CUST-18275
Wael Ghanem,Teacher,35,Male,C,Vehicle,CUST-18276
Khaled Hassan,Engineer,52,Male,C,,CUST-18277
Ahmed Mahmoud,Sales_Rep,28,Female,C,,CUST-18278
Karim Amr,Teacher,65,Male,D,,CUST-18279
Khaled Ghanem,Doctor,59,Male,D,Vehicle,CUST-18280
Tarek Ibrahim,Engineer,61,Male,C,Vehicle,CUST-18281
Omar Hamdy,Sales_Rep,29,Female,C,Land,CUST-18282
Mona Abdel-Aziz,Accountant,55,Male,A,,CUST-18283
Omar Abdel-Aziz,Teacher,60,Female,A,,CUST-18284
Mostafa Zaki,Sales_Rep,60,Male,B,Land,CUST-18285
Karim Amr,Technician,32,Male,B,,CUST-18286
Hoda El-Sayed,Freelancer,65,Female,A,Vehicle,CUST-18287
Karim Abdel-Aziz,Teacher,33,Female,C,Land,CUST-18288
Khaled Nabil,Teacher,55,Female,A,,CUST-18289
Karim Ghanem,Teacher,53,Male,B,,CUST-18290
Mahmoud Nabil,Teacher,36,Male,A,Land,CUST-18291
Hoda Ghanem,Technician,52,Female,B,Land,CUST-18292
Khaled Ibrahim,Freelancer,47,Male,B,,CUST-18293
Ahmed Fawzy,Accountant,31,Male,B,,CUST-18294
Sherif Zaki,Technician,27,Female,B,,CUST-18295
Karim Abdel-Aziz,Doctor,32,Female,A,,CUST-18296
Salma Abdel-Aziz,Engineer,28,Female,D,Land,CUST-18297
Layla Mansour,Teacher,53,Female,D,,CUST-18298
Mohamed Hamdy,Accountant,32,Male,D,Vehicle,CUST-18299
Fatma Ibrahim,Accountant,21,Male,B,Land,CUST-18300
Hamdy Ibrahim,Teacher,42,Male,D,Vehicle,CUST-18301
Karim Hamdy,Freelancer,22,Female,D,Vehicle,CUST-18302
Dina Reda,Doctor,22,Male,A,Land,CUST-18303
Wael El-Sayed,Doctor,33,Male,A,,CUST-18304
Tarek Fawzy,Freelancer,53,Female,A,,CUST-18305
Hoda Amr,Teacher,35,Male,C,Vehicle,CUST-18306
Tarek Reda,Sales_Rep,33,Male,C,Land,CUST-18307
Sherif Fawzy,Accountant,43,Male,C,Land,CUST-18308
Bassem Adel,Engineer,26,Female,C,Vehicle,CUST-18309
Hoda Fawzy,Engineer,47,Male,C,Land,CUST-18310
Salma Nabil,Accountant,32,Male,C,,CUST-18311
Salma Hassan,Teacher,35,Female,B,,CUST-18312
Tarek Kamel,Teacher,52,Male,D,,CUST-18313
Dina El-Sayed,Doctor,61,Male,A,,CUST-18314
Dina Zaki,Technician,39,Male,D,Vehicle,CUST-18315
Dina Hamdy,Doctor,26,Female,A,Land,CUST-18316
Mostafa Hamdy,Teacher,33,Female,C,Land,CUST-18317
Hassan Ibrahim,Freelancer,31,Male,A,Land,CUST-18318
Ibrahim Saied,Teacher,44,Male,B,Vehicle,CUST-18319
Nabil Kamel,Engineer,50,Female,B,Vehicle,CUST-18320
Sara Nabil,Doctor,25,Female,B,Vehicle,CUST-18321
Zaki Ghanem,Sales_Rep,61,Male,B,,CUST-18322
Ibrahim Adel,Technician,21,Female,B,Vehicle,CUST-18323
Tarek Ghanem,Engineer,33,Female,D,,CUST-18324
Mona Kamel,Freelancer,40,Female,C,Vehicle,CUST-18325
Nabil Ibrahim,Freelancer,27,Female,A,Vehicle,CUST-18326
Zaki Nabil,Teacher,61,Female,C,,CUST-18327
Layla Fawzy,Accountant,58,Male,C,,CUST-18328
Hamdy Mansour,Freelancer,33,Male,B,Vehicle,CUST-18329
Dina Mahmoud,Sales_Rep,27,Female,B,Vehicle,CUST-18330
Karim Amr,Teacher,26,Male,B,Vehicle,CUST-18331
Omar El-Sayed,Engineer,62,Female,D,,CUST-18332
Karim Mansour,Doctor,56,Male,C,Land,CUST-18333
Wael Hassan,Teacher,30,Female,C,Vehicle,CUST-18334
Amira Zaki,Sales_Rep,45,Male,A,Land,CUST-18335
Mostafa Nabil,Teacher,38,Male,C,,CUST-18336
Zaki Ghanem,Accountant,58,Male,C,,CUST-18337
Khaled Hamdy,Sales_Rep,41,Male,D,,CUST-18338
Hassan Nabil,Engineer,29,Female,A,Vehicle,CUST-18339
Sherif Ghanem,Doctor,24,Female,C,Land,CUST-18340
Zaki Mansour,Freelancer,30,Male,B,Vehicle,CUST-18341
Hassan Saied,Engineer,35,Male,D,Land,CUST-18342
Nabil Ghanem,Technician,46,Male,A,,CUST-18343
Nabil Kamel,Engineer,21,Male,A,Vehicle,CUST-18344
Hamdy Reda,Technician,58,Male,B,Vehicle,CUST-18345
Mona Abdel-Aziz,Sales_Rep,54,Male,C,Vehicle,CUST-18346
Khaled Fawzy,Accountant,26,Female,B,,CUST-18347
Omar Amr,Doctor,45,Male,B,Land,CUST-18348
Layla Nabil,Technician,23,Male,B,,CUST-18349
Omar Hamdy,Technician,33,Male,D,,CUST-18350
Wael Zaki,Freelancer,55,Female,C,Land,CUST-18351
Mahmoud Hamdy,Engineer,45,Male,B,Vehicle,CUST-18352
Wael Zaki,Doctor,62,Male,A,,CUST-18353
Hassan Fawzy,Sales_Rep,65,Male,A,,CUST-18354
Tarek Fawzy,Doctor,64,Female,B,Land,CUST-18355
Sara Fawzy,Technician,33,Male,D,Vehicle,CUST-18356
Nabil Saied,Engineer,55,Female,D,Vehicle,CUST-18357
Mona Saied,Doctor,54,Female,C,Land,CUST-18358
Omar Kamel,Accountant,47,Male,B,Land,CUST-18359
Mostafa Ibrahim,Doctor,62,Male,D,Land,CUST-18360
Bassem Hamdy,Sales_Rep,46,Female,B,Land,CUST-18361
Mostafa Mansour,Doctor,65,Male,A,Land,CUST-18362
Mahmoud Zaki,Teacher,45,Male,D,Vehicle,CUST-18363
Omar Mansour,Freelancer,47,Male,D,Vehicle,CUST-18364
Layla Ghanem,Freelancer,60,Male,A,Vehicle,CUST-18365
Layla Mansour,Teacher,42,Female,D,Vehicle,CUST-18366
Karim Adel,Technician,21,Male,D,Land,CUST-18367
Bassem Hamdy,Engineer,63,Male,B,Land,CUST-18368
Tarek Amr,Freelancer,63,Female,D,Land,CUST-18369
Amira Nabil,Doctor,61,Male,D,Vehicle,CUST-18370
Omar Nabil,Teacher,61,Female,D,Land,CUST-18371
Hoda Mansour,Technician,39,Male,D,Vehicle,CUST-18372
Hamdy Ghanem,Accountant,27,Female,C,Land,CUST-18373
Bassem Zaki,Technician,40,Female,A,Land,CUST-18374
Ibrahim Reda,Engineer,47,Female,A,Vehicle,CUST-18375
Layla El-Sayed,Doctor,46,Female,C,,CUST-18376
Hassan Ibrahim,Engineer,24,Female,A,Vehicle,CUST-18377
,Sales_Rep,28,Female,C,Land,CUST-18378
Wael Adel,Accountant,43,Female,A,Vehicle,CUST-18379
Ibrahim Kamel,Engineer,60,Female,B,Land,CUST-18380
Ahmed Amr,Sales_Rep,41,Female,C,Vehicle,CUST-18381
Omar Zaki,Technician,52,Female,A,Land,CUST-18382
Tarek El-Sayed,Accountant,54,Male,D,Land,CUST-18383
Ibrahim Fawzy,Engineer,48,Female,D,Vehicle,CUST-18384
Bassem Reda,Sales_Rep,40,Female,C,,CUST-18385
Mohamed Zaki,Teacher,27,Male,C,,CUST-18386
Mohamed Zaki,Sales_Rep,48,Male,A,Land,CUST-18387
Dina Abdel-Aziz,Freelancer,36,Male,D,,CUST-18388
Dina El-Sayed,Teacher,62,Female,C,,CUST-18389
Karim Hassan,Accountant,44,Male,A,Land,CUST-18390
Hamdy Nabil,Freelancer,32,Male,C,,CUST-18391
Nabil Adel,Engineer,49,Male,C,Vehicle,CUST-18392
Layla Abdel-Aziz,Freelancer,56,Female,A,,CUST-18393
Bassem Mansour,Engineer,65,Female,D,Land,CUST-18394
Karim Mansour,Engineer,25,Male,A,Vehicle,CUST-18395
Mostafa Hamdy,Freelancer,29,Female,B,Vehicle,CUST-18396
Karim Reda,Teacher,60,Female,C,Land,CUST-18397
Mona Amr,Technician,38,Male,A,Vehicle,CUST-18398
Wael Ibrahim,Engineer,51,Female,D,,CUST-18399
Heba Zaki,Accountant,56,Male,D,Vehicle,CUST-18400
Omar Hassan,Freelancer,35,Male,C,Vehicle,CUST-18401
Hassan Mansour,Sales_Rep,32,Male,A,Vehicle,CUST-18402
Hassan Mansour,Doctor,29,Male,C,Land,CUST-18403
Mona Ghanem,Engineer,55,Male,B,Vehicle,CUST-18404
Khaled Nabil,Technician,30,Female,A,Vehicle,CUST-18405
Heba Saied,Doctor,54,Female,C,Land,CUST-18406
Mostafa Mansour,Freelancer,54,Female,A,,CUST-18407
Mona Kamel,Freelancer,49,Female,C,Vehicle,CUST-18408
Wael Abdel-Aziz,Freelancer,63,Male,A,,CUST-18409
Bassem Kamel,Freelancer,62,Male,C,Vehicle,CUST-18410
Layla Hamdy,Technician,40,Female,C,Vehicle,CUST-18411
Mona Fawzy,Technician,49,Female,A,Land,CUST-18412
Dina Hamdy,Accountant,40,Male,B,,CUST-18413
Wael Reda,Sales_Rep,54,Male,C,Land,CUST-18414
Sara Ghanem,Accountant,42,Female,A,Vehicle,CUST-18415
Sara Reda,Technician,23,Female,A,Land,CUST-18416
Tarek Mahmoud,Engineer,54,Female,B,Vehicle,CUST-18417
Mostafa Mahmoud,Freelancer,35,Male,C,Vehicle,CUST-18418
Sherif Nabil,Sales_Rep,22,Female,B,Vehicle,CUST-18419
Khaled Mahmoud,Freelancer,65,Male,A,Land,CUST-18420
Omar Mahmoud,Teacher,44,Male,A,Land,CUST-18421
Mona Hamdy,Technician,61,Male,D,,CUST-18422
Mohamed Hamdy,Sales_Rep,58,Female,C,Land,CUST-18423
Nabil Hamdy,Doctor,52,Female,D,Vehicle,CUST-18424
Hamdy Adel,Doctor,33,Male,C,Vehicle,CUST-18425
Layla Ibrahim,Accountant,62,Male,C,,CUST-18426
Wael Mahmoud,Sales_Rep,34,Male,C,,CUST-18427
Mohamed Adel,Doctor,30,Female,B,Vehicle,CUST-18428
Wael Kamel,Accountant,36,Female,A,Land,CUST-18429
Tarek Ibrahim,Teacher,23,Female,D,Vehicle,CUST-18430
Wael Fawzy,Doctor,41,Female,A,Vehicle,CUST-18431
Karim Mansour,Accountant,62,Female,C,Vehicle,CUST-18432
Mahmoud Fawzy,Engineer,29,Female,A,Land,CUST-18433
Dina Amr,Teacher,28,Female,A,,CUST-18434
Layla Nabil,Teacher,24,Male,D,,CUST-18435
Tarek Nabil,Teacher,58,Male,C,Land,CUST-18436
Wael Abdel-Aziz,Sales_Rep,28,Female,A,Land,CUST-18437
Wael Ibrahim,Doctor,31,Female,A,Vehicle,CUST-18438
Wael Reda,Technician,39,Female,A,Vehicle,CUST-18439
Layla Amr,Freelancer,51,Male,D,,CUST-18440
Amira Reda,Technician,27,Female,C,Vehicle,CUST-18441
Ahmed Hamdy,Doctor,64,Male,B,,CUST-18442
Salma Abdel-Aziz,Technician,50,Male,B,,CUST-18443
Khaled Ghanem,Accountant,61,Male,D,Land,CUST-18444
Hassan Fawzy,Doctor,62,Female,C,,CUST-18445
Heba Saied,Technician,34,Male,C,Vehicle,CUST-18446
Salma Mansour,Accountant,56,Male,D,,CUST-18447
Fatma Ghanem,Teacher,25,Female,B,Land,CUST-18448
,Doctor,43,Female,D,,CUST-18449
Bassem Kamel,Accountant,38,Female,B,,CUST-18450
Wael Amr,Technician,27,Female,B,Vehicle,CUST-18451
Bassem Mansour,Technician,25,Female,B,,CUST-18452
Hoda Mansour,Doctor,48,Male,C,Land,CUST-18453
Fatma Mahmoud,Technician,52,Male,B,,CUST-18454
Karim Saied,Sales_Rep,26,Male,B,,CUST-18455
Hassan Nabil,Accountant,42,Male,D,Vehicle,CUST-18456
Mohamed Ibrahim,Sales_Rep,47,Male,D,Vehicle,CUST-18457
Ahmed Abdel-Aziz,Doctor,57,Female,B,Land,CUST-18458
Zaki Hassan,Sales_Rep,49,Male,D,,CUST-18459
,Teacher,58,Male,B,Land,CUST-18460
Salma Ibrahim,Teacher,41,Female,C,Vehicle,CUST-18461
Wael Kamel,Freelancer,54,Female,C,,CUST-18462
Mahmoud Saied,Accountant,33,Female,D,Vehicle,CUST-18463
Tarek Reda,Sales_Rep,49,Male,A,Land,CUST-18464
Wael Amr,Technician,43,Female,C,Land,CUST-18465
Omar Hamdy,Teacher,29,Male,B,Vehicle,CUST-18466
Hamdy Ghanem,Freelancer,45,Male,A,Vehicle,CUST-18467
Sherif Mahmoud,Engineer,65,Female,D,Vehicle,CUST-18468
Hassan Fawzy,Accountant,34,Male,B,Vehicle,CUST-18469
Karim Amr,Doctor,32,Female,C,,CUST-18470
Nabil Adel,Sales_Rep,26,Male,C,,CUST-18471
Ibrahim Saied,Teacher,34,Male,B,Land,CUST-18472
Heba Kamel,Engineer,45,Male,C,,CUST-18473
Ahmed Zaki,Technician,21,Female,D,,CUST-18474
Mahmoud Zaki,Technician,52,Female,A,Vehicle,CUST-18475
Fatma Ibrahim,Engineer,63,Female,B,Vehicle,CUST-18476
Zaki Reda,Engineer,23,Male,B,Land,CUST-18477
Tarek Hassan,Doctor,28,Male,C,,CUST-18478
Amira Nabil,Accountant,35,Male,A,,CUST-18479
Hamdy Nabil,Engineer,52,Male,C,Land,CUST-18480
Karim Zaki,Teacher,30,Male,A,Vehicle,CUST-18481
Mahmoud Adel,Freelancer,23,Male,A,Vehicle,CUST-18482
Khaled Fawzy,Doctor,34,Male,B,Land,CUST-18483
Omar Ibrahim,Accountant,32,Male,C,,CUST-18484
Nabil Hassan,Freelancer,23,Female,C,Vehicle,CUST-18485
Mohamed Saied,Freelancer,28,Male,C,Land,CUST-18486
Mostafa Kamel,Engineer,49,Male,A,Land,CUST-18487
Salma Hassan,Freelancer,35,Female,A,Vehicle,CUST-18488
,Doctor,47,Female,A,Land,CUST-18489
Mahmoud Fawzy,Sales_Rep,32,Female,B,Vehicle,CUST-18490
Sara Mahmoud,Accountant,48,Female,B,Land,CUST-18491
,Engineer,47,Male,A,Land,CUST-18492
Mostafa Mahmoud,Engineer,21,Female,A,,CUST-18493
Nabil Hamdy,Doctor,21,Male,B,Land,CUST-18494
Heba Mahmoud,Engineer,24,Female,C,Land,CUST-18495
Salma Hassan,Doctor,58,Female,D,,CUST-18496
Dina Ibrahim,Technician,46,Female,A,,CUST-18497
Mona Hamdy,Sales_Rep,24,Female,B,Vehicle,CUST-18498
Tarek Kamel,Freelancer,25,Male,C,,CUST-18499
Omar El-Sayed,Engineer,34,Female,B,Vehicle,CUST-18500
Mona Mansour,Technician,55,Female,B,Vehicle,CUST-18501
Heba Abdel-Aziz,Engineer,40,Male,D,Vehicle,CUST-18502
Bassem Fawzy,Doctor,37,Female,D,Land,CUST-18503
Wael Nabil,Doctor,56,Male,A,Vehicle,CUST-18504
Layla Zaki,Accountant,64,Female,B,,CUST-18505
Nabil Abdel-Aziz,Freelancer,44,Female,D,Vehicle,CUST-18506
Hassan Nabil,Doctor,59,Female,B,Land,CUST-18507
Layla Abdel-Aziz,Accountant,29,Female,D,Land,CUST-18508
Karim Kamel,Engineer,48,Female,D,Land,CUST-18509
Hamdy El-Sayed,Technician,55,Male,D,Land,CUST-18510
Sherif Mansour,Technician,50,Male,A,Land,CUST-18511
Hassan Hassan,Engineer,45,Female,B,Land,CUST-18512
Nabil Zaki,Doctor,47,Male,C,,CUST-18513
Ahmed Mansour,Sales_Rep,65,Male,C,Vehicle,CUST-18514
Layla Hamdy,Doctor,51,Male,A,Land,CUST-18515
Tarek El-Sayed,Teacher,53,Female,B,Vehicle,CUST-18516
Amira El-Sayed,Sales_Rep,36,Male,C,Land,CUST-18517
Tarek Ghanem,Accountant,29,Male,D,,CUST-18518
Sherif Ibrahim,Technician,52,Female,D,Vehicle,CUST-18519
Hamdy Reda,Engineer,45,Female,C,Vehicle,CUST-18520
Mostafa Nabil,Engineer,32,Male,B,Vehicle,CUST-18521
Tarek Nabil,Sales_Rep,37,Male,B,,CUST-18522
Sara Kamel,Engineer,49,Male,C,Land,CUST-18523
Mohamed Kamel,Teacher,48,Male,A,Land,CUST-18524
Fatma Ibrahim,Doctor,28,Female,A,,CUST-18525
Hamdy El-Sayed,Teacher,58,Male,C,Land,CUST-18526
Dina Kamel,Doctor,32,Male,C,Land,CUST-18527
,Sales_Rep,63,Male,D,,CUST-18528
Sherif El-Sayed,Accountant,22,Female,A,,CUST-18529
Mohamed Zaki,Engineer,57,Female,A,,CUST-18530
Hoda Adel,Technician,28,Female,A,Vehicle,CUST-18531
Ibrahim Hassan,Teacher,50,Female,C,Land,CUST-18532
,Technician,39,Male,A,,CUST-18533
Hassan El-Sayed,Accountant,50,Male,C,,CUST-18534
Salma Mansour,Freelancer,61,Female,C,Vehicle,CUST-18535
Wael Reda,Freelancer,55,Male,A,Vehicle,CUST-18536
Mohamed Reda,Accountant,61,Male,A,Land,CUST-18537
Nabil Fawzy,Engineer,61,Female,B,Land,CUST-18538
,Freelancer,40,Male,C,Land,CUST-18539
Dina Mahmoud,Teacher,63,Female,C,Land,CUST-18540
Wael Hassan,Technician,40,Female,C,Land,CUST-18541
Mahmoud El-Sayed,Teacher,61,Male,A,Land,CUST-18542
Dina Mahmoud,Freelancer,55,Male,A,Vehicle,CUST-18543
Fatma Abdel-Aziz,Freelancer,61,Male,C,Land,CUST-18544
Tarek Kamel,Engineer,47,Male,C,,CUST-18545
Hassan Reda,Accountant,57,Male,D,Land,CUST-18546
Hamdy Saied,Sales_Rep,34,Female,B,Land,CUST-18547
Zaki Zaki,Freelancer,22,Female,A,Land,CUST-18548
Omar Mahmoud,Doctor,59,Male,A,Land,CUST-18549
Karim Kamel,Doctor,48,Male,C,,CUST-18550
Karim Hamdy,Accountant,21,Male,D,Vehicle,CUST-18551
Hassan Nabil,Sales_Rep,36,Female,C,Land,CUST-18552
Ibrahim Amr,Doctor,63,Female,A,,CUST-18553
Salma Fawzy,Technician,57,Female,B,,CUST-18554
Hassan Reda,Freelancer,61,Male,B,Vehicle,CUST-18555
Mohamed Fawzy,Doctor,22,Female,D,Vehicle,CUST-18556
Wael Fawzy,Technician,55,Female,D,Land,CUST-18557
Ahmed Mahmoud,Technician,22,Male,D,,CUST-18558
Nabil Kamel,Technician,43,Female,C,,CUST-18559
Wael Adel,Doctor,23,Male,C,Land,CUST-18560
Ibrahim Mahmoud,Technician,41,Male,C,Vehicle,CUST-18561
Ahmed Saied,Engineer,27,Male,C,Land,CUST-18562
Mohamed Hamdy,Engineer,30,Female,D,,CUST-18563
,Sales_Rep,25,Female,B,Vehicle,CUST-18564
Layla Reda,Teacher,41,Female,C,Vehicle,CUST-18565
Layla Kamel,Technician,28,Female,A,,CUST-18566
Hamdy El-Sayed,Doctor,26,Male,C,Land,CUST-18567
Salma Mahmoud,Sales_Rep,52,Male,C,Land,CUST-18568
Sara Nabil,Accountant,29,Female,A,,CUST-18569
Mona Amr,Sales_Rep,51,Female,D,,CUST-18570
Sara Zaki,Doctor,35,Male,D,Vehicle,CUST-18571
Sara Kamel,Engineer,60,Male,B,Land,CUST-18572
Zaki Nabil,Doctor,39,Male,C,Land,CUST-18573
Fatma Hassan,Teacher,50,Female,B,Vehicle,CUST-18574
Heba Reda,Technician,61,Male,D,,CUST-18575
Layla Abdel-Aziz,Freelancer,21,Male,B,Vehicle,CUST-18576
Dina Reda,Technician,28,Female,B,,CUST-18577
Ibrahim Amr,Doctor,45,Female,C,,CUST-18578
Khaled El-Sayed,Doctor,47,Female,B,Vehicle,CUST-18579
Hassan Kamel,Engineer,65,Female,D,Vehicle,CUST-18580
Layla Hassan,Teacher,58,Male,A,Vehicle,CUST-18581
Zaki Amr,Sales_Rep,52,Female,A,,CUST-18582
Ibrahim Adel,Sales_Rep,56,Male,D,Vehicle,CUST-18583
Ahmed Ghanem,Engineer,53,Female,D,,CUST-18584
Khaled Abdel-Aziz,Doctor,37,Female,B,Vehicle,CUST-18585
Omar Nabil,Accountant,52,Male,D,Land,CUST-18586
Mona Mansour,Technician,49,Male,D,,CUST-18587
Hamdy Nabil,Engineer,60,Female,C,,CUST-18588
Dina Zaki,Engineer,32,Female,B,Land,CUST-18589
,Doctor,34,Female,D,Vehicle,CUST-18590
Tarek Mahmoud,Freelancer,34,Male,B,Land,CUST-18591
Nabil Hassan,Accountant,47,Female,C,Vehicle,CUST-18592
Sherif Abdel-Aziz,Teacher,59,Female,C,Land,CUST-18593
Layla Ghanem,Engineer,28,Male,D,Vehicle,CUST-18594
Bassem Mahmoud,Sales_Rep,49,Female,A,Land,CUST-18595
Hoda Reda,Doctor,33,Female,C,Land,CUST-18596
Karim Zaki,Accountant,40,Female,A,Vehicle,CUST-18597
Ahmed Abdel-Aziz,Freelancer,57,Female,C,Land,CUST-18598
Ibrahim Abdel-Aziz,Sales_Rep,38,Male,A,Land,CUST-18599
Dina Ghanem,Doctor,55,Male,C,,CUST-18600
Mostafa Zaki,Accountant,35,Female,A,Land,CUST-18601
Tarek Mansour,Sales_Rep,64,Female,B,,CUST-18602
Mostafa Nabil,Teacher,50,Male,B,Vehicle,CUST-18603
Karim Mahmoud,Freelancer,47,Female,B,,CUST-18604
Karim Nabil,Technician,38,Female,B,Land,CUST-18605
Wael Zaki,Accountant,46,Female,C,Vehicle,CUST-18606
Ibrahim Hamdy,Accountant,60,Female,B,Vehicle,CUST-18607
Tarek Mahmoud,Freelancer,51,Female,D,Land,CUST-18608
Bassem Kamel,Technician,51,Female,B,,CUST-18609
Fatma Fawzy,Sales_Rep,35,Male,B,Land,CUST-18610
Omar Abdel-Aziz,Technician,51,Female,B,,CUST-18611
Ahmed Nabil,Teacher,37,Female,C,Vehicle,CUST-18612
Sara Reda,Technician,53,Male,A,Land,CUST-18613
Karim Abdel-Aziz,Teacher,54,Male,D,Land,CUST-18614
Tarek Ibrahim,Freelancer,48,Female,B,,CUST-18615
Heba Amr,Freelancer,57,Female,D,Vehicle,CUST-18616
Karim Mansour,Doctor,54,Female,C,,CUST-18617
Tarek El-Sayed,Technician,50,Female,A,Land,CUST-18618
Heba El-Sayed,Teacher,62,Male,B,Land,CUST-18619
Layla Ibrahim,Engineer,24,Male,A,Land,CUST-18620
Fatma Saied,Teacher,49,Female,A,,CUST-18621
Omar Ibrahim,Doctor,53,Male,A,Vehicle,CUST-18622
Omar Ghanem,Freelancer,54,Male,C,,CUST-18623
Hassan Hassan,Teacher,62,Female,D,,CUST-18624
Nabil El-Sayed,Sales_Rep,23,Male,C,Vehicle,CUST-18625
Tarek Abdel-Aziz,Technician,46,Male,D,Land,CUST-18626
Hamdy Amr,Doctor,30,Male,C,,CUST-18627
,Doctor,31,Male,C,,CUST-18628
Sherif Kamel,Doctor,44,Female,A,Vehicle,CUST-18629
Mahmoud Fawzy,Engineer,33,Male,A,Vehicle,CUST-18630
Mohamed Amr,Teacher,53,Male,C,Land,CUST-18631
Nabil Mahmoud,Teacher,23,Male,B,Land,CUST-18632
Mohamed Mansour,Engineer,22,Female,D,Vehicle,CUST-18633
,Teacher,47,Female,C,Land,CUST-18634
Hamdy Reda,Doctor,62,Female,C,,CUST-18635
Amira Mahmoud,Sales_Rep,21,Male,B,,CUST-18636
Wael Mahmoud,Doctor,59,Male,C,Vehicle,CUST-18637
Ibrahim Saied,Sales_Rep,27,Female,D,Land,CUST-18638
Bassem Zaki,Accountant,46,Female,D,Land,CUST-18639
Mahmoud Fawzy,Doctor,56,Female,C,Land,CUST-18640
Fatma Ghanem,Technician,52,Male,D,,CUST-18641
Tarek Ghanem,Freelancer,35,Male,B,Land,CUST-18642
Fatma Zaki,Teacher,53,Male,C,Vehicle,CUST-18643
Wael Mahmoud,Sales_Rep,28,Male,C,Land,CUST-18644
Heba Abdel-Aziz,Technician,25,Female,D,,CUST-18645
Mahmoud Mansour,Technician,33,Male,B,Vehicle,CUST-18646
Sherif Hassan,Accountant,64,Female,C,Land,CUST-18647
Sherif Zaki,Teacher,21,Female,C,,CUST-18648
Sherif Saied,Engineer,62,Male,C,Vehicle,CUST-18649
Ibrahim Mahmoud,Sales_Rep,47,Female,C,Land,CUST-18650
Mona Amr,Accountant,27,Female,B,Land,CUST-18651
Nabil Nabil,Sales_Rep,35,Male,C,,CUST-18652
Mohamed Mahmoud,Teacher,23,Male,B,,CUST-18653
Layla Kamel,Teacher,24,Male,D,Vehicle,CUST-18654
Ahmed Abdel-Aziz,Technician,31,Female,D,,CUST-18655
Khaled Amr,Freelancer,43,Male,A,Vehicle,CUST-18656
Omar Ghanem,Sales_Rep,64,Female,C,Land,CUST-18657
Karim Amr,Freelancer,50,Female,D,Land,CUST-18658
,Teacher,65,Male,A,,CUST-18659
Wael Zaki,Sales_Rep,49,Male,A,,CUST-18660
Mahmoud Fawzy,Engineer,51,Male,D,Land,CUST-18661
Karim Nabil,Sales_Rep,30,Male,C,Land,CUST-18662
Mostafa Mansour,Freelancer,65,Male,D,Land,CUST-18663
Hamdy Ghanem,Engineer,39,Female,B,,CUST-18664
Sherif Mansour,Doctor,44,Female,A,,CUST-18665
Hoda Nabil,Doctor,38,Male,B,Vehicle,CUST-18666
Ibrahim Zaki,Freelancer,46,Female,A,Vehicle,CUST-18667
,Sales_Rep,24,Female,B,Land,CUST-18668
Fatma Zaki,Teacher,65,Female,A,Vehicle,CUST-18669
Mohamed Ibrahim,Teacher,65,Male,A,Land,CUST-18670
,Doctor,24,Male,A,,CUST-18671
Layla Hamdy,Engineer,55,Male,C,Land,CUST-18672
Wael Fawzy,Engineer,41,Male,C,Land,CUST-18673
Hassan Mahmoud,Teacher,34,Male,B,,CUST-18674
Layla Ghanem,Doctor,27,Female,C,,CUST-18675
Hamdy Mahmoud,Doctor,27,Male,B,,CUST-18676
Bassem Saied,Accountant,47,Male,C,,CUST-18677
Fatma Kamel,Doctor,24,Female,A,Vehicle,CUST-18678
Sara Abdel-Aziz,Sales_Rep,46,Male,B,Vehicle,CUST-18679
Dina Ibrahim,Teacher,46,Male,B,Land,CUST-18680
Heba Zaki,Freelancer,47,Female,D,Vehicle,CUST-18681
Layla Ibrahim,Technician,37,Male,C,Land,CUST-18682
Amira Zaki,Freelancer,38,Female,D,,CUST-18683
Layla Ghanem,Freelancer,28,Male,D,Land,CUST-18684
Mostafa Nabil,Engineer,63,Female,D,Vehicle,CUST-18685
Ahmed Kamel,Technician,44,Female,B,Vehicle,CUST-18686
Mohamed Abdel-Aziz,Technician,61,Female,A,Land,CUST-18687
Nabil Fawzy,Sales_Rep,52,Male,C,,CUST-18688
Wael Hamdy,Engineer,64,Male,C,Land,CUST-18689
Sara Adel,Technician,60,Female,C,Vehicle,CUST-18690
Sherif Ghanem,Technician,64,Female,D,,CUST-18691
Fatma Reda,Accountant,54,Female,D,Vehicle,CUST-18692
Wael El-Sayed,Teacher,65,Male,D,,CUST-18693
Hoda Hamdy,Teacher,34,Female,B,Land,CUST-18694
Salma Saied,Sales_Rep,54,Male,B,Vehicle,CUST-18695
Mona Hassan,Doctor,21,Female,D,Vehicle,CUST-18696
Amira Kamel,Sales_Rep,60,Male,C,,CUST-18697
Hassan Amr,Engineer,21,Female,A,,CUST-18698
Mahmoud Saied,Freelancer,41,Female,B,Vehicle,CUST-18699
,Sales_Rep,35,Female,D,,CUST-18700
Nabil El-Sayed,Freelancer,53,Male,C,Land,CUST-18701
Bassem Reda,Sales_Rep,48,Female,D,Land,CUST-18702
Wael Hamdy,Doctor,37,Female,C,Vehicle,CUST-18703
Khaled Amr,Accountant,59,Female,D,,CUST-18704
Karim Zaki,Accountant,32,Male,D,Vehicle,CUST-18705
Hassan Abdel-Aziz,Technician,53,Male,B,Land,CUST-18706
Fatma Mahmoud,Engineer,60,Male,A,Land,CUST-18707
Hamdy Adel,Technician,29,Female,D,Vehicle,CUST-18708
Amira Amr,Engineer,35,Male,B,,CUST-18709
Ibrahim Hamdy,Engineer,32,Female,A,Land,CUST-18710
Khaled Nabil,Teacher,39,Male,B,,CUST-18711
Zaki Fawzy,Doctor,38,Male,A,Land,CUST-18712
Ahmed Ghanem,Sales_Rep,62,Female,D,Land,CUST-18713
Fatma Hamdy,Doctor,23,Female,C,,CUST-18714
,Sales_Rep,36,Female,B,Vehicle,CUST-18715
Layla Mansour,Engineer,36,Female,D,Land,CUST-18716
Bassem Nabil,Freelancer,50,Male,C,Vehicle,CUST-18717
Tarek Reda,Doctor,64,Female,B,Vehicle,CUST-18718
Heba Kamel,Technician,55,Female,B,,CUST-18719
Ahmed Zaki,Freelancer,63,Male,B,Land,CUST-18720
Dina Zaki,Sales_Rep,48,Female,A,Vehicle,CUST-18721
Hoda Amr,Sales_Rep,56,Female,C,,CUST-18722
Zaki Ghanem,Technician,49,Female,A,,CUST-18723
Mohamed Hassan,Sales_Rep,22,Male,A,Vehicle,CUST-18724
Dina Ghanem,Teacher,59,Female,D,Land,CUST-18725
Wael Zaki,Doctor,61,Male,A,Land,CUST-18726
Mona Ghanem,Engineer,43,Male,D,Land,CUST-18727
Mohamed Fawzy,Engineer,53,Female,B,Vehicle,CUST-18728
Omar Nabil,Teacher,22,Male,C,Vehicle,CUST-18729
Mohamed Hamdy,Doctor,54,Female,A,,CUST-18730
Hamdy Ibrahim,Accountant,35,Male,C,,CUST-18731
Sara Mahmoud,Doctor,54,Male,A,Land,CUST-18732
Khaled Fawzy,Accountant,31,Male,D,Vehicle,CUST-18733
Amira Abdel-Aziz,Accountant,47,Male,A,Land,CUST-18734
Omar Zaki,Technician,34,Female,A,,CUST-18735
Dina Amr,Sales_Rep,48,Female,A,Vehicle,CUST-18736
Dina Zaki,Technician,30,Female,B,,CUST-18737
Sherif Ghanem,Freelancer,32,Female,C,Land,CUST-18738
Layla Abdel-Aziz,Teacher,47,Male,C,Vehicle,CUST-18739
Sara Saied,Engineer,28,Male,D,Vehicle,CUST-18740
Mohamed Reda,Freelancer,22,Female,B,Land,CUST-18741
Hoda Ghanem,Doctor,31,Male,B,Vehicle,CUST-18742
Hoda Amr,Technician,45,Female,C,Land,CUST-18743
Mona Abdel-Aziz,Accountant,23,Male,B,Land,CUST-18744
Hoda Hamdy,Accountant,60,Male,A,,CUST-18745
Bassem Mahmoud,Accountant,52,Male,D,Vehicle,CUST-18746
Mona Ghanem,Teacher,47,Male,A,,CUST-18747
Nabil Mahmoud,Engineer,65,Male,D,Vehicle,CUST-18748
Hassan Mansour,Sales_Rep,23,Male,D,,CUST-18749
Fatma Mansour,Technician,64,Male,C,Land,CUST-18750
Ibrahim Saied,Freelancer,33,Male,C,Vehicle,CUST-18751
Mona Ibrahim,Teacher,41,Male,B,,CUST-18752
,Sales_Rep,39,Female,B,Vehicle,CUST-18753
Mona Reda,Freelancer,24,Female,C,Vehicle,CUST-18754
Zaki Zaki,Freelancer,56,Female,A,,CUST-18755
Dina Abdel-Aziz,Doctor,37,Female,D,Land,CUST-18756
,Sales_Rep,38,Male,D,Land,CUST-18757
Karim Amr,Teacher,49,Female,A,,CUST-18758
Salma Zaki,Technician,63,Female,A,,CUST-18759
Tarek Mahmoud,Sales_Rep,33,Female,A,Vehicle,CUST-18760
Hoda Zaki,Accountant,34,Female,A,Vehicle,CUST-18761
Ibrahim Mahmoud,Accountant,28,Male,B,Land,CUST-18762
Dina Hassan,Engineer,33,Male,B,Land,CUST-18763
Ahmed Fawzy,Technician,49,Female,A,,CUST-18764
Sara Zaki,Teacher,40,Female,D,Land,CUST-18765
Ibrahim El-Sayed,Freelancer,48,Male,C,Vehicle,CUST-18766
Mahmoud Zaki,Teacher,56,Female,A,Vehicle,CUST-18767
Hassan Reda,Sales_Rep,38,Female,D,Land,CUST-18768
Bassem Ibrahim,Engineer,53,Male,A,Land,CUST-18769
Mona Saied,Technician,48,Female,B,Land,CUST-18770
Sara Fawzy,Sales_Rep,46,Female,B,Vehicle,CUST-18771
Dina Hamdy,Freelancer,27,Female,B,Vehicle,CUST-18772
Bassem Zaki,Teacher,62,Male,D,Land,CUST-18773
Mostafa Mahmoud,Sales_Rep,51,Male,C,Vehicle,CUST-18774
Ahmed Zaki,Doctor,24,Female,D,,CUST-18775
Mostafa Reda,Doctor,54,Female,D,Vehicle,CUST-18776
Salma Hamdy,Sales_Rep,58,Female,A,Land,CUST-18777
Bassem Adel,Technician,30,Female,C,Land,CUST-18778
Hamdy Saied,Freelancer,24,Female,A,Land,CUST-18779
Ahmed Reda,Technician,47,Female,C,,CUST-18780
Bassem Ibrahim,Teacher,50,Female,D,Land,CUST-18781
Mostafa Zaki,Accountant,26,Female,C,,CUST-18782
Mahmoud El-Sayed,Technician,21,Male,C,,CUST-18783
Bassem Ghanem,Engineer,45,Female,D,,CUST-18784
Tarek Hamdy,Accountant,47,Male,A,Land,CUST-18785
Hoda Zaki,Freelancer,47,Female,A,,CUST-18786
Nabil Amr,Teacher,25,Male,C,Vehicle,CUST-18787
Mostafa Hamdy,Doctor,27,Male,B,Land,CUST-18788
Layla Amr,Accountant,23,Male,D,Vehicle,CUST-18789
Layla Amr,Engineer,44,Male,D,,CUST-18790
Heba Adel,Sales_Rep,61,Female,C,,CUST-18791
,Freelancer,47,Male,A,,CUST-18792
Dina El-Sayed,Engineer,31,Female,A,Vehicle,CUST-18793
Ahmed Hassan,Sales_Rep,48,Female,A,,CUST-18794
Hoda Fawzy,Sales_Rep,41,Female,B,Land,CUST-18795
Ibrahim Ghanem,Accountant,21,Female,A,Vehicle,CUST-18796
Heba Ghanem,Freelancer,57,Male,C,Vehicle,CUST-18797
Hamdy Fawzy,Accountant,31,Female,A,Land,CUST-18798
Sherif Abdel-Aziz,Freelancer,58,Female,A,,CUST-18799
Hassan Hassan,Freelancer,63,Male,B,Vehicle,CUST-18800
Dina Adel,Technician,60,Male,B,,CUST-18801
Hassan Zaki,Sales_Rep,49,Female,A,,CUST-18802
Hoda Mansour,Accountant,42,Male,B,Land,CUST-18803
Ibrahim Mansour,Teacher,44,Male,A,,CUST-18804
Hamdy Reda,Teacher,50,Male,C,Land,CUST-18805
Mona Ghanem,Teacher,27,Female,A,Land,CUST-18806
Heba Kamel,Freelancer,27,Female,B,Vehicle,CUST-18807
Karim Mahmoud,Sales_Rep,39,Male,B,Vehicle,CUST-18808
Bassem Fawzy,Doctor,56,Male,D,Land,CUST-18809
Zaki Ibrahim,Technician,45,Male,B,Vehicle,CUST-18810
Mahmoud Ibrahim,Accountant,24,Male,D,Land,CUST-18811
Sherif Hamdy,Sales_Rep,45,Female,A,,CUST-18812
Hamdy Saied,Freelancer,57,Male,C,Vehicle,CUST-18813
Sherif Fawzy,Teacher,49,Male,B,Vehicle,CUST-18814
Dina Hamdy,Engineer,27,Female,D,,CUST-18815
Fatma Mahmoud,Doctor,61,Male,D,,CUST-18816
Mahmoud Adel,Technician,62,Female,A,Land,CUST-18817
Mahmoud Mahmoud,Sales_Rep,41,Female,C,Vehicle,CUST-18818
Amira Hassan,Freelancer,49,Female,B,Land,CUST-18819
Sara Mahmoud,Accountant,44,Male,A,,CUST-18820
,Freelancer,41,Female,C,Vehicle,CUST-18821
Amira Mansour,Teacher,58,Male,D,,CUST-18822
Sherif El-Sayed,Sales_Rep,43,Female,B,,CUST-18823
Salma Ghanem,Doctor,55,Male,D,,CUST-18824
Mostafa Hassan,Engineer,62,Female,A,,CUST-18825
,Engineer,64,Male,D,Land,CUST-18826
Dina Mansour,Teacher,47,Female,B,Land,CUST-18827
,Teacher,65,Female,B,,CUST-18828
Tarek Saied,Accountant,57,Female,D,Vehicle,CUST-18829
Dina Kamel,Accountant,50,Female,D,,CUST-18830
Tarek Mahmoud,Teacher,34,Female,D,Vehicle,CUST-18831
Heba Ghanem,Doctor,48,Male,A,Land,CUST-18832
Mahmoud Ghanem,Technician,54,Male,B,Land,CUST-18833
Heba Mahmoud,Teacher,54,Female,A,Land,CUST-18834
Layla Ibrahim,Accountant,48,Female,B,Land,CUST-18835
Hoda Saied,Teacher,54,Male,C,Land,CUST-18836
,Sales_Rep,52,Male,D,,CUST-18837
Sara El-Sayed,Sales_Rep,60,Female,B,Vehicle,CUST-18838
Bassem Adel,Teacher,36,Male,D,Vehicle,CUST-18839
Hamdy Amr,Technician,30,Male,D,Land,CUST-18840
Mona Adel,Technician,51,Female,D,,CUST-18841
Heba Kamel,Technician,48,Male,B,Vehicle,CUST-18842
Khaled Reda,Accountant,49,Male,A,Vehicle,CUST-18843
Hoda Mahmoud,Engineer,52,Female,D,Land,CUST-18844
Salma Hamdy,Accountant,26,Male,A,Land,CUST-18845
Khaled Mansour,Accountant,29,Female,D,Land,CUST-18846
Karim Adel,Technician,42,Female,A,Vehicle,CUST-18847
Amira Saied,Sales_Rep,37,Female,A,Land,CUST-18848
Hamdy Saied,Sales_Rep,46,Female,A,Land,CUST-18849
Ahmed Mansour,Engineer,44,Male,D,,CUST-18850
Mahmoud Amr,Technician,36,Female,A,,CUST-18851
Heba Amr,Engineer,59,Male,B,Vehicle,CUST-18852
Mohamed Adel,Sales_Rep,55,Male,D,Vehicle,CUST-18853
Heba Mahmoud,Technician,24,Male,C,Land,CUST-18854
Sara Hamdy,Accountant,49,Male,A,Vehicle,CUST-18855
Mostafa Hassan,Freelancer,63,Female,B,Land,CUST-18856
Omar Hassan,Technician,51,Male,A,,CUST-18857
Ibrahim Ibrahim,Accountant,45,Female,D,Land,CUST-18858
Ahmed Hassan,Freelancer,57,Male,C,Vehicle,CUST-18859
Dina El-Sayed,Engineer,43,Male,B,Land,CUST-18860
Zaki Zaki,Technician,64,Female,A,Land,CUST-18861
Nabil El-Sayed,Freelancer,22,Male,D,Vehicle,CUST-18862
Bassem Abdel-Aziz,Engineer,22,Female,B,,CUST-18863
Zaki Fawzy,Engineer,40,Male,A,,CUST-18864
Bassem El-Sayed,Freelancer,40,Male,B,,CUST-18865
Fatma Kamel,Engineer,45,Female,A,Land,CUST-18866
Mostafa Reda,Teacher,55,Female,A,Vehicle,CUST-18867
Salma Kamel,Teacher,30,Female,B,Vehicle,CUST-18868
Tarek Adel,Freelancer,31,Female,A,Land,CUST-18869
Karim Adel,Freelancer,51,Female,C,,CUST-18870
Sara Abdel-Aziz,Accountant,56,Female,A,Vehicle,CUST-18871
Fatma Adel,Engineer,61,Female,D,,CUST-18872
Mohamed Nabil,Engineer,59,Male,C,,CUST-18873
Mahmoud Hassan,Teacher,57,Female,B,,CUST-18874
Wael Fawzy,Teacher,45,Female,A,Vehicle,CUST-18875
Dina Hassan,Technician,62,Male,C,Land,CUST-18876
Sara Zaki,Teacher,43,Female,A,,CUST-18877
Fatma Abdel-Aziz,Sales_Rep,49,Female,C,Vehicle,CUST-18878
Hassan Kamel,Engineer,28,Male,B,,CUST-18879
Karim Zaki,Sales_Rep,22,Male,B,,CUST-18880
Tarek Mahmoud,Doctor,37,Female,A,Vehicle,CUST-18881
Heba Amr,Freelancer,36,Female,C,,CUST-18882
Mohamed Ghanem,Freelancer,29,Female,C,Vehicle,CUST-18883
Heba Abdel-Aziz,Technician,34,Female,D,Vehicle,CUST-18884
,Technician,32,Female,A,Vehicle,CUST-18885
Ahmed Kamel,Engineer,61,Female,D,Vehicle,CUST-18886
Tarek Adel,Freelancer,27,Female,D,Land,CUST-18887
Hoda Saied,Doctor,44,Male,C,Vehicle,CUST-18888
Bassem Adel,Technician,34,Male,B,Land,CUST-18889
Hassan Ibrahim,Sales_Rep,34,Male,B,Vehicle,CUST-18890
Ibrahim Mahmoud,Teacher,35,Female,B,Land,CUST-18891
Salma Fawzy,Sales_Rep,54,Male,C,Land,CUST-18892
Layla Amr,Sales_Rep,56,Female,B,Vehicle,CUST-18893
Tarek Adel,Teacher,26,Male,A,Land,CUST-18894
Hassan Nabil,Doctor,26,Female,D,,CUST-18895
Mostafa Amr,Sales_Rep,32,Female,B,,CUST-18896
Hamdy Abdel-Aziz,Freelancer,25,Male,A,,CUST-18897
Sara Amr,Sales_Rep,30,Female,C,Land,CUST-18898
Hoda El-Sayed,Technician,32,Female,D,Vehicle,CUST-18899
Sara Mansour,Sales_Rep,23,Female,A,Land,CUST-18900
Omar Ghanem,Freelancer,47,Male,B,,CUST-18901
Karim Ghanem,Accountant,22,Male,A,Land,CUST-18902
Bassem Ghanem,Teacher,42,Male,B,Vehicle,CUST-18903
Mahmoud Ghanem,Technician,34,Male,A,Land,CUST-18904
Heba Saied,Freelancer,40,Female,A,Land,CUST-18905
Omar Ibrahim,Accountant,39,Female,B,,CUST-18906
Mahmoud Mansour,Freelancer,37,Female,A,Land,CUST-18907
Hoda Saied,Teacher,28,Male,B,,CUST-18908
Heba El-Sayed,Sales_Rep,26,Male,D,Vehicle,CUST-18909
Mahmoud Hamdy,Accountant,22,Male,B,Land,CUST-18910
Amira Zaki,Accountant,65,Male,C,,CUST-18911
Mostafa Ghanem,Freelancer,32,Female,C,Vehicle,CUST-18912
Amira Mansour,Sales_Rep,49,Male,C,Land,CUST-18913
Sara Hassan,Doctor,41,Male,B,Vehicle,CUST-18914
Hassan Adel,Freelancer,46,Male,A,Vehicle,CUST-18915
Khaled Hassan,Freelancer,34,Male,C,Land,CUST-18916
Salma Amr,Engineer,22,Male,B,,CUST-18917
Mostafa Adel,Sales_Rep,51,Female,D,Land,CUST-18918
Ibrahim Fawzy,Doctor,56,Female,D,Vehicle,CUST-18919
Mona Kamel,Technician,51,Male,D,,CUST-18920
Hoda Ghanem,Teacher,38,Female,D,,CUST-18921
Karim Mahmoud,Doctor,59,Male,C,,CUST-18922
Wael Reda,Freelancer,26,Female,B,,CUST-18923
Ahmed Hamdy,Doctor,43,Female,C,Land,CUST-18924
Mostafa Nabil,Doctor,54,Male,C,,CUST-18925
Bassem Amr,Accountant,39,Female,B,,CUST-18926
Heba Reda,Teacher,61,Male,A,,CUST-18927
Ibrahim Kamel,Freelancer,53,Female,D,,CUST-18928
Heba Mansour,Freelancer,22,Female,D,,CUST-18929
,Doctor,33,Female,A,Vehicle,CUST-18930
Amira Kamel,Accountant,58,Female,D,,CUST-18931
Omar Fawzy,Accountant,37,Female,C,,CUST-18932
Mona Zaki,Freelancer,59,Female,C,,CUST-18933
Mona Reda,Teacher,38,Male,A,Vehicle,CUST-18934
,Technician,42,Female,B,Vehicle,CUST-18935
Omar Mahmoud,Accountant,37,Male,D,Vehicle,CUST-18936
Tarek Zaki,Accountant,54,Male,A,Vehicle,CUST-18937
Amira Hamdy,Accountant,56,Male,A,,CUST-18938
Zaki Ghanem,Engineer,51,Male,A,Vehicle,CUST-18939
Sara Amr,Accountant,54,Male,B,Land,CUST-18940
Mostafa Zaki,Technician,38,Female,D,,CUST-18941
Dina Nabil,Doctor,44,Female,D,,CUST-18942
Zaki Fawzy,Freelancer,64,Female,B,,CUST-18943
Wael Hamdy,Freelancer,49,Male,C,Land,CUST-18944
Ibrahim Mahmoud,Freelancer,29,Female,B,Land,CUST-18945
Dina Nabil,Teacher,56,Male,D,Land,CUST-18946
Dina Amr,Engineer,41,Male,B,,CUST-18947
Omar Mansour,Engineer,65,Male,D,Land,CUST-18948
Khaled Saied,Freelancer,26,Female,B,Vehicle,CUST-18949
Hassan Fawzy,Teacher,58,Male,C,Vehicle,CUST-18950
Sherif Mahmoud,Teacher,24,Male,D,Vehicle,CUST-18951
Bassem El-Sayed,Freelancer,30,Male,A,,CUST-18952
Hamdy Zaki,Sales_Rep,32,Female,A,Vehicle,CUST-18953
Dina Amr,Doctor,23,Female,A,Vehicle,CUST-18954
Ahmed Hassan,Doctor,56,Female,B,,CUST-18955
Amira Ghanem,Freelancer,56,Female,C,Vehicle,CUST-18956
Hassan Mahmoud,Accountant,28,Female,B,Vehicle,CUST-18957
Ahmed Mansour,Engineer,55,Male,D,Vehicle,CUST-18958
,Engineer,34,Male,C,Vehicle,CUST-18959
Bassem Hassan,Doctor,57,Female,A,Land,CUST-18960
Ibrahim Kamel,Sales_Rep,36,Female,C,Land,CUST-18961
Fatma Abdel-Aziz,Accountant,34,Male,B,Land,CUST-18962
Nabil Ibrahim,Accountant,26,Female,D,,CUST-18963
Bassem Kamel,Freelancer,36,Male,B,Vehicle,CUST-18964
Ibrahim Fawzy,Freelancer,41,Male,C,,CUST-18965
Ibrahim Reda,Sales_Rep,44,Female,C,,CUST-18966
Khaled Saied,Teacher,40,Female,D,Land,CUST-18967
Wael Amr,Doctor,56,Male,B,Land,CUST-18968
Amira Mahmoud,Engineer,36,Male,C,,CUST-18969
Hassan Hamdy,Freelancer,29,Male,C,,CUST-18970
Tarek Nabil,Accountant,55,Female,C,Land,CUST-18971
Karim Saied,Technician,62,Female,D,Vehicle,CUST-18972
Sherif Hamdy,Teacher,41,Female,C,Land,CUST-18973
Mohamed Ghanem,Teacher,61,Female,B,,CUST-18974
Sherif Ghanem,Technician,23,Female,B,Land,CUST-18975
Ahmed Abdel-Aziz,Teacher,54,Male,C,Land,CUST-18976
,Accountant,49,Male,A,Vehicle,CUST-18977
Karim Kamel,Freelancer,40,Male,B,,CUST-18978
Wael Hassan,Doctor,52,Male,C,Vehicle,CUST-18979
Hamdy Ghanem,Teacher,63,Female,D,,CUST-18980
Layla Ghanem,Teacher,26,Female,C,Land,CUST-18981
Dina Ghanem,Accountant,63,Male,B,Land,CUST-18982
Sherif Ibrahim,Teacher,31,Female,C,Vehicle,CUST-18983
Tarek Saied,Freelancer,21,Male,B,Vehicle,CUST-18984
Mona Amr,Teacher,63,Male,D,Land,CUST-18985
Mona Fawzy,Teacher,41,Female,C,Land,CUST-18986
Amira Saied,Technician,34,Female,C,,CUST-18987
Hassan Fawzy,Engineer,28,Female,B,Land,CUST-18988
Hassan Ghanem,Teacher,56,Male,D,,CUST-18989
Ibrahim Adel,Freelancer,56,Female,A,Land,CUST-18990
Tarek Amr,Technician,61,Female,C,,CUST-18991
Ahmed Adel,Accountant,38,Female,D,Land,CUST-18992
Layla Abdel-Aziz,Accountant,49,Female,C,Vehicle,CUST-18993
Mona Ghanem,Sales_Rep,31,Male,A,Vehicle,CUST-18994
Karim Ghanem,Teacher,47,Female,D,,CUST-18995
Hassan Abdel-Aziz,Teacher,25,Female,D,,CUST-18996
Mahmoud Zaki,Freelancer,37,Female,D,,CUST-18997
Karim Ghanem,Technician,60,Female,D,,CUST-18998
Salma El-Sayed,Sales_Rep,54,Male,A,,CUST-18999
Salma Kamel,Sales_Rep,38,Female,C,,CUST-19000
Salma Abdel-Aziz,Technician,43,Male,B,Land,CUST-19001
Omar Ghanem,Doctor,56,Female,B,Land,CUST-19002
Tarek Fawzy,Teacher,27,Female,C,Land,CUST-19003
Sara Hassan,Accountant,28,Male,A,,CUST-19004
Mohamed Ibrahim,Freelancer,26,Female,C,Vehicle,CUST-19005
Hamdy Ghanem,Engineer,27,Male,C,Land,CUST-19006
Sara Kamel,Technician,54,Female,C,Land,CUST-19007
Omar Saied,Engineer,43,Male,A,Land,CUST-19008
Fatma El-Sayed,Sales_Rep,42,Female,A,Vehicle,CUST-19009
Mahmoud Adel,Freelancer,51,Male,D,,CUST-19010
Bassem Hassan,Doctor,27,Male,D,Vehicle,CUST-19011
Salma Reda,Accountant,59,Male,D,,CUST-19012
Layla Mahmoud,Freelancer,33,Male,A,,CUST-19013
Bassem Fawzy,Doctor,41,Male,D,Land,CUST-19014
Tarek El-Sayed,Technician,61,Female,B,Land,CUST-19015
Karim Adel,Freelancer,27,Female,A,,CUST-19016
Mahmoud Saied,Engineer,58,Female,C,Land,CUST-19017
Bassem Mahmoud,Sales_Rep,33,Male,A,Vehicle,CUST-19018
Mostafa Hamdy,Teacher,55,Male,D,Land,CUST-19019
Omar Fawzy,Freelancer,33,Male,C,,CUST-19020
Heba Kamel,Accountant,22,Female,C,Land,CUST-19021
Mohamed Ibrahim,Sales_Rep,62,Female,A,,CUST-19022
Bassem Reda,Doctor,34,Male,C,Land,CUST-19023
,Accountant,23,Female,D,,CUST-19024
Fatma El-Sayed,Teacher,55,Female,D,,CUST-19025
Hassan Hassan,Doctor,61,Female,D,Land,CUST-19026
Tarek Mahmoud,Freelancer,45,Male,B,Vehicle,CUST-19027
Bassem Hassan,Doctor,56,Male,D,,CUST-19028
Fatma Zaki,Doctor,31,Female,B,,CUST-19029
Sara Hamdy,Sales_Rep,27,Female,B,Land,CUST-19030
Karim Saied,Technician,34,Male,A,Land,CUST-19031
Hassan Reda,Doctor,45,Female,B,,CUST-19032
Salma Mahmoud,Doctor,44,Male,D,Land,CUST-19033
Amira Hassan,Sales_Rep,54,Female,C,Land,CUST-19034
Mona Fawzy,Doctor,29,Male,D,,CUST-19035
Heba El-Sayed,Freelancer,38,Female,B,Land,CUST-19036
Omar Nabil,Freelancer,35,Male,B,Vehicle,CUST-19037
Bassem Abdel-Aziz,Sales_Rep,36,Male,D,Land,CUST-19038
Tarek Ibrahim,Accountant,39,Male,D,,CUST-19039
Ahmed Hamdy,Teacher,24,Female,A,,CUST-19040
Dina Kamel,Accountant,64,Male,C,Vehicle,CUST-19041
Ibrahim Zaki,Sales_Rep,50,Female,D,Vehicle,CUST-19042
,Teacher,46,Male,B,,CUST-19043
,Sales_Rep,28,Male,C,,CUST-19044
Mostafa Mahmoud,Freelancer,59,Female,D,,CUST-19045
Mohamed Hassan,Technician,65,Female,D,,CUST-19046
Fatma Zaki,Technician,55,Female,B,,CUST-19047
Sherif Hamdy,Technician,29,Female,D,Land,CUST-19048
Tarek Nabil,Freelancer,47,Male,B,Vehicle,CUST-19049
Dina Amr,Doctor,61,Male,A,,CUST-19050
Mohamed Amr,Technician,37,Male,B,,CUST-19051
Bassem Ghanem,Sales_Rep,35,Female,B,Vehicle,CUST-19052
Mohamed El-Sayed,Sales_Rep,23,Male,D,,CUST-19053
Mona El-Sayed,Freelancer,39,Female,C,,CUST-19054
Salma Amr,Freelancer,54,Male,C,Land,CUST-19055
Ahmed Zaki,Sales_Rep,32,Female,C,Vehicle,CUST-19056
Mohamed Saied,Accountant,51,Male,A,,CUST-19057
,Teacher,65,Female,D,,CUST-19058
Sherif Saied,Sales_Rep,47,Female,C,,CUST-19059
Mona Hassan,Accountant,49,Female,B,Vehicle,CUST-19060
Ibrahim Hassan,Accountant,62,Female,B,,CUST-19061
Layla Mahmoud,Freelancer,41,Male,B,Land,CUST-19062
Mahmoud Hamdy,Sales_Rep,61,Female,D,,CUST-19063
Wael Hamdy,Teacher,50,Female,B,Land,CUST-19064
Hoda Ghanem,Freelancer,36,Female,D,Vehicle,CUST-19065
Omar Mansour,Accountant,51,Male,A,,CUST-19066
Khaled Amr,Engineer,51,Male,B,,CUST-19067
Wael Zaki,Sales_Rep,43,Female,D,Land,CUST-19068
Khaled Fawzy,Doctor,22,Female,C,Vehicle,CUST-19069
Nabil Zaki,Engineer,45,Female,B,Vehicle,CUST-19070
Mahmoud Reda,Technician,30,Male,D,,CUST-19071
Khaled Fawzy,Doctor,47,Male,A,Vehicle,CUST-19072
Sherif Hamdy,Accountant,57,Female,D,,CUST-19073
Fatma Mansour,Freelancer,49,Female,A,,CUST-19074
Mohamed Ghanem,Accountant,48,Male,B,,CUST-19075
Hamdy Hassan,Technician,35,Male,A,Land,CUST-19076
Tarek Hassan,Accountant,52,Female,A,Land,CUST-19077
Fatma Fawzy,Freelancer,49,Male,C,Land,CUST-19078
Nabil Kamel,Accountant,45,Female,A,,CUST-19079
Salma Mansour,Sales_Rep,51,Female,C,,CUST-19080
Bassem Adel,Sales_Rep,53,Male,D,Land,CUST-19081
Layla Amr,Doctor,57,Male,B,Land,CUST-19082
Heba Kamel,Teacher,63,Male,B,Vehicle,CUST-19083
Karim Reda,Accountant,57,Female,D,,CUST-19084
Omar Fawzy,Technician,39,Female,C,Vehicle,CUST-19085
Hoda Hamdy,Accountant,27,Male,D,Vehicle,CUST-19086
Sara Amr,Doctor,41,Male,C,Land,CUST-19087
Mona Kamel,Accountant,53,Female,D,Land,CUST-19088
Mahmoud Mahmoud,Technician,56,Female,A,Vehicle,CUST-19089
Karim Zaki,Freelancer,25,Female,D,Vehicle,CUST-19090
,Engineer,21,Male,A,,CUST-19091
Hamdy El-Sayed,Technician,32,Female,A,Vehicle,CUST-19092
,Teacher,43,Female,B,Land,CUST-19093
Khaled Saied,Engineer,35,Female,C,,CUST-19094
Dina Mansour,Technician,26,Male,B,Land,CUST-19095
Hamdy Saied,Engineer,23,Female,D,,CUST-19096
Mostafa Hassan,Sales_Rep,33,Male,A,Vehicle,CUST-19097
Layla El-Sayed,Teacher,32,Male,D,Vehicle,CUST-19098
Salma El-Sayed,Sales_Rep,50,Female,C,,CUST-19099
Mona Abdel-Aziz,Sales_Rep,28,Male,A,,CUST-19100
Sherif Kamel,Freelancer,52,Male,C,Land,CUST-19101
Zaki Mahmoud,Technician,30,Female,C,Vehicle,CUST-19102
Karim Mahmoud,Teacher,28,Female,D,,CUST-19103
Fatma Zaki,Accountant,28,Female,D,Land,CUST-19104
Fatma Nabil,Technician,58,Male,B,Vehicle,CUST-19105
Sherif Nabil,Sales_Rep,49,Female,D,Vehicle,CUST-19106
Hoda Amr,Accountant,47,Male,A,Land,CUST-19107
Heba Abdel-Aziz,Freelancer,47,Female,C,,CUST-19108
Hamdy Saied,Sales_Rep,22,Female,D,Vehicle,CUST-19109
Fatma Ibrahim,Technician,45,Female,A,Vehicle,CUST-19110
,Technician,28,Female,A,,CUST-19111
Amira Zaki,Engineer,54,Female,D,Land,CUST-19112
Sherif Mahmoud,Accountant,47,Male,B,Land,CUST-19113
Sara Ghanem,Accountant,39,Female,B,,CUST-19114
Omar Amr,Doctor,53,Female,C,Land,CUST-19115
Hoda Mahmoud,Sales_Rep,61,Male,D,,CUST-19116
Dina Fawzy,Freelancer,31,Female,A,Land,CUST-19117
Karim Reda,Doctor,51,Female,C,,CUST-19118
,Sales_Rep,31,Female,C,Vehicle,CUST-19119
Mona Mansour,Engineer,63,Male,D,,CUST-19120
Salma Mahmoud,Freelancer,57,Female,A,Vehicle,CUST-19121
Hoda El-Sayed,Doctor,42,Male,D,Vehicle,CUST-19122
Tarek El-Sayed,Engineer,39,Female,B,Land,CUST-19123
Ahmed Hamdy,Sales_Rep,25,Male,A,,CUST-19124
Hamdy Adel,Technician,55,Male,A,Vehicle,CUST-19125
Karim Ghanem,Sales_Rep,56,Female,D,Land,CUST-19126
Zaki Amr,Sales_Rep,61,Female,A,Vehicle,CUST-19127
Wael Mahmoud,Teacher,41,Male,D,Vehicle,CUST-19128
Sara El-Sayed,Sales_Rep,64,Male,A,Land,CUST-19129
Wael Reda,Teacher,53,Male,A,Vehicle,CUST-19130
Sara Ghanem,Accountant,26,Male,B,Vehicle,CUST-19131
Bassem Amr,Sales_Rep,47,Female,B,,CUST-19132
Hoda Zaki,Technician,48,Male,A,Vehicle,CUST-19133
Mohamed Hamdy,Engineer,55,Male,C,Land,CUST-19134
Nabil Nabil,Sales_Rep,42,Male,D,Land,CUST-19135
Fatma Mahmoud,Engineer,38,Female,B,,CUST-19136
Hoda Fawzy,Technician,47,Female,C,Vehicle,CUST-19137
Mahmoud Hamdy,Technician,23,Male,B,Vehicle,CUST-19138
Heba Mansour,Accountant,64,Female,D,Vehicle,CUST-19139
Omar Kamel,Sales_Rep,44,Female,A,Land,CUST-19140
Karim Fawzy,Doctor,26,Male,A,Land,CUST-19141
Heba Zaki,Engineer,56,Female,B,Vehicle,CUST-19142
Fatma Reda,Doctor,44,Male,D,,CUST-19143
Mohamed Reda,Accountant,37,Male,D,Vehicle,CUST-19144
Sherif Saied,Accountant,53,Female,A,Land,CUST-19145
Heba Hassan,Engineer,48,Female,B,Land,CUST-19146
,Engineer,61,Male,A,,CUST-19147
Tarek Adel,Doctor,45,Female,C,,CUST-19148
Heba Hamdy,Sales_Rep,33,Male,B,Vehicle,CUST-19149
Hamdy Reda,Technician,53,Male,B,Vehicle,CUST-19150
Mohamed Adel,Teacher,58,Female,A,,CUST-19151
Amira Adel,Engineer,57,Female,B,Land,CUST-19152
Salma Mansour,Accountant,21,Male,A,Vehicle,CUST-19153
Hoda Abdel-Aziz,Technician,40,Female,D,Vehicle,CUST-19154
Mohamed Zaki,Sales_Rep,42,Female,D,Vehicle,CUST-19155
Ahmed Hassan,Accountant,37,Male,D,,CUST-19156
Mahmoud Mansour,Accountant,45,Male,D,Vehicle,CUST-19157
Bassem El-Sayed,Technician,42,Female,D,Land,CUST-19158
Hoda Hamdy,Accountant,42,Male,B,Vehicle,CUST-19159
Salma Mansour,Freelancer,34,Male,D,Vehicle,CUST-19160
Ahmed El-Sayed,Sales_Rep,63,Male,B,Land,CUST-19161
Sara Reda,Technician,21,Female,C,Land,CUST-19162
Bassem Reda,Doctor,40,Male,C,Land,CUST-19163
Hoda Adel,Teacher,23,Male,D,Vehicle,CUST-19164
Nabil Saied,Accountant,25,Female,D,Vehicle,CUST-19165
Mostafa Ghanem,Freelancer,43,Female,B,,CUST-19166
Bassem Hamdy,Accountant,39,Female,B,,CUST-19167
Ahmed Saied,Technician,30,Male,C,Vehicle,CUST-19168
Omar El-Sayed,Sales_Rep,63,Female,B,Land,CUST-19169
Wael Reda,Technician,58,Female,B,Land,CUST-19170
Mona Ibrahim,Teacher,29,Female,D,Land,CUST-19171
Hoda Mahmoud,Sales_Rep,52,Male,B,,CUST-19172
Bassem Zaki,Doctor,22,Male,A,Land,CUST-19173
Hassan El-Sayed,Teacher,65,Male,D,,CUST-19174
Salma Saied,Doctor,56,Female,C,,CUST-19175
Salma El-Sayed,Teacher,42,Male,B,,CUST-19176
Ahmed Zaki,Engineer,61,Female,B,Land,CUST-19177
,Teacher,33,Female,D,Vehicle,CUST-19178
Ibrahim Amr,Doctor,48,Female,C,Land,CUST-19179
Ahmed Ibrahim,Engineer,46,Male,C,Vehicle,CUST-19180
Hassan Reda,Sales_Rep,22,Female,A,Land,CUST-19181
Hoda Nabil,Accountant,52,Female,D,Land,CUST-19182
Tarek Fawzy,Sales_Rep,28,Male,A,Land,CUST-19183
Hoda Reda,Doctor,50,Male,C,,CUST-19184
Nabil Kamel,Engineer,50,Male,D,Land,CUST-19185
Sara Ghanem,Technician,23,Male,D,Vehicle,CUST-19186
Mohamed Mansour,Engineer,44,Male,B,,CUST-19187
Zaki Abdel-Aziz,Sales_Rep,48,Female,C,Land,CUST-19188
Omar Nabil,Accountant,33,Male,D,Land,CUST-19189
Amira Abdel-Aziz,Engineer,55,Male,C,Land,CUST-19190
Khaled Amr,Technician,52,Male,B,,CUST-19191
Salma Zaki,Freelancer,38,Female,C,Vehicle,CUST-19192
Zaki Mansour,Doctor,38,Female,B,,CUST-19193
Hassan Saied,Freelancer,63,Male,D,Land,CUST-19194
Wael Adel,Technician,54,Male,D,Land,CUST-19195
Mostafa Hassan,Accountant,38,Male,C,,CUST-19196
Salma Adel,Engineer,37,Female,D,Vehicle,CUST-19197
Wael Mahmoud,Sales_Rep,46,Male,D,Land,CUST-19198
Salma Amr,Sales_Rep,58,Female,D,Vehicle,CUST-19199
Mostafa Ibrahim,Freelancer,55,Male,B,,CUST-19200
Bassem Nabil,Freelancer,50,Female,D,,CUST-19201
Fatma Hamdy,Engineer,47,Male,B,Land,CUST-19202
Dina Hamdy,Engineer,46,Female,A,Vehicle,CUST-19203
Hassan Amr,Sales_Rep,30,Male,B,,CUST-19204
Wael Saied,Sales_Rep,55,Male,D,Vehicle,CUST-19205
Ahmed Reda,Accountant,23,Male,C,Vehicle,CUST-19206
Hoda Adel,Engineer,22,Male,A,Land,CUST-19207
Wael El-Sayed,Engineer,29,Female,A,,CUST-19208
Sara Kamel,Technician,24,Female,B,Land,CUST-19209
Dina Ibrahim,Teacher,53,Female,C,Vehicle,CUST-19210
Bassem El-Sayed,Technician,44,Female,A,,CUST-19211
Zaki Adel,Technician,54,Female,C,Land,CUST-19212
Hamdy Amr,Sales_Rep,37,Female,C,Land,CUST-19213
Mostafa Mansour,Doctor,25,Male,C,Land,CUST-19214
Sara Abdel-Aziz,Teacher,24,Female,D,Land,CUST-19215
Sherif Abdel-Aziz,Accountant,47,Male,D,,CUST-19216
Bassem Hassan,Teacher,48,Male,D,Vehicle,CUST-19217
Ahmed Nabil,Sales_Rep,35,Female,B,,CUST-19218
Mona Mahmoud,Doctor,60,Male,D,Land,CUST-19219
Wael El-Sayed,Engineer,31,Male,A,Land,CUST-19220
Dina Nabil,Sales_Rep,51,Female,B,Vehicle,CUST-19221
Karim Adel,Freelancer,47,Male,C,Vehicle,CUST-19222
Hassan Mansour,Engineer,44,Male,A,Land,CUST-19223
Khaled El-Sayed,Freelancer,25,Male,C,Land,CUST-19224
Ibrahim Abdel-Aziz,Teacher,61,Male,B,Land,CUST-19225
Sherif Ghanem,Freelancer,23,Female,B,,CUST-19226
Sherif Mahmoud,Accountant,33,Female,D,Land,CUST-19227
Dina Abdel-Aziz,Technician,40,Male,D,Land,CUST-19228
Mona Ghanem,Teacher,54,Male,C,Vehicle,CUST-19229
Nabil Mansour,Sales_Rep,33,Female,C,Vehicle,CUST-19230
Nabil Ghanem,Freelancer,28,Female,C,Vehicle,CUST-19231
Omar El-Sayed,Technician,65,Male,A,,CUST-19232
Omar Kamel,Accountant,63,Male,C,,CUST-19233
Heba Fawzy,Engineer,32,Male,C,Land,CUST-19234
Dina Mansour,Accountant,37,Female,D,Land,CUST-19235
Sherif Mahmoud,Sales_Rep,48,Male,A,Land,CUST-19236
Salma Reda,Freelancer,39,Female,D,,CUST-19237
Khaled Ghanem,Freelancer,22,Female,A,Land,CUST-19238
Hamdy Abdel-Aziz,Freelancer,33,Female,B,,CUST-19239
Karim Abdel-Aziz,Teacher,27,Female,D,Vehicle,CUST-19240
Ahmed Nabil,Freelancer,38,Male,D,,CUST-19241
Ibrahim Hamdy,Technician,54,Male,D,Land,CUST-19242
Tarek Ibrahim,Sales_Rep,43,Female,B,Vehicle,CUST-19243
Amira Amr,Freelancer,52,Female,B,Vehicle,CUST-19244
Omar Fawzy,Teacher,51,Male,A,,CUST-19245
Ahmed Amr,Teacher,41,Female,C,Vehicle,CUST-19246
Khaled Reda,Accountant,63,Female,A,Vehicle,CUST-19247
Karim Abdel-Aziz,Freelancer,53,Male,B,,CUST-19248
Karim Amr,Accountant,26,Male,B,Land,CUST-19249
Bassem Ibrahim,Freelancer,60,Male,D,,CUST-19250
Ibrahim El-Sayed,Teacher,39,Female,A,,CUST-19251
Khaled El-Sayed,Engineer,65,Male,D,,CUST-19252
Fatma Ibrahim,Freelancer,41,Male,A,Vehicle,CUST-19253
Tarek Zaki,Engineer,38,Male,A,Land,CUST-19254
Wael Amr,Freelancer,51,Female,A,,CUST-19255
Tarek Mansour,Accountant,33,Male,D,,CUST-19256
Dina Hassan,Technician,54,Female,A,,CUST-19257
Salma Kamel,Accountant,29,Male,C,Vehicle,CUST-19258
Mostafa Zaki,Engineer,54,Male,A,,CUST-19259
Wael Mahmoud,Freelancer,55,Male,C,,CUST-19260
Hassan Kamel,Teacher,65,Female,D,Land,CUST-19261
Amira Ibrahim,Sales_Rep,58,Male,B,,CUST-19262
Tarek Adel,Teacher,55,Female,A,Land,CUST-19263
Ibrahim Ibrahim,Teacher,27,Male,D,Land,CUST-19264
Dina Abdel-Aziz,Sales_Rep,41,Male,A,Land,CUST-19265
Zaki Saied,Accountant,22,Male,A,Vehicle,CUST-19266
Heba Mansour,Teacher,42,Female,C,Vehicle,CUST-19267
Karim Amr,Sales_Rep,50,Female,A,Vehicle,CUST-19268
Layla Hassan,Doctor,58,Male,D,,CUST-19269
Fatma Nabil,Accountant,34,Female,B,Vehicle,CUST-19270
Fatma Hassan,Sales_Rep,61,Male,A,,CUST-19271
Zaki Fawzy,Accountant,26,Female,D,Vehicle,CUST-19272
Ahmed Kamel,Teacher,33,Female,D,,CUST-19273
Hamdy Reda,Engineer,24,Male,B,Vehicle,CUST-19274
Wael Fawzy,Teacher,51,Female,C,Land,CUST-19275
Mona Zaki,Accountant,55,Male,C,,CUST-19276
Zaki Ibrahim,Technician,35,Female,B,,CUST-19277
Karim Mahmoud,Sales_Rep,38,Female,D,,CUST-19278
Dina Ghanem,Doctor,45,Female,D,,CUST-19279
Mostafa Hamdy,Teacher,55,Female,C,,CUST-19280
Hamdy Ibrahim,Freelancer,46,Female,B,,CUST-19281
Ibrahim El-Sayed,Freelancer,39,Male,D,,CUST-19282
Hamdy Zaki,Engineer,33,Female,D,,CUST-19283
Sherif Ibrahim,Accountant,51,Female,B,,CUST-19284
Hoda Adel,Freelancer,53,Male,C,Vehicle,CUST-19285
Fatma Ibrahim,Freelancer,50,Female,D,Land,CUST-19286
Mostafa Mahmoud,Engineer,21,Female,B,Vehicle,CUST-19287
Heba Fawzy,Teacher,55,Female,C,Land,CUST-19288
Sara Adel,Technician,54,Female,A,Land,CUST-19289
Mahmoud Hamdy,Engineer,40,Male,C,Vehicle,CUST-19290
Layla Adel,Freelancer,28,Male,C,,CUST-19291
Mahmoud Ghanem,Teacher,45,Male,C,Land,CUST-19292
Mahmoud Mahmoud,Technician,61,Male,D,,CUST-19293
Fatma El-Sayed,Technician,40,Female,A,Land,CUST-19294
Nabil Amr,Technician,62,Male,D,Vehicle,CUST-19295
Zaki Hamdy,Technician,59,Female,C,Vehicle,CUST-19296
Zaki Adel,Accountant,64,Female,A,,CUST-19297
Nabil Ibrahim,Sales_Rep,49,Male,C,,CUST-19298
Hassan El-Sayed,Sales_Rep,39,Male,D,,CUST-19299
Mona Hassan,Freelancer,60,Male,C,,CUST-19300
Mostafa Ibrahim,Sales_Rep,26,Female,A,Land,CUST-19301
Mostafa Ghanem,Engineer,60,Male,B,Vehicle,CUST-19302
Mona Hamdy,Freelancer,40,Female,C,,CUST-19303
,Technician,61,Male,A,Land,CUST-19304
Bassem Reda,Teacher,36,Male,D,,CUST-19305
Wael Abdel-Aziz,Engineer,21,Female,B,Vehicle,CUST-19306
Hoda Hassan,Doctor,46,Male,A,Vehicle,CUST-19307
Tarek Saied,Sales_Rep,63,Male,C,,CUST-19308
Khaled Ghanem,Sales_Rep,28,Female,D,,CUST-19309
Hoda Saied,Engineer,48,Female,D,Land,CUST-19310
Hoda Fawzy,Teacher,40,Male,D,,CUST-19311
Mohamed Zaki,Engineer,65,Male,C,Vehicle,CUST-19312
Ahmed Kamel,Doctor,36,Male,C,Vehicle,CUST-19313
Heba Mansour,Teacher,35,Male,A,Land,CUST-19314
Nabil Mansour,Accountant,62,Male,B,,CUST-19315
Sara Amr,Teacher,54,Female,D,,CUST-19316
Khaled Amr,Freelancer,36,Male,C,,CUST-19317
Fatma El-Sayed,Doctor,31,Male,B,,CUST-19318
Dina Amr,Doctor,22,Male,B,Vehicle,CUST-19319
Mahmoud Ibrahim,Sales_Rep,27,Male,C,Land,CUST-19320
Amira Adel,Teacher,44,Female,B,,CUST-19321
Bassem Adel,Teacher,42,Female,B,,CUST-19322
Omar Amr,Accountant,45,Male,C,,CUST-19323
Heba Mansour,Accountant,35,Male,C,Land,CUST-19324
Zaki Amr,Teacher,60,Female,D,Land,CUST-19325
Wael Mahmoud,Freelancer,54,Male,C,Vehicle,CUST-19326
Salma Mansour,Technician,64,Male,B,,CUST-19327
Tarek Mahmoud,Sales_Rep,61,Male,B,Vehicle,CUST-19328
Ibrahim Adel,Doctor,33,Female,A,Vehicle,CUST-19329
Hamdy Kamel,Engineer,58,Male,B,,CUST-19330
Zaki Hamdy,Freelancer,50,Female,D,Vehicle,CUST-19331
Ibrahim Abdel-Aziz,Technician,26,Female,C,Land,CUST-19332
Layla Amr,Sales_Rep,62,Female,B,Land,CUST-19333
Hassan Ibrahim,Freelancer,59,Male,C,Vehicle,CUST-19334
Mohamed Saied,Doctor,52,Female,B,Vehicle,CUST-19335
Dina Kamel,Technician,26,Female,C,,CUST-19336
Mahmoud Hamdy,Engineer,27,Male,B,,CUST-19337
Hassan Saied,Doctor,48,Male,A,Vehicle,CUST-19338
Dina Abdel-Aziz,Technician,49,Female,C,,CUST-19339
Mostafa Saied,Freelancer,36,Male,C,Vehicle,CUST-19340
Bassem Reda,Teacher,48,Female,D,,CUST-19341
Fatma Fawzy,Sales_Rep,51,Female,A,Vehicle,CUST-19342
Mona Hamdy,Teacher,62,Female,C,Land,CUST-19343
Layla Ghanem,Accountant,34,Male,D,Vehicle,CUST-19344
,Doctor,50,Male,A,,CUST-19345
Salma Abdel-Aziz,Sales_Rep,64,Male,C,Vehicle,CUST-19346
Zaki Amr,Technician,45,Male,A,Vehicle,CUST-19347
Mona Mahmoud,Accountant,53,Male,C,Land,CUST-19348
Sherif Fawzy,Engineer,49,Female,D,,CUST-19349
Bassem Mahmoud,Accountant,43,Male,A,,CUST-19350
Heba Zaki,Freelancer,28,Female,C,Land,CUST-19351
Mahmoud Ghanem,Teacher,46,Male,D,Land,CUST-19352
Hoda Ibrahim,Doctor,28,Male,D,,CUST-19353
Salma Abdel-Aziz,Sales_Rep,26,Male,D,Land,CUST-19354
Sara Ibrahim,Engineer,63,Female,B,,CUST-19355
Mohamed Nabil,Freelancer,57,Male,A,Land,CUST-19356
Wael Zaki,Teacher,58,Female,A,Land,CUST-19357
Karim Hamdy,Doctor,65,Female,B,Land,CUST-19358
Wael El-Sayed,Teacher,55,Female,D,Land,CUST-19359
Mohamed Fawzy,Technician,55,Female,A,Land,CUST-19360
Mostafa Ghanem,Freelancer,33,Female,B,,CUST-19361
Karim El-Sayed,Doctor,58,Female,D,,CUST-19362
Mostafa Nabil,Freelancer,22,Female,C,Vehicle,CUST-19363
Zaki Amr,Doctor,37,Female,A,Land,CUST-19364
Amira Hamdy,Doctor,32,Female,B,,CUST-19365
Hamdy Mansour,Engineer,32,Female,B,,CUST-19366
Karim Fawzy,Accountant,29,Male,D,Land,CUST-19367
Hassan Adel,Engineer,58,Male,B,Vehicle,CUST-19368
Heba Ibrahim,Teacher,57,Male,A,Vehicle,CUST-19369
Tarek Fawzy,Engineer,59,Male,A,,CUST-19370
Mostafa Ibrahim,Engineer,51,Male,C,Land,CUST-19371
Sara Abdel-Aziz,Teacher,25,Male,A,Land,CUST-19372
Amira Ghanem,Doctor,44,Female,A,Vehicle,CUST-19373
Mostafa Reda,Technician,21,Male,A,Land,CUST-19374
Omar El-Sayed,Sales_Rep,53,Female,B,Vehicle,CUST-19375
Mahmoud Kamel,Accountant,41,Male,D,Vehicle,CUST-19376
Layla Reda,Doctor,60,Female,B,Vehicle,CUST-19377
Ibrahim Adel,Technician,53,Male,B,Land,CUST-19378
Heba Mahmoud,Freelancer,28,Female,D,Land,CUST-19379
Nabil Mansour,Freelancer,54,Male,A,,CUST-19380
Layla Ghanem,Sales_Rep,29,Male,A,Land,CUST-19381
Heba Saied,Engineer,42,Male,C,,CUST-19382
Dina Mansour,Technician,21,Female,A,,CUST-19383
Tarek Ibrahim,Teacher,50,Female,D,Vehicle,CUST-19384
Ibrahim Ghanem,Teacher,23,Female,C,Land,CUST-19385
Layla Reda,Accountant,49,Male,D,Vehicle,CUST-19386
Hamdy Ibrahim,Accountant,51,Male,C,Vehicle,CUST-19387
Mostafa Saied,Freelancer,50,Female,C,Vehicle,CUST-19388
,Freelancer,64,Female,A,Vehicle,CUST-19389
Hoda Fawzy,Sales_Rep,23,Female,C,,CUST-19390
Layla El-Sayed,Doctor,27,Female,C,Land,CUST-19391
Hoda Fawzy,Freelancer,42,Female,A,,CUST-19392
Layla Zaki,Teacher,52,Female,B,,CUST-19393
Hamdy Mahmoud,Doctor,41,Male,B,Vehicle,CUST-19394
Heba Mahmoud,Sales_Rep,60,Male,C,Land,CUST-19395
Dina Mansour,Accountant,55,Female,A,Vehicle,CUST-19396
Mostafa Fawzy,Teacher,33,Male,B,Land,CUST-19397
Khaled Mahmoud,Technician,58,Female,D,Vehicle,CUST-19398
Sara Hassan,Sales_Rep,62,Female,B,Vehicle,CUST-19399
Sara Nabil,Accountant,25,Male,D,Land,CUST-19400
Mohamed Mahmoud,Doctor,58,Female,C,,CUST-19401
Sara Amr,Teacher,53,Male,A,Land,CUST-19402
Tarek Ibrahim,Accountant,49,Male,B,,CUST-19403
Nabil Nabil,Freelancer,50,Male,C,Land,CUST-19404
Dina Kamel,Accountant,34,Male,A,Vehicle,CUST-19405
Salma Mahmoud,Accountant,40,Female,C,Land,CUST-19406
Sherif Hamdy,Freelancer,34,Male,A,,CUST-19407
Salma Amr,Doctor,44,Male,A,Land,CUST-19408
Mohamed Saied,Engineer,47,Female,B,Vehicle,CUST-19409
Hassan Fawzy,Doctor,30,Female,A,,CUST-19410
Omar Nabil,Technician,55,Female,D,Land,CUST-19411
Mahmoud Mahmoud,Doctor,26,Male,A,Land,CUST-19412
Salma Ibrahim,Technician,28,Male,A,Land,CUST-19413
Salma Hamdy,Teacher,54,Male,B,,CUST-19414
Tarek Abdel-Aziz,Teacher,23,Female,A,Vehicle,CUST-19415
Ibrahim Fawzy,Teacher,43,Male,C,,CUST-19416
,Technician,35,Female,B,,CUST-19417
Ahmed Fawzy,Accountant,43,Male,D,Vehicle,CUST-19418
Hoda Mahmoud,Sales_Rep,39,Male,B,Vehicle,CUST-19419
Bassem Mahmoud,Doctor,54,Female,D,Land,CUST-19420
Karim El-Sayed,Engineer,53,Female,C,Land,CUST-19421
Ahmed Reda,Accountant,47,Male,C,Vehicle,CUST-19422
Mona El-Sayed,Accountant,34,Male,B,Vehicle,CUST-19423
Dina Nabil,Teacher,47,Female,C,,CUST-19424
Mohamed Kamel,Sales_Rep,54,Male,B,,CUST-19425
Mohamed Mansour,Technician,47,Male,C,,CUST-19426
Tarek Abdel-Aziz,Accountant,35,Male,D,Vehicle,CUST-19427
Hassan Mahmoud,Doctor,63,Female,D,Vehicle,CUST-19428
Amira Fawzy,Sales_Rep,57,Male,B,Vehicle,CUST-19429
Amira Abdel-Aziz,Engineer,29,Male,B,Vehicle,CUST-19430
Bassem Nabil,Engineer,28,Female,D,,CUST-19431
Sara Nabil,Doctor,39,Female,C,Land,CUST-19432
Wael Hamdy,Engineer,24,Male,C,,CUST-19433
Hoda Ibrahim,Sales_Rep,35,Female,B,Land,CUST-19434
Mona Zaki,Technician,56,Female,D,,CUST-19435
Amira Mansour,Technician,38,Male,D,Land,CUST-19436
Mostafa Saied,Engineer,37,Female,B,Vehicle,CUST-19437
Fatma Hassan,Teacher,54,Male,B,Land,CUST-19438
Hamdy Nabil,Sales_Rep,49,Female,A,Land,CUST-19439
Hassan Abdel-Aziz,Technician,57,Female,D,,CUST-19440
Sara Zaki,Teacher,53,Male,B,Land,CUST-19441
,Engineer,29,Male,C,Land,CUST-19442
Tarek Kamel,Engineer,58,Female,D,Land,CUST-19443
Hoda Hassan,Accountant,47,Male,A,Vehicle,CUST-19444
Nabil Kamel,Sales_Rep,35,Male,C,Land,CUST-19445
Fatma Ibrahim,Teacher,32,Female,B,Land,CUST-19446
Tarek Saied,Doctor,46,Female,D,Land,CUST-19447
Amira Reda,Sales_Rep,41,Male,B,Vehicle,CUST-19448
Karim Nabil,Doctor,36,Male,A,,CUST-19449
Ahmed Ghanem,Doctor,45,Male,A,Land,CUST-19450
,Technician,50,Male,A,,CUST-19451
Tarek Abdel-Aziz,Technician,48,Male,B,Vehicle,CUST-19452
Mona El-Sayed,Freelancer,56,Female,A,Land,CUST-19453
Mostafa Zaki,Sales_Rep,54,Female,D,Land,CUST-19454
Mohamed Hamdy,Sales_Rep,40,Male,C,Land,CUST-19455
Omar Ghanem,Teacher,27,Female,D,,CUST-19456
Zaki Abdel-Aziz,Sales_Rep,56,Male,D,,CUST-19457
Ibrahim Reda,Teacher,33,Female,D,Vehicle,CUST-19458
Hoda Adel,Doctor,39,Male,C,,CUST-19459
Nabil El-Sayed,Doctor,57,Female,D,Land,CUST-19460
Mahmoud Adel,Accountant,22,Female,B,Land,CUST-19461
Hassan Zaki,Technician,29,Female,B,,CUST-19462
Hoda Adel,Doctor,64,Male,D,Vehicle,CUST-19463
Layla Mahmoud,Doctor,40,Female,B,Vehicle,CUST-19464
Bassem Nabil,Accountant,43,Male,D,Vehicle,CUST-19465
,Accountant,62,Male,B,Vehicle,CUST-19466
Sara Kamel,Teacher,41,Male,D,,CUST-19467
Hoda Adel,Accountant,49,Male,B,,CUST-19468
Mona Adel,Accountant,49,Female,B,Vehicle,CUST-19469
Amira Nabil,Engineer,34,Male,C,Vehicle,CUST-19470
Ahmed Mahmoud,Engineer,26,Female,A,,CUST-19471
Ahmed Amr,Technician,33,Male,A,Vehicle,CUST-19472
Sherif Nabil,Doctor,61,Female,D,Vehicle,CUST-19473
Hassan Mansour,Doctor,35,Male,D,Land,CUST-19474
Omar Mansour,Doctor,52,Male,D,Land,CUST-19475
Tarek El-Sayed,Freelancer,28,Female,B,Vehicle,CUST-19476
Bassem Fawzy,Freelancer,37,Male,D,,CUST-19477
Layla Ghanem,Doctor,52,Male,C,Land,CUST-19478
Hassan Hassan,Freelancer,49,Male,D,,CUST-19479
Mahmoud Abdel-Aziz,Freelancer,51,Female,C,Vehicle,CUST-19480
Khaled Ghanem,Sales_Rep,24,Male,B,,CUST-19481
Bassem Adel,Sales_Rep,21,Female,B,Land,CUST-19482
Fatma Nabil,Teacher,21,Male,B,,CUST-19483
Khaled Amr,Sales_Rep,24,Female,B,,CUST-19484
Hassan Adel,Accountant,34,Female,A,,CUST-19485
Zaki Amr,Doctor,57,Female,D,,CUST-19486
Omar Mahmoud,Accountant,54,Female,B,,CUST-19487
Sherif Mansour,Doctor,32,Female,A,,CUST-19488
Bassem Mansour,Freelancer,59,Female,B,,CUST-19489
Sara Abdel-Aziz,Teacher,22,Female,C,,CUST-19490
Ibrahim Zaki,Accountant,40,Male,C,Vehicle,CUST-19491
Zaki Hassan,Teacher,37,Female,B,Land,CUST-19492
Hoda Adel,Accountant,50,Female,B,,CUST-19493
Wael Zaki,Sales_Rep,42,Female,B,Land,CUST-19494
Sara Ibrahim,Technician,57,Female,B,Vehicle,CUST-19495
Mohamed Adel,Technician,43,Male,B,,CUST-19496
Heba Zaki,Doctor,26,Female,C,Vehicle,CUST-19497
Mostafa Adel,Accountant,29,Female,B,Vehicle,CUST-19498
Sherif Abdel-Aziz,Teacher,46,Female,A,,CUST-19499
Fatma Amr,Doctor,35,Male,D,,CUST-19500
Bassem Hassan,Teacher,60,Male,D,,CUST-19501
Tarek Fawzy,Sales_Rep,56,Female,D,,CUST-19502
Mahmoud Reda,Doctor,26,Male,D,Land,CUST-19503
Mona Nabil,Accountant,52,Female,A,,CUST-19504
Tarek Ibrahim,Accountant,53,Male,A,,CUST-19505
Ahmed Saied,Accountant,49,Female,B,Land,CUST-19506
Salma Ghanem,Freelancer,30,Female,A,,CUST-19507
Mostafa Hamdy,Accountant,62,Male,C,,CUST-19508
Mona Reda,Freelancer,47,Female,C,,CUST-19509
Zaki Mansour,Teacher,25,Female,D,Land,CUST-19510
Salma Mansour,Doctor,54,Male,A,Land,CUST-19511
Zaki Adel,Engineer,35,Female,B,Vehicle,CUST-19512
Sara Saied,Technician,47,Male,D,,CUST-19513
Hassan Reda,Teacher,28,Male,B,Vehicle,CUST-19514
Fatma Hassan,Sales_Rep,42,Female,C,Land,CUST-19515
Amira Mansour,Engineer,40,Male,C,Vehicle,CUST-19516
Mostafa Amr,Sales_Rep,45,Male,B,,CUST-19517
Mona Mahmoud,Teacher,44,Female,A,,CUST-19518
Ahmed Hamdy,Doctor,51,Male,D,Land,CUST-19519
Tarek Ibrahim,Freelancer,36,Female,C,Land,CUST-19520
Hoda Mansour,Doctor,27,Female,A,Land,CUST-19521
Hoda Mahmoud,Technician,22,Male,C,Land,CUST-19522
Wael Saied,Teacher,31,Female,B,,CUST-19523
Dina Mahmoud,Engineer,27,Male,A,Vehicle,CUST-19524
,Engineer,65,Female,D,,CUST-19525
Hassan Ghanem,Engineer,37,Female,B,,CUST-19526
Sara Ibrahim,Technician,57,Female,C,Vehicle,CUST-19527
Salma Ghanem,Teacher,48,Male,B,Land,CUST-19528
Hassan Nabil,Engineer,43,Male,C,Vehicle,CUST-19529
Hoda Reda,Doctor,50,Female,A,Land,CUST-19530
,Doctor,41,Female,B,Land,CUST-19531
Heba Saied,Engineer,30,Male,D,,CUST-19532
Karim El-Sayed,Engineer,29,Male,A,Vehicle,CUST-19533
Mahmoud Zaki,Freelancer,54,Female,A,Land,CUST-19534
Fatma Amr,Engineer,21,Male,B,Land,CUST-19535
Fatma Saied,Engineer,35,Female,A,Vehicle,CUST-19536
Bassem Kamel,Freelancer,23,Male,D,Vehicle,CUST-19537
Salma Abdel-Aziz,Engineer,46,Male,B,Vehicle,CUST-19538
Salma Saied,Engineer,25,Female,A,,CUST-19539
Salma Hassan,Doctor,27,Male,C,Land,CUST-19540
Tarek Kamel,Doctor,41,Female,C,,CUST-19541
Mohamed Hamdy,Sales_Rep,59,Male,A,Vehicle,CUST-19542
Sherif Reda,Technician,57,Female,D,Land,CUST-19543
Sherif Reda,Technician,57,Male,B,Vehicle,CUST-19544
,Technician,34,Male,B,Land,CUST-19545
Wael Hamdy,Engineer,61,Female,B,,CUST-19546
Amira Mahmoud,Technician,26,Female,D,,CUST-19547
Sherif Kamel,Accountant,35,Female,D,Vehicle,CUST-19548
Omar Amr,Engineer,53,Female,A,Vehicle,CUST-19549
Mohamed El-Sayed,Accountant,22,Male,B,Land,CUST-19550
Zaki Reda,Technician,25,Female,A,,CUST-19551
,Doctor,36,Female,A,,CUST-19552
Dina Saied,Engineer,46,Male,C,Land,CUST-19553
Mahmoud Hamdy,Freelancer,53,Male,C,,CUST-19554
Ibrahim Fawzy,Sales_Rep,46,Female,B,Vehicle,CUST-19555
,Freelancer,60,Female,B,Vehicle,CUST-19556
,Accountant,32,Female,B,Vehicle,CUST-19557
Ibrahim Ghanem,Doctor,42,Female,C,,CUST-19558
Khaled El-Sayed,Teacher,39,Male,A,Vehicle,CUST-19559
Dina Hamdy,Sales_Rep,31,Female,B,Land,CUST-19560
Amira Ibrahim,Teacher,60,Male,D,,CUST-19561
Ahmed Hassan,Accountant,56,Male,B,,CUST-19562
Zaki Zaki,Sales_Rep,38,Female,B,Vehicle,CUST-19563
Omar Mahmoud,Teacher,50,Female,C,,CUST-19564
Mahmoud Hassan,Sales_Rep,26,Female,C,Land,CUST-19565
Layla Ibrahim,Technician,45,Female,B,Vehicle,CUST-19566
Mohamed Mansour,Freelancer,38,Female,A,Vehicle,CUST-19567
Zaki Ghanem,Doctor,43,Male,B,Land,CUST-19568
,Engineer,43,Male,C,Land,CUST-19569
Salma Mansour,Teacher,64,Female,B,,CUST-19570
Zaki Zaki,Technician,52,Male,C,,CUST-19571
Sherif Hamdy,Sales_Rep,43,Male,A,Land,CUST-19572
Ibrahim Kamel,Accountant,21,Female,A,Vehicle,CUST-19573
Ahmed Fawzy,Engineer,43,Female,D,Vehicle,CUST-19574
Karim Fawzy,Technician,26,Male,C,Land,CUST-19575
Nabil Zaki,Doctor,21,Female,B,Land,CUST-19576
Layla Mansour,Engineer,56,Male,D,,CUST-19577
Ibrahim Mansour,Freelancer,47,Male,C,,CUST-19578
Ahmed Mahmoud,Freelancer,34,Male,C,Vehicle,CUST-19579
Khaled Amr,Engineer,45,Male,D,Land,CUST-19580
Hassan Nabil,Teacher,65,Female,C,Land,CUST-19581
Heba Ibrahim,Sales_Rep,54,Female,B,Vehicle,CUST-19582
Tarek Hamdy,Teacher,47,Male,D,Vehicle,CUST-19583
Salma Mahmoud,Sales_Rep,58,Female,B,Land,CUST-19584
Omar Reda,Freelancer,36,Female,C,Vehicle,CUST-19585
Khaled Nabil,Doctor,30,Female,B,Vehicle,CUST-19586
Nabil Nabil,Engineer,44,Female,B,Vehicle,CUST-19587
Karim Kamel,Doctor,44,Male,B,,CUST-19588
Amira Hassan,Freelancer,63,Female,A,Vehicle,CUST-19589
Omar Adel,Freelancer,63,Female,D,,CUST-19590
Amira Ibrahim,Sales_Rep,62,Male,A,Vehicle,CUST-19591
,Doctor,36,Male,B,,CUST-19592
Ahmed Adel,Sales_Rep,42,Female,A,,CUST-19593
Tarek Adel,Freelancer,58,Female,C,,CUST-19594
Layla Hamdy,Sales_Rep,40,Female,C,,CUST-19595
Sara Saied,Technician,25,Male,C,Vehicle,CUST-19596
Layla Nabil,Sales_Rep,60,Male,A,,CUST-19597
,Engineer,57,Male,C,,CUST-19598
Nabil El-Sayed,Doctor,36,Male,B,Vehicle,CUST-19599
Mona Ghanem,Freelancer,53,Female,C,Land,CUST-19600
Mahmoud Ibrahim,Teacher,30,Female,C,,CUST-19601
,Accountant,60,Male,B,,CUST-19602
Amira Hassan,Doctor,43,Male,C,,CUST-19603
Bassem Ibrahim,Doctor,64,Female,C,,CUST-19604
Wael Reda,Sales_Rep,44,Male,A,Vehicle,CUST-19605
Wael Mansour,Teacher,37,Male,D,Vehicle,CUST-19606
Sherif Fawzy,Sales_Rep,44,Male,B,,CUST-19607
Dina Zaki,Accountant,47,Female,B,Vehicle,CUST-19608
Tarek Saied,Teacher,52,Male,C,Vehicle,CUST-19609
Sara Kamel,Sales_Rep,39,Male,A,Land,CUST-19610
Salma Abdel-Aziz,Teacher,39,Female,B,Land,CUST-19611
Sherif Reda,Engineer,41,Female,C,Land,CUST-19612
Mona El-Sayed,Engineer,31,Female,C,Vehicle,CUST-19613
Layla Hamdy,Freelancer,36,Male,D,Land,CUST-19614
Amira Adel,Sales_Rep,38,Male,C,Vehicle,CUST-19615
Zaki Fawzy,Engineer,36,Female,D,,CUST-19616
Layla Mahmoud,Sales_Rep,26,Female,B,Vehicle,CUST-19617
Sara Kamel,Doctor,32,Female,B,Land,CUST-19618
Hoda Saied,Accountant,27,Female,B,Vehicle,CUST-19619
Sara Mansour,Accountant,29,Male,C,Land,CUST-19620
Mona Hassan,Engineer,57,Male,B,,CUST-19621
Hoda Abdel-Aziz,Doctor,62,Male,D,Vehicle,CUST-19622
Wael Abdel-Aziz,Sales_Rep,49,Female,D,Vehicle,CUST-19623
Sherif Mahmoud,Technician,65,Female,B,Vehicle,CUST-19624
Sherif Saied,Teacher,51,Male,A,Land,CUST-19625
Zaki Kamel,Accountant,46,Female,C,Vehicle,CUST-19626
Salma El-Sayed,Doctor,38,Male,A,Land,CUST-19627
Hassan Mansour,Engineer,47,Female,A,Vehicle,CUST-19628
Ahmed Saied,Sales_Rep,42,Male,C,,CUST-19629
Mohamed Reda,Engineer,42,Male,D,Land,CUST-19630
Wael Fawzy,Sales_Rep,28,Male,B,Vehicle,CUST-19631
Salma Hamdy,Accountant,36,Male,A,,CUST-19632
Zaki Amr,Teacher,31,Female,B,Land,CUST-19633
Nabil Hassan,Engineer,61,Male,B,,CUST-19634
Karim Nabil,Technician,60,Male,C,,CUST-19635
Hoda Mansour,Sales_Rep,30,Male,B,,CUST-19636
Heba Saied,Freelancer,48,Male,C,,CUST-19637
Amira Ibrahim,Doctor,48,Female,B,Vehicle,CUST-19638
Hassan Hamdy,Doctor,21,Female,D,,CUST-19639
Nabil Fawzy,Freelancer,51,Female,B,Land,CUST-19640
Salma Ibrahim,Freelancer,41,Male,C,Vehicle,CUST-19641
Mona Kamel,Accountant,34,Male,D,Vehicle,CUST-19642
Karim Abdel-Aziz,Teacher,60,Female,D,Vehicle,CUST-19643
Ibrahim El-Sayed,Teacher,25,Female,A,,CUST-19644
Mostafa Kamel,Engineer,39,Male,B,Vehicle,CUST-19645
Mona Zaki,Engineer,63,Female,C,Land,CUST-19646
Omar El-Sayed,Freelancer,33,Female,D,Land,CUST-19647
Wael Kamel,Engineer,42,Male,C,,CUST-19648
Hassan Nabil,Technician,45,Male,C,Vehicle,CUST-19649
Mona Nabil,Accountant,55,Female,D,,CUST-19650
Mona Mahmoud,Sales_Rep,54,Female,A,Vehicle,CUST-19651
Bassem Fawzy,Technician,27,Male,A,Vehicle,CUST-19652
Hoda Zaki,Engineer,50,Female,A,,CUST-19653
Bassem El-Sayed,Teacher,31,Female,C,Land,CUST-19654
Karim El-Sayed,Accountant,29,Female,C,,CUST-19655
Omar Kamel,Accountant,26,Female,A,Land,CUST-19656
Mona El-Sayed,Engineer,42,Male,C,Land,CUST-19657
Layla Abdel-Aziz,Teacher,56,Female,C,Land,CUST-19658
Mohamed Kamel,Sales_Rep,56,Female,A,Land,CUST-19659
Sara Hassan,Doctor,29,Female,A,,CUST-19660
Heba Mansour,Freelancer,57,Female,C,Vehicle,CUST-19661
Mohamed Fawzy,Doctor,32,Male,D,,CUST-19662
Hamdy Abdel-Aziz,Technician,59,Male,C,,CUST-19663
Wael Ibrahim,Sales_Rep,35,Female,B,,CUST-19664
Mohamed Nabil,Freelancer,40,Female,C,,CUST-19665
Sara Zaki,Accountant,60,Male,B,,CUST-19666
Mohamed Zaki,Technician,54,Male,A,Land,CUST-19667
Karim Fawzy,Engineer,34,Male,A,Vehicle,CUST-19668
,Sales_Rep,35,Male,D,Vehicle,CUST-19669
Heba Mahmoud,Technician,42,Female,B,Vehicle,CUST-19670
Fatma Ghanem,Doctor,47,Female,C,Land,CUST-19671
Hassan El-Sayed,Freelancer,24,Female,A,,CUST-19672
Hamdy Zaki,Doctor,46,Female,B,Vehicle,CUST-19673
Hassan Fawzy,Accountant,27,Male,A,Land,CUST-19674
Salma Saied,Engineer,26,Male,D,Land,CUST-19675
Heba Abdel-Aziz,Accountant,21,Male,C,Vehicle,CUST-19676
Mona Amr,Sales_Rep,45,Male,A,Land,CUST-19677
Mona Nabil,Sales_Rep,43,Female,D,,CUST-19678
Zaki Mansour,Technician,39,Female,B,Land,CUST-19679
,Sales_Rep,56,Male,B,,CUST-19680
Mohamed Abdel-Aziz,Engineer,43,Female,A,,CUST-19681
Salma Amr,Accountant,36,Female,A,Land,CUST-19682
Ibrahim Hassan,Sales_Rep,38,Female,B,,CUST-19683
Ahmed Ibrahim,Technician,23,Female,D,,CUST-19684
Mahmoud El-Sayed,Technician,21,Male,D,Land,CUST-19685
,Sales_Rep,40,Male,D,,CUST-19686
Karim Mansour,Freelancer,56,Female,C,Vehicle,CUST-19687
Fatma Mahmoud,Teacher,33,Male,D,Land,CUST-19688
Omar Adel,Engineer,50,Female,A,Vehicle,CUST-19689
Tarek Hassan,Freelancer,52,Male,B,,CUST-19690
Hassan Mahmoud,Freelancer,57,Male,D,,CUST-19691
Wael Amr,Sales_Rep,41,Female,C,,CUST-19692
Mona Ghanem,Sales_Rep,58,Female,C,,CUST-19693
Fatma Nabil,Doctor,50,Male,A,Vehicle,CUST-19694
Mahmoud Kamel,Technician,39,Female,B,Land,CUST-19695
Karim Nabil,Doctor,27,Male,B,,CUST-19696
Omar Adel,Engineer,37,Female,A,Vehicle,CUST-19697
Mohamed Mansour,Freelancer,57,Female,A,,CUST-19698
Hamdy Zaki,Sales_Rep,55,Female,A,Vehicle,CUST-19699
Hamdy Abdel-Aziz,Engineer,46,Female,A,Land,CUST-19700
Omar El-Sayed,Accountant,47,Male,D,Land,CUST-19701
Nabil Hassan,Teacher,52,Female,C,,CUST-19702
Hamdy Saied,Technician,60,Female,D,Vehicle,CUST-19703
Ahmed Nabil,Engineer,36,Female,A,Vehicle,CUST-19704
Amira Mansour,Doctor,21,Male,B,Land,CUST-19705
Heba Hassan,Sales_Rep,38,Female,A,Land,CUST-19706
Heba Fawzy,Doctor,44,Female,D,,CUST-19707
Omar Fawzy,Teacher,38,Female,C,Land,CUST-19708
Karim Saied,Engineer,32,Female,C,Land,CUST-19709
Mona Saied,Teacher,36,Male,A,Vehicle,CUST-19710
Hoda Ibrahim,Freelancer,45,Female,D,Vehicle,CUST-19711
Ibrahim Zaki,Technician,65,Male,B,Vehicle,CUST-19712
Ibrahim Nabil,Teacher,51,Female,B,Land,CUST-19713
Mahmoud Hassan,Freelancer,27,Female,D,Vehicle,CUST-19714
Sara Adel,Engineer,56,Female,C,Vehicle,CUST-19715
Bassem Saied,Technician,42,Female,B,Vehicle,CUST-19716
Heba Mansour,Sales_Rep,38,Male,C,Land,CUST-19717
Amira Kamel,Sales_Rep,28,Female,A,,CUST-19718
Mahmoud Adel,Technician,55,Female,B,,CUST-19719
Tarek Kamel,Freelancer,21,Female,B,,CUST-19720
Mostafa Mansour,Accountant,53,Female,C,Vehicle,CUST-19721
Khaled Ibrahim,Accountant,24,Male,D,Land,CUST-19722
Dina Ibrahim,Teacher,55,Female,C,,CUST-19723
Mona El-Sayed,Technician,59,Male,A,,CUST-19724
Dina Reda,Sales_Rep,30,Male,C,Land,CUST-19725
Zaki Mahmoud,Engineer,31,Male,C,,CUST-19726
Ibrahim Reda,Teacher,63,Male,A,Vehicle,CUST-19727
Khaled Mansour,Accountant,47,Male,C,Vehicle,CUST-19728
Mahmoud Adel,Doctor,49,Male,A,Land,CUST-19729
Mohamed Mansour,Doctor,35,Female,A,Land,CUST-19730
Heba Nabil,Teacher,63,Male,B,Land,CUST-19731
Mohamed Mansour,Engineer,24,Female,C,Vehicle,CUST-19732
Hassan Mahmoud,Teacher,37,Female,A,,CUST-19733
Hoda Hamdy,Doctor,50,Male,B,,CUST-19734
Hassan Hassan,Technician,39,Female,B,Vehicle,CUST-19735
Nabil Zaki,Sales_Rep,52,Female,C,,CUST-19736
Sara Adel,Sales_Rep,30,Female,A,Land,CUST-19737
Wael Saied,Freelancer,32,Female,C,Vehicle,CUST-19738
Ibrahim Ibrahim,Doctor,50,Female,A,Vehicle,CUST-19739
Salma Adel,Accountant,41,Male,D,,CUST-19740
Bassem Abdel-Aziz,Doctor,45,Female,C,,CUST-19741
Fatma Abdel-Aziz,Accountant,36,Female,C,Vehicle,CUST-19742
Hoda Amr,Doctor,44,Female,D,Vehicle,CUST-19743
Ibrahim Ibrahim,Freelancer,51,Male,B,,CUST-19744
Amira Adel,Accountant,29,Male,B,Land,CUST-19745
Sherif El-Sayed,Engineer,42,Male,A,Vehicle,CUST-19746
Karim Mansour,Doctor,24,Female,D,Vehicle,CUST-19747
Bassem Ibrahim,Technician,24,Male,B,Vehicle,CUST-19748
Khaled Ibrahim,Technician,46,Female,A,,CUST-19749
,Technician,40,Male,C,,CUST-19750
Karim Ghanem,Sales_Rep,21,Female,A,,CUST-19751
Omar Fawzy,Teacher,34,Male,A,Vehicle,CUST-19752
Zaki Mahmoud,Technician,45,Female,A,,CUST-19753
Tarek Hamdy,Freelancer,47,Female,C,Land,CUST-19754
Fatma Adel,Doctor,21,Female,C,,CUST-19755
,Accountant,57,Male,D,Land,CUST-19756
Karim Mahmoud,Engineer,46,Male,B,Vehicle,CUST-19757
Mona Saied,Technician,34,Female,A,Land,CUST-19758
Hamdy Nabil,Teacher,23,Female,A,,CUST-19759
Fatma Reda,Engineer,31,Male,D,Land,CUST-19760
,Accountant,59,Female,C,,CUST-19761
Karim Zaki,Technician,26,Male,A,,CUST-19762
Tarek Hassan,Freelancer,32,Male,D,,CUST-19763
Omar Nabil,Engineer,49,Female,C,Vehicle,CUST-19764
Ibrahim Mansour,Accountant,33,Female,B,,CUST-19765
Hassan Adel,Engineer,58,Female,B,Vehicle,CUST-19766
,Sales_Rep,23,Female,C,,CUST-19767
Hamdy Amr,Engineer,37,Female,B,,CUST-19768
Mostafa Saied,Technician,40,Female,B,Vehicle,CUST-19769
Ahmed Nabil,Accountant,26,Male,D,,CUST-19770
Omar Mahmoud,Doctor,34,Female,D,,CUST-19771
Mohamed El-Sayed,Doctor,35,Female,B,,CUST-19772
Bassem Hamdy,Freelancer,43,Male,C,Vehicle,CUST-19773
Salma Hamdy,Accountant,60,Male,C,Vehicle,CUST-19774
Nabil Saied,Accountant,44,Female,B,,CUST-19775
Nabil Ibrahim,Engineer,22,Male,C,Vehicle,CUST-19776
Hassan El-Sayed,Technician,22,Female,B,Land,CUST-19777
Khaled Amr,Teacher,52,Female,A,,CUST-19778
Amira Zaki,Freelancer,29,Male,A,,CUST-19779
Sara Nabil,Doctor,32,Male,D,Vehicle,CUST-19780
Omar Ibrahim,Teacher,39,Female,B,Vehicle,CUST-19781
Heba Reda,Accountant,34,Female,B,Land,CUST-19782
Dina El-Sayed,Freelancer,62,Male,D,Vehicle,CUST-19783
Nabil Nabil,Doctor,50,Female,D,Land,CUST-19784
Mostafa Mahmoud,Sales_Rep,57,Female,D,Vehicle,CUST-19785
Mahmoud Reda,Doctor,43,Female,D,,CUST-19786
Sara Mahmoud,Freelancer,57,Female,C,,CUST-19787
Mohamed Abdel-Aziz,Engineer,38,Male,D,Land,CUST-19788
Mona Amr,Teacher,49,Female,B,Vehicle,CUST-19789
Karim Hamdy,Technician,60,Female,C,Vehicle,CUST-19790
Tarek El-Sayed,Sales_Rep,65,Female,C,Vehicle,CUST-19791
Ahmed Kamel,Freelancer,37,Male,A,,CUST-19792
Tarek Fawzy,Sales_Rep,44,Female,B,,CUST-19793
Amira Amr,Technician,33,Female,A,,CUST-19794
Mona Kamel,Sales_Rep,27,Male,A,,CUST-19795
Zaki Nabil,Technician,26,Female,B,Vehicle,CUST-19796
Ahmed Ghanem,Teacher,54,Male,B,Vehicle,CUST-19797
Tarek Fawzy,Sales_Rep,39,Male,D,,CUST-19798
Sherif Kamel,Engineer,49,Male,C,Land,CUST-19799
Hassan Fawzy,Engineer,29,Male,B,,CUST-19800
Karim Zaki,Teacher,43,Female,C,Land,CUST-19801
Hassan Nabil,Accountant,61,Female,A,Vehicle,CUST-19802
Layla Reda,Teacher,40,Female,A,,CUST-19803
Karim Amr,Doctor,33,Female,C,,CUST-19804
Hamdy Hassan,Accountant,27,Male,B,Land,CUST-19805
Hamdy El-Sayed,Sales_Rep,36,Female,D,Land,CUST-19806
Mostafa Hassan,Engineer,43,Male,B,Land,CUST-19807
Khaled Ghanem,Freelancer,60,Female,C,Land,CUST-19808
Layla Saied,Accountant,56,Male,C,Land,CUST-19809
Mostafa Fawzy,Engineer,35,Female,D,Vehicle,CUST-19810
Mona Ghanem,Doctor,36,Female,A,,CUST-19811
Zaki Ibrahim,Sales_Rep,56,Female,C,,CUST-19812
Zaki Kamel,Teacher,31,Female,D,Land,CUST-19813
Amira Ghanem,Technician,39,Female,C,Land,CUST-19814
Sara Saied,Sales_Rep,44,Female,D,Vehicle,CUST-19815
Tarek El-Sayed,Technician,23,Male,A,Land,CUST-19816
Mona Zaki,Sales_Rep,63,Female,B,Land,CUST-19817
Wael Mahmoud,Freelancer,21,Male,C,Land,CUST-19818
Heba Ibrahim,Engineer,57,Female,C,Vehicle,CUST-19819
Mostafa Fawzy,Sales_Rep,46,Female,B,,CUST-19820
Layla Ibrahim,Accountant,55,Male,C,Land,CUST-19821
Layla Adel,Freelancer,35,Male,B,,CUST-19822
Dina Reda,Technician,61,Female,A,,CUST-19823
,Technician,50,Male,C,Land,CUST-19824
Khaled Mansour,Sales_Rep,41,Male,A,Vehicle,CUST-19825
Karim Zaki,Freelancer,52,Male,B,Vehicle,CUST-19826
Karim Ghanem,Accountant,34,Female,B,Vehicle,CUST-19827
Hoda Fawzy,Doctor,41,Male,B,Vehicle,CUST-19828
Fatma Saied,Engineer,29,Female,C,,CUST-19829
Hassan Amr,Engineer,51,Male,C,Land,CUST-19830
Hassan Kamel,Technician,47,Female,B,,CUST-19831
Dina Amr,Engineer,24,Female,B,Land,CUST-19832
Karim Hamdy,Teacher,25,Male,A,Land,CUST-19833
Sherif Saied,Technician,40,Female,D,Vehicle,CUST-19834
Sherif El-Sayed,Engineer,44,Female,D,Vehicle,CUST-19835
Salma Hamdy,Freelancer,44,Female,C,,CUST-19836
Sara Reda,Technician,52,Female,B,Vehicle,CUST-19837
Dina Abdel-Aziz,Sales_Rep,39,Female,C,,CUST-19838
Wael Fawzy,Accountant,64,Female,C,Vehicle,CUST-19839
Heba El-Sayed,Sales_Rep,65,Male,C,Vehicle,CUST-19840
Amira Mahmoud,Technician,42,Female,B,Land,CUST-19841
Mahmoud Kamel,Technician,37,Male,C,Vehicle,CUST-19842
Sara El-Sayed,Engineer,30,Male,D,,CUST-19843
Mohamed Kamel,Accountant,23,Female,B,Land,CUST-19844
Omar Zaki,Technician,40,Male,C,Land,CUST-19845
Tarek El-Sayed,Teacher,43,Male,C,Land,CUST-19846
Mona Ibrahim,Teacher,47,Male,D,,CUST-19847
Mostafa Ghanem,Technician,41,Male,D,Land,CUST-19848
Amira Reda,Doctor,57,Female,D,Land,CUST-19849
Karim Mahmoud,Sales_Rep,41,Male,D,Vehicle,CUST-19850
Fatma Adel,Technician,24,Male,A,,CUST-19851
Omar Amr,Technician,22,Female,A,,CUST-19852
Layla Mahmoud,Freelancer,61,Female,B,Land,CUST-19853
Nabil Saied,Teacher,65,Male,B,,CUST-19854
Layla Reda,Sales_Rep,55,Female,C,Land,CUST-19855
Heba Mansour,Teacher,22,Female,A,,CUST-19856
Sherif Hamdy,Doctor,52,Female,A,Vehicle,CUST-19857
Hassan Nabil,Freelancer,44,Female,A,Land,CUST-19858
Hassan Ghanem,Teacher,65,Male,D,Vehicle,CUST-19859
Ahmed Hassan,Freelancer,57,Male,D,,CUST-19860
Mostafa Abdel-Aziz,Sales_Rep,60,Male,D,,CUST-19861
Hoda Abdel-Aziz,Doctor,59,Male,B,Land,CUST-19862
Omar Mansour,Doctor,39,Female,D,Vehicle,CUST-19863
Dina Reda,Teacher,31,Female,A,Land,CUST-19864
Layla Zaki,Sales_Rep,21,Female,D,,CUST-19865
Layla Ibrahim,Freelancer,22,Male,B,,CUST-19866
Nabil Nabil,Doctor,46,Male,C,Vehicle,CUST-19867
Amira Fawzy,Doctor,55,Female,A,Land,CUST-19868
Salma Saied,Technician,29,Female,B,Land,CUST-19869
Hamdy Hamdy,Sales_Rep,25,Female,C,Vehicle,CUST-19870
Sara Abdel-Aziz,Sales_Rep,58,Male,D,,CUST-19871
Layla Fawzy,Teacher,43,Male,B,Land,CUST-19872
Omar Hamdy,Freelancer,23,Female,D,Land,CUST-19873
Ibrahim Kamel,Technician,36,Female,C,Vehicle,CUST-19874
Mona Amr,Sales_Rep,39,Female,A,,CUST-19875
Amira Hassan,Engineer,52,Female,B,Land,CUST-19876
Mohamed Hassan,Technician,43,Male,D,,CUST-19877
Karim Nabil,Accountant,29,Female,C,Land,CUST-19878
Dina Ibrahim,Engineer,43,Male,A,Land,CUST-19879
Sherif Abdel-Aziz,Accountant,46,Female,C,Vehicle,CUST-19880
Omar Ibrahim,Technician,21,Male,B,Land,CUST-19881
Mohamed El-Sayed,Teacher,58,Male,B,Land,CUST-19882
Khaled Reda,Engineer,62,Female,B,Land,CUST-19883
Sara Fawzy,Sales_Rep,24,Male,B,Land,CUST-19884
Fatma Hassan,Technician,43,Male,C,Land,CUST-19885
Wael Hamdy,Freelancer,50,Male,A,Vehicle,CUST-19886
Khaled Nabil,Engineer,26,Female,C,Vehicle,CUST-19887
Nabil Mansour,Technician,62,Female,B,Land,CUST-19888
Bassem Nabil,Teacher,23,Female,A,Land,CUST-19889
Mohamed Amr,Accountant,35,Female,D,Land,CUST-19890
Mohamed Ghanem,Freelancer,32,Female,C,,CUST-19891
Mostafa Fawzy,Sales_Rep,37,Female,A,,CUST-19892
Salma Ghanem,Doctor,26,Female,D,Land,CUST-19893
Fatma Saied,Technician,40,Male,A,Vehicle,CUST-19894
Ahmed Mahmoud,Doctor,64,Female,C,Vehicle,CUST-19895
Mahmoud Fawzy,Sales_Rep,45,Female,B,Land,CUST-19896
Mona Amr,Teacher,37,Male,C,Land,CUST-19897
Bassem Mansour,Accountant,53,Female,D,Land,CUST-19898
Ibrahim El-Sayed,Sales_Rep,39,Female,D,Vehicle,CUST-19899
Fatma Nabil,Technician,26,Male,A,Land,CUST-19900
Zaki Reda,Accountant,21,Female,B,Land,CUST-19901
Dina El-Sayed,Freelancer,28,Male,B,,CUST-19902
Ibrahim Amr,Freelancer,59,Female,B,,CUST-19903
Tarek Ibrahim,Sales_Rep,50,Male,A,,CUST-19904
Sara Reda,Teacher,53,Female,C,Land,CUST-19905
Zaki Ibrahim,Accountant,31,Male,C,,CUST-19906
Mostafa Amr,Engineer,48,Male,A,,CUST-19907
,Engineer,47,Male,A,Vehicle,CUST-19908
,Sales_Rep,24,Male,B,Land,CUST-19909
Layla El-Sayed,Doctor,39,Female,C,,CUST-19910
Omar Abdel-Aziz,Engineer,62,Male,A,Land,CUST-19911
Layla Adel,Sales_Rep,56,Male,D,Vehicle,CUST-19912
Ibrahim Kamel,Engineer,37,Female,B,Land,CUST-19913
Bassem Abdel-Aziz,Teacher,45,Male,A,,CUST-19914
Wael Nabil,Teacher,61,Female,D,Vehicle,CUST-19915
Dina Amr,Technician,53,Female,D,,CUST-19916
Hoda Hamdy,Engineer,37,Male,C,,CUST-19917
Bassem Abdel-Aziz,Sales_Rep,23,Female,A,,CUST-19918
,Accountant,36,Female,B,Land,CUST-19919
Tarek Mahmoud,Teacher,48,Male,A,Land,CUST-19920
Dina Ghanem,Sales_Rep,48,Male,C,Land,CUST-19921
Salma Mahmoud,Sales_Rep,50,Male,B,Land,CUST-19922
Ibrahim Hamdy,Accountant,49,Male,C,Land,CUST-19923
Hassan Abdel-Aziz,Accountant,43,Female,B,Land,CUST-19924
Mahmoud Mansour,Accountant,31,Male,A,Vehicle,CUST-19925
Khaled Zaki,Doctor,57,Female,C,Vehicle,CUST-19926
Mohamed Abdel-Aziz,Sales_Rep,53,Male,A,,CUST-19927
Sherif Saied,Accountant,28,Male,B,,CUST-19928
Mona Mansour,Accountant,51,Male,A,Land,CUST-19929
,Teacher,31,Male,C,Vehicle,CUST-19930
Mahmoud Mansour,Engineer,55,Male,C,,CUST-19931
Tarek Mansour,Technician,57,Female,B,Land,CUST-19932
Dina Mansour,Doctor,42,Male,B,Land,CUST-19933
Heba Saied,Doctor,63,Male,A,Land,CUST-19934
Nabil Zaki,Doctor,39,Male,D,Land,CUST-19935
Ibrahim Adel,Engineer,29,Female,B,Vehicle,CUST-19936
Salma Hassan,Accountant,54,Male,A,,CUST-19937
Ibrahim Hamdy,Doctor,37,Male,D,,CUST-19938
Mohamed Kamel,Doctor,31,Female,A,,CUST-19939
Mahmoud Amr,Technician,35,Female,C,,CUST-19940
Hoda Mahmoud,Accountant,24,Female,C,Land,CUST-19941
Mahmoud Fawzy,Technician,49,Male,C,,CUST-19942
Mostafa Hassan,Engineer,53,Female,C,Vehicle,CUST-19943
Sherif Mahmoud,Engineer,24,Female,A,,CUST-19944
Mahmoud Ibrahim,Technician,44,Male,C,Vehicle,CUST-19945
Bassem Mahmoud,Sales_Rep,23,Female,B,Vehicle,CUST-19946
Bassem Mahmoud,Sales_Rep,43,Male,D,Land,CUST-19947
Ahmed Zaki,Teacher,48,Male,B,Vehicle,CUST-19948
Sherif Zaki,Doctor,60,Male,C,Vehicle,CUST-19949
Karim Hamdy,Freelancer,34,Male,B,Vehicle,CUST-19950
Mohamed Zaki,Sales_Rep,56,Female,B,Land,CUST-19951
Nabil Reda,Doctor,44,Male,A,Vehicle,CUST-19952
Karim Mahmoud,Freelancer,34,Female,C,Vehicle,CUST-19953
Zaki Hamdy,Technician,39,Female,A,,CUST-19954
Mostafa Hamdy,Technician,49,Female,A,,CUST-19955
Bassem Mahmoud,Accountant,24,Female,B,Vehicle,CUST-19956
,Freelancer,43,Female,B,Vehicle,CUST-19957
Tarek Ibrahim,Engineer,57,Male,B,,CUST-19958
Khaled Kamel,Engineer,33,Male,A,Land,CUST-19959
,Teacher,62,Male,D,Land,CUST-19960
Ibrahim Reda,Sales_Rep,44,Female,D,Vehicle,CUST-19961
Mostafa Hamdy,Doctor,38,Female,C,Land,CUST-19962
Hassan Ibrahim,Doctor,46,Female,B,Land,CUST-19963
Zaki Adel,Technician,41,Female,C,Land,CUST-19964
Mona Zaki,Doctor,22,Female,A,Vehicle,CUST-19965
Heba Adel,Accountant,28,Female,C,Vehicle,CUST-19966
Wael Reda,Doctor,57,Male,D,,CUST-19967
Mahmoud Abdel-Aziz,Sales_Rep,59,Female,A,Vehicle,CUST-19968
Omar Mansour,Accountant,50,Female,C,Vehicle,CUST-19969
Hassan Mansour,Freelancer,26,Female,B,,CUST-19970
Nabil Zaki,Engineer,53,Female,C,,CUST-19971
Hassan Ghanem,Doctor,64,Female,B,Land,CUST-19972
Hamdy Saied,Sales_Rep,46,Female,A,,CUST-19973
Wael Nabil,Accountant,36,Female,D,Land,CUST-19974
Mona Adel,Technician,54,Female,D,,CUST-19975
Dina El-Sayed,Engineer,27,Female,D,Vehicle,CUST-19976
Sara El-Sayed,Freelancer,33,Female,A,Vehicle,CUST-19977
Sara Fawzy,Accountant,38,Male,C,,CUST-19978
Hoda Ibrahim,Doctor,63,Female,C,,CUST-19979
Nabil Ghanem,Engineer,50,Female,C,Vehicle,CUST-19980
Heba Zaki,Engineer,60,Male,C,,CUST-19981
Omar Nabil,Engineer,54,Female,A,Land,CUST-19982
Khaled Hassan,Freelancer,54,Female,B,Land,CUST-19983
Karim Ghanem,Sales_Rep,51,Female,B,Vehicle,CUST-19984
Hassan Reda,Sales_Rep,33,Male,D,Land,CUST-19985
Bassem Ghanem,Doctor,41,Female,C,Land,CUST-19986
Mohamed El-Sayed,Teacher,42,Female,C,,CUST-19987
Mahmoud Saied,Freelancer,44,Male,B,Vehicle,CUST-19988
Sherif Mansour,Sales_Rep,40,Female,C,,CUST-19989
Sherif Saied,Freelancer,31,Female,B,,CUST-19990
Mahmoud Abdel-Aziz,Doctor,53,Male,D,Vehicle,CUST-19991
Karim Saied,Freelancer,32,Male,A,,CUST-19992
Layla Reda,Sales_Rep,54,Female,A,,CUST-19993
Wael Hamdy,Doctor,30,Male,C,Vehicle,CUST-19994
Hassan Zaki,Freelancer,25,Male,C,Vehicle,CUST-19995
Ibrahim Abdel-Aziz,Freelancer,63,Female,B,Vehicle,CUST-19996
Ibrahim Hamdy,Technician,23,Male,B,Land,CUST-19997
Layla Hamdy,Technician,38,Male,D,Land,CUST-19998
Khaled Mahmoud,Doctor,61,Male,D,Vehicle,CUST-19999
Ahmed Abdel-Aziz,Doctor,33,Male,B,,CUST-20000
Ahmed Amr,Doctor,27,Female,B,Land,CUST-20001
Fatma El-Sayed,Engineer,21,Male,B,,CUST-20002
Hassan Abdel-Aziz,Engineer,48,Female,C,,CUST-20003
Layla Kamel,Doctor,36,Female,B,Vehicle,CUST-20004
Mohamed Mahmoud,Technician,38,Male,B,,CUST-20005
Sherif Amr,Engineer,27,Male,D,,CUST-20006
Dina Mansour,Technician,32,Male,C,,CUST-20007
Sara Hassan,Sales_Rep,25,Female,C,Land,CUST-20008
Wael Fawzy,Teacher,58,Female,A,Land,CUST-20009
Dina Mahmoud,Teacher,58,Male,B,,CUST-20010
Mostafa Mansour,Technician,43,Female,D,,CUST-20011
Khaled Kamel,Technician,61,Male,A,,CUST-20012
Salma Amr,Doctor,55,Male,C,Land,CUST-20013
,Engineer,53,Female,D,Land,CUST-20014
Khaled Abdel-Aziz,Engineer,48,Male,C,Land,CUST-20015
Ibrahim Kamel,Technician,27,Male,C,Land,CUST-20016
Sara Mahmoud,Technician,63,Female,A,Vehicle,CUST-20017
Heba Zaki,Sales_Rep,28,Male,C,Vehicle,CUST-20018
Hoda Hassan,Accountant,60,Female,B,Vehicle,CUST-20019
Sherif Saied,Sales_Rep,24,Female,D,Vehicle,CUST-20020
Mona Fawzy,Sales_Rep,65,Male,A,Land,CUST-20021
Ahmed Adel,Doctor,28,Female,C,Vehicle,CUST-20022
Mona Ibrahim,Freelancer,63,Male,C,Land,CUST-20023
Wael Reda,Technician,25,Male,C,Land,CUST-20024
Hamdy Fawzy,Sales_Rep,46,Male,A,,CUST-20025
Mahmoud El-Sayed,Technician,53,Female,D,,CUST-20026
Omar Nabil,Freelancer,38,Male,A,Land,CUST-20027
Khaled Hamdy,Sales_Rep,23,Male,B,,CUST-20028
Mona Nabil,Engineer,22,Female,D,,CUST-20029
Tarek Ibrahim,Teacher,64,Male,A,Vehicle,CUST-20030
Fatma Abdel-Aziz,Accountant,42,Female,A,Vehicle,CUST-20031
Hassan Hassan,Engineer,62,Male,D,Land,CUST-20032
Mohamed Kamel,Teacher,62,Female,C,,CUST-20033
Hassan Kamel,Accountant,65,Female,D,,CUST-20034
,Freelancer,23,Male,D,Land,CUST-20035
Tarek El-Sayed,Freelancer,35,Female,B,Vehicle,CUST-20036
Ahmed Fawzy,Engineer,49,Female,B,Vehicle,CUST-20037
Mahmoud Mahmoud,Accountant,26,Male,C,Vehicle,CUST-20038
Dina El-Sayed,Technician,44,Female,A,,CUST-20039
Wael Hamdy,Technician,25,Female,D,,CUST-20040
Omar Abdel-Aziz,Technician,35,Female,A,,CUST-20041
Heba Kamel,Accountant,25,Male,C,,CUST-20042
Hoda Mansour,Technician,49,Female,B,,CUST-20043
Mahmoud Reda,Accountant,59,Female,B,,CUST-20044
Heba Nabil,Doctor,52,Male,D,Land,CUST-20045
Layla El-Sayed,Technician,47,Female,A,Land,CUST-20046
Hoda Hamdy,Freelancer,24,Male,A,Vehicle,CUST-20047
Wael Hassan,Accountant,52,Male,A,,CUST-20048
Zaki Nabil,Freelancer,38,Male,B,,CUST-20049
Mostafa Mansour,Teacher,34,Male,B,,CUST-20050
Tarek El-Sayed,Accountant,29,Female,B,Vehicle,CUST-20051
Mahmoud Nabil,Freelancer,64,Female,A,,CUST-20052
Wael El-Sayed,Engineer,64,Male,C,Vehicle,CUST-20053
Wael Adel,Freelancer,49,Female,A,Land,CUST-20054
Mostafa Ibrahim,Teacher,28,Male,C,Land,CUST-20055
Zaki Abdel-Aziz,Doctor,46,Male,B,Vehicle,CUST-20056
Hoda Hassan,Technician,32,Male,D,Vehicle,CUST-20057
Omar Abdel-Aziz,Accountant,29,Male,D,,CUST-20058
Hoda Amr,Sales_Rep,24,Male,C,,CUST-20059
Dina Kamel,Technician,55,Male,D,Vehicle,CUST-20060
Salma Abdel-Aziz,Teacher,58,Male,C,Land,CUST-20061
Dina Reda,Technician,29,Male,A,Vehicle,CUST-20062
Omar Mahmoud,Teacher,38,Female,B,Vehicle,CUST-20063
Bassem Nabil,Freelancer,46,Male,D,Land,CUST-20064
Hamdy El-Sayed,Doctor,46,Female,A,Land,CUST-20065
Wael Saied,Sales_Rep,27,Female,B,,CUST-20066
Wael Ibrahim,Freelancer,38,Female,C,Land,CUST-20067
Omar Kamel,Doctor,60,Male,D,Vehicle,CUST-20068
Sherif Kamel,Sales_Rep,27,Female,B,Land,CUST-20069
Hoda Zaki,Accountant,38,Male,B,Vehicle,CUST-20070
Sherif Hassan,Technician,36,Male,C,Vehicle,CUST-20071
Zaki Amr,Technician,58,Female,B,Land,CUST-20072
Sara Nabil,Engineer,35,Female,B,Land,CUST-20073
Nabil Ghanem,Sales_Rep,36,Female,D,Land,CUST-20074
Omar Adel,Engineer,63,Female,D,,CUST-20075
Salma Saied,Doctor,41,Male,C,Land,CUST-20076
Amira Fawzy,Teacher,35,Female,C,,CUST-20077
Hoda Hamdy,Engineer,23,Male,C,Land,CUST-20078
Zaki Abdel-Aziz,Technician,53,Female,C,Vehicle,CUST-20079
Omar Adel,Freelancer,43,Male,D,,CUST-20080
Fatma Mansour,Accountant,41,Male,B,Vehicle,CUST-20081
Hamdy Adel,Sales_Rep,49,Female,A,Land,CUST-20082
Hoda El-Sayed,Teacher,42,Female,D,Land,CUST-20083
Omar Fawzy,Accountant,38,Male,C,Vehicle,CUST-20084
Salma Ghanem,Teacher,44,Male,A,Vehicle,CUST-20085
Fatma Abdel-Aziz,Freelancer,38,Male,B,Vehicle,CUST-20086
Layla Mansour,Teacher,55,Male,C,Land,CUST-20087
Heba Nabil,Doctor,59,Female,A,Vehicle,CUST-20088
Wael Ghanem,Teacher,32,Male,B,Land,CUST-20089
Bassem Ibrahim,Sales_Rep,28,Male,D,,CUST-20090
Mona Adel,Engineer,57,Female,D,Vehicle,CUST-20091
Sherif Abdel-Aziz,Teacher,56,Male,A,,CUST-20092
Salma Mahmoud,Sales_Rep,61,Male,B,Land,CUST-20093
Omar Fawzy,Teacher,41,Female,A,Land,CUST-20094
Mona Zaki,Sales_Rep,55,Female,C,Vehicle,CUST-20095
Dina Fawzy,Teacher,56,Male,C,Vehicle,CUST-20096
,Teacher,40,Female,A,,CUST-20097
Dina Saied,Sales_Rep,52,Female,D,,CUST-20098
Sherif Fawzy,Teacher,39,Female,B,Land,CUST-20099
Fatma Amr,Teacher,43,Male,B,Land,CUST-20100
Layla Hassan,Accountant,42,Male,C,Land,CUST-20101
Ibrahim El-Sayed,Doctor,36,Male,B,Vehicle,CUST-20102
Bassem Saied,Sales_Rep,32,Male,A,Land,CUST-20103
Mohamed Adel,Sales_Rep,56,Male,B,Vehicle,CUST-20104
Nabil Fawzy,Freelancer,31,Male,A,Land,CUST-20105
Tarek Amr,Freelancer,62,Male,B,,CUST-20106
Amira Hamdy,Technician,34,Male,C,Land,CUST-20107
Ahmed Mahmoud,Sales_Rep,51,Male,B,Vehicle,CUST-20108
Bassem Ghanem,Accountant,42,Female,C,,CUST-20109
Hassan Hamdy,Engineer,41,Female,D,,CUST-20110
Hamdy Saied,Teacher,54,Female,B,Vehicle,CUST-20111
Bassem Mahmoud,Accountant,33,Female,D,,CUST-20112
Hamdy Mansour,Engineer,25,Female,B,,CUST-20113
Salma Nabil,Technician,62,Female,C,,CUST-20114
Sara Reda,Accountant,42,Female,B,,CUST-20115
Bassem Hassan,Engineer,34,Female,A,Land,CUST-20116
Amira El-Sayed,Freelancer,31,Female,B,Vehicle,CUST-20117
Mostafa Hassan,Technician,44,Male,D,,CUST-20118
Zaki Saied,Teacher,27,Female,D,Land,CUST-20119
Khaled Nabil,Sales_Rep,28,Female,C,Vehicle,CUST-20120
Mohamed Mahmoud,Doctor,22,Female,C,Vehicle,CUST-20121
Karim Nabil,Technician,55,Female,D,Vehicle,CUST-20122
Layla Abdel-Aziz,Doctor,46,Female,D,,CUST-20123
Salma Kamel,Sales_Rep,53,Female,B,Vehicle,CUST-20124
Bassem Ibrahim,Teacher,61,Male,D,Land,CUST-20125
Mostafa Reda,Doctor,39,Male,B,,CUST-20126
Heba Hassan,Teacher,29,Female,C,,CUST-20127
Hoda El-Sayed,Sales_Rep,44,Male,D,,CUST-20128
Wael Ibrahim,Doctor,53,Female,A,,CUST-20129
Ahmed Reda,Sales_Rep,48,Male,C,,CUST-20130
Tarek Ibrahim,Teacher,27,Female,D,Vehicle,CUST-20131
Dina Ibrahim,Engineer,28,Female,C,Land,CUST-20132
Ahmed Abdel-Aziz,Teacher,64,Male,C,,CUST-20133
Sara Ghanem,Accountant,43,Female,A,Land,CUST-20134
Fatma Mansour,Teacher,40,Female,D,Land,CUST-20135
Heba El-Sayed,Freelancer,32,Female,D,Vehicle,CUST-20136
Heba Mahmoud,Engineer,52,Male,D,,CUST-20137
Hamdy Mansour,Freelancer,62,Female,C,Land,CUST-20138
Dina Kamel,Engineer,33,Male,A,Vehicle,CUST-20139
Hoda Hassan,Technician,65,Female,B,Vehicle,CUST-20140
,Teacher,32,Male,D,Land,CUST-20141
Hoda Ghanem,Technician,36,Male,D,,CUST-20142
Sara Nabil,Technician,55,Male,A,,CUST-20143
Mona Reda,Doctor,56,Male,C,Land,CUST-20144
Hoda Reda,Technician,58,Male,A,Land,CUST-20145
,Freelancer,46,Female,C,Vehicle,CUST-20146
Heba Fawzy,Doctor,44,Female,A,Vehicle,CUST-20147
Nabil Adel,Accountant,44,Female,B,,CUST-20148
Layla Ibrahim,Teacher,62,Female,C,Land,CUST-20149
Layla Hassan,Accountant,53,Male,B,Vehicle,CUST-20150
Layla Amr,Sales_Rep,34,Male,D,,CUST-20151
Salma Saied,Sales_Rep,34,Female,C,Vehicle,CUST-20152
Bassem Amr,Engineer,27,Male,D,Land,CUST-20153
Mona Ibrahim,Technician,61,Male,A,,CUST-20154
Khaled Mansour,Engineer,65,Female,D,Vehicle,CUST-20155
Hassan Adel,Engineer,63,Male,D,Vehicle,CUST-20156
Ibrahim Fawzy,Freelancer,55,Female,C,Land,CUST-20157
Sara Saied,Technician,41,Male,A,Vehicle,CUST-20158
Hamdy Reda,Sales_Rep,62,Female,B,Land,CUST-20159
Heba Fawzy,Doctor,26,Male,D,,CUST-20160
Mohamed Zaki,Engineer,56,Male,A,Land,CUST-20161
Nabil Hamdy,Sales_Rep,55,Female,C,Land,CUST-20162
Khaled Reda,Freelancer,26,Female,A,Vehicle,CUST-20163
,Technician,33,Male,B,,CUST-20164
Salma El-Sayed,Teacher,63,Female,B,,CUST-20165
Karim Fawzy,Engineer,51,Male,B,Vehicle,CUST-20166
Fatma Saied,Engineer,32,Male,B,Vehicle,CUST-20167
Hamdy Mansour,Doctor,33,Male,B,Vehicle,CUST-20168
Zaki Reda,Engineer,48,Male,C,,CUST-20169
Hamdy Nabil,Technician,27,Female,A,,CUST-20170
Mostafa El-Sayed,Sales_Rep,31,Male,C,Land,CUST-20171
Mostafa Kamel,Engineer,62,Male,D,Land,CUST-20172
Bassem Ibrahim,Technician,41,Male,A,Land,CUST-20173
Zaki Ibrahim,Engineer,54,Male,D,Land,CUST-20174
Ahmed Zaki,Sales_Rep,60,Female,A,Vehicle,CUST-20175
Ibrahim Hamdy,Engineer,38,Male,D,Vehicle,CUST-20176
Mona Fawzy,Doctor,34,Female,A,Vehicle,CUST-20177
Hoda Kamel,Sales_Rep,62,Male,A,Vehicle,CUST-20178
,Technician,63,Male,D,,CUST-20179
Wael Amr,Freelancer,46,Female,A,,CUST-20180
Zaki Adel,Freelancer,60,Female,D,,CUST-20181
Sara Adel,Engineer,56,Female,D,Vehicle,CUST-20182
Hassan Fawzy,Technician,40,Male,D,Land,CUST-20183
Sherif Ibrahim,Engineer,61,Male,B,,CUST-20184
,Engineer,62,Female,B,Land,CUST-20185
Dina Zaki,Doctor,28,Female,D,Vehicle,CUST-20186
Amira Adel,Technician,49,Female,A,,CUST-20187
Sherif Adel,Sales_Rep,37,Male,A,,CUST-20188
Dina Kamel,Freelancer,58,Male,C,Vehicle,CUST-20189
Amira Kamel,Accountant,30,Female,B,Vehicle,CUST-20190
Dina Nabil,Doctor,47,Male,B,Vehicle,CUST-20191
Wael Reda,Technician,65,Male,B,Land,CUST-20192
Layla Mahmoud,Teacher,43,Male,C,Vehicle,CUST-20193
Dina Nabil,Technician,61,Male,B,Land,CUST-20194
Bassem Hassan,Accountant,43,Male,D,,CUST-20195
Amira Abdel-Aziz,Freelancer,38,Male,C,Land,CUST-20196
Sherif Hamdy,Freelancer,38,Female,D,,CUST-20197
Ahmed Kamel,Technician,65,Male,D,Vehicle,CUST-20198
Ahmed Saied,Accountant,33,Female,C,Vehicle,CUST-20199
Khaled Reda,Teacher,41,Male,A,,CUST-20200
Ibrahim Abdel-Aziz,Doctor,46,Female,D,Vehicle,CUST-20201
Omar Ibrahim,Sales_Rep,23,Female,C,Vehicle,CUST-20202
Nabil Zaki,Accountant,24,Male,C,Land,CUST-20203
Omar Mahmoud,Engineer,56,Male,C,,CUST-20204
,Accountant,40,Male,B,Land,CUST-20205
Salma Zaki,Accountant,61,Male,B,Land,CUST-20206
Fatma Abdel-Aziz,Technician,47,Female,B,Vehicle,CUST-20207
Karim Amr,Doctor,39,Female,D,Vehicle,CUST-20208
Mona Zaki,Technician,25,Female,D,Land,CUST-20209
Dina El-Sayed,Sales_Rep,46,Female,C,,CUST-20210
Omar Mahmoud,Accountant,43,Female,A,Land,CUST-20211
Khaled Hassan,Technician,22,Male,D,Vehicle,CUST-20212
Dina Ibrahim,Engineer,49,Male,A,Land,CUST-20213
Mohamed Adel,Accountant,46,Female,C,Land,CUST-20214
Wael Hassan,Accountant,63,Male,B,,CUST-20215
Zaki Adel,Doctor,27,Female,D,Vehicle,CUST-20216
Sara Mahmoud,Sales_Rep,50,Male,C,Land,CUST-20217
Hassan Saied,Engineer,21,Male,A,,CUST-20218
Sara Hamdy,Accountant,55,Female,C,,CUST-20219
Mahmoud El-Sayed,Freelancer,31,Male,D,,CUST-20220
Hoda Amr,Doctor,58,Male,A,Land,CUST-20221
,Teacher,40,Male,B,,CUST-20222
Mahmoud Zaki,Teacher,31,Male,B,Land,CUST-20223
Zaki El-Sayed,Freelancer,44,Female,C,Vehicle,CUST-20224
Mona Amr,Technician,57,Female,C,Vehicle,CUST-20225
Mostafa Ghanem,Freelancer,59,Male,C,,CUST-20226
Hoda Fawzy,Sales_Rep,63,Male,C,Land,CUST-20227
Wael El-Sayed,Teacher,41,Female,C,Land,CUST-20228
Heba Ghanem,Technician,63,Male,D,Vehicle,CUST-20229
Karim Hassan,Freelancer,29,Male,D,,CUST-20230
Mohamed Fawzy,Technician,52,Female,B,Land,CUST-20231
Omar Nabil,Sales_Rep,62,Male,B,Land,CUST-20232
Tarek Amr,Accountant,48,Female,A,Vehicle,CUST-20233
Tarek Amr,Technician,22,Male,B,,CUST-20234
Wael Mansour,Engineer,29,Male,D,Land,CUST-20235
Amira Fawzy,Technician,33,Male,B,Land,CUST-20236
Salma Ghanem,Teacher,22,Female,A,Vehicle,CUST-20237
Hassan Nabil,Engineer,39,Female,B,Land,CUST-20238
Ibrahim Hassan,Teacher,51,Female,C,Vehicle,CUST-20239
Mostafa Hassan,Technician,31,Male,C,Land,CUST-20240
Dina Ibrahim,Freelancer,21,Female,C,Vehicle,CUST-20241
Mohamed Zaki,Sales_Rep,35,Male,C,Land,CUST-20242
Ahmed Zaki,Sales_Rep,55,Female,D,Land,CUST-20243
Bassem Hassan,Technician,52,Female,D,Land,CUST-20244
,Accountant,50,Female,D,,CUST-20245
Bassem Ibrahim,Technician,21,Female,B,Land,CUST-20246
Ahmed Zaki,Teacher,51,Female,C,,CUST-20247
Heba Kamel,Technician,22,Male,A,Vehicle,CUST-20248
Khaled Hassan,Sales_Rep,38,Female,C,Vehicle,CUST-20249
Karim Ghanem,Sales_Rep,49,Male,C,,CUST-20250
Khaled Saied,Sales_Rep,28,Female,C,Land,CUST-20251
Omar Mahmoud,Accountant,30,Female,B,Land,CUST-20252
Layla Saied,Technician,52,Female,D,Land,CUST-20253
Hamdy Ghanem,Accountant,29,Female,C,,CUST-20254
Tarek Ghanem,Doctor,25,Female,A,Land,CUST-20255
Dina Saied,Engineer,39,Male,C,Vehicle,CUST-20256
Ibrahim Mansour,Engineer,53,Female,C,Vehicle,CUST-20257
Mostafa Ghanem,Sales_Rep,46,Female,A,Land,CUST-20258
Amira Nabil,Sales_Rep,27,Female,A,Vehicle,CUST-20259
Mona Adel,Doctor,28,Female,B,Vehicle,CUST-20260
Khaled Abdel-Aziz,Engineer,34,Female,A,,CUST-20261
Tarek Kamel,Technician,34,Male,A,Vehicle,CUST-20262
Tarek Saied,Doctor,51,Female,D,,CUST-20263
Dina Hamdy,Technician,37,Female,C,Vehicle,CUST-20264
Sherif El-Sayed,Technician,60,Female,D,Vehicle,CUST-20265
Mohamed Ghanem,Teacher,65,Female,A,Land,CUST-20266
Omar Hassan,Engineer,46,Male,C,Vehicle,CUST-20267
Wael Zaki,Accountant,27,Female,A,Vehicle,CUST-20268
Amira Abdel-Aziz,Sales_Rep,29,Female,A,Land,CUST-20269
Mahmoud Mansour,Doctor,43,Male,C,Land,CUST-20270
Mona Saied,Freelancer,65,Male,B,Land,CUST-20271
Tarek Hassan,Technician,32,Male,B,,CUST-20272
,Engineer,24,Male,D,Land,CUST-20273
Ahmed Kamel,Doctor,42,Female,C,,CUST-20274
Nabil Saied,Freelancer,56,Male,A,Vehicle,CUST-20275
Zaki Amr,Technician,63,Male,B,,CUST-20276
Heba Hamdy,Sales_Rep,39,Male,D,,CUST-20277
Sara Ghanem,Doctor,64,Male,C,Land,CUST-20278
Sara Hassan,Technician,59,Male,C,,CUST-20279
Mostafa Saied,Sales_Rep,29,Female,D,Land,CUST-20280
Omar Fawzy,Accountant,43,Male,D,Vehicle,CUST-20281
Heba Mansour,Technician,41,Male,A,Land,CUST-20282
Mona Fawzy,Freelancer,64,Male,B,Vehicle,CUST-20283
Nabil Kamel,Accountant,64,Male,B,Vehicle,CUST-20284
Mostafa Mahmoud,Engineer,45,Female,B,,CUST-20285
Hassan Reda,Freelancer,63,Female,D,,CUST-20286
Karim Fawzy,Freelancer,25,Female,A,Vehicle,CUST-20287
Amira Kamel,Doctor,44,Female,D,Vehicle,CUST-20288
Dina Nabil,Technician,24,Male,D,Vehicle,CUST-20289
Mahmoud Hassan,Accountant,62,Male,B,Vehicle,CUST-20290
Khaled Abdel-Aziz,Sales_Rep,57,Male,B,Land,CUST-20291
Dina Nabil,Engineer,31,Male,C,Land,CUST-20292
Omar Adel,Doctor,43,Female,B,,CUST-20293
Hamdy Kamel,Sales_Rep,52,Male,D,Land,CUST-20294
Zaki Saied,Teacher,45,Male,C,,CUST-20295
Ibrahim Fawzy,Sales_Rep,47,Male,D,,CUST-20296
Hoda Adel,Freelancer,53,Male,D,Land,CUST-20297
Salma Ibrahim,Technician,52,Female,B,,CUST-20298
Amira Abdel-Aziz,Engineer,64,Male,A,Vehicle,CUST-20299
Sara Nabil,Engineer,43,Male,D,Land,CUST-20300
Zaki Hassan,Freelancer,39,Female,D,Land,CUST-20301
Ibrahim Mahmoud,Teacher,39,Male,D,,CUST-20302
Sherif Ghanem,Doctor,42,Female,D,Vehicle,CUST-20303
Tarek Reda,Teacher,49,Male,B,,CUST-20304
Layla El-Sayed,Doctor,55,Male,B,,CUST-20305
Dina Reda,Freelancer,22,Male,D,Vehicle,CUST-20306
Zaki Ghanem,Engineer,39,Male,D,Vehicle,CUST-20307
Hoda Mahmoud,Accountant,62,Male,B,,CUST-20308
Fatma Adel,Accountant,44,Female,D,Land,CUST-20309
Hamdy Kamel,Accountant,43,Female,D,,CUST-20310
Salma Mansour,Sales_Rep,38,Male,B,,CUST-20311
Khaled Hamdy,Technician,37,Male,A,,CUST-20312
Sherif Hamdy,Teacher,23,Female,C,,CUST-20313
Nabil Abdel-Aziz,Freelancer,45,Male,C,Land,CUST-20314
Mona Hassan,Technician,29,Female,C,Land,CUST-20315
Sara Kamel,Accountant,52,Female,A,Land,CUST-20316
Nabil Hassan,Engineer,47,Male,A,Vehicle,CUST-20317
Mahmoud Fawzy,Accountant,44,Female,B,Vehicle,CUST-20318
Wael Amr,Freelancer,30,Male,C,Vehicle,CUST-20319
Ibrahim El-Sayed,Freelancer,48,Female,C,Land,CUST-20320
Khaled Ibrahim,Teacher,38,Female,A,Vehicle,CUST-20321
Bassem Saied,Doctor,29,Female,C,Land,CUST-20322
Wael Amr,Doctor,54,Male,B,Vehicle,CUST-20323
Ibrahim Hassan,Teacher,55,Female,D,Vehicle,CUST-20324
Khaled Mansour,Doctor,31,Male,A,Vehicle,CUST-20325
Dina Amr,Technician,62,Male,A,Land,CUST-20326
Ibrahim Mansour,Doctor,25,Male,A,Land,CUST-20327
Wael Abdel-Aziz,Teacher,26,Female,A,Land,CUST-20328
Dina Kamel,Engineer,43,Female,D,,CUST-20329
Omar Kamel,Accountant,29,Male,C,Land,CUST-20330
Heba Abdel-Aziz,Technician,32,Female,A,Land,CUST-20331
Dina Saied,Doctor,34,Male,A,,CUST-20332
Omar Amr,Doctor,55,Male,C,Land,CUST-20333
Heba Saied,Accountant,64,Male,A,Land,CUST-20334
Hamdy Ibrahim,Freelancer,36,Male,B,Land,CUST-20335
Mona Reda,Doctor,45,Male,A,Land,CUST-20336
Bassem Amr,Sales_Rep,32,Male,C,Vehicle,CUST-20337
Sherif Reda,Accountant,56,Male,D,,CUST-20338
Hoda Reda,Accountant,24,Male,B,Vehicle,CUST-20339
Mahmoud Kamel,Technician,32,Male,B,Land,CUST-20340
Zaki Mansour,Engineer,54,Female,D,Vehicle,CUST-20341
Heba Mahmoud,Accountant,54,Male,C,Vehicle,CUST-20342
Omar Hassan,Engineer,33,Male,B,,CUST-20343
Nabil Kamel,Doctor,54,Male,B,Vehicle,CUST-20344
Hoda Adel,Freelancer,49,Female,B,,CUST-20345
Fatma Mansour,Sales_Rep,65,Female,D,Vehicle,CUST-20346
Zaki Ibrahim,Technician,60,Female,B,Land,CUST-20347
Nabil Hassan,Technician,50,Female,C,Land,CUST-20348
Hoda Kamel,Sales_Rep,44,Female,D,Vehicle,CUST-20349
Ahmed Mahmoud,Doctor,44,Male,A,Vehicle,CUST-20350
Dina Saied,Accountant,30,Male,A,Vehicle,CUST-20351
Hoda Hassan,Accountant,36,Male,D,,CUST-20352
Khaled El-Sayed,Teacher,42,Male,C,,CUST-20353
Mohamed Kamel,Freelancer,49,Male,B,Land,CUST-20354
Karim Adel,Technician,41,Male,C,,CUST-20355
,Accountant,46,Male,D,Land,CUST-20356
Ahmed Ghanem,Doctor,22,Female,C,Vehicle,CUST-20357
Ahmed Hamdy,Accountant,51,Female,A,Land,CUST-20358
Mohamed Hamdy,Technician,29,Male,A,,CUST-20359
,Sales_Rep,26,Male,D,Vehicle,CUST-20360
Sara El-Sayed,Accountant,52,Female,A,,CUST-20361
Salma Hamdy,Freelancer,58,Female,D,,CUST-20362
Amira Ghanem,Accountant,46,Male,A,Land,CUST-20363
Zaki Hassan,Freelancer,52,Male,C,Land,CUST-20364
,Engineer,57,Female,C,,CUST-20365
Fatma Reda,Freelancer,43,Female,A,,CUST-20366
Zaki Fawzy,Sales_Rep,25,Female,D,Vehicle,CUST-20367
Nabil Hamdy,Accountant,31,Female,B,,CUST-20368
Karim El-Sayed,Doctor,26,Female,A,Vehicle,CUST-20369
Hoda Mansour,Teacher,43,Female,B,,CUST-20370
Hamdy Mansour,Technician,27,Female,B,,CUST-20371
Tarek Reda,Freelancer,37,Male,C,Vehicle,CUST-20372
Amira Fawzy,Freelancer,62,Male,A,Land,CUST-20373
Bassem Abdel-Aziz,Technician,42,Male,B,,CUST-20374
Zaki Reda,Doctor,65,Male,A,,CUST-20375
,Teacher,49,Female,D,Land,CUST-20376
Hassan Amr,Technician,54,Female,C,Vehicle,CUST-20377
Mahmoud El-Sayed,Doctor,56,Female,C,Vehicle,CUST-20378
Fatma Mansour,Technician,35,Female,D,Land,CUST-20379
Sherif Saied,Accountant,51,Male,A,,CUST-20380
,Sales_Rep,39,Female,D,Land,CUST-20381
Salma Hassan,Engineer,54,Female,D,Land,CUST-20382
Mahmoud Adel,Sales_Rep,28,Female,D,Vehicle,CUST-20383
Sara Saied,Accountant,42,Male,B,Vehicle,CUST-20384
Ibrahim Hamdy,Sales_Rep,31,Female,C,Land,CUST-20385
Tarek Fawzy,Technician,62,Male,A,Vehicle,CUST-20386
Nabil Amr,Technician,65,Male,A,Vehicle,CUST-20387
Bassem Zaki,Accountant,30,Male,C,,CUST-20388
Tarek Kamel,Technician,50,Male,B,Land,CUST-20389
Zaki Fawzy,Sales_Rep,26,Female,A,,CUST-20390
Mostafa Mansour,Technician,46,Female,C,Land,CUST-20391
Sherif Nabil,Sales_Rep,58,Female,C,,CUST-20392
Wael Hamdy,Engineer,59,Male,A,Vehicle,CUST-20393
Layla Fawzy,Engineer,29,Male,D,,CUST-20394
Sara Reda,Technician,51,Male,B,Vehicle,CUST-20395
Omar Hamdy,Teacher,24,Female,D,Land,CUST-20396
Wael Ghanem,Technician,22,Female,B,Land,CUST-20397
Karim Nabil,Accountant,30,Male,B,Vehicle,CUST-20398
Hoda Ghanem,Sales_Rep,53,Female,B,Land,CUST-20399
Sherif Ibrahim,Sales_Rep,58,Female,B,Land,CUST-20400
Sherif Fawzy,Technician,30,Male,B,Vehicle,CUST-20401
Salma Mahmoud,Accountant,25,Female,D,Vehicle,CUST-20402
Nabil Saied,Teacher,40,Female,C,Land,CUST-20403
Tarek Kamel,Teacher,46,Female,A,Vehicle,CUST-20404
Hassan Mansour,Sales_Rep,22,Male,C,,CUST-20405
Mohamed Mahmoud,Technician,25,Female,D,Vehicle,CUST-20406
Mohamed Ghanem,Technician,65,Female,D,Land,CUST-20407
Hamdy Fawzy,Teacher,21,Male,A,,CUST-20408
Omar Nabil,Sales_Rep,24,Female,A,,CUST-20409
Amira Abdel-Aziz,Technician,46,Male,A,Land,CUST-20410
Hoda Ghanem,Sales_Rep,30,Male,A,,CUST-20411
Nabil Mansour,Accountant,44,Female,D,Land,CUST-20412
Mona Ghanem,Doctor,33,Male,B,Land,CUST-20413
Omar Mahmoud,Accountant,61,Female,B,Land,CUST-20414
Sherif Mahmoud,Teacher,27,Female,B,Land,CUST-20415
Fatma Kamel,Sales_Rep,61,Male,B,Vehicle,CUST-20416
Mona Ghanem,Technician,51,Male,D,,CUST-20417
,Accountant,30,Male,C,,CUST-20418
Mohamed Ghanem,Teacher,65,Male,C,,CUST-20419
Hassan Amr,Engineer,59,Female,C,,CUST-20420
Fatma Ghanem,Sales_Rep,49,Female,C,,CUST-20421
,Freelancer,32,Male,D,,CUST-20422
Tarek Abdel-Aziz,Engineer,35,Female,B,,CUST-20423
Hoda El-Sayed,Teacher,50,Male,C,Vehicle,CUST-20424
Heba Nabil,Technician,37,Male,B,Land,CUST-20425
Sara Nabil,Doctor,57,Female,A,Land,CUST-20426
Heba Saied,Freelancer,34,Female,B,Vehicle,CUST-20427
Sara Kamel,Teacher,45,Male,D,Vehicle,CUST-20428
Mahmoud El-Sayed,Accountant,65,Female,A,Vehicle,CUST-20429
,Engineer,39,Male,D,Vehicle,CUST-20430
Sherif El-Sayed,Freelancer,55,Female,C,Land,CUST-20431
Layla Ghanem,Doctor,63,Male,A,,CUST-20432
Bassem El-Sayed,Technician,56,Male,B,Vehicle,CUST-20433
Dina Fawzy,Freelancer,40,Male,B,Land,CUST-20434
Amira Fawzy,Technician,43,Female,D,Land,CUST-20435
Omar Hamdy,Teacher,48,Male,B,,CUST-20436
Ibrahim Adel,Teacher,37,Male,B,Land,CUST-20437
Bassem Saied,Teacher,26,Male,D,,CUST-20438
Khaled Fawzy,Freelancer,62,Female,B,Land,CUST-20439
Hamdy Reda,Technician,46,Male,A,Land,CUST-20440
Hamdy Abdel-Aziz,Engineer,64,Male,D,,CUST-20441
Ibrahim Ghanem,Accountant,54,Female,A,Land,CUST-20442
Hassan El-Sayed,Accountant,26,Male,D,Land,CUST-20443
Amira Hassan,Technician,51,Male,B,,CUST-20444
Zaki Hamdy,Teacher,43,Male,B,Vehicle,CUST-20445
Sherif Mahmoud,Freelancer,34,Male,D,,CUST-20446
,Doctor,22,Male,A,Land,CUST-20447
Hassan Mansour,Doctor,41,Female,C,,CUST-20448
Hoda Adel,Teacher,47,Male,D,,CUST-20449
,Doctor,51,Male,D,Land,CUST-20450
Fatma Saied,Freelancer,35,Male,B,,CUST-20451
Mohamed El-Sayed,Doctor,24,Male,A,Land,CUST-20452
Dina Amr,Accountant,38,Male,C,Land,CUST-20453
Mona Kamel,Freelancer,27,Female,C,,CUST-20454
Hamdy Saied,Doctor,60,Male,C,Vehicle,CUST-20455
Omar Hamdy,Teacher,25,Female,A,Vehicle,CUST-20456
Heba Fawzy,Doctor,58,Male,D,Land,CUST-20457
Nabil Mansour,Freelancer,36,Female,C,,CUST-20458
Fatma Adel,Technician,35,Female,B,,CUST-20459
Fatma Nabil,Doctor,27,Female,B,Vehicle,CUST-20460
Sherif Adel,Freelancer,59,Male,C,,CUST-20461
Layla Reda,Doctor,28,Male,D,,CUST-20462
,Teacher,48,Male,D,Land,CUST-20463
Omar Adel,Engineer,28,Female,D,Land,CUST-20464
Bassem Reda,Technician,27,Female,A,,CUST-20465
Mohamed Ibrahim,Sales_Rep,61,Male,B,,CUST-20466
Hassan Adel,Freelancer,60,Female,C,Vehicle,CUST-20467
Salma Zaki,Sales_Rep,21,Female,C,Land,CUST-20468
Heba Mahmoud,Doctor,36,Female,B,Land,CUST-20469
Mahmoud Kamel,Sales_Rep,54,Male,B,Vehicle,CUST-20470
Dina Hassan,Technician,40,Female,B,Land,CUST-20471
Zaki Nabil,Teacher,46,Female,D,Vehicle,CUST-20472
Mostafa Zaki,Doctor,62,Male,C,,CUST-20473
Mohamed Nabil,Accountant,45,Male,B,,CUST-20474
Bassem Adel,Technician,53,Female,C,Land,CUST-20475
Sara Zaki,Freelancer,37,Male,A,,CUST-20476
Mohamed Nabil,Technician,64,Male,A,Land,CUST-20477
,Technician,33,Male,B,Vehicle,CUST-20478
Ahmed Fawzy,Accountant,26,Female,C,,CUST-20479
Fatma Abdel-Aziz,Teacher,22,Female,D,Land,CUST-20480
,Teacher,58,Male,C,Vehicle,CUST-20481
Amira Hassan,Technician,59,Male,C,,CUST-20482
Hamdy Ghanem,Teacher,62,Female,B,,CUST-20483
Omar Amr,Accountant,44,Male,C,Vehicle,CUST-20484
Heba Kamel,Technician,41,Female,B,Vehicle,CUST-20485
Ibrahim Amr,Accountant,22,Female,C,Land,CUST-20486
Sherif Ghanem,Teacher,26,Male,D,,CUST-20487
Hassan Abdel-Aziz,Engineer,49,Male,D,,CUST-20488
Salma Mahmoud,Doctor,38,Female,B,Land,CUST-20489
Sherif El-Sayed,Technician,42,Male,A,Vehicle,CUST-20490
Karim Zaki,Technician,39,Male,A,Vehicle,CUST-20491
Hamdy Adel,Teacher,39,Male,D,Vehicle,CUST-20492
Amira Abdel-Aziz,Accountant,53,Male,C,Land,CUST-20493
Tarek Ibrahim,Doctor,24,Male,D,,CUST-20494
Zaki El-Sayed,Technician,53,Male,C,,CUST-20495
Mohamed Amr,Teacher,56,Male,B,Vehicle,CUST-20496
Zaki Ibrahim,Doctor,42,Female,D,Land,CUST-20497
Ibrahim Reda,Accountant,24,Male,B,Land,CUST-20498
Hamdy Zaki,Doctor,46,Male,A,Vehicle,CUST-20499
Bassem Hassan,Doctor,24,Male,C,,CUST-20500
Salma Kamel,Technician,23,Male,C,,CUST-20501
Sherif Adel,Sales_Rep,61,Male,C,Vehicle,CUST-20502
Ahmed Mahmoud,Sales_Rep,28,Female,B,Land,CUST-20503
Mohamed Amr,Sales_Rep,23,Female,B,Vehicle,CUST-20504
Bassem Nabil,Accountant,51,Female,A,Vehicle,CUST-20505
Salma Abdel-Aziz,Accountant,53,Male,B,Vehicle,CUST-20506
,Freelancer,46,Female,B,Land,CUST-20507
Mahmoud Mansour,Sales_Rep,57,Male,B,,CUST-20508
Fatma Zaki,Doctor,64,Female,A,,CUST-20509
Nabil Kamel,Technician,29,Male,C,,CUST-20510
Dina Hamdy,Freelancer,57,Male,D,Land,CUST-20511
Heba Mansour,Freelancer,65,Male,D,Vehicle,CUST-20512
,Doctor,52,Male,B,Vehicle,CUST-20513
Amira Ibrahim,Freelancer,23,Female,D,,CUST-20514
Hamdy Ghanem,Doctor,32,Male,D,Vehicle,CUST-20515
Karim Fawzy,Doctor,21,Female,C,,CUST-20516
Wael Abdel-Aziz,Freelancer,41,Male,D,Vehicle,CUST-20517
Fatma Abdel-Aziz,Doctor,64,Female,C,Vehicle,CUST-20518
Khaled Ibrahim,Sales_Rep,27,Male,B,Vehicle,CUST-20519
Hassan Hassan,Teacher,21,Female,B,Vehicle,CUST-20520
Karim El-Sayed,Accountant,30,Female,C,Vehicle,CUST-20521
Karim Mansour,Engineer,21,Male,C,Land,CUST-20522
Khaled Abdel-Aziz,Sales_Rep,24,Female,A,Land,CUST-20523
Omar Saied,Sales_Rep,47,Male,D,Land,CUST-20524
Wael Ghanem,Teacher,30,Female,A,Land,CUST-20525
Amira Fawzy,Engineer,49,Male,A,Land,CUST-20526
Hoda Abdel-Aziz,Accountant,35,Male,B,Vehicle,CUST-20527
Hamdy El-Sayed,Teacher,49,Male,D,Land,CUST-20528
Wael Ghanem,Technician,28,Female,B,,CUST-20529
Hoda Zaki,Doctor,61,Female,C,Land,CUST-20530
Hoda Hassan,Freelancer,62,Male,D,,CUST-20531
Hamdy El-Sayed,Engineer,43,Female,C,Land,CUST-20532
Karim Amr,Freelancer,59,Female,B,Land,CUST-20533
Wael Zaki,Teacher,26,Female,C,Land,CUST-20534
Nabil Adel,Engineer,29,Female,B,,CUST-20535
Hassan El-Sayed,Technician,24,Female,C,Land,CUST-20536
Heba Mahmoud,Engineer,43,Female,C,Land,CUST-20537
Hassan Adel,Engineer,23,Male,A,Land,CUST-20538
Mahmoud Abdel-Aziz,Teacher,63,Female,C,,CUST-20539
Heba Mansour,Sales_Rep,30,Female,C,Land,CUST-20540
Hoda Saied,Technician,34,Male,C,Vehicle,CUST-20541
Ahmed Ghanem,Doctor,47,Male,A,,CUST-20542
Fatma Zaki,Sales_Rep,62,Male,D,,CUST-20543
Tarek Hassan,Engineer,27,Male,C,Land,CUST-20544
Karim El-Sayed,Accountant,42,Female,D,Vehicle,CUST-20545
Wael Nabil,Accountant,61,Male,D,Vehicle,CUST-20546
Zaki Mahmoud,Engineer,65,Male,B,Vehicle,CUST-20547
Mostafa Ghanem,Sales_Rep,62,Male,B,Land,CUST-20548
Zaki Nabil,Engineer,46,Female,A,,CUST-20549
,Teacher,37,Female,C,,CUST-20550
Layla Mansour,Teacher,50,Male,B,Land,CUST-20551
Tarek Ibrahim,Accountant,57,Male,C,Vehicle,CUST-20552
Mona Reda,Sales_Rep,23,Male,A,Vehicle,CUST-20553
Dina Kamel,Accountant,53,Male,B,,CUST-20554
Nabil Hamdy,Technician,47,Male,C,Vehicle,CUST-20555
Heba Kamel,Sales_Rep,53,Female,D,Land,CUST-20556
Salma Saied,Engineer,25,Female,D,Vehicle,CUST-20557
Ahmed Reda,Technician,28,Female,C,Land,CUST-20558
Hoda Hassan,Freelancer,59,Male,D,,CUST-20559
Hoda Kamel,Engineer,58,Female,B,,CUST-20560
Khaled Mahmoud,Accountant,59,Male,B,,CUST-20561
Mahmoud Saied,Technician,60,Female,A,Vehicle,CUST-20562
Ahmed Hamdy,Doctor,53,Female,A,Vehicle,CUST-20563
Wael Reda,Engineer,29,Female,C,,CUST-20564
Nabil Reda,Freelancer,55,Female,A,Vehicle,CUST-20565
Mohamed Abdel-Aziz,Accountant,43,Female,D,Vehicle,CUST-20566
Hoda Hamdy,Engineer,21,Female,C,Land,CUST-20567
Fatma Adel,Sales_Rep,43,Female,D,Land,CUST-20568
Sherif Adel,Teacher,44,Male,B,Land,CUST-20569
Ahmed Zaki,Sales_Rep,51,Female,B,Land,CUST-20570
Hamdy Ibrahim,Doctor,49,Female,D,Land,CUST-20571
Karim Zaki,Accountant,21,Female,D,Vehicle,CUST-20572
Mona Kamel,Freelancer,26,Male,C,Land,CUST-20573
Hoda El-Sayed,Sales_Rep,62,Male,C,Vehicle,CUST-20574
Khaled Reda,Sales_Rep,39,Female,C,Vehicle,CUST-20575
Hoda Kamel,Accountant,51,Male,D,,CUST-20576
Mahmoud Fawzy,Doctor,33,Female,C,Vehicle,CUST-20577
Mostafa Ghanem,Technician,37,Male,B,,CUST-20578
Fatma Mansour,Sales_Rep,38,Male,A,Land,CUST-20579
Mostafa Mansour,Freelancer,28,Male,A,Land,CUST-20580
Hamdy Hassan,Doctor,52,Male,C,Land,CUST-20581
Bassem Zaki,Technician,45,Male,D,Vehicle,CUST-20582
Amira Amr,Freelancer,41,Female,D,Land,CUST-20583
Zaki Fawzy,Sales_Rep,23,Male,B,Vehicle,CUST-20584
Layla Mansour,Sales_Rep,40,Male,C,Land,CUST-20585
Mona Reda,Accountant,40,Female,B,Vehicle,CUST-20586
Mohamed Ibrahim,Teacher,62,Male,D,Vehicle,CUST-20587
Khaled Nabil,Teacher,43,Male,C,,CUST-20588
Ibrahim Kamel,Freelancer,42,Male,A,Land,CUST-20589
Salma Mahmoud,Teacher,31,Male,D,,CUST-20590
Omar El-Sayed,Sales_Rep,26,Male,B,,CUST-20591
Mostafa Mahmoud,Accountant,40,Male,D,Vehicle,CUST-20592
Nabil Kamel,Teacher,43,Female,D,,CUST-20593
Mohamed Kamel,Accountant,42,Male,D,Land,CUST-20594
Fatma Mahmoud,Technician,55,Female,B,Vehicle,CUST-20595
Dina Zaki,Sales_Rep,24,Female,C,Land,CUST-20596
Tarek Kamel,Engineer,50,Male,C,Vehicle,CUST-20597
Mostafa Kamel,Technician,51,Female,C,Land,CUST-20598
Mahmoud El-Sayed,Accountant,37,Male,C,Land,CUST-20599
Ahmed Fawzy,Accountant,22,Male,A,Vehicle,CUST-20600
Bassem Zaki,Teacher,50,Female,C,Land,CUST-20601
Hoda Mansour,Freelancer,21,Female,A,Vehicle,CUST-20602
Zaki Saied,Teacher,41,Female,A,Land,CUST-20603
Dina Abdel-Aziz,Sales_Rep,47,Female,C,Land,CUST-20604
Hoda Amr,Doctor,51,Male,D,Vehicle,CUST-20605
Tarek Ghanem,Sales_Rep,49,Female,D,Vehicle,CUST-20606
Hamdy Zaki,Doctor,52,Male,C,,CUST-20607
Omar Amr,Sales_Rep,63,Male,C,Land,CUST-20608
Sara Mansour,Engineer,49,Male,D,Vehicle,CUST-20609
Mahmoud Adel,Freelancer,54,Female,D,Vehicle,CUST-20610
Nabil Zaki,Teacher,52,Male,D,,CUST-20611
Mahmoud Mansour,Technician,26,Male,A,Vehicle,CUST-20612
Tarek Adel,Technician,47,Female,D,Land,CUST-20613
Dina Nabil,Accountant,55,Female,B,Vehicle,CUST-20614
Fatma Saied,Sales_Rep,38,Male,A,Vehicle,CUST-20615
Ibrahim Kamel,Accountant,60,Female,D,Land,CUST-20616
Hamdy Ghanem,Doctor,64,Female,C,,CUST-20617
Heba Abdel-Aziz,Teacher,30,Female,B,,CUST-20618
Mostafa Ghanem,Accountant,56,Female,B,Vehicle,CUST-20619
Hamdy Kamel,Accountant,39,Male,D,,CUST-20620
Mahmoud Abdel-Aziz,Accountant,40,Male,C,Vehicle,CUST-20621
Tarek El-Sayed,Technician,48,Male,B,Land,CUST-20622
Tarek Adel,Freelancer,61,Male,D,,CUST-20623
Tarek Mahmoud,Engineer,61,Male,B,,CUST-20624
Layla Hamdy,Freelancer,40,Female,A,Vehicle,CUST-20625
Tarek Reda,Accountant,31,Male,D,Land,CUST-20626
,Engineer,27,Female,B,Land,CUST-20627
Wael Mahmoud,Technician,37,Male,A,,CUST-20628
Zaki Zaki,Freelancer,28,Male,C,Land,CUST-20629
Mohamed Mahmoud,Engineer,59,Male,D,Vehicle,CUST-20630
Bassem Amr,Accountant,65,Female,A,,CUST-20631
Fatma Hassan,Teacher,42,Male,D,Land,CUST-20632
Layla Hassan,Doctor,57,Female,C,Land,CUST-20633
Hamdy Abdel-Aziz,Accountant,35,Male,D,,CUST-20634
Layla Adel,Accountant,63,Female,B,Vehicle,CUST-20635
Khaled Nabil,Doctor,23,Male,D,Land,CUST-20636
Zaki Kamel,Teacher,35,Male,D,,CUST-20637
Fatma El-Sayed,Engineer,57,Female,D,,CUST-20638
Layla Abdel-Aziz,Technician,47,Female,B,Vehicle,CUST-20639
Wael Amr,Accountant,55,Male,C,Vehicle,CUST-20640
Sara Mahmoud,Engineer,25,Male,A,,CUST-20641
Mona Mahmoud,Sales_Rep,56,Male,C,Vehicle,CUST-20642
Layla Mahmoud,Accountant,32,Female,A,Vehicle,CUST-20643
Karim Mahmoud,Accountant,22,Female,D,,CUST-20644
Khaled Mansour,Engineer,26,Female,C,Land,CUST-20645
Mahmoud Amr,Technician,63,Male,A,,CUST-20646
Fatma Zaki,Teacher,48,Male,B,Vehicle,CUST-20647
Bassem Adel,Doctor,51,Female,B,Land,CUST-20648
Dina Reda,Doctor,45,Male,C,,CUST-20649
Dina Amr,Teacher,40,Female,A,Vehicle,CUST-20650
Khaled Abdel-Aziz,Engineer,22,Female,B,,CUST-20651
Khaled Nabil,Teacher,63,Female,C,,CUST-20652
Tarek Fawzy,Engineer,56,Female,B,Land,CUST-20653
,Engineer,43,Male,B,,CUST-20654
Fatma Hassan,Teacher,53,Male,B,,CUST-20655
Sara Abdel-Aziz,Accountant,26,Male,C,,CUST-20656
Mostafa Hamdy,Teacher,64,Male,B,Land,CUST-20657
Omar Reda,Sales_Rep,47,Male,A,Land,CUST-20658
Khaled Abdel-Aziz,Sales_Rep,28,Male,B,Vehicle,CUST-20659
Zaki Kamel,Technician,44,Male,D,,CUST-20660
Layla Saied,Sales_Rep,49,Male,B,Vehicle,CUST-20661
Wael El-Sayed,Technician,51,Male,D,Land,CUST-20662
Karim Saied,Technician,41,Female,D,Land,CUST-20663
,Accountant,65,Female,B,Land,CUST-20664
Mohamed Kamel,Technician,43,Male,B,,CUST-20665
Nabil Mansour,Sales_Rep,46,Female,C,,CUST-20666
Ahmed Adel,Accountant,45,Female,A,Vehicle,CUST-20667
Nabil Kamel,Sales_Rep,65,Female,A,Land,CUST-20668
Heba Adel,Technician,27,Male,D,,CUST-20669
Nabil Fawzy,Sales_Rep,27,Female,D,Vehicle,CUST-20670
Mohamed Adel,Engineer,31,Female,A,Vehicle,CUST-20671
Nabil Nabil,Doctor,60,Male,D,Land,CUST-20672
Tarek Fawzy,Teacher,38,Male,D,Vehicle,CUST-20673
Bassem Nabil,Teacher,47,Female,D,,CUST-20674
,Engineer,32,Male,B,Vehicle,CUST-20675
Zaki Abdel-Aziz,Technician,41,Male,B,Vehicle,CUST-20676
Zaki Hassan,Sales_Rep,49,Female,B,Land,CUST-20677
Zaki Abdel-Aziz,Doctor,26,Female,B,,CUST-20678
Wael Adel,Technician,34,Male,B,Vehicle,CUST-20679
Ibrahim Ghanem,Accountant,65,Female,C,Vehicle,CUST-20680
Nabil Ibrahim,Technician,23,Male,B,Land,CUST-20681
Sara El-Sayed,Accountant,22,Female,C,,CUST-20682
Zaki Reda,Sales_Rep,57,Male,C,Vehicle,CUST-20683
Mostafa Saied,Freelancer,44,Female,D,Vehicle,CUST-20684
Karim Zaki,Accountant,21,Female,A,Land,CUST-20685
Wael Ghanem,Doctor,55,Male,B,Land,CUST-20686
Layla Mahmoud,Teacher,47,Male,A,,CUST-20687
Zaki Ibrahim,Technician,45,Male,C,Land,CUST-20688
Mahmoud Abdel-Aziz,Freelancer,44,Male,A,Land,CUST-20689
Tarek Ghanem,Technician,62,Female,D,,CUST-20690
Salma Saied,Doctor,59,Female,B,Land,CUST-20691
Khaled Hassan,Freelancer,40,Female,A,Land,CUST-20692
Ibrahim Mahmoud,Doctor,64,Male,A,Land,CUST-20693
Karim Abdel-Aziz,Teacher,23,Male,B,,CUST-20694
Nabil El-Sayed,Accountant,44,Male,D,Land,CUST-20695
Khaled Hamdy,Engineer,63,Male,B,,CUST-20696
Tarek Amr,Freelancer,55,Male,D,,CUST-20697
Hoda Reda,Technician,39,Female,A,,CUST-20698
Zaki Mahmoud,Doctor,27,Male,B,Land,CUST-20699
Hoda Abdel-Aziz,Doctor,44,Male,A,Vehicle,CUST-20700
Dina Adel,Accountant,38,Female,D,Land,CUST-20701
Amira Mansour,Doctor,36,Female,A,Land,CUST-20702
Hassan Saied,Accountant,52,Female,A,,CUST-20703
Omar Hassan,Freelancer,47,Female,C,Vehicle,CUST-20704
Zaki Hassan,Engineer,40,Male,D,Vehicle,CUST-20705
Omar Mansour,Technician,38,Female,A,,CUST-20706
Omar Hamdy,Doctor,49,Male,A,,CUST-20707
Ibrahim Ibrahim,Teacher,44,Male,A,Land,CUST-20708
Hamdy Adel,Teacher,43,Male,A,Vehicle,CUST-20709
Ahmed Abdel-Aziz,Teacher,40,Male,D,,CUST-20710
Zaki Nabil,Freelancer,33,Female,A,,CUST-20711
Hassan Reda,Engineer,49,Male,D,,CUST-20712
Mostafa Nabil,Engineer,58,Female,B,Vehicle,CUST-20713
Karim Reda,Engineer,46,Female,C,Land,CUST-20714
Hassan El-Sayed,Freelancer,43,Male,D,Land,CUST-20715
Omar Fawzy,Technician,39,Female,D,Land,CUST-20716
Sherif Amr,Accountant,38,Male,B,,CUST-20717
Ibrahim Ghanem,Accountant,41,Male,D,Land,CUST-20718
Omar Abdel-Aziz,Technician,56,Female,A,Vehicle,CUST-20719
Mostafa Adel,Accountant,37,Female,A,Land,CUST-20720
,Teacher,52,Male,C,Vehicle,CUST-20721
Mohamed Mansour,Teacher,50,Male,D,,CUST-20722
Salma Abdel-Aziz,Sales_Rep,51,Female,A,Land,CUST-20723
,Engineer,54,Female,D,Vehicle,CUST-20724
Zaki Zaki,Accountant,32,Male,C,Vehicle,CUST-20725
Mohamed Fawzy,Engineer,50,Female,C,Vehicle,CUST-20726
Omar Ibrahim,Freelancer,59,Female,D,Vehicle,CUST-20727
Mahmoud Adel,Teacher,49,Female,A,Land,CUST-20728
Sherif Zaki,Accountant,47,Female,D,Land,CUST-20729
Amira Abdel-Aziz,Teacher,59,Female,D,Land,CUST-20730
Omar Fawzy,Doctor,47,Female,A,Land,CUST-20731
Sherif Ghanem,Accountant,41,Male,A,Vehicle,CUST-20732
Sara Hamdy,Technician,34,Female,D,,CUST-20733
Amira Saied,Teacher,46,Female,B,,CUST-20734
Omar Ibrahim,Accountant,23,Male,A,Land,CUST-20735
Ahmed Hamdy,Sales_Rep,25,Female,C,Land,CUST-20736
Dina Abdel-Aziz,Doctor,35,Male,A,Vehicle,CUST-20737
Nabil Adel,Sales_Rep,56,Male,D,Vehicle,CUST-20738
Hassan Saied,Engineer,64,Female,C,Land,CUST-20739
Ahmed Reda,Accountant,59,Male,C,Land,CUST-20740
Mahmoud Ghanem,Technician,23,Male,C,Vehicle,CUST-20741
Amira Mansour,Freelancer,50,Female,D,,CUST-20742
Hamdy Hamdy,Freelancer,41,Female,D,,CUST-20743
Salma Hamdy,Doctor,42,Female,A,Land,CUST-20744
Heba Adel,Accountant,40,Female,A,Vehicle,CUST-20745
Ibrahim Kamel,Engineer,27,Female,A,,CUST-20746
Salma Ibrahim,Freelancer,23,Male,D,Vehicle,CUST-20747
Sherif Nabil,Engineer,22,Female,B,Land,CUST-20748
Mona Ghanem,Accountant,42,Female,B,Land,CUST-20749
Mona Amr,Technician,27,Female,C,Vehicle,CUST-20750
Tarek Fawzy,Freelancer,56,Male,B,Vehicle,CUST-20751
Tarek Hassan,Teacher,36,Female,A,,CUST-20752
Sherif Reda,Technician,53,Female,A,Vehicle,CUST-20753
Nabil Fawzy,Accountant,50,Female,A,Vehicle,CUST-20754
Layla Mansour,Doctor,63,Female,C,Vehicle,CUST-20755
Mona El-Sayed,Doctor,63,Male,D,Vehicle,CUST-20756
Wael Fawzy,Freelancer,21,Female,A,Land,CUST-20757
Salma El-Sayed,Accountant,41,Female,B,,CUST-20758
Zaki Adel,Sales_Rep,56,Female,C,Vehicle,CUST-20759
Tarek Ibrahim,Accountant,29,Female,B,,CUST-20760
Bassem Abdel-Aziz,Technician,54,Male,A,,CUST-20761
Tarek Reda,Technician,40,Male,D,,CUST-20762
Ibrahim Fawzy,Sales_Rep,27,Female,D,Land,CUST-20763
Khaled Nabil,Accountant,39,Female,D,,CUST-20764
Ahmed Reda,Technician,32,Male,D,Vehicle,CUST-20765
Amira Mansour,Freelancer,53,Male,A,Land,CUST-20766
Hoda Nabil,Teacher,43,Female,A,Vehicle,CUST-20767
Tarek El-Sayed,Sales_Rep,24,Female,C,,CUST-20768
Khaled Adel,Engineer,22,Female,D,Vehicle,CUST-20769
Omar Adel,Technician,32,Male,B,,CUST-20770
Salma Mahmoud,Accountant,64,Male,A,Land,CUST-20771
Omar Abdel-Aziz,Technician,54,Male,C,Land,CUST-20772
Mona Hassan,Accountant,47,Male,C,Land,CUST-20773
Ibrahim Saied,Sales_Rep,48,Female,C,Land,CUST-20774
Wael Fawzy,Engineer,51,Male,C,Land,CUST-20775
Layla Nabil,Accountant,46,Male,B,,CUST-20776
Hassan Abdel-Aziz,Doctor,22,Female,A,,CUST-20777
Mahmoud Fawzy,Freelancer,54,Male,C,Vehicle,CUST-20778
Sara Abdel-Aziz,Teacher,65,Female,D,Land,CUST-20779
,Technician,27,Male,C,Land,CUST-20780
Sara Mansour,Accountant,21,Male,B,Land,CUST-20781
Zaki Ibrahim,Sales_Rep,60,Female,C,Vehicle,CUST-20782
Mohamed Hassan,Freelancer,56,Female,B,,CUST-20783
Mohamed Amr,Doctor,57,Male,B,,CUST-20784
Ibrahim Nabil,Doctor,33,Male,B,Land,CUST-20785
Ahmed Ibrahim,Doctor,38,Male,C,Vehicle,CUST-20786
Salma Saied,Technician,64,Female,A,Vehicle,CUST-20787
Dina Nabil,Doctor,32,Male,B,,CUST-20788
Hassan El-Sayed,Doctor,48,Male,C,Vehicle,CUST-20789
Amira El-Sayed,Doctor,55,Female,A,,CUST-20790
Mohamed Kamel,Technician,23,Male,D,,CUST-20791
Ahmed El-Sayed,Teacher,60,Female,C,Land,CUST-20792
Amira Nabil,Doctor,24,Male,A,,CUST-20793
Sherif Hamdy,Sales_Rep,55,Male,B,Land,CUST-20794
Fatma Nabil,Teacher,44,Male,B,Vehicle,CUST-20795
Mostafa Nabil,Teacher,23,Female,D,Land,CUST-20796
Mona Reda,Technician,48,Female,C,Vehicle,CUST-20797
Heba Mansour,Accountant,40,Male,D,Vehicle,CUST-20798
Zaki Ghanem,Technician,58,Male,D,Vehicle,CUST-20799
Bassem Hassan,Engineer,37,Male,C,Vehicle,CUST-20800
Heba Reda,Accountant,28,Female,C,Vehicle,CUST-20801
Ibrahim Reda,Doctor,63,Female,C,Land,CUST-20802
Dina Amr,Freelancer,65,Female,A,Vehicle,CUST-20803
Fatma Ghanem,Accountant,53,Female,C,Vehicle,CUST-20804
Hamdy Saied,Freelancer,36,Male,B,,CUST-20805
Wael El-Sayed,Sales_Rep,32,Female,D,Land,CUST-20806
Layla Reda,Doctor,31,Male,A,Land,CUST-20807
Karim Hamdy,Sales_Rep,60,Female,B,Vehicle,CUST-20808
Sara Amr,Engineer,33,Male,A,Vehicle,CUST-20809
Wael Ibrahim,Sales_Rep,62,Male,B,,CUST-20810
Hoda Adel,Engineer,48,Male,B,,CUST-20811
Sara Kamel,Engineer,31,Male,A,Land,CUST-20812
Layla Hassan,Doctor,23,Female,B,Vehicle,CUST-20813
Khaled El-Sayed,Freelancer,36,Female,B,Land,CUST-20814
Tarek El-Sayed,Teacher,29,Female,B,,CUST-20815
Wael Nabil,Freelancer,29,Male,A,,CUST-20816
Mahmoud Kamel,Technician,55,Male,D,Vehicle,CUST-20817
Hoda Mahmoud,Engineer,64,Female,C,Vehicle,CUST-20818
Mohamed Abdel-Aziz,Teacher,59,Male,D,Land,CUST-20819
Mahmoud Mansour,Accountant,33,Female,C,,CUST-20820
Dina Reda,Teacher,37,Male,B,Land,CUST-20821
Mostafa Amr,Doctor,57,Male,C,,CUST-20822
Fatma Hassan,Freelancer,36,Male,A,,CUST-20823
Ibrahim El-Sayed,Teacher,62,Female,A,,CUST-20824
Layla El-Sayed,Sales_Rep,62,Male,A,Land,CUST-20825
Heba Amr,Teacher,45,Female,A,Land,CUST-20826
Amira Saied,Doctor,26,Female,A,Land,CUST-20827
Ibrahim Hamdy,Technician,25,Male,C,Land,CUST-20828
Bassem Hamdy,Engineer,32,Male,C,Vehicle,CUST-20829
Zaki Hamdy,Engineer,26,Male,A,,CUST-20830
Mona Ibrahim,Doctor,37,Male,B,Vehicle,CUST-20831
Hassan Nabil,Sales_Rep,61,Female,D,Vehicle,CUST-20832
Fatma Fawzy,Accountant,29,Female,B,Land,CUST-20833
Zaki Adel,Sales_Rep,23,Male,A,,CUST-20834
Nabil El-Sayed,Doctor,33,Female,A,Vehicle,CUST-20835
Salma El-Sayed,Teacher,48,Female,A,,CUST-20836
Zaki El-Sayed,Engineer,24,Female,A,Vehicle,CUST-20837
Mostafa El-Sayed,Engineer,34,Female,B,Land,CUST-20838
Mona Hassan,Sales_Rep,59,Male,D,,CUST-20839
Mohamed Ibrahim,Accountant,59,Female,B,Land,CUST-20840
Sara Zaki,Doctor,51,Male,A,Vehicle,CUST-20841
,Technician,29,Female,A,Land,CUST-20842
Mahmoud Reda,Accountant,40,Female,A,Land,CUST-20843
Ahmed Reda,Engineer,63,Male,C,Vehicle,CUST-20844
Hoda Abdel-Aziz,Doctor,42,Female,D,Vehicle,CUST-20845
Sherif Reda,Accountant,50,Female,A,Vehicle,CUST-20846
Hassan Abdel-Aziz,Accountant,32,Female,A,Land,CUST-20847
Ibrahim Ibrahim,Sales_Rep,38,Male,D,,CUST-20848
Omar Adel,Accountant,59,Male,B,Land,CUST-20849
Hoda Fawzy,Accountant,59,Male,D,Land,CUST-20850
Mahmoud Adel,Sales_Rep,34,Female,D,Vehicle,CUST-20851
Sherif Adel,Freelancer,51,Female,A,Vehicle,CUST-20852
Sherif Reda,Sales_Rep,56,Male,A,Vehicle,CUST-20853
Mohamed Saied,Technician,63,Female,A,Land,CUST-20854
Fatma Hamdy,Engineer,41,Male,A,,CUST-20855
Bassem Nabil,Accountant,49,Female,C,,CUST-20856
Karim Abdel-Aziz,Engineer,27,Female,D,,CUST-20857
Ahmed Reda,Freelancer,58,Male,C,Land,CUST-20858
Fatma Hassan,Sales_Rep,26,Female,C,Land,CUST-20859
Omar El-Sayed,Doctor,22,Female,C,Land,CUST-20860
Amira Mansour,Teacher,56,Male,B,,CUST-20861
Tarek Ghanem,Engineer,33,Male,C,Vehicle,CUST-20862
Bassem Amr,Doctor,45,Female,A,Vehicle,CUST-20863
Khaled Ibrahim,Freelancer,54,Male,C,Vehicle,CUST-20864
Bassem Reda,Freelancer,59,Female,A,Vehicle,CUST-20865
Ahmed Fawzy,Doctor,64,Male,A,,CUST-20866
Mostafa Zaki,Accountant,37,Female,D,Vehicle,CUST-20867
Amira Mahmoud,Accountant,28,Male,C,,CUST-20868
Mohamed Adel,Accountant,64,Male,B,Land,CUST-20869
Ibrahim Reda,Sales_Rep,36,Female,B,Land,CUST-20870
Tarek Zaki,Engineer,34,Female,C,,CUST-20871
Mohamed Saied,Sales_Rep,59,Male,C,,CUST-20872
Mona Ghanem,Freelancer,21,Male,C,Land,CUST-20873
Layla Ghanem,Sales_Rep,49,Male,C,Vehicle,CUST-20874
Tarek Fawzy,Technician,36,Male,A,Land,CUST-20875
Amira Adel,Freelancer,58,Male,D,,CUST-20876
Dina Kamel,Doctor,22,Female,A,Land,CUST-20877
Sara Ghanem,Doctor,42,Male,B,,CUST-20878
Layla Nabil,Sales_Rep,62,Female,A,Land,CUST-20879
Ahmed Kamel,Technician,28,Female,C,Land,CUST-20880
,Teacher,44,Female,C,Vehicle,CUST-20881
Sherif Saied,Accountant,39,Female,D,,CUST-20882
Amira Amr,Engineer,60,Female,D,,CUST-20883
Khaled Amr,Sales_Rep,37,Male,C,Vehicle,CUST-20884
Heba Abdel-Aziz,Accountant,64,Male,D,,CUST-20885
Hoda Saied,Freelancer,43,Female,C,,CUST-20886
Khaled Amr,Doctor,26,Female,C,,CUST-20887
Fatma Mansour,Doctor,27,Female,C,,CUST-20888
Mohamed Mahmoud,Engineer,58,Female,A,Land,CUST-20889
Layla Saied,Doctor,52,Female,D,Land,CUST-20890
Dina El-Sayed,Engineer,62,Female,C,Vehicle,CUST-20891
Amira Mansour,Technician,56,Female,D,,CUST-20892
Heba Abdel-Aziz,Teacher,24,Female,D,Vehicle,CUST-20893
Nabil Amr,Freelancer,27,Male,D,Vehicle,CUST-20894
Hoda Ghanem,Doctor,52,Female,B,,CUST-20895
Mohamed Kamel,Teacher,43,Female,A,Vehicle,CUST-20896
Layla Reda,Accountant,23,Female,A,,CUST-20897
Hoda Saied,Technician,32,Female,D,Vehicle,CUST-20898
Heba Mahmoud,Teacher,29,Male,C,Land,CUST-20899
Ahmed Saied,Teacher,27,Female,C,,CUST-20900
Layla Amr,Engineer,43,Male,B,,CUST-20901
