Order_ID,Customer_ID,Product_ID,Branch_ID,Agent_ID,Order_Date,Total_Value,Payment_Method,Down_Payment,Net_Financed,Months_Term,Interest_Rate,Monthly_Installment,Remaining_Balance,Days_Past_Due,Currency,Next_Due_Date
ORD-10000,CUST-918,PROD-114,BR-6,AG-7,2/28/2024,33386,Installments,6677.2,26708.8,12,0.2,2225.73,13354.4,0,EGP,4/4/2026
ORD-10001,CUST-102,PROD-121,BR-1,AG-16,4/7/2024,50585.19,Installments,10117.04,40468.15,12,0.2,3372.35,20234.08,0,EGP,4/4/2026
ORD-10002,CUST-646,PROD-170,BR-4,AG-8,2/11/2024,77631.47,Installments,15526.29,62105.18,12,0.2,5175.43,31052.59,0,EGP,4/4/2026
ORD-10003,CUST-920,PROD-104,BR-6,AG-3,8/24/2024,76188.94,Installments,15237.79,60951.15,12,0.2,5079.26,30475.58,120,EGP,4/4/2026
ORD-10004,CUST-665,PROD-81,BR-6,AG-17,1/30/2025,87921.55,Installments,17584.31,70337.24,12,0.2,5861.44,35168.62,0,EGP,4/4/2026
ORD-10005,CUST-855,PROD-85,BR-7,AG-1,1/18/2024,14178.6,Installments,2835.72,11342.88,12,0.2,945.24,5671.44,15,EGP,4/4/2026
ORD-10006,CUST-616,PROD-194,BR-8,AG-2,12/20/2024,62361.49,Cash,62361.49,0,0,0,0,0,0,EGP,
ORD-10007,CUST-117,PROD-174,BR-6,AG-25,1/1/2024,14975.86,Installments,2995.17,11980.69,12,0.2,998.39,5990.34,15,EGP,1/1/1900
ORD-10008,CUST-190,PROD-169,BR-2,AG-13,2/22/2024,80700.65,Cash,80700.65,0,0,0,0,0,0,EGP,
ORD-10009,CUST-890,PROD-72,BR-3,AG-6,1/26/2024,86660.34,Cash,86660.34,0,0,0,0,0,0,EGP,
ORD-10010,CUST-488,PROD-197,BR-10,AG-14,5/17/2024,57861.16,Installments,11572.23,46288.93,12,0.2,3857.41,23144.46,0,EGP,4/4/2026
ORD-10011,CUST-994,PROD-98,BR-1,AG-19,1/19/2024,11504.94,Cash,11504.94,0,0,0,0,0,0,EGP,
ORD-10012,CUST-999,PROD-77,BR-9,AG-7,2/2/2025,44013.18,Cash,44013.18,0,0,0,0,0,0,EGP,
ORD-10013,CUST-390,PROD-167,BR-8,AG-18,1/28/2025,42180.03,Installments,8436.01,33744.02,12,0.2,2812,16872.01,15,egp,4/4/2026
ORD-10014,CUST-188,PROD-184,BR-6,AG-11,2/1/2025,32484.35,Installments,6496.87,25987.48,12,0.2,2165.62,12993.74,0,EGP,4/4/2026
ORD-10015,CUST-771,PROD-184,BR-7,AG-17,5/10/2024,40282.43,Installments,8056.49,32225.94,12,0.2,2685.5,16112.97,15,EGP,4/4/2026
ORD-10016,CUST-791,PROD-76,BR-3,AG-5,2/4/2025,65682.68,Cash,65682.68,0,0,0,0,0,0,egp,
ORD-10017,CUST-738,PROD-193,BR-10,AG-22,9/27/2024,11769.15,Installments,2353.83,9415.32,12,0.2,784.61,4707.66,0,EGP,4/4/2026
ORD-10018,CUST-264,PROD-137,BR-1,AG-22,11/15/2024,56631.48,Installments,11326.3,45305.18,12,0.2,3775.43,22652.59,0,EGP,4/4/2026
ORD-10019,CUST-854,PROD-51,BR-1,AG-15,3/17/2024,49641.84,Installments,9928.37,39713.47,12,0.2,3309.46,19856.74,15,EGP,4/4/2026
ORD-10020,CUST-484,PROD-82,BR-1,AG-21,11/2/2024,84933.76,Installments,16986.75,67947.01,12,0.2,5662.25,33973.5,0,EGP,4/4/2026
ORD-10021,CUST-663,PROD-149,BR-9,AG-23,1/12/2025,48531.3,Installments,9706.26,38825.04,12,0.2,3235.42,19412.52,0,EGP,4/4/2026
ORD-10022,CUST-691,PROD-161,BR-10,AG-13,10/12/2024,72691.79,Installments,14538.36,58153.43,12,0.2,4846.12,29076.72,15,EGP,4/4/2026
ORD-10023,CUST-758,PROD-134,BR-6,AG-21,9/14/2024,50054.06,Installments,10010.81,40043.25,12,0.2,3336.94,20021.62,0,EGP,4/4/2026
ORD-10024,CUST-786,PROD-87,BR-5,AG-17,5/29/2024,34196.25,Cash,34196.25,0,0,0,0,0,0,Pound,
ORD-10025,CUST-591,PROD-200,BR-2,AG-9,1/5/2024,82773.99,Installments,16554.8,66219.19,12,0.2,5518.27,33109.6,0,EGP,4/4/2026
ORD-10026,CUST-940,PROD-76,BR-8,AG-18,9/7/2024,83215.98,Installments,16643.2,66572.78,12,0.2,5547.73,33286.39,45,EGP,4/4/2026
ORD-10027,CUST-124,PROD-128,BR-5,AG-15,8/14/2024,64451.31,Cash,64451.31,0,0,0,0,0,0,EGP,
ORD-10028,CUST-438,PROD-145,BR-5,AG-20,2/26/2024,38016.49,Cash,38016.49,0,0,0,0,0,0,EGP,
ORD-10029,CUST-247,PROD-92,BR-1,AG-16,6/24/2024,38581.81,Cash,38581.81,0,0,0,0,0,0,Pound,
ORD-10030,CUST-362,PROD-85,BR-3,AG-11,1/13/2024,47853.76,Cash,47853.76,0,0,0,0,0,0,EGP,
ORD-10031,CUST-337,PROD-101,BR-10,AG-2,9/4/2024,18573.15,Installments,3714.63,14858.52,12,0.2,1238.21,7429.26,0,EGP,4/4/2026
ORD-10032,CUST-578,PROD-121,BR-7,AG-18,4/9/2024,50780.47,Installments,10156.09,40624.38,12,0.2,3385.36,20312.19,45,EGP,1/1/1900
ORD-10033,CUST-690,PROD-92,BR-3,AG-18,5/22/2024,38054.81,Installments,7610.96,30443.85,12,0.2,2536.99,15221.92,0,EGP,4/4/2026
ORD-10034,CUST-560,PROD-172,BR-4,AG-4,8/17/2024,68577.11,Installments,13715.42,54861.69,12,0.2,4571.81,27430.84,0,EGP,4/4/2026
ORD-10035,CUST-339,PROD-122,BR-9,AG-11,6/17/2024,85265.66,Installments,17053.13,68212.53,12,0.2,5684.38,34106.26,45,EGP,1/1/1900
ORD-10036,CUST-670,PROD-113,BR-10,AG-1,2/16/2024,85921.44,Installments,17184.29,68737.15,12,0.2,5728.1,34368.58,0,EGP,4/4/2026
ORD-10037,CUST-353,PROD-128,BR-6,AG-8,2/29/2024,61757.59,Installments,12351.52,49406.07,12,0.2,4117.17,24703.04,0,Pound,4/4/2026
ORD-10038,CUST-255,PROD-97,BR-1,AG-2,1/9/2024,87865.78,Installments,17573.16,70292.62,12,0.2,5857.72,35146.31,0,egp,4/4/2026
ORD-10039,CUST-532,PROD-189,BR-2,AG-20,8/27/2024,12940.98,Installments,2588.2,10352.78,12,0.2,862.73,5176.39,45,EGP,4/4/2026
ORD-10040,CUST-672,PROD-118,BR-5,AG-4,7/7/2024,86995.4,Installments,17399.08,69596.32,12,0.2,0,34798.16,0,EGP,4/4/2026
ORD-10041,CUST-841,PROD-137,BR-3,AG-21,12/30/2028,62651.35,Installments,12530.27,50121.08,12,0.2,4176.76,25060.54,0,EGP,4/4/2026
ORD-10042,CUST-913,PROD-57,BR-7,AG-21,7/21/2024,20359.55,Installments,4071.91,16287.64,12,0.2,1357.3,8143.82,15,EGP,4/4/2026
ORD-10043,CUST-707,PROD-169,BR-4,AG-18,7/20/2024,18366.47,Installments,3673.29,14693.18,12,0.2,0,7346.59,0,EGP,1/1/1900
ORD-10044,CUST-212,PROD-165,BR-5,AG-20,12/15/2024,76193.83,Cash,76193.83,0,0,0,0,0,0,EGP,
ORD-10045,CUST-188,PROD-136,BR-10,AG-24,1/29/2025,67121.4,Installments,13424.28,53697.12,12,0.2,4474.76,26848.56,120,EGP,4/4/2026
ORD-10046,CUST-311,PROD-150,BR-7,AG-4,3/19/2024,51911.27,Installments,10382.25,41529.02,12,0.2,3460.75,20764.51,0,EGP,4/4/2026
ORD-10047,CUST-256,PROD-92,BR-5,AG-15,2/4/2024,52615.71,Cash,52615.71,0,0,0,0,0,0,EGP,
ORD-10048,CUST-921,PROD-118,BR-7,AG-10,9/25/2024,28583.4,Installments,5716.68,22866.72,12,0.2,1905.56,11433.36,0,EGP,4/4/2026
ORD-10049,CUST-468,PROD-60,BR-2,AG-8,9/27/2024,59412.07,Cash,59412.07,0,0,0,0,0,0,EGP,
ORD-10050,CUST-398,PROD-74,BR-8,AG-25,8/8/2024,35373.35,Installments,7074.67,28298.68,12,0.2,2358.22,14149.34,0,EGP,4/4/2026
ORD-10051,CUST-412,PROD-121,BR-6,AG-3,11/16/2024,82050.05,Installments,16410.01,65640.04,12,0.2,5470,32820.02,0,EGP,4/4/2026
ORD-10052,CUST-899,PROD-65,BR-10,AG-25,6/7/2024,28959.93,Installments,5791.99,23167.94,12,0.2,1930.66,11583.97,0,EGP,4/4/2026
ORD-10053,CUST-597,PROD-58,BR-7,AG-22,7/25/2024,39917.53,Installments,7983.51,31934.02,12,0.2,2661.17,15967.01,120,egp,4/4/2026
ORD-10054,CUST-491,PROD-180,BR-5,AG-1,7/8/2024,46821.47,Installments,9364.29,37457.18,12,0.2,3121.43,18728.59,120,egp,4/4/2026
ORD-10055,CUST-629,PROD-200,BR-1,AG-14,12/17/2024,79412.76,Installments,15882.55,63530.21,12,0.2,5294.18,31765.1,0,Pound,4/4/2026
ORD-10056,CUST-195,PROD-171,BR-5,AG-7,5/19/2024,27548.75,Installments,5509.75,22039,12,0.2,1836.58,11019.5,120,EGP,4/4/2026
ORD-10057,CUST-720,PROD-65,BR-3,AG-14,7/13/2024,74739.99,Cash,74739.99,0,0,0,0,0,0,EGP,
ORD-10058,CUST-664,PROD-75,BR-9,AG-19,3/10/2024,72979.55,Installments,14595.91,58383.64,12,0.2,4865.3,29191.82,45,Pound,4/4/2026
ORD-10059,CUST-224,PROD-89,BR-9,AG-1,4/9/2024,61068.99,Cash,61068.99,0,0,0,0,0,0,EGP,
ORD-10060,CUST-153,PROD-175,BR-8,AG-17,8/29/2024,18834.85,Installments,3766.97,15067.88,12,0.2,1255.66,7533.94,0,EGP,4/4/2026
ORD-10061,CUST-943,PROD-94,BR-8,AG-4,2/17/2024,67464.76,Installments,13492.95,53971.81,12,0.2,4497.65,26985.9,0,EGP,4/4/2026
ORD-10062,CUST-706,PROD-79,BR-5,AG-9,9/11/2024,35466.48,Installments,7093.3,28373.18,12,0.2,2364.43,14186.59,0,EGP,4/4/2026
ORD-10063,CUST-765,PROD-79,BR-3,AG-2,1/4/2024,12089.12,Installments,2417.82,9671.3,12,0.2,805.94,4835.65,0,EGP,4/4/2026
ORD-10064,CUST-791,PROD-162,BR-9,AG-14,9/26/2024,82893.42,Installments,16578.68,66314.74,12,0.2,5526.23,33157.37,0,EGP,4/4/2026
ORD-10065,CUST-790,PROD-104,BR-10,AG-3,6/27/2024,25928.16,Installments,5185.63,20742.53,12,0.2,1728.54,10371.26,0,EGP,1/1/1900
ORD-10066,CUST-282,PROD-76,BR-10,AG-19,2/2/2025,71534.7,Cash,71534.7,0,0,0,0,0,0,EGP,
ORD-10067,CUST-547,PROD-99,BR-6,AG-3,12/3/2024,14460.38,Installments,2892.08,11568.3,12,0.2,964.03,5784.15,0,EGP,4/4/2026
ORD-10068,CUST-155,PROD-174,BR-3,AG-13,11/29/2024,89546.15,Installments,17909.23,71636.92,12,0.2,5969.74,35818.46,15,EGP,4/4/2026
ORD-10069,CUST-765,PROD-193,BR-3,AG-22,8/26/2024,40455.89,Installments,8091.18,32364.71,12,0.2,2697.06,16182.36,0,egp,4/4/2026
ORD-10070,CUST-277,PROD-170,BR-6,AG-18,3/9/2024,57612.94,Installments,11522.59,46090.35,12,0.2,3840.86,23045.18,0,egp,4/4/2026
ORD-10071,CUST-637,PROD-190,BR-3,AG-14,6/6/2024,82388.15,Installments,16477.63,65910.52,12,0.2,5492.54,32955.26,0,EGP,4/4/2026
ORD-10072,CUST-597,PROD-197,BR-9,AG-11,1/8/2025,11840.21,Installments,2368.04,9472.17,12,0.2,789.35,4736.08,0,Pound,4/4/2026
ORD-10073,CUST-676,PROD-184,BR-10,AG-3,1/8/2024,24320.19,Installments,4864.04,19456.15,12,0.2,0,9728.08,15,EGP,4/4/2026
ORD-10074,CUST-578,PROD-158,BR-7,AG-11,7/5/2024,82091.85,Installments,16418.37,65673.48,12,0.2,5472.79,32836.74,0,EGP,4/4/2026
ORD-10075,CUST-701,PROD-136,BR-1,AG-19,11/17/2024,48010.26,Installments,9602.05,38408.21,12,0.2,3200.68,19204.1,0,EGP,4/4/2026
ORD-10076,CUST-608,PROD-159,BR-2,AG-2,7/31/2024,74244.25,Installments,14848.85,59395.4,12,0.2,4949.62,29697.7,0,egp,4/4/2026
ORD-10077,CUST-246,PROD-62,BR-5,AG-15,8/1/2024,53546.5,Installments,10709.3,42837.2,12,0.2,3569.77,21418.6,0,EGP,4/4/2026
ORD-10078,CUST-433,PROD-140,BR-7,AG-17,6/13/2024,85548.61,Installments,17109.72,68438.89,12,0.2,0,34219.44,0,EGP,4/4/2026
ORD-10079,CUST-528,PROD-71,BR-5,AG-17,9/13/2024,64016.59,Installments,12803.32,51213.27,12,0.2,4267.77,25606.64,0,EGP,4/4/2026
ORD-10080,CUST-312,PROD-65,BR-8,AG-14,10/2/2024,82461.3,Installments,16492.26,65969.04,12,0.2,5497.42,32984.52,0,EGP,4/4/2026
ORD-10081,CUST-331,PROD-123,BR-3,AG-10,3/3/2024,20758.8,Installments,4151.76,16607.04,12,0.2,1383.92,8303.52,0,Pound,4/4/2026
ORD-10082,CUST-329,PROD-187,BR-7,AG-23,11/30/2024,76328.94,Installments,15265.79,61063.15,12,0.2,5088.6,30531.58,0,EGP,4/4/2026
ORD-10083,CUST-157,PROD-61,BR-3,AG-19,4/30/2024,67889.54,Cash,67889.54,0,0,0,0,0,0,EGP,
ORD-10084,CUST-191,PROD-50,BR-5,AG-11,6/22/2024,30775,Installments,6155,24620,12,0.2,0,12310,0,EGP,4/4/2026
ORD-10085,CUST-329,PROD-182,BR-3,AG-23,11/5/2024,24005.72,Cash,24005.72,0,0,0,0,0,0,EGP,
ORD-10086,CUST-263,PROD-151,BR-4,AG-18,7/1/2024,61831.89,Cash,61831.89,0,0,0,0,0,0,EGP,
ORD-10087,CUST-398,PROD-194,BR-2,AG-25,5/31/2024,45243.17,Installments,9048.63,36194.54,12,0.2,0,18097.27,0,egp,4/4/2026
ORD-10088,CUST-384,PROD-159,BR-7,AG-2,1/15/2024,85878.72,Installments,17175.74,68702.98,12,0.2,5725.25,34351.49,0,egp,4/4/2026
ORD-10089,CUST-577,PROD-57,BR-1,AG-25,3/10/2024,47765.2,Installments,9553.04,38212.16,12,0.2,3184.35,19106.08,45,EGP,4/4/2026
ORD-10090,CUST-408,PROD-101,BR-5,AG-13,11/5/2024,65799.84,Installments,13159.97,52639.87,12,0.2,4386.66,26319.94,0,EGP,4/4/2026
ORD-10091,CUST-445,PROD-70,BR-9,AG-20,11/28/2024,66038.55,Cash,66038.55,0,0,0,0,0,0,EGP,
ORD-10092,CUST-125,PROD-96,BR-8,AG-17,5/19/2024,45406.29,Installments,9081.26,36325.03,12,0.2,3027.09,18162.52,0,EGP,4/4/2026
ORD-10093,CUST-141,PROD-71,BR-3,AG-3,9/14/2024,86933.29,Installments,17386.66,69546.63,12,0.2,5795.55,34773.32,0,Pound,4/4/2026
ORD-10094,CUST-441,PROD-189,BR-8,AG-14,10/21/2024,42282.94,Installments,8456.59,33826.35,12,0.2,2818.86,16913.18,0,EGP,4/4/2026
ORD-10095,CUST-303,PROD-160,BR-5,AG-12,2/14/2024,39715.86,Installments,7943.17,31772.69,12,0.2,2647.72,15886.34,45,EGP,4/4/2026
ORD-10096,CUST-270,PROD-164,BR-10,AG-4,3/12/2024,45664.02,Installments,9132.8,36531.22,12,0.2,3044.27,18265.61,0,EGP,4/4/2026
ORD-10097,CUST-132,PROD-179,BR-9,AG-13,1/31/2024,10849,Installments,2169.8,8679.2,12,0.2,723.27,4339.6,0,egp,4/4/2026
ORD-10098,CUST-388,PROD-145,BR-3,AG-1,10/8/2024,19596.62,Installments,3919.32,15677.3,12,0.2,1306.44,7838.65,0,EGP,4/4/2026
ORD-10099,CUST-253,PROD-152,BR-9,AG-4,10/6/2024,34424.88,Installments,6884.98,27539.9,12,0.2,2294.99,13769.95,0,EGP,4/4/2026
ORD-10100,CUST-666,PROD-172,BR-2,AG-1,10/15/2024,54640.05,Installments,10928.01,43712.04,12,0.2,3642.67,21856.02,0,Pound,4/4/2026
ORD-10101,CUST-134,PROD-168,BR-4,AG-6,2/20/2024,59845.86,Installments,11969.17,47876.69,12,0.2,3989.72,23938.34,120,EGP,4/4/2026
ORD-10102,CUST-189,PROD-182,BR-9,AG-11,3/13/2024,62385.34,Installments,12477.07,49908.27,12,0.2,4159.02,24954.14,45,EGP,4/4/2026
ORD-10103,CUST-862,PROD-52,BR-10,AG-12,6/8/2024,48491.03,Cash,48491.03,0,0,0,0,0,0,EGP,
ORD-10104,CUST-408,PROD-120,BR-3,AG-7,1/8/2025,15552.43,Cash,15552.43,0,0,0,0,0,0,EGP,
ORD-10105,CUST-311,PROD-95,BR-2,AG-11,2/4/2025,36698.07,Installments,7339.61,29358.46,12,0.2,2446.54,14679.23,0,EGP,4/4/2026
ORD-10106,CUST-366,PROD-121,BR-7,AG-19,4/13/2024,63714.55,Installments,12742.91,50971.64,12,0.2,4247.64,25485.82,0,egp,4/4/2026
ORD-10107,CUST-367,PROD-181,BR-8,AG-6,12/30/2028,20504.75,Cash,20504.75,0,0,0,0,0,0,EGP,
ORD-10108,CUST-308,PROD-57,BR-2,AG-16,2/1/2024,43303.48,Installments,8660.7,34642.78,12,0.2,2886.9,17321.39,120,Pound,1/1/1900
ORD-10109,CUST-345,PROD-90,BR-2,AG-23,8/3/2024,63966.68,Installments,12793.34,51173.34,12,0.2,4264.45,25586.67,0,EGP,4/4/2026
ORD-10110,CUST-950,PROD-139,BR-7,AG-25,3/9/2024,57064.18,Cash,57064.18,0,0,0,0,0,0,EGP,
ORD-10111,CUST-496,PROD-147,BR-6,AG-21,8/11/2024,15994.51,Installments,3198.9,12795.61,12,0.2,1066.3,6397.8,0,Pound,4/4/2026
ORD-10112,CUST-835,PROD-107,BR-8,AG-13,9/26/2024,69893.04,Installments,13978.61,55914.43,12,0.2,4659.54,27957.22,0,EGP,4/4/2026
ORD-10113,CUST-573,PROD-63,BR-4,AG-23,3/31/2024,44049.91,Installments,8809.98,35239.93,12,0.2,2936.66,17619.96,0,Pound,4/4/2026
ORD-10114,CUST-791,PROD-153,BR-4,AG-12,8/17/2024,14135.25,Cash,14135.25,0,0,0,0,0,0,egp,
ORD-10115,CUST-304,PROD-101,BR-1,AG-19,8/25/2024,85755.59,Installments,17151.12,68604.47,12,0.2,5717.04,34302.24,45,EGP,4/4/2026
ORD-10116,CUST-681,PROD-188,BR-5,AG-5,2/1/2024,42612.12,Installments,8522.42,34089.7,12,0.2,2840.81,17044.85,15,Pound,4/4/2026
ORD-10117,CUST-572,PROD-125,BR-7,AG-9,9/20/2024,47224.69,Installments,9444.94,37779.75,12,0.2,3148.31,18889.88,0,EGP,4/4/2026
ORD-10118,CUST-595,PROD-125,BR-10,AG-25,9/13/2024,41590.51,Installments,8318.1,33272.41,12,0.2,2772.7,16636.2,0,EGP,4/4/2026
ORD-10119,CUST-424,PROD-113,BR-1,AG-12,12/8/2024,86397.05,Cash,86397.05,0,0,0,0,0,0,EGP,
ORD-10120,CUST-220,PROD-190,BR-9,AG-16,9/9/2024,86967.59,Cash,86967.59,0,0,0,0,0,0,EGP,
ORD-10121,CUST-578,PROD-77,BR-9,AG-15,9/8/2024,84056.66,Installments,16811.33,67245.33,12,0.2,5603.78,33622.66,120,EGP,4/4/2026
ORD-10122,CUST-209,PROD-76,BR-3,AG-6,9/13/2024,22618.87,Installments,4523.77,18095.1,12,0.2,1507.92,9047.55,0,EGP,4/4/2026
ORD-10123,CUST-838,PROD-102,BR-3,AG-11,2/25/2024,49219.34,Installments,9843.87,39375.47,12,0.2,3281.29,19687.74,15,EGP,4/4/2026
ORD-10124,CUST-460,PROD-87,BR-8,AG-10,11/26/2024,14746.85,Cash,14746.85,0,0,0,0,0,0,EGP,
ORD-10125,CUST-293,PROD-92,BR-9,AG-3,6/2/2024,85086.17,Cash,85086.17,0,0,0,0,0,0,EGP,
ORD-10126,CUST-153,PROD-186,BR-1,AG-12,9/14/2024,74487.16,Installments,14897.43,59589.73,12,0.2,4965.81,29794.86,0,EGP,4/4/2026
ORD-10127,CUST-589,PROD-153,BR-2,AG-3,11/26/2024,82442.03,Installments,16488.41,65953.62,12,0.2,5496.14,32976.81,0,Pound,4/4/2026
ORD-10128,CUST-750,PROD-117,BR-6,AG-13,9/20/2024,48352.2,Installments,9670.44,38681.76,12,0.2,3223.48,19340.88,0,EGP,4/4/2026
ORD-10129,CUST-525,PROD-69,BR-3,AG-22,8/17/2024,56335.37,Installments,11267.07,45068.3,12,0.2,3755.69,22534.15,0,EGP,4/4/2026
ORD-10130,CUST-668,PROD-152,BR-6,AG-15,5/18/2024,84373.84,Cash,84373.84,0,0,0,0,0,0,EGP,
ORD-10131,CUST-534,PROD-112,BR-1,AG-6,10/16/2024,62582.38,Installments,12516.48,50065.9,12,0.2,4172.16,25032.95,0,EGP,4/4/2026
ORD-10132,CUST-489,PROD-170,BR-2,AG-23,1/24/2025,83396.59,Installments,16679.32,66717.27,12,0.2,5559.77,33358.64,120,EGP,4/4/2026
ORD-10133,CUST-161,PROD-81,BR-4,AG-17,11/9/2024,77077.86,Cash,77077.86,0,0,0,0,0,0,EGP,
ORD-10134,CUST-250,PROD-175,BR-10,AG-10,4/10/2024,71060.27,Installments,14212.05,56848.22,12,0.2,4737.35,28424.11,0,EGP,4/4/2026
ORD-10135,CUST-505,PROD-107,BR-6,AG-8,3/25/2024,68206.21,Installments,13641.24,54564.97,12,0.2,4547.08,27282.48,0,EGP,4/4/2026
ORD-10136,CUST-863,PROD-138,BR-3,AG-21,9/19/2024,64388.39,Installments,12877.68,51510.71,12,0.2,4292.56,25755.36,0,EGP,1/1/1900
ORD-10137,CUST-284,PROD-75,BR-4,AG-8,8/17/2024,79209.31,Installments,15841.86,63367.45,12,0.2,5280.62,31683.72,0,egp,4/4/2026
ORD-10138,CUST-546,PROD-136,BR-9,AG-25,1/22/2025,34217.58,Cash,34217.58,0,0,0,0,0,0,EGP,
ORD-10139,CUST-711,PROD-153,BR-7,AG-19,9/6/2024,31833.09,Installments,6366.62,25466.47,12,0.2,2122.21,12733.24,45,EGP,4/4/2026
ORD-10140,CUST-346,PROD-125,BR-5,AG-15,8/17/2024,49640.93,Installments,9928.19,39712.74,12,0.2,3309.4,19856.37,15,Pound,4/4/2026
ORD-10141,CUST-327,PROD-88,BR-1,AG-11,4/27/2024,35519.59,Cash,35519.59,0,0,0,0,0,0,EGP,
ORD-10142,CUST-813,PROD-139,BR-10,AG-20,1/20/2024,67330.02,Cash,67330.02,0,0,0,0,0,0,EGP,
ORD-10143,CUST-823,PROD-73,BR-8,AG-12,7/15/2024,56374.9,Cash,56374.9,0,0,0,0,0,0,EGP,
ORD-10144,CUST-576,PROD-195,BR-3,AG-12,2/15/2024,53510.48,Installments,10702.1,42808.38,12,0.2,3567.37,21404.19,0,EGP,4/4/2026
ORD-10145,CUST-667,PROD-116,BR-8,AG-8,1/3/2024,79316.85,Installments,15863.37,63453.48,12,0.2,5287.79,31726.74,0,EGP,4/4/2026
ORD-10146,CUST-854,PROD-120,BR-6,AG-24,10/6/2024,36536.19,Cash,36536.19,0,0,0,0,0,0,EGP,
ORD-10147,CUST-670,PROD-80,BR-1,AG-21,6/18/2024,37403.33,Installments,7480.67,29922.66,12,0.2,2493.56,14961.33,15,EGP,4/4/2026
ORD-10148,CUST-885,PROD-91,BR-10,AG-21,12/20/2024,54069.51,Installments,10813.9,43255.61,12,0.2,3604.63,21627.8,45,EGP,4/4/2026
ORD-10149,CUST-998,PROD-83,BR-9,AG-19,3/11/2024,69261.82,Installments,13852.36,55409.46,12,0.2,4617.45,27704.73,15,egp,4/4/2026
ORD-10150,CUST-563,PROD-74,BR-8,AG-8,10/18/2024,79050.25,Cash,79050.25,0,0,0,0,0,0,EGP,
ORD-10151,CUST-101,PROD-152,BR-5,AG-11,8/5/2024,43260.77,Installments,8652.15,34608.62,12,0.2,2884.05,17304.31,0,EGP,4/4/2026
ORD-10152,CUST-383,PROD-98,BR-1,AG-16,2/24/2024,64415.47,Installments,12883.09,51532.38,12,0.2,4294.36,25766.19,0,EGP,4/4/2026
ORD-10153,CUST-667,PROD-100,BR-6,AG-9,10/31/2024,21133.16,Installments,4226.63,16906.53,12,0.2,1408.88,8453.26,15,EGP,4/4/2026
ORD-10154,CUST-488,PROD-86,BR-6,AG-4,9/18/2024,77435.27,Installments,15487.05,61948.22,12,0.2,5162.35,30974.11,0,EGP,4/4/2026
ORD-10155,CUST-534,PROD-100,BR-7,AG-19,8/29/2024,50103.96,Installments,10020.79,40083.17,12,0.2,3340.26,20041.58,0,EGP,4/4/2026
ORD-10156,CUST-140,PROD-146,BR-7,AG-25,1/5/2024,59393.95,Cash,59393.95,0,0,0,0,0,0,EGP,
ORD-10157,CUST-405,PROD-137,BR-3,AG-5,10/11/2024,73633.98,Cash,73633.98,0,0,0,0,0,0,EGP,
ORD-10158,CUST-874,PROD-158,BR-5,AG-1,8/13/2024,43236.16,Installments,8647.23,34588.93,12,0.2,2882.41,17294.46,0,EGP,4/4/2026
ORD-10159,CUST-854,PROD-118,BR-2,AG-7,10/6/2024,16146.91,Installments,3229.38,12917.53,12,0.2,1076.46,6458.76,0,Pound,4/4/2026
ORD-10160,CUST-720,PROD-50,BR-8,AG-6,5/17/2024,59190.8,Installments,11838.16,47352.64,12,0.2,3946.05,23676.32,0,EGP,4/4/2026
ORD-10161,CUST-439,PROD-181,BR-3,AG-16,11/25/2024,46214.98,Installments,9243,36971.98,12,0.2,3081,18485.99,0,EGP,4/4/2026
ORD-10162,CUST-460,PROD-150,BR-5,AG-2,7/17/2024,36351.16,Installments,7270.23,29080.93,12,0.2,2423.41,14540.46,15,EGP,4/4/2026
ORD-10163,CUST-250,PROD-137,BR-6,AG-1,4/21/2024,21459.81,Installments,4291.96,17167.85,12,0.2,1430.65,8583.92,0,EGP,4/4/2026
ORD-10164,CUST-336,PROD-83,BR-2,AG-2,11/10/2024,64638.74,Installments,12927.75,51710.99,12,0.2,4309.25,25855.5,0,EGP,4/4/2026
ORD-10165,CUST-942,PROD-63,BR-1,AG-19,1/11/2024,50731.87,Cash,50731.87,0,0,0,0,0,0,EGP,
ORD-10166,CUST-825,PROD-85,BR-8,AG-14,1/26/2024,38960.98,Cash,38960.98,0,0,0,0,0,0,EGP,
ORD-10167,CUST-948,PROD-104,BR-2,AG-10,11/6/2024,73982.43,Installments,14796.49,59185.94,12,0.2,4932.16,29592.97,45,EGP,4/4/2026
ORD-10168,CUST-482,PROD-97,BR-4,AG-9,3/31/2024,69230.96,Installments,13846.19,55384.77,12,0.2,4615.4,27692.38,0,EGP,4/4/2026
ORD-10169,CUST-475,PROD-145,BR-3,AG-16,3/15/2024,15876.41,Installments,3175.28,12701.13,12,0.2,1058.43,6350.56,0,Pound,4/4/2026
ORD-10170,CUST-190,PROD-51,BR-4,AG-6,8/7/2024,80748.07,Cash,80748.07,0,0,0,0,0,0,EGP,
ORD-10171,CUST-128,PROD-127,BR-6,AG-8,4/3/2024,12250.7,Cash,12250.7,0,0,0,0,0,0,EGP,
ORD-10172,CUST-949,PROD-133,BR-6,AG-16,8/13/2024,35997,Installments,7199.4,28797.6,12,0.2,2399.8,14398.8,45,EGP,4/4/2026
ORD-10173,CUST-204,PROD-57,BR-10,AG-6,1/17/2024,47893.47,Installments,9578.69,38314.78,12,0.2,3192.9,19157.39,0,EGP,4/4/2026
ORD-10174,CUST-733,PROD-71,BR-5,AG-4,2/9/2024,77471.32,Installments,15494.26,61977.06,12,0.2,5164.75,30988.53,0,EGP,4/4/2026
ORD-10175,CUST-984,PROD-118,BR-8,AG-19,6/18/2024,79430.11,Cash,79430.11,0,0,0,0,0,0,EGP,
ORD-10176,CUST-213,PROD-79,BR-1,AG-24,10/13/2024,30745.02,Installments,6149,24596.02,12,0.2,2049.67,12298.01,0,EGP,4/4/2026
ORD-10177,CUST-566,PROD-73,BR-9,AG-17,1/15/2025,25202.73,Installments,5040.55,20162.18,12,0.2,1680.18,10081.09,0,egp,4/4/2026
ORD-10178,CUST-374,PROD-191,BR-2,AG-6,11/7/2024,75908.6,Cash,75908.6,0,0,0,0,0,0,EGP,
ORD-10179,CUST-746,PROD-161,BR-3,AG-2,1/4/2024,10981.01,Cash,10981.01,0,0,0,0,0,0,EGP,
ORD-10180,CUST-509,PROD-199,BR-4,AG-21,1/9/2024,55847.51,Installments,11169.5,44678.01,12,0.2,3723.17,22339,0,EGP,4/4/2026
ORD-10181,CUST-440,PROD-65,BR-5,AG-13,8/11/2024,45310.28,Cash,45310.28,0,0,0,0,0,0,EGP,
ORD-10182,CUST-253,PROD-76,BR-2,AG-5,5/4/2024,60624.53,Installments,12124.91,48499.62,12,0.2,4041.64,24249.81,0,EGP,4/4/2026
ORD-10183,CUST-533,PROD-125,BR-1,AG-9,10/6/2024,33485.59,Installments,6697.12,26788.47,12,0.2,2232.37,13394.24,45,EGP,4/4/2026
ORD-10184,CUST-176,PROD-188,BR-10,AG-14,5/17/2024,74505.07,Installments,14901.01,59604.06,12,0.2,4967,29802.03,0,EGP,4/4/2026
ORD-10185,CUST-635,PROD-84,BR-10,AG-13,3/31/2024,39446.97,Installments,7889.39,31557.58,12,0.2,2629.8,15778.79,15,EGP,4/4/2026
ORD-10186,CUST-703,PROD-50,BR-10,AG-2,9/8/2024,72919,Cash,72919,0,0,0,0,0,0,EGP,
ORD-10187,CUST-715,PROD-99,BR-8,AG-25,12/30/2024,77492.39,Installments,15498.48,61993.91,12,0.2,5166.16,30996.96,0,EGP,4/4/2026
ORD-10188,CUST-732,PROD-191,BR-9,AG-13,4/14/2024,49097.89,Installments,9819.58,39278.31,12,0.2,3273.19,19639.16,45,egp,4/4/2026
ORD-10189,CUST-995,PROD-87,BR-7,AG-19,1/20/2024,27544.89,Installments,5508.98,22035.91,12,0.2,1836.33,11017.96,0,EGP,4/4/2026
ORD-10190,CUST-362,PROD-85,BR-6,AG-6,3/12/2024,43589,Cash,43589,0,0,0,0,0,0,EGP,
ORD-10191,CUST-753,PROD-58,BR-1,AG-3,1/13/2025,18320.37,Installments,3664.07,14656.3,12,0.2,1221.36,7328.15,120,EGP,4/4/2026
ORD-10192,CUST-842,PROD-191,BR-6,AG-14,11/19/2024,72139.53,Installments,14427.91,57711.62,12,0.2,4809.3,28855.81,0,EGP,4/4/2026
ORD-10193,CUST-916,PROD-91,BR-4,AG-22,6/5/2024,21030.25,Cash,21030.25,0,0,0,0,0,0,egp,
ORD-10194,CUST-996,PROD-199,BR-10,AG-19,6/14/2024,56321.23,Installments,11264.25,45056.98,12,0.2,3754.75,22528.49,0,EGP,4/4/2026
ORD-10195,CUST-634,PROD-185,BR-9,AG-12,8/3/2024,65474.84,Installments,13094.97,52379.87,12,0.2,4364.99,26189.94,0,EGP,4/4/2026
ORD-10196,CUST-915,PROD-70,BR-4,AG-16,5/5/2024,24851.42,Installments,4970.28,19881.14,12,0.2,1656.76,9940.57,0,egp,4/4/2026
ORD-10197,CUST-467,PROD-82,BR-3,AG-18,3/29/2024,70727.51,Installments,14145.5,56582.01,12,0.2,4715.17,28291,0,EGP,4/4/2026
ORD-10198,CUST-577,PROD-78,BR-10,AG-4,10/3/2024,53263.34,Installments,10652.67,42610.67,12,0.2,3550.89,21305.34,0,EGP,4/4/2026
ORD-10199,CUST-403,PROD-80,BR-10,AG-7,9/30/2024,49175.58,Installments,9835.12,39340.46,12,0.2,3278.37,19670.23,0,EGP,4/4/2026
ORD-10200,CUST-440,PROD-107,BR-4,AG-4,10/10/2024,62140.32,Installments,12428.06,49712.26,12,0.2,4142.69,24856.13,0,EGP,4/4/2026
ORD-10201,CUST-513,PROD-173,BR-3,AG-17,7/6/2024,18155.44,Installments,3631.09,14524.35,12,0.2,1210.36,7262.18,15,EGP,4/4/2026
ORD-10202,CUST-289,PROD-194,BR-1,AG-19,8/21/2024,17362.94,Installments,3472.59,13890.35,12,0.2,1157.53,6945.18,0,EGP,4/4/2026
ORD-10203,CUST-809,PROD-85,BR-8,AG-14,5/16/2024,83623.39,Installments,16724.68,66898.71,12,0.2,5574.89,33449.36,45,EGP,4/4/2026
ORD-10204,CUST-362,PROD-177,BR-1,AG-12,11/10/2024,21864.91,Installments,4372.98,17491.93,12,0.2,1457.66,8745.96,0,EGP,4/4/2026
ORD-10205,CUST-579,PROD-90,BR-3,AG-19,3/18/2024,35889.56,Installments,7177.91,28711.65,12,0.2,2392.64,14355.82,15,EGP,1/1/1900
ORD-10206,CUST-218,PROD-189,BR-5,AG-21,6/30/2024,20250.72,Cash,20250.72,0,0,0,0,0,0,Pound,
ORD-10207,CUST-505,PROD-173,BR-1,AG-16,6/11/2024,18429.56,Installments,3685.91,14743.65,12,0.2,1228.64,7371.82,0,EGP,4/4/2026
ORD-10208,CUST-741,PROD-178,BR-2,AG-20,1/15/2024,68900.26,Installments,13780.05,55120.21,12,0.2,4593.35,27560.1,0,EGP,4/4/2026
ORD-10209,CUST-839,PROD-171,BR-7,AG-25,11/4/2024,67540.65,Installments,13508.13,54032.52,12,0.2,4502.71,27016.26,0,EGP,4/4/2026
ORD-10210,CUST-602,PROD-98,BR-2,AG-22,9/1/2024,68803,Installments,13760.6,55042.4,12,0.2,4586.87,27521.2,45,egp,4/4/2026
ORD-10211,CUST-612,PROD-61,BR-10,AG-13,1/22/2025,74073.56,Installments,14814.71,59258.85,12,0.2,4938.24,29629.42,0,Pound,4/4/2026
ORD-10212,CUST-103,PROD-137,BR-7,AG-5,4/22/2024,23021.64,Installments,4604.33,18417.31,12,0.2,1534.78,9208.66,0,egp,4/4/2026
ORD-10213,CUST-989,PROD-68,BR-5,AG-1,1/4/2025,70200.65,Cash,70200.65,0,0,0,0,0,0,EGP,
ORD-10214,CUST-913,PROD-60,BR-8,AG-20,2/26/2024,33978.57,Installments,6795.71,27182.86,12,0.2,2265.24,13591.43,0,Pound,4/4/2026
ORD-10215,CUST-524,PROD-96,BR-2,AG-22,7/24/2024,66089.61,Installments,13217.92,52871.69,12,0.2,0,26435.84,0,EGP,4/4/2026
ORD-10216,CUST-460,PROD-185,BR-7,AG-2,10/2/2024,49116.09,Cash,49116.09,0,0,0,0,0,0,EGP,
ORD-10217,CUST-141,PROD-166,BR-1,AG-17,2/18/2024,24201.98,Installments,4840.4,19361.58,12,0.2,1613.47,9680.79,0,EGP,4/4/2026
ORD-10218,CUST-904,PROD-137,BR-10,AG-9,9/1/2024,31668.93,Installments,6333.79,25335.14,12,0.2,2111.26,12667.57,0,EGP,4/4/2026
ORD-10219,CUST-354,PROD-93,BR-8,AG-3,10/24/2024,46298.11,Installments,9259.62,37038.49,12,0.2,3086.54,18519.24,0,EGP,4/4/2026
ORD-10220,CUST-960,PROD-135,BR-5,AG-25,10/18/2024,74610.57,Installments,14922.11,59688.46,12,0.2,4974.04,29844.23,15,EGP,4/4/2026
ORD-10221,CUST-706,PROD-89,BR-8,AG-7,7/29/2024,10161.24,Installments,2032.25,8128.99,12,0.2,677.42,4064.5,0,EGP,4/4/2026
ORD-10222,CUST-117,PROD-74,BR-1,AG-12,4/3/2024,44409.74,Installments,8881.95,35527.79,12,0.2,0,17763.9,0,EGP,4/4/2026
ORD-10223,CUST-804,PROD-112,BR-5,AG-1,9/17/2024,89406.34,Installments,17881.27,71525.07,12,0.2,5960.42,35762.54,45,EGP,4/4/2026
ORD-10224,CUST-608,PROD-136,BR-1,AG-16,2/21/2024,30518.97,Installments,6103.79,24415.18,12,0.2,2034.6,12207.59,0,EGP,4/4/2026
ORD-10225,CUST-575,PROD-117,BR-8,AG-19,3/12/2024,25166.31,Installments,5033.26,20133.05,12,0.2,1677.75,10066.52,0,EGP,4/4/2026
ORD-10226,CUST-803,PROD-181,BR-9,AG-21,7/2/2024,41337.89,Installments,8267.58,33070.31,12,0.2,2755.86,16535.16,120,EGP,4/4/2026
ORD-10227,CUST-912,PROD-116,BR-6,AG-18,10/17/2024,22470.67,Installments,4494.13,17976.54,12,0.2,1498.04,8988.27,0,EGP,4/4/2026
ORD-10228,CUST-659,PROD-137,BR-6,AG-18,6/18/2024,54241.21,Installments,10848.24,43392.97,12,0.2,3616.08,21696.48,0,EGP,4/4/2026
ORD-10229,CUST-340,PROD-178,BR-4,AG-6,1/25/2024,25819.3,Installments,5163.86,20655.44,12,0.2,1721.29,10327.72,0,EGP,4/4/2026
ORD-10230,CUST-412,PROD-62,BR-5,AG-8,9/24/2024,34266.03,Installments,6853.21,27412.82,12,0.2,2284.4,13706.41,45,Pound,4/4/2026
ORD-10231,CUST-340,PROD-113,BR-8,AG-13,8/13/2024,70682.61,Installments,14136.52,56546.09,12,0.2,4712.17,28273.04,0,EGP,4/4/2026
ORD-10232,CUST-529,PROD-116,BR-6,AG-22,2/13/2024,48718.65,Installments,9743.73,38974.92,12,0.2,3247.91,19487.46,0,EGP,4/4/2026
ORD-10233,CUST-793,PROD-69,BR-2,AG-8,1/29/2024,23867.56,Installments,4773.51,19094.05,12,0.2,1591.17,9547.02,0,EGP,4/4/2026
ORD-10234,CUST-173,PROD-94,BR-1,AG-16,7/23/2024,74526.28,Installments,14905.26,59621.02,12,0.2,4968.42,29810.51,0,egp,4/4/2026
ORD-10235,CUST-972,PROD-71,BR-6,AG-3,9/18/2024,44929.6,Installments,8985.92,35943.68,12,0.2,0,17971.84,0,EGP,4/4/2026
ORD-10236,CUST-253,PROD-176,BR-4,AG-24,7/19/2024,29231.58,Installments,5846.32,23385.26,12,0.2,1948.77,11692.63,0,EGP,4/4/2026
ORD-10237,CUST-527,PROD-157,BR-10,AG-13,3/29/2024,69408.8,Installments,13881.76,55527.04,12,0.2,4627.25,27763.52,0,EGP,4/4/2026
ORD-10238,CUST-769,PROD-103,BR-10,AG-7,2/7/2024,76412.47,Installments,15282.49,61129.98,12,0.2,5094.16,30564.99,0,EGP,4/4/2026
ORD-10239,CUST-642,PROD-152,BR-2,AG-5,10/25/2024,32840.17,Cash,32840.17,0,0,0,0,0,0,EGP,
ORD-10240,CUST-738,PROD-125,BR-5,AG-14,9/27/2024,56674.93,Installments,11334.99,45339.94,12,0.2,3778.33,22669.97,0,egp,4/4/2026
ORD-10241,CUST-633,PROD-152,BR-1,AG-17,10/22/2024,74200.56,Installments,14840.11,59360.45,12,0.2,4946.7,29680.22,0,Pound,4/4/2026
ORD-10242,CUST-177,PROD-104,BR-5,AG-10,7/13/2024,78825.87,Installments,15765.17,63060.7,12,0.2,5255.06,31530.35,0,EGP,4/4/2026
ORD-10243,CUST-101,PROD-107,BR-1,AG-25,2/10/2024,42788.88,Installments,8557.78,34231.1,12,0.2,2852.59,17115.55,0,EGP,4/4/2026
ORD-10244,CUST-978,PROD-196,BR-6,AG-6,5/15/2024,77443.31,Installments,15488.66,61954.65,12,0.2,0,30977.32,0,EGP,4/4/2026
ORD-10245,CUST-792,PROD-64,BR-1,AG-17,1/4/2025,28243.44,Installments,5648.69,22594.75,12,0.2,1882.9,11297.38,45,EGP,4/4/2026
ORD-10246,CUST-404,PROD-119,BR-4,AG-1,2/6/2024,38614.26,Installments,7722.85,30891.41,12,0.2,2574.28,15445.7,15,EGP,1/1/1900
ORD-10247,CUST-627,PROD-104,BR-2,AG-1,2/28/2024,70432.68,Installments,14086.54,56346.14,12,0.2,4695.51,28173.07,0,EGP,4/4/2026
ORD-10248,CUST-513,PROD-80,BR-6,AG-4,6/15/2024,86916.94,Installments,17383.39,69533.55,12,0.2,5794.46,34766.78,0,EGP,4/4/2026
ORD-10249,CUST-237,PROD-53,BR-5,AG-9,12/24/2024,33476.91,Installments,6695.38,26781.53,12,0.2,2231.79,13390.76,45,EGP,4/4/2026
ORD-10250,CUST-592,PROD-148,BR-8,AG-17,5/17/2024,45093.33,Cash,45093.33,0,0,0,0,0,0,EGP,
ORD-10251,CUST-875,PROD-184,BR-10,AG-5,12/22/2024,52655.44,Installments,10531.09,42124.35,12,0.2,3510.36,21062.18,120,Pound,4/4/2026
ORD-10252,CUST-425,PROD-112,BR-4,AG-14,1/29/2024,43405.81,Installments,8681.16,34724.65,12,0.2,2893.72,17362.32,0,EGP,4/4/2026
ORD-10253,CUST-415,PROD-79,BR-4,AG-12,6/14/2024,53896.91,Cash,53896.91,0,0,0,0,0,0,EGP,
ORD-10254,CUST-751,PROD-183,BR-1,AG-3,6/19/2024,22813.97,Installments,4562.79,18251.18,12,0.2,1520.93,9125.59,15,EGP,4/4/2026
ORD-10255,CUST-182,PROD-97,BR-2,AG-21,8/11/2024,27811.02,Cash,27811.02,0,0,0,0,0,0,egp,
ORD-10256,CUST-120,PROD-126,BR-3,AG-2,2/1/2024,42351.69,Installments,8470.34,33881.35,12,0.2,2823.45,16940.68,0,EGP,4/4/2026
ORD-10257,CUST-820,PROD-167,BR-5,AG-1,12/21/2024,40183.97,Cash,40183.97,0,0,0,0,0,0,EGP,
ORD-10258,CUST-185,PROD-136,BR-8,AG-24,6/1/2024,85949.31,Installments,17189.86,68759.45,12,0.2,5729.95,34379.72,0,egp,4/4/2026
ORD-10259,CUST-716,PROD-141,BR-1,AG-8,2/5/2024,43191.53,Installments,8638.31,34553.22,12,0.2,2879.44,17276.61,15,EGP,4/4/2026
ORD-10260,CUST-318,PROD-77,BR-10,AG-19,8/14/2024,69495.43,Cash,69495.43,0,0,0,0,0,0,EGP,
ORD-10261,CUST-498,PROD-50,BR-4,AG-22,11/21/2024,58969.99,Installments,11794,47175.99,12,0.2,3931.33,23588,0,EGP,4/4/2026
ORD-10262,CUST-424,PROD-175,BR-8,AG-10,11/24/2024,82854.8,Installments,16570.96,66283.84,12,0.2,5523.65,33141.92,0,EGP,4/4/2026
ORD-10263,CUST-859,PROD-58,BR-2,AG-9,9/29/2024,26261.08,Cash,26261.08,0,0,0,0,0,0,EGP,
ORD-10264,CUST-474,PROD-161,BR-6,AG-21,10/22/2024,23624.23,Installments,4724.85,18899.38,12,0.2,1574.95,9449.69,0,egp,4/4/2026
ORD-10265,CUST-558,PROD-195,BR-9,AG-6,2/4/2024,28870.48,Installments,5774.1,23096.38,12,0.2,1924.7,11548.19,15,EGP,4/4/2026
ORD-10266,CUST-205,PROD-88,BR-8,AG-10,6/3/2024,31480.29,Installments,6296.06,25184.23,12,0.2,2098.69,12592.12,0,EGP,4/4/2026
ORD-10267,CUST-375,PROD-154,BR-8,AG-6,10/30/2024,43453.84,Installments,8690.77,34763.07,12,0.2,2896.92,17381.54,0,EGP,4/4/2026
ORD-10268,CUST-466,PROD-118,BR-3,AG-6,11/21/2024,79683.39,Cash,79683.39,0,0,0,0,0,0,EGP,
ORD-10269,CUST-607,PROD-187,BR-6,AG-19,5/14/2024,26498.66,Installments,5299.73,21198.93,12,0.2,1766.58,10599.46,0,EGP,4/4/2026
ORD-10270,CUST-294,PROD-100,BR-1,AG-23,10/31/2024,73108.47,Installments,14621.69,58486.78,12,0.2,4873.9,29243.39,45,EGP,4/4/2026
ORD-10271,CUST-527,PROD-90,BR-1,AG-21,11/8/2024,48217.73,Cash,48217.73,0,0,0,0,0,0,EGP,
ORD-10272,CUST-338,PROD-76,BR-2,AG-16,1/26/2025,26527.91,Installments,5305.58,21222.33,12,0.2,1768.53,10611.16,0,EGP,4/4/2026
ORD-10273,CUST-576,PROD-115,BR-3,AG-23,9/26/2024,18239.73,Installments,3647.95,14591.78,12,0.2,1215.98,7295.89,45,EGP,1/1/1900
ORD-10274,CUST-261,PROD-67,BR-10,AG-7,10/18/2024,37960.09,Installments,7592.02,30368.07,12,0.2,2530.67,15184.04,15,EGP,4/4/2026
ORD-10275,CUST-668,PROD-138,BR-6,AG-8,6/29/2024,60868.71,Installments,12173.74,48694.97,12,0.2,4057.91,24347.48,15,Pound,4/4/2026
ORD-10276,CUST-109,PROD-145,BR-9,AG-24,1/6/2024,52743.43,Cash,52743.43,0,0,0,0,0,0,EGP,
ORD-10277,CUST-966,PROD-53,BR-4,AG-8,5/23/2024,83412.74,Installments,16682.55,66730.19,12,0.2,5560.85,33365.1,15,EGP,4/4/2026
ORD-10278,CUST-703,PROD-197,BR-1,AG-3,9/26/2024,25223.02,Cash,25223.02,0,0,0,0,0,0,EGP,
ORD-10279,CUST-338,PROD-152,BR-6,AG-6,5/28/2024,24067.24,Installments,4813.45,19253.79,12,0.2,1604.48,9626.9,0,EGP,4/4/2026
ORD-10280,CUST-245,PROD-188,BR-4,AG-7,1/11/2024,63658.41,Installments,12731.68,50926.73,12,0.2,4243.89,25463.36,0,EGP,4/4/2026
ORD-10281,CUST-952,PROD-158,BR-4,AG-3,5/2/2024,50686.21,Installments,10137.24,40548.97,12,0.2,3379.08,20274.48,0,EGP,4/4/2026
ORD-10282,CUST-732,PROD-120,BR-3,AG-12,10/27/2024,67675.97,Installments,13535.19,54140.78,12,0.2,4511.73,27070.39,0,egp,4/4/2026
ORD-10283,CUST-946,PROD-144,BR-7,AG-14,10/6/2024,39021.66,Cash,39021.66,0,0,0,0,0,0,egp,
ORD-10284,CUST-140,PROD-92,BR-7,AG-25,4/21/2024,65295.21,Installments,13059.04,52236.17,12,0.2,0,26118.08,45,EGP,4/4/2026
ORD-10285,CUST-684,PROD-137,BR-6,AG-7,1/2/2024,18341.69,Installments,3668.34,14673.35,12,0.2,1222.78,7336.68,0,EGP,4/4/2026
ORD-10286,CUST-243,PROD-120,BR-4,AG-19,12/30/2024,45601.66,Cash,45601.66,0,0,0,0,0,0,EGP,
ORD-10287,CUST-311,PROD-88,BR-1,AG-15,7/8/2024,61507.96,Cash,61507.96,0,0,0,0,0,0,Pound,
ORD-10288,CUST-675,PROD-139,BR-10,AG-4,6/28/2024,21037.45,Installments,4207.49,16829.96,12,0.2,1402.5,8414.98,0,egp,4/4/2026
ORD-10289,CUST-405,PROD-81,BR-4,AG-7,4/13/2024,61548.28,Installments,12309.66,49238.62,12,0.2,4103.22,24619.31,15,EGP,4/4/2026
ORD-10290,CUST-365,PROD-145,BR-10,AG-8,4/6/2024,72310.94,Installments,14462.19,57848.75,12,0.2,4820.73,28924.38,0,EGP,4/4/2026
ORD-10291,CUST-289,PROD-170,BR-10,AG-13,7/21/2024,83355.48,Installments,16671.1,66684.38,12,0.2,5557.03,33342.19,45,EGP,4/4/2026
ORD-10292,CUST-249,PROD-151,BR-8,AG-20,6/10/2024,29295.49,Installments,5859.1,23436.39,12,0.2,1953.03,11718.2,45,EGP,4/4/2026
ORD-10293,CUST-702,PROD-53,BR-5,AG-3,3/25/2024,80245.74,Installments,16049.15,64196.59,12,0.2,5349.72,32098.3,15,EGP,4/4/2026
ORD-10294,CUST-670,PROD-60,BR-5,AG-4,12/9/2024,80169.73,Installments,16033.95,64135.78,12,0.2,0,32067.89,45,EGP,4/4/2026
ORD-10295,CUST-638,PROD-131,BR-9,AG-3,10/2/2024,17993.34,Installments,3598.67,14394.67,12,0.2,1199.56,7197.34,0,EGP,1/1/1900
ORD-10296,CUST-325,PROD-107,BR-10,AG-2,4/18/2024,31386.9,Cash,31386.9,0,0,0,0,0,0,egp,
ORD-10297,CUST-801,PROD-137,BR-7,AG-22,7/26/2024,13119.46,Installments,2623.89,10495.57,12,0.2,874.63,5247.78,0,EGP,4/4/2026
ORD-10298,CUST-448,PROD-84,BR-1,AG-20,5/25/2024,85319.57,Cash,85319.57,0,0,0,0,0,0,egp,
ORD-10299,CUST-322,PROD-181,BR-10,AG-5,7/16/2024,82027.78,Installments,16405.56,65622.22,12,0.2,5468.52,32811.11,0,EGP,4/4/2026
ORD-10300,CUST-659,PROD-79,BR-6,AG-15,11/20/2024,47271.14,Cash,47271.14,0,0,0,0,0,0,EGP,
ORD-10301,CUST-935,PROD-85,BR-8,AG-19,1/20/2024,75645.75,Installments,15129.15,60516.6,12,0.2,5043.05,30258.3,0,EGP,4/4/2026
ORD-10302,CUST-433,PROD-166,BR-1,AG-5,9/11/2024,34916.05,Installments,6983.21,27932.84,12,0.2,2327.74,13966.42,0,EGP,4/4/2026
ORD-10303,CUST-206,PROD-118,BR-6,AG-1,6/15/2024,86249.03,Installments,17249.81,68999.22,12,0.2,5749.94,34499.61,0,EGP,4/4/2026
ORD-10304,CUST-968,PROD-82,BR-6,AG-15,4/10/2024,38915.06,Cash,38915.06,0,0,0,0,0,0,Pound,
ORD-10305,CUST-739,PROD-155,BR-6,AG-5,8/2/2024,46550.68,Installments,9310.14,37240.54,12,0.2,3103.38,18620.27,0,Pound,4/4/2026
ORD-10306,CUST-102,PROD-151,BR-8,AG-6,7/25/2024,48991.57,Installments,9798.31,39193.26,12,0.2,3266.1,19596.63,0,Pound,4/4/2026
ORD-10307,CUST-116,PROD-160,BR-3,AG-3,1/6/2024,72407.54,Installments,14481.51,57926.03,12,0.2,4827.17,28963.02,0,EGP,1/1/1900
ORD-10308,CUST-914,PROD-93,BR-1,AG-2,6/12/2024,46289.67,Cash,46289.67,0,0,0,0,0,0,EGP,
ORD-10309,CUST-734,PROD-189,BR-6,AG-1,11/1/2024,48757.16,Installments,9751.43,39005.73,12,0.2,3250.48,19502.86,45,EGP,4/4/2026
ORD-10310,CUST-410,PROD-156,BR-4,AG-17,8/27/2024,39594.74,Cash,39594.74,0,0,0,0,0,0,EGP,
ORD-10311,CUST-705,PROD-91,BR-8,AG-12,1/28/2025,75367.9,Installments,15073.58,60294.32,12,0.2,5024.53,30147.16,15,EGP,4/4/2026
ORD-10312,CUST-769,PROD-86,BR-4,AG-13,9/24/2024,51037.11,Cash,51037.11,0,0,0,0,0,0,EGP,
ORD-10313,CUST-374,PROD-80,BR-9,AG-1,9/5/2024,89831.61,Cash,89831.61,0,0,0,0,0,0,EGP,
ORD-10314,CUST-266,PROD-97,BR-9,AG-3,9/26/2024,86129.57,Installments,17225.91,68903.66,12,0.2,5741.97,34451.83,0,EGP,4/4/2026
ORD-10315,CUST-330,PROD-132,BR-10,AG-8,11/6/2024,19614.71,Installments,3922.94,15691.77,12,0.2,1307.65,7845.88,0,Pound,4/4/2026
ORD-10316,CUST-489,PROD-138,BR-2,AG-11,2/1/2024,14482.86,Installments,2896.57,11586.29,12,0.2,965.52,5793.14,0,egp,4/4/2026
ORD-10317,CUST-939,PROD-86,BR-9,AG-5,11/8/2024,33208.77,Cash,33208.77,0,0,0,0,0,0,EGP,
ORD-10318,CUST-488,PROD-53,BR-4,AG-25,1/29/2024,32614.54,Installments,6522.91,26091.63,12,0.2,2174.3,13045.82,0,EGP,4/4/2026
ORD-10319,CUST-496,PROD-181,BR-4,AG-9,8/19/2024,16790.18,Installments,3358.04,13432.14,12,0.2,1119.35,6716.07,0,EGP,4/4/2026
ORD-10320,CUST-416,PROD-186,BR-10,AG-19,10/23/2024,73019.68,Cash,73019.68,0,0,0,0,0,0,Pound,
ORD-10321,CUST-541,PROD-105,BR-1,AG-2,11/15/2024,68970.77,Cash,68970.77,0,0,0,0,0,0,EGP,
ORD-10322,CUST-519,PROD-130,BR-1,AG-11,7/14/2024,76524.71,Installments,15304.94,61219.77,12,0.2,5101.65,30609.88,15,EGP,4/4/2026
ORD-10323,CUST-276,PROD-71,BR-7,AG-6,11/5/2024,69498.19,Installments,13899.64,55598.55,12,0.2,4633.21,27799.28,45,egp,4/4/2026
ORD-10324,CUST-466,PROD-52,BR-8,AG-25,8/31/2024,44087.56,Installments,8817.51,35270.05,12,0.2,2939.17,17635.02,0,EGP,4/4/2026
ORD-10325,CUST-952,PROD-124,BR-8,AG-22,1/31/2025,57954.86,Cash,57954.86,0,0,0,0,0,0,EGP,
ORD-10326,CUST-157,PROD-164,BR-4,AG-7,2/24/2024,73822.59,Cash,73822.59,0,0,0,0,0,0,EGP,
ORD-10327,CUST-975,PROD-129,BR-10,AG-8,11/25/2024,14635.38,Cash,14635.38,0,0,0,0,0,0,EGP,
ORD-10328,CUST-168,PROD-71,BR-5,AG-6,12/30/2028,76378.64,Installments,15275.73,61102.91,12,0.2,5091.91,30551.46,0,EGP,4/4/2026
ORD-10329,CUST-315,PROD-186,BR-6,AG-16,4/19/2024,86028.51,Installments,17205.7,68822.81,12,0.2,5735.23,34411.4,0,EGP,4/4/2026
ORD-10330,CUST-777,PROD-89,BR-8,AG-14,8/23/2024,19586.13,Installments,3917.23,15668.9,12,0.2,1305.74,7834.45,0,egp,4/4/2026
ORD-10331,CUST-565,PROD-173,BR-10,AG-17,4/10/2024,51596.7,Installments,10319.34,41277.36,12,0.2,3439.78,20638.68,15,EGP,4/4/2026
ORD-10332,CUST-886,PROD-89,BR-10,AG-25,1/10/2025,87244.5,Cash,87244.5,0,0,0,0,0,0,EGP,
ORD-10333,CUST-250,PROD-162,BR-3,AG-8,4/16/2024,34670.29,Installments,6934.06,27736.23,12,0.2,2311.35,13868.12,0,EGP,4/4/2026
ORD-10334,CUST-457,PROD-76,BR-6,AG-19,5/3/2024,36861.36,Installments,7372.27,29489.09,12,0.2,2457.42,14744.54,120,EGP,4/4/2026
ORD-10335,CUST-646,PROD-171,BR-7,AG-12,8/19/2024,53545.62,Installments,10709.12,42836.5,12,0.2,3569.71,21418.25,0,EGP,4/4/2026
ORD-10336,CUST-395,PROD-59,BR-3,AG-4,1/28/2025,27323.88,Cash,27323.88,0,0,0,0,0,0,EGP,
ORD-10337,CUST-451,PROD-66,BR-10,AG-22,8/26/2024,16540.07,Cash,16540.07,0,0,0,0,0,0,egp,
ORD-10338,CUST-827,PROD-97,BR-3,AG-4,6/25/2024,56918.35,Cash,56918.35,0,0,0,0,0,0,EGP,
ORD-10339,CUST-913,PROD-97,BR-10,AG-7,9/18/2024,26777.98,Installments,5355.6,21422.38,12,0.2,1785.2,10711.19,0,EGP,4/4/2026
ORD-10340,CUST-886,PROD-124,BR-9,AG-8,11/6/2024,29209.82,Installments,5841.96,23367.86,12,0.2,1947.32,11683.93,0,EGP,4/4/2026
ORD-10341,CUST-503,PROD-87,BR-1,AG-20,2/9/2024,51127.51,Cash,51127.51,0,0,0,0,0,0,Pound,
ORD-10342,CUST-336,PROD-82,BR-5,AG-24,10/10/2024,41766.95,Installments,8353.39,33413.56,12,0.2,2784.46,16706.78,15,EGP,4/4/2026
ORD-10343,CUST-742,PROD-168,BR-9,AG-3,8/11/2024,46786.54,Cash,46786.54,0,0,0,0,0,0,Pound,
ORD-10344,CUST-489,PROD-126,BR-7,AG-16,6/30/2024,54755.96,Installments,10951.19,43804.77,12,0.2,3650.4,21902.38,0,EGP,4/4/2026
ORD-10345,CUST-484,PROD-179,BR-2,AG-6,5/28/2024,48690.23,Installments,9738.05,38952.18,12,0.2,3246.02,19476.09,0,Pound,4/4/2026
ORD-10346,CUST-727,PROD-124,BR-6,AG-19,12/22/2024,15708.37,Installments,3141.67,12566.7,12,0.2,1047.22,6283.35,0,EGP,4/4/2026
ORD-10347,CUST-338,PROD-144,BR-10,AG-15,8/21/2024,41417.95,Installments,8283.59,33134.36,12,0.2,2761.2,16567.18,0,EGP,4/4/2026
ORD-10348,CUST-440,PROD-55,BR-8,AG-3,1/21/2024,55877.43,Cash,55877.43,0,0,0,0,0,0,EGP,
ORD-10349,CUST-350,PROD-55,BR-4,AG-1,1/17/2025,69663.04,Installments,13932.61,55730.43,12,0.2,4644.2,27865.22,120,EGP,4/4/2026
ORD-10350,CUST-899,PROD-150,BR-1,AG-3,7/25/2024,80542.95,Cash,80542.95,0,0,0,0,0,0,EGP,
ORD-10351,CUST-910,PROD-186,BR-9,AG-10,2/1/2025,23889.48,Cash,23889.48,0,0,0,0,0,0,EGP,
ORD-10352,CUST-967,PROD-163,BR-10,AG-23,5/8/2024,37695.13,Installments,7539.03,30156.1,12,0.2,2513.01,15078.05,0,EGP,4/4/2026
ORD-10353,CUST-833,PROD-57,BR-8,AG-1,2/8/2024,56637.36,Cash,56637.36,0,0,0,0,0,0,EGP,
ORD-10354,CUST-969,PROD-102,BR-1,AG-8,7/20/2024,88555.33,Installments,17711.07,70844.26,12,0.2,5903.69,35422.13,0,EGP,4/4/2026
ORD-10355,CUST-898,PROD-92,BR-3,AG-6,12/30/2028,39018.8,Installments,7803.76,31215.04,12,0.2,2601.25,15607.52,15,EGP,4/4/2026
ORD-10356,CUST-356,PROD-93,BR-5,AG-5,10/18/2024,38514.98,Installments,7703,30811.98,12,0.2,2567.67,15405.99,120,EGP,4/4/2026
ORD-10357,CUST-518,PROD-71,BR-8,AG-8,9/21/2024,13571.92,Cash,13571.92,0,0,0,0,0,0,egp,
ORD-10358,CUST-708,PROD-183,BR-2,AG-7,8/4/2024,33668.59,Installments,6733.72,26934.87,12,0.2,2244.57,13467.44,0,EGP,4/4/2026
ORD-10359,CUST-737,PROD-50,BR-10,AG-12,1/26/2024,71479.7,Installments,14295.94,57183.76,12,0.2,4765.31,28591.88,45,EGP,4/4/2026
ORD-10360,CUST-448,PROD-84,BR-1,AG-19,11/20/2024,13763.14,Installments,2752.63,11010.51,12,0.2,917.54,5505.26,0,EGP,4/4/2026
ORD-10361,CUST-588,PROD-146,BR-4,AG-9,5/3/2024,87512.82,Cash,87512.82,0,0,0,0,0,0,EGP,
ORD-10362,CUST-664,PROD-118,BR-6,AG-11,4/22/2024,61411.77,Installments,12282.35,49129.42,12,0.2,4094.12,24564.71,0,egp,4/4/2026
ORD-10363,CUST-277,PROD-191,BR-1,AG-6,12/30/2028,29399.4,Installments,5879.88,23519.52,12,0.2,1959.96,11759.76,0,egp,4/4/2026
ORD-10364,CUST-704,PROD-51,BR-5,AG-21,12/30/2028,21161.87,Cash,21161.87,0,0,0,0,0,0,Pound,
ORD-10365,CUST-239,PROD-103,BR-9,AG-3,8/10/2024,39303.73,Cash,39303.73,0,0,0,0,0,0,EGP,
ORD-10366,CUST-725,PROD-128,BR-10,AG-5,9/17/2024,18734.78,Installments,3746.96,14987.82,12,0.2,1248.99,7493.91,45,EGP,4/4/2026
ORD-10367,CUST-216,PROD-84,BR-2,AG-7,8/22/2024,65164.99,Installments,13033,52131.99,12,0.2,4344.33,26066,45,EGP,1/1/1900
ORD-10368,CUST-280,PROD-118,BR-8,AG-16,10/21/2024,55557.38,Installments,11111.48,44445.9,12,0.2,3703.83,22222.95,0,EGP,4/4/2026
ORD-10369,CUST-170,PROD-187,BR-7,AG-9,3/7/2024,14996.32,Installments,2999.26,11997.06,12,0.2,999.75,5998.53,0,EGP,4/4/2026
ORD-10370,CUST-188,PROD-57,BR-5,AG-4,7/26/2024,24410.21,Installments,4882.04,19528.17,12,0.2,1627.35,9764.08,0,egp,4/4/2026
ORD-10371,CUST-794,PROD-86,BR-6,AG-23,1/19/2025,74760.57,Installments,14952.11,59808.46,12,0.2,4984.04,29904.23,0,EGP,4/4/2026
ORD-10372,CUST-944,PROD-97,BR-5,AG-6,3/4/2024,88973.45,Cash,88973.45,0,0,0,0,0,0,egp,
ORD-10373,CUST-448,PROD-67,BR-7,AG-4,3/28/2024,78839.35,Installments,15767.87,63071.48,12,0.2,5255.96,31535.74,0,EGP,4/4/2026
ORD-10374,CUST-101,PROD-96,BR-6,AG-18,5/3/2024,84981.05,Installments,16996.21,67984.84,12,0.2,5665.4,33992.42,0,EGP,4/4/2026
ORD-10375,CUST-313,PROD-62,BR-2,AG-21,4/27/2024,29943.06,Installments,5988.61,23954.45,12,0.2,1996.2,11977.22,0,egp,4/4/2026
ORD-10376,CUST-393,PROD-72,BR-4,AG-25,10/30/2024,84034.62,Installments,16806.92,67227.7,12,0.2,5602.31,33613.85,0,EGP,4/4/2026
ORD-10377,CUST-329,PROD-171,BR-7,AG-7,3/14/2024,62711.82,Installments,12542.36,50169.46,12,0.2,4180.79,25084.73,0,EGP,4/4/2026
ORD-10378,CUST-135,PROD-170,BR-7,AG-10,9/25/2024,65859.59,Cash,65859.59,0,0,0,0,0,0,EGP,
ORD-10379,CUST-162,PROD-184,BR-7,AG-8,7/2/2024,70218.16,Installments,14043.63,56174.53,12,0.2,4681.21,28087.26,0,EGP,4/4/2026
ORD-10380,CUST-726,PROD-178,BR-8,AG-2,12/9/2024,15107.51,Cash,15107.51,0,0,0,0,0,0,EGP,
ORD-10381,CUST-750,PROD-196,BR-5,AG-15,2/16/2024,33096.69,Installments,6619.34,26477.35,12,0.2,2206.45,13238.68,0,EGP,4/4/2026
ORD-10382,CUST-786,PROD-155,BR-6,AG-13,6/1/2024,49430.18,Installments,9886.04,39544.14,12,0.2,0,19772.07,0,Pound,4/4/2026
ORD-10383,CUST-762,PROD-144,BR-6,AG-8,9/13/2024,86261.47,Installments,17252.29,69009.18,12,0.2,5750.76,34504.59,0,EGP,4/4/2026
ORD-10384,CUST-744,PROD-194,BR-2,AG-16,6/28/2024,27349.33,Installments,5469.87,21879.46,12,0.2,1823.29,10939.73,45,EGP,4/4/2026
ORD-10385,CUST-779,PROD-166,BR-1,AG-16,12/31/2024,70495.36,Cash,70495.36,0,0,0,0,0,0,EGP,
ORD-10386,CUST-272,PROD-148,BR-6,AG-12,2/24/2024,64728.92,Cash,64728.92,0,0,0,0,0,0,EGP,
ORD-10387,CUST-247,PROD-148,BR-9,AG-1,3/20/2024,85711.4,Installments,17142.28,68569.12,12,0.2,5714.09,34284.56,0,EGP,4/4/2026
ORD-10388,CUST-656,PROD-138,BR-9,AG-17,2/8/2024,68108.91,Installments,13621.78,54487.13,12,0.2,4540.59,27243.56,0,EGP,4/4/2026
ORD-10389,CUST-639,PROD-63,BR-7,AG-13,9/29/2024,84561.07,Cash,84561.07,0,0,0,0,0,0,EGP,
ORD-10390,CUST-575,PROD-147,BR-5,AG-17,6/4/2024,44840.76,Installments,8968.15,35872.61,12,0.2,2989.38,17936.3,0,EGP,4/4/2026
ORD-10391,CUST-634,PROD-80,BR-2,AG-2,12/4/2024,40480.96,Installments,8096.19,32384.77,12,0.2,2698.73,16192.38,0,EGP,4/4/2026
ORD-10392,CUST-166,PROD-87,BR-4,AG-6,4/22/2024,13241.32,Installments,2648.26,10593.06,12,0.2,882.75,5296.53,0,EGP,4/4/2026
ORD-10393,CUST-627,PROD-153,BR-6,AG-2,9/10/2024,75639.4,Installments,15127.88,60511.52,12,0.2,5042.63,30255.76,15,Pound,4/4/2026
ORD-10394,CUST-242,PROD-139,BR-7,AG-18,3/3/2024,46875.95,Installments,9375.19,37500.76,12,0.2,3125.06,18750.38,0,EGP,4/4/2026
ORD-10395,CUST-773,PROD-99,BR-10,AG-12,3/6/2024,56315.97,Installments,11263.19,45052.78,12,0.2,3754.4,22526.39,0,EGP,4/4/2026
ORD-10396,CUST-355,PROD-139,BR-5,AG-9,9/4/2024,10188.84,Installments,2037.77,8151.07,12,0.2,679.26,4075.54,15,egp,4/4/2026
ORD-10397,CUST-650,PROD-147,BR-4,AG-19,2/4/2025,87237.73,Cash,87237.73,0,0,0,0,0,0,EGP,
ORD-10398,CUST-223,PROD-192,BR-2,AG-2,1/11/2024,89029.13,Cash,89029.13,0,0,0,0,0,0,EGP,
ORD-10399,CUST-723,PROD-171,BR-7,AG-23,3/5/2024,21154.42,Installments,4230.88,16923.54,12,0.2,1410.29,8461.77,0,EGP,4/4/2026
ORD-10400,CUST-338,PROD-200,BR-5,AG-8,10/26/2024,16041.01,Installments,3208.2,12832.81,12,0.2,1069.4,6416.4,0,EGP,4/4/2026
ORD-10401,CUST-429,PROD-154,BR-6,AG-17,1/21/2024,69829.84,Installments,13965.97,55863.87,12,0.2,4655.32,27931.94,0,EGP,4/4/2026
ORD-10402,CUST-578,PROD-164,BR-10,AG-5,4/16/2024,22424.79,Installments,4484.96,17939.83,12,0.2,1494.99,8969.92,0,EGP,4/4/2026
ORD-10403,CUST-443,PROD-106,BR-9,AG-25,6/15/2024,21560.71,Installments,4312.14,17248.57,12,0.2,1437.38,8624.28,0,EGP,4/4/2026
ORD-10404,CUST-944,PROD-85,BR-5,AG-21,1/23/2024,41975.12,Cash,41975.12,0,0,0,0,0,0,EGP,
ORD-10405,CUST-982,PROD-159,BR-10,AG-12,5/26/2024,72391.57,Installments,14478.31,57913.26,12,0.2,4826.1,28956.63,0,EGP,4/4/2026
ORD-10406,CUST-106,PROD-90,BR-7,AG-21,11/29/2024,11292.44,Installments,2258.49,9033.95,12,0.2,752.83,4516.98,0,EGP,4/4/2026
ORD-10407,CUST-897,PROD-194,BR-2,AG-23,1/19/2024,12949.72,Installments,2589.94,10359.78,12,0.2,863.31,5179.89,0,EGP,4/4/2026
ORD-10408,CUST-138,PROD-139,BR-6,AG-3,12/30/2028,88942.92,Installments,17788.58,71154.34,12,0.2,5929.53,35577.17,15,EGP,4/4/2026
ORD-10409,CUST-449,PROD-158,BR-3,AG-8,7/7/2024,18737.19,Installments,3747.44,14989.75,12,0.2,1249.15,7494.88,0,EGP,4/4/2026
ORD-10410,CUST-806,PROD-73,BR-7,AG-24,10/9/2024,35108.46,Installments,7021.69,28086.77,12,0.2,2340.56,14043.38,0,egp,4/4/2026
ORD-10411,CUST-976,PROD-181,BR-5,AG-7,12/30/2028,73810.61,Installments,14762.12,59048.49,12,0.2,4920.71,29524.24,0,EGP,4/4/2026
ORD-10412,CUST-256,PROD-133,BR-10,AG-23,6/9/2024,40133.96,Installments,8026.79,32107.17,12,0.2,0,16053.58,0,EGP,4/4/2026
ORD-10413,CUST-405,PROD-109,BR-2,AG-3,1/19/2025,11320.63,Cash,11320.63,0,0,0,0,0,0,EGP,
ORD-10414,CUST-638,PROD-63,BR-7,AG-7,3/26/2024,73914.86,Cash,73914.86,0,0,0,0,0,0,EGP,
ORD-10415,CUST-362,PROD-78,BR-10,AG-15,1/10/2025,35639.06,Cash,35639.06,0,0,0,0,0,0,EGP,
ORD-10416,CUST-459,PROD-155,BR-6,AG-1,9/18/2024,33374.1,Installments,6674.82,26699.28,12,0.2,2224.94,13349.64,0,egp,1/1/1900
ORD-10417,CUST-464,PROD-102,BR-10,AG-2,12/3/2024,66281.59,Cash,66281.59,0,0,0,0,0,0,EGP,
ORD-10418,CUST-488,PROD-89,BR-3,AG-1,1/6/2024,28358.52,Installments,5671.7,22686.82,12,0.2,1890.57,11343.41,0,EGP,4/4/2026
ORD-10419,CUST-227,PROD-117,BR-7,AG-11,7/6/2024,82760.11,Cash,82760.11,0,0,0,0,0,0,EGP,
ORD-10420,CUST-852,PROD-160,BR-6,AG-16,2/10/2024,84102.81,Installments,16820.56,67282.25,12,0.2,5606.85,33641.12,0,EGP,4/4/2026
ORD-10421,CUST-478,PROD-188,BR-1,AG-9,2/8/2024,53881.57,Installments,10776.31,43105.26,12,0.2,3592.1,21552.63,45,EGP,4/4/2026
ORD-10422,CUST-571,PROD-55,BR-9,AG-16,4/14/2024,81841.92,Installments,16368.38,65473.54,12,0.2,5456.13,32736.77,0,EGP,4/4/2026
ORD-10423,CUST-290,PROD-58,BR-3,AG-2,4/26/2024,28903.47,Cash,28903.47,0,0,0,0,0,0,egp,
ORD-10424,CUST-587,PROD-143,BR-8,AG-20,2/4/2025,17051.32,Installments,3410.26,13641.06,12,0.2,1136.75,6820.53,0,Pound,4/4/2026
ORD-10425,CUST-816,PROD-158,BR-10,AG-9,1/24/2024,50169.5,Cash,50169.5,0,0,0,0,0,0,EGP,
ORD-10426,CUST-104,PROD-141,BR-5,AG-13,2/21/2024,75384.65,Cash,75384.65,0,0,0,0,0,0,EGP,
ORD-10427,CUST-391,PROD-162,BR-8,AG-21,9/21/2024,79318.49,Installments,15863.7,63454.79,12,0.2,5287.9,31727.4,0,EGP,4/4/2026
ORD-10428,CUST-839,PROD-162,BR-6,AG-12,1/9/2025,14948.26,Cash,14948.26,0,0,0,0,0,0,EGP,
ORD-10429,CUST-197,PROD-145,BR-3,AG-18,11/14/2024,24553.33,Installments,4910.67,19642.66,12,0.2,1636.89,9821.33,0,EGP,4/4/2026
ORD-10430,CUST-430,PROD-191,BR-1,AG-19,3/4/2024,84004.1,Installments,16800.82,67203.28,12,0.2,5600.27,33601.64,0,EGP,4/4/2026
ORD-10431,CUST-452,PROD-82,BR-3,AG-21,12/13/2024,44883.98,Cash,44883.98,0,0,0,0,0,0,EGP,
ORD-10432,CUST-557,PROD-59,BR-3,AG-2,4/29/2024,40071.23,Installments,8014.25,32056.98,12,0.2,2671.42,16028.49,0,Pound,4/4/2026
ORD-10433,CUST-691,PROD-106,BR-2,AG-23,5/2/2024,51100.64,Installments,10220.13,40880.51,12,0.2,3406.71,20440.26,0,Pound,4/4/2026
ORD-10434,CUST-516,PROD-103,BR-1,AG-22,5/25/2024,42908,Installments,8581.6,34326.4,12,0.2,2860.53,17163.2,45,EGP,4/4/2026
ORD-10435,CUST-604,PROD-98,BR-4,AG-16,6/16/2024,75774.41,Installments,15154.88,60619.53,12,0.2,5051.63,30309.76,45,EGP,4/4/2026
ORD-10436,CUST-615,PROD-83,BR-1,AG-19,2/20/2024,44212.47,Cash,44212.47,0,0,0,0,0,0,EGP,
ORD-10437,CUST-606,PROD-138,BR-6,AG-16,11/29/2024,17227.75,Installments,3445.55,13782.2,12,0.2,1148.52,6891.1,0,EGP,4/4/2026
ORD-10438,CUST-651,PROD-72,BR-8,AG-11,1/27/2024,33639.42,Installments,6727.88,26911.54,12,0.2,2242.63,13455.77,15,EGP,4/4/2026
ORD-10439,CUST-378,PROD-109,BR-4,AG-25,1/19/2024,42322.47,Cash,42322.47,0,0,0,0,0,0,EGP,
ORD-10440,CUST-761,PROD-106,BR-5,AG-18,6/12/2024,14213.29,Installments,2842.66,11370.63,12,0.2,947.55,5685.32,15,EGP,4/4/2026
ORD-10441,CUST-380,PROD-85,BR-5,AG-3,12/5/2024,33618.81,Cash,33618.81,0,0,0,0,0,0,EGP,
ORD-10442,CUST-807,PROD-162,BR-1,AG-21,11/21/2024,43777.59,Cash,43777.59,0,0,0,0,0,0,EGP,
ORD-10443,CUST-385,PROD-96,BR-8,AG-8,10/11/2024,27571.55,Cash,27571.55,0,0,0,0,0,0,EGP,
ORD-10444,CUST-966,PROD-106,BR-8,AG-9,2/7/2024,74617.91,Installments,14923.58,59694.33,12,0.2,4974.53,29847.16,0,EGP,4/4/2026
ORD-10445,CUST-210,PROD-114,BR-7,AG-3,3/2/2024,43264.37,Installments,8652.87,34611.5,12,0.2,2884.29,17305.75,120,EGP,4/4/2026
ORD-10446,CUST-604,PROD-120,BR-6,AG-14,4/25/2024,40764.54,Installments,8152.91,32611.63,12,0.2,2717.64,16305.82,0,EGP,4/4/2026
ORD-10447,CUST-792,PROD-72,BR-1,AG-11,5/30/2024,61547.29,Installments,12309.46,49237.83,12,0.2,4103.15,24618.92,15,EGP,4/4/2026
ORD-10448,CUST-952,PROD-183,BR-10,AG-12,9/25/2024,64123.93,Installments,12824.79,51299.14,12,0.2,4274.93,25649.57,0,EGP,4/4/2026
ORD-10449,CUST-700,PROD-79,BR-2,AG-10,7/9/2024,52901.16,Cash,52901.16,0,0,0,0,0,0,EGP,
ORD-10450,CUST-792,PROD-159,BR-3,AG-17,1/22/2024,28982.91,Cash,28982.91,0,0,0,0,0,0,EGP,
ORD-10451,CUST-160,PROD-111,BR-8,AG-24,1/9/2024,69286.41,Cash,69286.41,0,0,0,0,0,0,EGP,
ORD-10452,CUST-669,PROD-170,BR-10,AG-5,9/4/2024,45870.45,Installments,9174.09,36696.36,12,0.2,3058.03,18348.18,0,EGP,4/4/2026
ORD-10453,CUST-529,PROD-62,BR-8,AG-5,7/4/2024,34684.3,Installments,6936.86,27747.44,12,0.2,2312.29,13873.72,45,EGP,4/4/2026
ORD-10454,CUST-523,PROD-195,BR-10,AG-3,2/1/2025,57263.72,Installments,11452.74,45810.98,12,0.2,3817.58,22905.49,0,EGP,4/4/2026
ORD-10455,CUST-106,PROD-125,BR-9,AG-13,9/12/2024,61571.86,Installments,12314.37,49257.49,12,0.2,4104.79,24628.74,0,EGP,4/4/2026
ORD-10456,CUST-600,PROD-55,BR-6,AG-20,3/16/2024,47591.22,Installments,9518.24,38072.98,12,0.2,3172.75,19036.49,0,EGP,4/4/2026
ORD-10457,CUST-279,PROD-162,BR-7,AG-19,6/2/2024,89134.3,Installments,17826.86,71307.44,12,0.2,5942.29,35653.72,0,EGP,4/4/2026
ORD-10458,CUST-683,PROD-181,BR-10,AG-4,5/16/2024,12699.34,Cash,12699.34,0,0,0,0,0,0,EGP,
ORD-10459,CUST-148,PROD-61,BR-4,AG-11,12/2/2024,77850.29,Cash,77850.29,0,0,0,0,0,0,EGP,
ORD-10460,CUST-213,PROD-189,BR-4,AG-8,11/14/2024,73402.47,Cash,73402.47,0,0,0,0,0,0,EGP,
ORD-10461,CUST-715,PROD-59,BR-7,AG-14,8/13/2024,11460.97,Installments,2292.19,9168.78,12,0.2,764.06,4584.39,0,EGP,4/4/2026
ORD-10462,CUST-646,PROD-150,BR-1,AG-21,1/7/2025,69178.32,Installments,13835.66,55342.66,12,0.2,4611.89,27671.33,45,EGP,4/4/2026
ORD-10463,CUST-236,PROD-98,BR-7,AG-15,2/26/2024,83667.99,Installments,16733.6,66934.39,12,0.2,5577.87,33467.2,0,EGP,4/4/2026
ORD-10464,CUST-797,PROD-96,BR-5,AG-15,4/25/2024,74391.32,Installments,14878.26,59513.06,12,0.2,4959.42,29756.53,0,EGP,4/4/2026
ORD-10465,CUST-520,PROD-189,BR-7,AG-18,5/7/2024,11300.88,Cash,11300.88,0,0,0,0,0,0,egp,
ORD-10466,CUST-992,PROD-86,BR-6,AG-6,12/15/2024,89580.74,Cash,89580.74,0,0,0,0,0,0,EGP,
ORD-10467,CUST-164,PROD-193,BR-6,AG-7,5/16/2024,83435.58,Installments,16687.12,66748.46,12,0.2,5562.37,33374.23,0,Pound,4/4/2026
ORD-10468,CUST-800,PROD-105,BR-1,AG-2,8/12/2024,83336.63,Cash,83336.63,0,0,0,0,0,0,EGP,
ORD-10469,CUST-752,PROD-120,BR-7,AG-22,2/6/2024,34006.86,Installments,6801.37,27205.49,12,0.2,2267.12,13602.74,0,EGP,4/4/2026
ORD-10470,CUST-941,PROD-197,BR-3,AG-21,4/20/2024,45736.61,Installments,9147.32,36589.29,12,0.2,3049.11,18294.64,0,EGP,4/4/2026
ORD-10471,CUST-234,PROD-178,BR-1,AG-1,2/3/2025,35856.51,Cash,35856.51,0,0,0,0,0,0,EGP,
ORD-10472,CUST-231,PROD-71,BR-7,AG-19,1/7/2024,54134.77,Installments,10826.95,43307.82,12,0.2,3608.98,21653.91,0,EGP,4/4/2026
ORD-10473,CUST-114,PROD-64,BR-7,AG-8,1/3/2024,71888.32,Installments,14377.66,57510.66,12,0.2,4792.55,28755.33,0,EGP,4/4/2026
ORD-10474,CUST-670,PROD-58,BR-9,AG-23,1/10/2024,10229.96,Cash,10229.96,0,0,0,0,0,0,EGP,
ORD-10475,CUST-827,PROD-176,BR-6,AG-15,12/26/2024,87227.55,Cash,87227.55,0,0,0,0,0,0,EGP,
ORD-10476,CUST-467,PROD-75,BR-5,AG-16,12/18/2024,89754.3,Cash,89754.3,0,0,0,0,0,0,EGP,
ORD-10477,CUST-934,PROD-143,BR-1,AG-10,11/24/2024,62001.57,Installments,12400.31,49601.26,12,0.2,4133.44,24800.63,45,EGP,4/4/2026
ORD-10478,CUST-606,PROD-108,BR-6,AG-21,7/31/2024,37033.83,Cash,37033.83,0,0,0,0,0,0,EGP,
ORD-10479,CUST-531,PROD-78,BR-4,AG-11,4/2/2024,53686.53,Installments,10737.31,42949.22,12,0.2,3579.1,21474.61,0,EGP,4/4/2026
ORD-10480,CUST-882,PROD-152,BR-1,AG-12,7/6/2024,10066.52,Installments,2013.3,8053.22,12,0.2,671.1,4026.61,0,EGP,4/4/2026
ORD-10481,CUST-704,PROD-102,BR-9,AG-3,7/5/2024,31909.36,Installments,6381.87,25527.49,12,0.2,2127.29,12763.74,0,EGP,4/4/2026
ORD-10482,CUST-944,PROD-147,BR-4,AG-9,10/3/2024,77400.03,Installments,15480.01,61920.02,12,0.2,5160,30960.01,0,Pound,4/4/2026
ORD-10483,CUST-314,PROD-81,BR-7,AG-4,11/12/2024,30496.98,Installments,6099.4,24397.58,12,0.2,2033.13,12198.79,0,EGP,4/4/2026
ORD-10484,CUST-364,PROD-89,BR-8,AG-11,5/23/2024,19294.78,Installments,3858.96,15435.82,12,0.2,1286.32,7717.91,0,EGP,4/4/2026
ORD-10485,CUST-427,PROD-67,BR-9,AG-20,1/19/2025,15863.88,Cash,15863.88,0,0,0,0,0,0,egp,
ORD-10486,CUST-782,PROD-199,BR-3,AG-9,8/23/2024,35192.86,Installments,7038.57,28154.29,12,0.2,2346.19,14077.14,45,egp,4/4/2026
ORD-10487,CUST-179,PROD-136,BR-9,AG-10,4/29/2024,39097.87,Installments,7819.57,31278.3,12,0.2,2606.52,15639.15,0,EGP,4/4/2026
ORD-10488,CUST-971,PROD-185,BR-6,AG-4,10/3/2024,58548.29,Cash,58548.29,0,0,0,0,0,0,EGP,
ORD-10489,CUST-389,PROD-169,BR-6,AG-17,12/26/2024,19517.75,Cash,19517.75,0,0,0,0,0,0,EGP,
ORD-10490,CUST-179,PROD-100,BR-3,AG-12,11/8/2024,35227.12,Installments,7045.42,28181.7,12,0.2,2348.47,14090.85,0,EGP,4/4/2026
ORD-10491,CUST-803,PROD-62,BR-2,AG-8,11/24/2024,84170.38,Installments,16834.08,67336.3,12,0.2,5611.36,33668.15,0,EGP,4/4/2026
ORD-10492,CUST-891,PROD-157,BR-8,AG-21,4/15/2024,42928.25,Installments,8585.65,34342.6,12,0.2,2861.88,17171.3,0,EGP,4/4/2026
ORD-10493,CUST-806,PROD-106,BR-1,AG-3,2/2/2025,50980.01,Cash,50980.01,0,0,0,0,0,0,EGP,
ORD-10494,CUST-349,PROD-182,BR-10,AG-10,1/7/2024,72232.88,Installments,14446.58,57786.3,12,0.2,4815.53,28893.15,0,EGP,4/4/2026
ORD-10495,CUST-735,PROD-165,BR-10,AG-24,1/22/2025,34869.31,Installments,6973.86,27895.45,12,0.2,2324.62,13947.72,0,EGP,4/4/2026
ORD-10496,CUST-645,PROD-150,BR-7,AG-12,1/7/2025,55500.85,Installments,11100.17,44400.68,12,0.2,3700.06,22200.34,0,EGP,4/4/2026
ORD-10497,CUST-977,PROD-128,BR-8,AG-14,8/29/2024,49728.11,Cash,49728.11,0,0,0,0,0,0,EGP,
ORD-10498,CUST-266,PROD-126,BR-9,AG-13,12/6/2024,17025.51,Installments,3405.1,13620.41,12,0.2,1135.03,6810.2,0,EGP,4/4/2026
ORD-10499,CUST-198,PROD-69,BR-9,AG-10,1/8/2024,21326.6,Installments,4265.32,17061.28,12,0.2,1421.77,8530.64,0,EGP,4/4/2026
ORD-10500,CUST-536,PROD-60,BR-7,AG-3,8/21/2024,22219.15,Installments,4443.83,17775.32,12,0.2,1481.28,8887.66,0,EGP,4/4/2026
ORD-10501,CUST-906,PROD-161,BR-4,AG-15,2/26/2024,18965.26,Cash,18965.26,0,0,0,0,0,0,EGP,
ORD-10502,CUST-976,PROD-109,BR-4,AG-21,6/20/2024,54445.8,Installments,10889.16,43556.64,12,0.2,3629.72,21778.32,15,Pound,4/4/2026
ORD-10503,CUST-337,PROD-74,BR-7,AG-21,1/27/2024,12576.21,Cash,12576.21,0,0,0,0,0,0,EGP,
ORD-10504,CUST-269,PROD-147,BR-6,AG-5,8/29/2024,35836.69,Cash,35836.69,0,0,0,0,0,0,egp,
ORD-10505,CUST-416,PROD-62,BR-3,AG-15,5/1/2024,86806.33,Installments,17361.27,69445.06,12,0.2,5787.09,34722.53,0,EGP,4/4/2026
ORD-10506,CUST-265,PROD-170,BR-10,AG-15,4/26/2024,32469.99,Installments,6494,25975.99,12,0.2,2164.67,12988,0,EGP,4/4/2026
ORD-10507,CUST-631,PROD-167,BR-8,AG-14,11/4/2024,49430.35,Installments,9886.07,39544.28,12,0.2,3295.36,19772.14,45,EGP,4/4/2026
ORD-10508,CUST-535,PROD-175,BR-6,AG-19,12/15/2024,38977.75,Installments,7795.55,31182.2,12,0.2,2598.52,15591.1,15,EGP,4/4/2026
ORD-10509,CUST-764,PROD-156,BR-4,AG-4,7/30/2024,60390.03,Installments,12078.01,48312.02,12,0.2,4026,24156.01,15,EGP,4/4/2026
ORD-10510,CUST-697,PROD-97,BR-2,AG-9,6/20/2024,13196.02,Installments,2639.2,10556.82,12,0.2,879.73,5278.41,0,EGP,4/4/2026
ORD-10511,CUST-514,PROD-178,BR-9,AG-4,1/26/2024,89277.8,Installments,17855.56,71422.24,12,0.2,5951.85,35711.12,45,egp,1/1/1900
ORD-10512,CUST-744,PROD-132,BR-2,AG-21,7/1/2024,87065.61,Installments,17413.12,69652.49,12,0.2,5804.37,34826.24,0,EGP,4/4/2026
ORD-10513,CUST-624,PROD-149,BR-7,AG-25,1/19/2024,84676.6,Installments,16935.32,67741.28,12,0.2,5645.11,33870.64,0,EGP,4/4/2026
ORD-10514,CUST-650,PROD-113,BR-2,AG-22,7/12/2024,73515.72,Installments,14703.14,58812.58,12,0.2,4901.05,29406.29,0,EGP,4/4/2026
ORD-10515,CUST-126,PROD-126,BR-8,AG-23,5/29/2024,47186.68,Installments,9437.34,37749.34,12,0.2,3145.78,18874.67,0,EGP,1/1/1900
ORD-10516,CUST-777,PROD-133,BR-3,AG-11,12/30/2028,30347.12,Installments,6069.42,24277.7,12,0.2,2023.14,12138.85,0,EGP,4/4/2026
ORD-10517,CUST-185,PROD-78,BR-2,AG-7,8/7/2024,50492.07,Cash,50492.07,0,0,0,0,0,0,EGP,
ORD-10518,CUST-596,PROD-138,BR-3,AG-15,8/30/2024,84394.95,Installments,16878.99,67515.96,12,0.2,5626.33,33757.98,15,egp,4/4/2026
ORD-10519,CUST-498,PROD-98,BR-10,AG-25,12/16/2024,27470.19,Installments,5494.04,21976.15,12,0.2,1831.35,10988.08,0,EGP,4/4/2026
ORD-10520,CUST-687,PROD-144,BR-5,AG-23,8/2/2024,31984.39,Installments,6396.88,25587.51,12,0.2,2132.29,12793.76,0,EGP,4/4/2026
ORD-10521,CUST-742,PROD-166,BR-2,AG-14,8/19/2024,80409.5,Installments,16081.9,64327.6,12,0.2,5360.63,32163.8,0,EGP,4/4/2026
ORD-10522,CUST-865,PROD-193,BR-8,AG-15,5/4/2024,52810.95,Installments,10562.19,42248.76,12,0.2,3520.73,21124.38,15,Pound,4/4/2026
ORD-10523,CUST-600,PROD-79,BR-2,AG-5,4/21/2024,84865.79,Installments,16973.16,67892.63,12,0.2,5657.72,33946.32,15,Pound,4/4/2026
ORD-10524,CUST-909,PROD-124,BR-9,AG-22,1/14/2025,18765.67,Installments,3753.13,15012.54,12,0.2,1251.04,7506.27,15,EGP,4/4/2026
ORD-10525,CUST-325,PROD-90,BR-3,AG-2,10/19/2024,45080.1,Cash,45080.1,0,0,0,0,0,0,EGP,
ORD-10526,CUST-347,PROD-182,BR-1,AG-21,1/13/2024,83859.34,Cash,83859.34,0,0,0,0,0,0,EGP,
ORD-10527,CUST-467,PROD-183,BR-3,AG-24,8/24/2024,59473.08,Installments,11894.62,47578.46,12,0.2,3964.87,23789.23,15,EGP,4/4/2026
ORD-10528,CUST-145,PROD-148,BR-8,AG-8,10/11/2024,12333.47,Cash,12333.47,0,0,0,0,0,0,EGP,
ORD-10529,CUST-125,PROD-96,BR-8,AG-5,4/16/2024,14572.15,Cash,14572.15,0,0,0,0,0,0,EGP,
ORD-10530,CUST-240,PROD-59,BR-10,AG-15,10/19/2024,87857.12,Cash,87857.12,0,0,0,0,0,0,EGP,
ORD-10531,CUST-415,PROD-121,BR-2,AG-8,2/19/2024,10337.84,Installments,2067.57,8270.27,12,0.2,689.19,4135.14,0,Pound,4/4/2026
ORD-10532,CUST-848,PROD-144,BR-9,AG-12,3/12/2024,73945.12,Installments,14789.02,59156.1,12,0.2,4929.67,29578.05,15,EGP,4/4/2026
ORD-10533,CUST-203,PROD-174,BR-4,AG-9,1/29/2025,53200.4,Installments,10640.08,42560.32,12,0.2,3546.69,21280.16,0,EGP,4/4/2026
ORD-10534,CUST-891,PROD-137,BR-1,AG-23,8/19/2024,74388.27,Installments,14877.65,59510.62,12,0.2,4959.22,29755.31,0,EGP,4/4/2026
ORD-10535,CUST-979,PROD-90,BR-9,AG-13,1/2/2024,71409.63,Cash,71409.63,0,0,0,0,0,0,EGP,
ORD-10536,CUST-806,PROD-189,BR-7,AG-15,8/13/2024,41775.8,Installments,8355.16,33420.64,12,0.2,2785.05,16710.32,0,EGP,4/4/2026
ORD-10537,CUST-845,PROD-89,BR-6,AG-6,11/27/2024,44688.34,Installments,8937.67,35750.67,12,0.2,2979.22,17875.34,0,EGP,4/4/2026
ORD-10538,CUST-121,PROD-129,BR-6,AG-6,12/19/2024,60590.16,Cash,60590.16,0,0,0,0,0,0,EGP,
ORD-10539,CUST-205,PROD-113,BR-4,AG-2,2/7/2024,89544.1,Installments,17908.82,71635.28,12,0.2,5969.61,35817.64,0,egp,4/4/2026
ORD-10540,CUST-801,PROD-179,BR-1,AG-15,9/5/2024,51476.44,Installments,10295.29,41181.15,12,0.2,3431.76,20590.58,0,EGP,4/4/2026
ORD-10541,CUST-732,PROD-62,BR-3,AG-13,10/28/2024,88574.03,Installments,17714.81,70859.22,12,0.2,0,35429.61,0,EGP,4/4/2026
ORD-10542,CUST-928,PROD-146,BR-7,AG-3,5/26/2024,88015.07,Installments,17603.01,70412.06,12,0.2,5867.67,35206.03,45,EGP,4/4/2026
ORD-10543,CUST-457,PROD-124,BR-6,AG-6,5/26/2024,42712.3,Installments,8542.46,34169.84,12,0.2,2847.49,17084.92,0,EGP,4/4/2026
ORD-10544,CUST-846,PROD-93,BR-1,AG-5,1/30/2024,88934.72,Cash,88934.72,0,0,0,0,0,0,EGP,
ORD-10545,CUST-475,PROD-146,BR-3,AG-17,12/9/2024,41863.17,Cash,41863.17,0,0,0,0,0,0,EGP,
ORD-10546,CUST-340,PROD-87,BR-1,AG-23,2/4/2024,80091.31,Cash,80091.31,0,0,0,0,0,0,EGP,
ORD-10547,CUST-421,PROD-83,BR-10,AG-21,5/20/2024,25150.99,Installments,5030.2,20120.79,12,0.2,1676.73,10060.4,0,Pound,4/4/2026
ORD-10548,CUST-864,PROD-90,BR-2,AG-12,10/25/2024,70562.82,Installments,14112.56,56450.26,12,0.2,4704.19,28225.13,0,EGP,4/4/2026
ORD-10549,CUST-390,PROD-168,BR-5,AG-12,8/4/2024,78008.32,Installments,15601.66,62406.66,12,0.2,5200.55,31203.33,0,egp,4/4/2026
ORD-10550,CUST-218,PROD-55,BR-10,AG-9,1/30/2024,55724.47,Installments,11144.89,44579.58,12,0.2,3714.96,22289.79,45,EGP,4/4/2026
ORD-10551,CUST-479,PROD-181,BR-10,AG-8,5/7/2024,73480.63,Installments,14696.13,58784.5,12,0.2,4898.71,29392.25,0,EGP,4/4/2026
ORD-10552,CUST-674,PROD-100,BR-3,AG-6,9/6/2024,14960.59,Cash,14960.59,0,0,0,0,0,0,EGP,
ORD-10553,CUST-995,PROD-67,BR-2,AG-6,4/14/2024,36704.08,Installments,7340.82,29363.26,12,0.2,2446.94,14681.63,0,egp,4/4/2026
ORD-10554,CUST-381,PROD-100,BR-6,AG-16,1/5/2025,11523.98,Installments,2304.8,9219.18,12,0.2,768.27,4609.59,120,EGP,4/4/2026
ORD-10555,CUST-147,PROD-97,BR-5,AG-7,1/10/2025,71403.29,Installments,14280.66,57122.63,12,0.2,4760.22,28561.32,0,EGP,4/4/2026
ORD-10556,CUST-967,PROD-139,BR-10,AG-6,12/5/2024,78908.7,Installments,15781.74,63126.96,12,0.2,5260.58,31563.48,120,EGP,4/4/2026
ORD-10557,CUST-149,PROD-107,BR-4,AG-25,12/13/2024,27310.15,Cash,27310.15,0,0,0,0,0,0,EGP,
ORD-10558,CUST-285,PROD-69,BR-9,AG-14,11/25/2024,25337.67,Installments,5067.53,20270.14,12,0.2,1689.18,10135.07,0,EGP,1/1/1900
ORD-10559,CUST-490,PROD-117,BR-2,AG-20,1/19/2024,73728.85,Installments,14745.77,58983.08,12,0.2,4915.26,29491.54,0,EGP,4/4/2026
ORD-10560,CUST-884,PROD-60,BR-8,AG-18,9/27/2024,10963.71,Installments,2192.74,8770.97,12,0.2,730.91,4385.48,0,EGP,4/4/2026
ORD-10561,CUST-294,PROD-149,BR-6,AG-6,9/19/2024,36771.05,Installments,7354.21,29416.84,12,0.2,2451.4,14708.42,0,EGP,4/4/2026
ORD-10562,CUST-493,PROD-53,BR-9,AG-20,12/16/2024,87781.65,Installments,17556.33,70225.32,12,0.2,5852.11,35112.66,0,EGP,4/4/2026
ORD-10563,CUST-791,PROD-159,BR-3,AG-5,12/27/2024,22006.52,Installments,4401.3,17605.22,12,0.2,0,8802.61,15,EGP,4/4/2026
ORD-10564,CUST-177,PROD-123,BR-8,AG-18,1/19/2024,61383.94,Installments,12276.79,49107.15,12,0.2,4092.26,24553.58,0,EGP,4/4/2026
ORD-10565,CUST-536,PROD-74,BR-3,AG-4,2/13/2024,40690.8,Installments,8138.16,32552.64,12,0.2,2712.72,16276.32,0,EGP,4/4/2026
ORD-10566,CUST-475,PROD-124,BR-2,AG-11,10/4/2024,15974.79,Installments,3194.96,12779.83,12,0.2,1064.99,6389.92,0,EGP,4/4/2026
ORD-10567,CUST-423,PROD-66,BR-7,AG-19,12/12/2024,84783.08,Cash,84783.08,0,0,0,0,0,0,EGP,
ORD-10568,CUST-271,PROD-53,BR-4,AG-11,8/31/2024,70197.54,Installments,14039.51,56158.03,12,0.2,4679.84,28079.02,0,EGP,4/4/2026
ORD-10569,CUST-342,PROD-161,BR-8,AG-1,7/27/2024,88234.99,Installments,17647,70587.99,12,0.2,5882.33,35294,45,Pound,4/4/2026
ORD-10570,CUST-127,PROD-200,BR-7,AG-4,12/30/2028,15903.76,Cash,15903.76,0,0,0,0,0,0,EGP,
ORD-10571,CUST-478,PROD-71,BR-5,AG-15,2/7/2024,77238.27,Installments,15447.65,61790.62,12,0.2,5149.22,30895.31,0,EGP,4/4/2026
ORD-10572,CUST-230,PROD-59,BR-6,AG-20,1/13/2025,46073.12,Cash,46073.12,0,0,0,0,0,0,EGP,
ORD-10573,CUST-102,PROD-188,BR-10,AG-25,11/11/2024,75358.07,Installments,15071.61,60286.46,12,0.2,5023.87,30143.23,0,EGP,4/4/2026
ORD-10574,CUST-491,PROD-188,BR-10,AG-10,11/24/2024,75635.02,Installments,15127,60508.02,12,0.2,5042.33,30254.01,0,Pound,4/4/2026
ORD-10575,CUST-348,PROD-71,BR-4,AG-11,3/20/2024,50585.07,Cash,50585.07,0,0,0,0,0,0,egp,
ORD-10576,CUST-193,PROD-162,BR-3,AG-19,8/7/2024,50128.98,Installments,10025.8,40103.18,12,0.2,3341.93,20051.59,0,EGP,4/4/2026
ORD-10577,CUST-258,PROD-78,BR-5,AG-23,1/29/2024,52961.46,Installments,10592.29,42369.17,12,0.2,3530.76,21184.58,0,EGP,4/4/2026
ORD-10578,CUST-605,PROD-188,BR-4,AG-6,4/21/2024,50130.63,Installments,10026.13,40104.5,12,0.2,3342.04,20052.25,0,EGP,4/4/2026
ORD-10579,CUST-434,PROD-172,BR-8,AG-1,8/30/2024,19183.19,Installments,3836.64,15346.55,12,0.2,1278.88,7673.28,15,EGP,4/4/2026
ORD-10580,CUST-670,PROD-173,BR-5,AG-9,5/7/2024,56538.66,Installments,11307.73,45230.93,12,0.2,3769.24,22615.46,0,EGP,4/4/2026
ORD-10581,CUST-628,PROD-98,BR-4,AG-3,7/4/2024,10601.15,Installments,2120.23,8480.92,12,0.2,706.74,4240.46,0,EGP,4/4/2026
ORD-10582,CUST-113,PROD-136,BR-3,AG-2,3/20/2024,19867.6,Installments,3973.52,15894.08,12,0.2,1324.51,7947.04,0,EGP,4/4/2026
ORD-10583,CUST-935,PROD-108,BR-4,AG-25,7/25/2024,69042.29,Installments,13808.46,55233.83,12,0.2,4602.82,27616.92,15,EGP,4/4/2026
ORD-10584,CUST-858,PROD-196,BR-4,AG-11,9/6/2024,40391.66,Cash,40391.66,0,0,0,0,0,0,EGP,
ORD-10585,CUST-378,PROD-138,BR-3,AG-22,12/5/2024,77169.74,Cash,77169.74,0,0,0,0,0,0,EGP,
ORD-10586,CUST-227,PROD-197,BR-10,AG-13,7/29/2024,68855.15,Installments,13771.03,55084.12,12,0.2,4590.34,27542.06,0,EGP,4/4/2026
ORD-10587,CUST-604,PROD-68,BR-9,AG-1,12/30/2028,61193.58,Installments,12238.72,48954.86,12,0.2,4079.57,24477.43,0,EGP,4/4/2026
ORD-10588,CUST-702,PROD-52,BR-8,AG-16,9/17/2024,45229.2,Installments,9045.84,36183.36,12,0.2,3015.28,18091.68,0,egp,4/4/2026
ORD-10589,CUST-457,PROD-101,BR-6,AG-25,2/1/2025,38200.21,Installments,7640.04,30560.17,12,0.2,0,15280.08,120,EGP,4/4/2026
ORD-10590,CUST-585,PROD-152,BR-10,AG-11,9/11/2024,73612.39,Cash,73612.39,0,0,0,0,0,0,EGP,
ORD-10591,CUST-164,PROD-96,BR-5,AG-18,7/15/2024,48161.88,Cash,48161.88,0,0,0,0,0,0,EGP,
ORD-10592,CUST-541,PROD-70,BR-1,AG-21,12/30/2028,50506.77,Installments,10101.35,40405.42,12,0.2,3367.12,20202.71,0,EGP,4/4/2026
ORD-10593,CUST-976,PROD-94,BR-2,AG-11,7/17/2024,21833.32,Installments,4366.66,17466.66,12,0.2,1455.55,8733.33,0,EGP,4/4/2026
ORD-10594,CUST-624,PROD-98,BR-10,AG-24,7/18/2024,77338.74,Installments,15467.75,61870.99,12,0.2,5155.92,30935.5,0,EGP,4/4/2026
ORD-10595,CUST-706,PROD-87,BR-4,AG-14,9/24/2024,89184.37,Installments,17836.87,71347.5,12,0.2,5945.62,35673.75,0,Pound,4/4/2026
ORD-10596,CUST-962,PROD-69,BR-9,AG-20,6/24/2024,25305.65,Installments,5061.13,20244.52,12,0.2,1687.04,10122.26,15,EGP,4/4/2026
ORD-10597,CUST-926,PROD-168,BR-8,AG-24,12/13/2024,12510.92,Cash,12510.92,0,0,0,0,0,0,egp,
ORD-10598,CUST-852,PROD-107,BR-6,AG-24,8/4/2024,40532.4,Installments,8106.48,32425.92,12,0.2,2702.16,16212.96,0,EGP,4/4/2026
ORD-10599,CUST-247,PROD-115,BR-10,AG-2,9/11/2024,88728.42,Cash,88728.42,0,0,0,0,0,0,EGP,
ORD-10600,CUST-394,PROD-158,BR-5,AG-4,12/30/2028,26425.54,Cash,26425.54,0,0,0,0,0,0,EGP,
ORD-10601,CUST-326,PROD-139,BR-8,AG-20,1/31/2025,35358.76,Installments,7071.75,28287.01,12,0.2,2357.25,14143.5,0,egp,4/4/2026
ORD-10602,CUST-648,PROD-70,BR-1,AG-17,2/18/2024,57183.46,Installments,11436.69,45746.77,12,0.2,3812.23,22873.38,0,EGP,4/4/2026
ORD-10603,CUST-965,PROD-65,BR-6,AG-4,1/6/2024,71848.45,Cash,71848.45,0,0,0,0,0,0,egp,
ORD-10604,CUST-217,PROD-55,BR-9,AG-6,8/27/2024,47371.07,Installments,9474.21,37896.86,12,0.2,3158.07,18948.43,0,EGP,4/4/2026
ORD-10605,CUST-104,PROD-72,BR-2,AG-10,2/22/2024,85746.77,Installments,17149.35,68597.42,12,0.2,5716.45,34298.71,0,EGP,4/4/2026
ORD-10606,CUST-317,PROD-50,BR-10,AG-1,3/13/2024,81546.4,Installments,16309.28,65237.12,12,0.2,5436.43,32618.56,15,EGP,4/4/2026
ORD-10607,CUST-156,PROD-76,BR-5,AG-1,1/7/2024,35670.59,Installments,7134.12,28536.47,12,0.2,2378.04,14268.24,45,EGP,4/4/2026
ORD-10608,CUST-736,PROD-192,BR-10,AG-10,5/3/2024,81712.29,Installments,16342.46,65369.83,12,0.2,5447.49,32684.92,0,EGP,4/4/2026
ORD-10609,CUST-623,PROD-56,BR-3,AG-17,3/20/2024,41783.11,Cash,41783.11,0,0,0,0,0,0,EGP,
ORD-10610,CUST-669,PROD-165,BR-1,AG-10,8/2/2024,31729.51,Installments,6345.9,25383.61,12,0.2,2115.3,12691.8,0,EGP,4/4/2026
ORD-10611,CUST-383,PROD-197,BR-2,AG-21,10/11/2024,48095.83,Cash,48095.83,0,0,0,0,0,0,EGP,
ORD-10612,CUST-868,PROD-182,BR-10,AG-6,6/13/2024,12440.36,Installments,2488.07,9952.29,12,0.2,829.36,4976.14,15,EGP,4/4/2026
ORD-10613,CUST-835,PROD-68,BR-8,AG-14,5/27/2024,17127.08,Installments,3425.42,13701.66,12,0.2,1141.81,6850.83,0,EGP,4/4/2026
ORD-10614,CUST-900,PROD-67,BR-1,AG-23,1/30/2024,49253.06,Cash,49253.06,0,0,0,0,0,0,egp,
ORD-10615,CUST-766,PROD-131,BR-10,AG-24,2/16/2024,21329.81,Installments,4265.96,17063.85,12,0.2,1421.99,8531.92,15,Pound,4/4/2026
ORD-10616,CUST-564,PROD-60,BR-1,AG-17,8/31/2024,86337.03,Installments,17267.41,69069.62,12,0.2,5755.8,34534.81,0,EGP,4/4/2026
ORD-10617,CUST-636,PROD-199,BR-4,AG-3,11/17/2024,16484.66,Installments,3296.93,13187.73,12,0.2,0,6593.86,45,EGP,4/4/2026
ORD-10618,CUST-685,PROD-114,BR-6,AG-21,1/16/2024,82929.15,Installments,16585.83,66343.32,12,0.2,0,33171.66,15,EGP,4/4/2026
ORD-10619,CUST-507,PROD-161,BR-5,AG-18,7/6/2024,66817.28,Installments,13363.46,53453.82,12,0.2,4454.49,26726.91,0,EGP,4/4/2026
ORD-10620,CUST-394,PROD-54,BR-6,AG-22,11/23/2024,49237.51,Installments,9847.5,39390.01,12,0.2,3282.5,19695,0,EGP,4/4/2026
ORD-10621,CUST-941,PROD-93,BR-8,AG-24,10/30/2024,51699.61,Installments,10339.92,41359.69,12,0.2,3446.64,20679.84,0,Pound,4/4/2026
ORD-10622,CUST-997,PROD-160,BR-1,AG-12,3/9/2024,36956.32,Installments,7391.26,29565.06,12,0.2,2463.75,14782.53,15,EGP,4/4/2026
ORD-10623,CUST-659,PROD-183,BR-6,AG-25,1/1/2025,84985.32,Cash,84985.32,0,0,0,0,0,0,EGP,
ORD-10624,CUST-760,PROD-56,BR-7,AG-12,9/6/2024,32149.33,Installments,6429.87,25719.46,12,0.2,2143.29,12859.73,45,EGP,4/4/2026
ORD-10625,CUST-264,PROD-190,BR-7,AG-21,4/12/2024,50983.31,Installments,10196.66,40786.65,12,0.2,3398.89,20393.32,120,EGP,4/4/2026
ORD-10626,CUST-933,PROD-131,BR-3,AG-18,4/13/2024,68263.86,Cash,68263.86,0,0,0,0,0,0,EGP,
ORD-10627,CUST-989,PROD-87,BR-6,AG-4,12/30/2028,37358.95,Installments,7471.79,29887.16,12,0.2,2490.6,14943.58,45,Pound,4/4/2026
ORD-10628,CUST-820,PROD-52,BR-8,AG-18,3/18/2024,46977.08,Installments,9395.42,37581.66,12,0.2,3131.81,18790.83,0,EGP,4/4/2026
ORD-10629,CUST-955,PROD-175,BR-7,AG-9,1/22/2024,52737.32,Cash,52737.32,0,0,0,0,0,0,EGP,
ORD-10630,CUST-367,PROD-159,BR-2,AG-23,5/1/2024,87946.03,Installments,17589.21,70356.82,12,0.2,5863.07,35178.41,0,Pound,4/4/2026
ORD-10631,CUST-895,PROD-79,BR-10,AG-14,11/22/2024,49746.84,Installments,9949.37,39797.47,12,0.2,3316.46,19898.74,0,EGP,4/4/2026
ORD-10632,CUST-982,PROD-60,BR-2,AG-4,6/14/2024,19654.64,Cash,19654.64,0,0,0,0,0,0,EGP,
ORD-10633,CUST-859,PROD-127,BR-3,AG-4,2/11/2024,44086.1,Cash,44086.1,0,0,0,0,0,0,Pound,
ORD-10634,CUST-661,PROD-192,BR-4,AG-1,3/25/2024,18366.79,Installments,3673.36,14693.43,12,0.2,1224.45,7346.72,0,EGP,4/4/2026
ORD-10635,CUST-750,PROD-111,BR-2,AG-3,5/2/2024,63316.48,Cash,63316.48,0,0,0,0,0,0,EGP,
ORD-10636,CUST-587,PROD-90,BR-1,AG-15,5/25/2024,26549.21,Installments,5309.84,21239.37,12,0.2,1769.95,10619.68,0,Pound,4/4/2026
ORD-10637,CUST-356,PROD-73,BR-4,AG-21,12/22/2024,40262.65,Installments,8052.53,32210.12,12,0.2,2684.18,16105.06,0,EGP,4/4/2026
ORD-10638,CUST-384,PROD-60,BR-9,AG-17,3/19/2024,83222.61,Cash,83222.61,0,0,0,0,0,0,EGP,
ORD-10639,CUST-823,PROD-133,BR-1,AG-6,7/13/2024,19469.58,Cash,19469.58,0,0,0,0,0,0,EGP,
ORD-10640,CUST-516,PROD-104,BR-7,AG-17,11/30/2024,59329.56,Cash,59329.56,0,0,0,0,0,0,EGP,
ORD-10641,CUST-993,PROD-128,BR-6,AG-7,6/11/2024,50268.24,Installments,10053.65,40214.59,12,0.2,3351.22,20107.3,0,EGP,4/4/2026
ORD-10642,CUST-269,PROD-137,BR-10,AG-15,11/7/2024,12604.87,Cash,12604.87,0,0,0,0,0,0,EGP,
ORD-10643,CUST-979,PROD-87,BR-10,AG-1,5/11/2024,32137.26,Installments,6427.45,25709.81,12,0.2,2142.48,12854.9,0,Pound,4/4/2026
ORD-10644,CUST-707,PROD-121,BR-7,AG-8,1/19/2024,41648.75,Cash,41648.75,0,0,0,0,0,0,EGP,
ORD-10645,CUST-875,PROD-155,BR-3,AG-9,3/5/2024,86578.07,Cash,86578.07,0,0,0,0,0,0,egp,
ORD-10646,CUST-448,PROD-119,BR-1,AG-3,6/2/2024,71678.28,Installments,14335.66,57342.62,12,0.2,4778.55,28671.31,0,EGP,4/4/2026
ORD-10647,CUST-229,PROD-179,BR-7,AG-22,9/26/2024,66104.31,Cash,66104.31,0,0,0,0,0,0,EGP,
ORD-10648,CUST-455,PROD-171,BR-1,AG-9,8/7/2024,58050.58,Installments,11610.12,46440.46,12,0.2,3870.04,23220.23,15,EGP,4/4/2026
ORD-10649,CUST-823,PROD-175,BR-4,AG-1,1/24/2025,44516.37,Installments,8903.27,35613.1,12,0.2,2967.76,17806.55,15,Pound,4/4/2026
ORD-10650,CUST-923,PROD-124,BR-4,AG-14,10/1/2024,43694.35,Installments,8738.87,34955.48,12,0.2,2912.96,17477.74,15,EGP,4/4/2026
ORD-10651,CUST-369,PROD-120,BR-10,AG-19,5/3/2024,19062.21,Installments,3812.44,15249.77,12,0.2,1270.81,7624.88,0,EGP,4/4/2026
ORD-10652,CUST-812,PROD-191,BR-5,AG-20,1/22/2025,59591.45,Installments,11918.29,47673.16,12,0.2,3972.76,23836.58,0,EGP,4/4/2026
ORD-10653,CUST-981,PROD-64,BR-9,AG-21,10/13/2024,86310.94,Cash,86310.94,0,0,0,0,0,0,EGP,
ORD-10654,CUST-303,PROD-121,BR-7,AG-2,12/29/2024,18586.71,Installments,3717.34,14869.37,12,0.2,0,7434.68,0,EGP,4/4/2026
ORD-10655,CUST-905,PROD-99,BR-7,AG-1,10/15/2024,89076.92,Cash,89076.92,0,0,0,0,0,0,EGP,
ORD-10656,CUST-165,PROD-169,BR-1,AG-3,12/16/2024,42738.72,Installments,8547.74,34190.98,12,0.2,2849.25,17095.49,0,EGP,4/4/2026
ORD-10657,CUST-304,PROD-122,BR-8,AG-5,12/17/2024,21006.65,Installments,4201.33,16805.32,12,0.2,1400.44,8402.66,0,EGP,4/4/2026
ORD-10658,CUST-394,PROD-93,BR-4,AG-18,5/24/2024,88605.65,Installments,17721.13,70884.52,12,0.2,5907.04,35442.26,0,EGP,4/4/2026
ORD-10659,CUST-752,PROD-188,BR-1,AG-21,10/13/2024,53482.66,Installments,10696.53,42786.13,12,0.2,3565.51,21393.06,0,EGP,4/4/2026
ORD-10660,CUST-326,PROD-157,BR-8,AG-2,9/12/2024,17273.69,Installments,3454.74,13818.95,12,0.2,0,6909.48,0,EGP,4/4/2026
ORD-10661,CUST-976,PROD-188,BR-6,AG-6,1/15/2025,22045.13,Installments,4409.03,17636.1,12,0.2,1469.68,8818.05,0,egp,4/4/2026
ORD-10662,CUST-367,PROD-139,BR-2,AG-9,1/1/2025,82239.18,Cash,82239.18,0,0,0,0,0,0,EGP,
ORD-10663,CUST-180,PROD-180,BR-8,AG-6,3/10/2024,78241.42,Installments,15648.28,62593.14,12,0.2,5216.09,31296.57,15,EGP,4/4/2026
ORD-10664,CUST-672,PROD-108,BR-2,AG-5,3/23/2024,59448.81,Installments,11889.76,47559.05,12,0.2,3963.25,23779.52,0,EGP,4/4/2026
ORD-10665,CUST-802,PROD-160,BR-4,AG-8,8/5/2024,68016.67,Installments,13603.33,54413.34,12,0.2,4534.44,27206.67,0,EGP,4/4/2026
ORD-10666,CUST-144,PROD-77,BR-5,AG-15,7/1/2024,16741.96,Installments,3348.39,13393.57,12,0.2,1116.13,6696.78,0,EGP,4/4/2026
ORD-10667,CUST-465,PROD-69,BR-2,AG-21,5/29/2024,48783,Cash,48783,0,0,0,0,0,0,EGP,
ORD-10668,CUST-776,PROD-169,BR-8,AG-12,3/27/2024,51878.2,Installments,10375.64,41502.56,12,0.2,3458.55,20751.28,0,EGP,4/4/2026
ORD-10669,CUST-397,PROD-102,BR-5,AG-25,7/20/2024,54074.92,Installments,10814.98,43259.94,12,0.2,3604.99,21629.97,45,egp,4/4/2026
ORD-10670,CUST-687,PROD-57,BR-6,AG-6,1/22/2024,52533.17,Installments,10506.63,42026.54,12,0.2,3502.21,21013.27,0,EGP,4/4/2026
ORD-10671,CUST-663,PROD-99,BR-6,AG-15,6/1/2024,41683.23,Installments,8336.65,33346.58,12,0.2,2778.88,16673.29,0,egp,4/4/2026
ORD-10672,CUST-828,PROD-96,BR-9,AG-25,5/4/2024,21999,Installments,4399.8,17599.2,12,0.2,1466.6,8799.6,45,EGP,4/4/2026
ORD-10673,CUST-930,PROD-94,BR-7,AG-22,7/4/2024,42811.56,Installments,8562.31,34249.25,12,0.2,2854.1,17124.62,120,EGP,4/4/2026
ORD-10674,CUST-925,PROD-167,BR-2,AG-21,1/8/2024,81661.38,Cash,81661.38,0,0,0,0,0,0,egp,
ORD-10675,CUST-798,PROD-141,BR-8,AG-17,1/24/2024,43809.44,Installments,8761.89,35047.55,12,0.2,2920.63,17523.78,0,EGP,4/4/2026
ORD-10676,CUST-348,PROD-160,BR-4,AG-2,9/7/2024,24139.16,Installments,4827.83,19311.33,12,0.2,1609.28,9655.66,120,EGP,4/4/2026
ORD-10677,CUST-278,PROD-169,BR-5,AG-21,3/22/2024,61555.92,Installments,12311.18,49244.74,12,0.2,4103.73,24622.37,45,EGP,4/4/2026
ORD-10678,CUST-204,PROD-159,BR-6,AG-15,5/23/2024,88032.84,Installments,17606.57,70426.27,12,0.2,5868.86,35213.14,0,EGP,4/4/2026
ORD-10679,CUST-200,PROD-128,BR-4,AG-1,10/19/2024,80706.99,Cash,80706.99,0,0,0,0,0,0,egp,
ORD-10680,CUST-959,PROD-95,BR-3,AG-2,4/27/2024,27290.59,Installments,5458.12,21832.47,12,0.2,1819.37,10916.24,0,EGP,4/4/2026
ORD-10681,CUST-652,PROD-71,BR-1,AG-11,4/10/2024,25413.18,Cash,25413.18,0,0,0,0,0,0,egp,
ORD-10682,CUST-492,PROD-160,BR-7,AG-6,3/29/2024,40272.34,Installments,8054.47,32217.87,12,0.2,2684.82,16108.94,45,EGP,4/4/2026
ORD-10683,CUST-507,PROD-161,BR-5,AG-17,10/13/2024,19436.59,Installments,3887.32,15549.27,12,0.2,1295.77,7774.64,0,egp,4/4/2026
ORD-10684,CUST-740,PROD-95,BR-7,AG-8,10/30/2024,87814.59,Cash,87814.59,0,0,0,0,0,0,EGP,
ORD-10685,CUST-905,PROD-158,BR-2,AG-21,1/15/2024,33944.36,Cash,33944.36,0,0,0,0,0,0,egp,
ORD-10686,CUST-727,PROD-134,BR-5,AG-7,11/16/2024,81387.01,Cash,81387.01,0,0,0,0,0,0,EGP,
ORD-10687,CUST-521,PROD-97,BR-5,AG-10,8/16/2024,82578.9,Installments,16515.78,66063.12,12,0.2,5505.26,33031.56,0,EGP,4/4/2026
ORD-10688,CUST-933,PROD-90,BR-7,AG-19,6/24/2024,59205.72,Installments,11841.14,47364.58,12,0.2,3947.05,23682.29,0,EGP,4/4/2026
ORD-10689,CUST-587,PROD-80,BR-5,AG-25,10/4/2024,88000.39,Installments,17600.08,70400.31,12,0.2,5866.69,35200.16,0,EGP,4/4/2026
ORD-10690,CUST-855,PROD-181,BR-8,AG-7,8/17/2024,22266.32,Installments,4453.26,17813.06,12,0.2,1484.42,8906.53,0,EGP,4/4/2026
ORD-10691,CUST-642,PROD-59,BR-3,AG-4,12/6/2024,75880.93,Installments,15176.19,60704.74,12,0.2,5058.73,30352.37,15,Pound,4/4/2026
ORD-10692,CUST-420,PROD-200,BR-2,AG-17,2/23/2024,51835.95,Cash,51835.95,0,0,0,0,0,0,EGP,
ORD-10693,CUST-352,PROD-67,BR-10,AG-2,6/30/2024,35582.43,Installments,7116.49,28465.94,12,0.2,2372.16,14232.97,0,egp,4/4/2026
ORD-10694,CUST-918,PROD-81,BR-5,AG-17,5/1/2024,29748.73,Cash,29748.73,0,0,0,0,0,0,Pound,
ORD-10695,CUST-596,PROD-108,BR-2,AG-21,1/11/2025,51160.81,Installments,10232.16,40928.65,12,0.2,3410.72,20464.32,120,EGP,4/4/2026
ORD-10696,CUST-911,PROD-104,BR-4,AG-2,4/8/2024,42244.51,Installments,8448.9,33795.61,12,0.2,2816.3,16897.8,0,egp,4/4/2026
ORD-10697,CUST-142,PROD-148,BR-10,AG-23,1/19/2025,32882.65,Cash,32882.65,0,0,0,0,0,0,EGP,
ORD-10698,CUST-381,PROD-140,BR-5,AG-12,1/20/2024,48552.7,Cash,48552.7,0,0,0,0,0,0,EGP,
ORD-10699,CUST-457,PROD-190,BR-6,AG-13,2/6/2024,50387.48,Installments,10077.5,40309.98,12,0.2,3359.17,20154.99,0,EGP,4/4/2026
ORD-10700,CUST-107,PROD-145,BR-5,AG-14,10/30/2024,25579.94,Cash,25579.94,0,0,0,0,0,0,EGP,
ORD-10701,CUST-754,PROD-191,BR-1,AG-12,12/30/2028,54578.39,Cash,54578.39,0,0,0,0,0,0,EGP,
ORD-10702,CUST-530,PROD-157,BR-9,AG-13,4/4/2024,20223.93,Installments,4044.79,16179.14,12,0.2,1348.26,8089.57,15,EGP,4/4/2026
ORD-10703,CUST-701,PROD-184,BR-8,AG-23,6/14/2024,27776.07,Installments,5555.21,22220.86,12,0.2,1851.74,11110.43,0,EGP,4/4/2026
ORD-10704,CUST-504,PROD-197,BR-7,AG-4,8/23/2024,62892.92,Installments,12578.58,50314.34,12,0.2,4192.86,25157.17,0,EGP,4/4/2026
ORD-10705,CUST-373,PROD-55,BR-9,AG-11,3/15/2024,37497.27,Installments,7499.45,29997.82,12,0.2,2499.82,14998.91,45,EGP,4/4/2026
ORD-10706,CUST-347,PROD-61,BR-8,AG-8,9/26/2024,32904.32,Installments,6580.86,26323.46,12,0.2,2193.62,13161.73,0,EGP,4/4/2026
ORD-10707,CUST-127,PROD-130,BR-3,AG-18,1/20/2025,79254.31,Installments,15850.86,63403.45,12,0.2,5283.62,31701.72,0,egp,4/4/2026
ORD-10708,CUST-844,PROD-122,BR-6,AG-5,5/8/2024,46192.12,Cash,46192.12,0,0,0,0,0,0,EGP,
ORD-10709,CUST-501,PROD-61,BR-3,AG-19,12/3/2024,69344.27,Cash,69344.27,0,0,0,0,0,0,EGP,
ORD-10710,CUST-123,PROD-156,BR-2,AG-14,8/5/2024,25905.72,Installments,5181.14,20724.58,12,0.2,1727.05,10362.29,45,EGP,4/4/2026
ORD-10711,CUST-423,PROD-197,BR-1,AG-11,6/19/2024,62962.85,Installments,12592.57,50370.28,12,0.2,4197.52,25185.14,0,egp,4/4/2026
ORD-10712,CUST-861,PROD-108,BR-8,AG-6,6/30/2024,86297.67,Installments,17259.53,69038.14,12,0.2,5753.18,34519.07,15,egp,4/4/2026
ORD-10713,CUST-776,PROD-102,BR-3,AG-9,3/21/2024,21064.95,Installments,4212.99,16851.96,12,0.2,1404.33,8425.98,0,EGP,4/4/2026
ORD-10714,CUST-420,PROD-137,BR-2,AG-10,4/28/2024,72751.98,Installments,14550.4,58201.58,12,0.2,4850.13,29100.79,0,egp,4/4/2026
ORD-10715,CUST-765,PROD-61,BR-7,AG-2,8/18/2024,27514.87,Installments,5502.97,22011.9,12,0.2,1834.32,11005.95,0,EGP,4/4/2026
ORD-10716,CUST-159,PROD-112,BR-3,AG-8,2/7/2024,50975.25,Installments,10195.05,40780.2,12,0.2,3398.35,20390.1,120,EGP,1/1/1900
ORD-10717,CUST-840,PROD-57,BR-9,AG-3,12/28/2024,41504.66,Installments,8300.93,33203.73,12,0.2,2766.98,16601.86,0,EGP,4/4/2026
ORD-10718,CUST-561,PROD-128,BR-9,AG-1,5/23/2024,39721.84,Cash,39721.84,0,0,0,0,0,0,EGP,
ORD-10719,CUST-918,PROD-104,BR-1,AG-14,3/1/2024,87333.46,Installments,17466.69,69866.77,12,0.2,5822.23,34933.38,15,EGP,4/4/2026
ORD-10720,CUST-132,PROD-163,BR-3,AG-25,12/28/2024,74411.1,Installments,14882.22,59528.88,12,0.2,4960.74,29764.44,15,EGP,4/4/2026
ORD-10721,CUST-916,PROD-92,BR-8,AG-7,4/16/2024,20133.74,Installments,4026.75,16106.99,12,0.2,1342.25,8053.5,120,EGP,4/4/2026
ORD-10722,CUST-568,PROD-159,BR-3,AG-13,1/8/2025,38575.44,Installments,7715.09,30860.35,12,0.2,2571.7,15430.18,0,EGP,4/4/2026
ORD-10723,CUST-564,PROD-176,BR-2,AG-9,5/28/2024,11124.82,Cash,11124.82,0,0,0,0,0,0,Pound,
ORD-10724,CUST-617,PROD-52,BR-7,AG-4,7/18/2024,29254.88,Installments,5850.98,23403.9,12,0.2,1950.33,11701.95,0,EGP,4/4/2026
ORD-10725,CUST-537,PROD-93,BR-2,AG-11,8/14/2024,88093.77,Cash,88093.77,0,0,0,0,0,0,EGP,
ORD-10726,CUST-281,PROD-199,BR-9,AG-18,9/7/2024,70455.09,Cash,70455.09,0,0,0,0,0,0,EGP,
ORD-10727,CUST-724,PROD-88,BR-7,AG-4,2/9/2024,21285.88,Installments,4257.18,17028.7,12,0.2,1419.06,8514.35,0,EGP,4/4/2026
ORD-10728,CUST-366,PROD-132,BR-2,AG-16,6/20/2024,13226.59,Installments,2645.32,10581.27,12,0.2,881.77,5290.64,0,EGP,4/4/2026
ORD-10729,CUST-556,PROD-192,BR-5,AG-6,3/21/2024,60705.06,Installments,12141.01,48564.05,12,0.2,4047,24282.02,120,egp,4/4/2026
ORD-10730,CUST-432,PROD-163,BR-5,AG-24,11/25/2024,33558.34,Cash,33558.34,0,0,0,0,0,0,EGP,
ORD-10731,CUST-366,PROD-96,BR-7,AG-13,5/8/2024,57775.66,Installments,11555.13,46220.53,12,0.2,3851.71,23110.26,0,egp,4/4/2026
ORD-10732,CUST-873,PROD-174,BR-8,AG-7,5/18/2024,18287.98,Installments,3657.6,14630.38,12,0.2,1219.2,7315.19,0,EGP,4/4/2026
ORD-10733,CUST-997,PROD-53,BR-3,AG-9,2/28/2024,41098.01,Installments,8219.6,32878.41,12,0.2,2739.87,16439.2,120,EGP,4/4/2026
ORD-10734,CUST-755,PROD-66,BR-6,AG-19,2/2/2025,81326.41,Installments,16265.28,65061.13,12,0.2,5421.76,32530.56,0,EGP,4/4/2026
ORD-10735,CUST-955,PROD-149,BR-6,AG-13,12/30/2028,68361.03,Installments,13672.21,54688.82,12,0.2,4557.4,27344.41,45,EGP,4/4/2026
ORD-10736,CUST-250,PROD-91,BR-9,AG-8,4/14/2024,66586.7,Installments,13317.34,53269.36,12,0.2,4439.11,26634.68,120,EGP,4/4/2026
ORD-10737,CUST-455,PROD-125,BR-10,AG-5,8/8/2024,24302.65,Installments,4860.53,19442.12,12,0.2,1620.18,9721.06,0,EGP,1/1/1900
ORD-10738,CUST-292,PROD-113,BR-3,AG-8,5/6/2024,63431.59,Cash,63431.59,0,0,0,0,0,0,EGP,
ORD-10739,CUST-416,PROD-138,BR-5,AG-9,1/6/2025,39453.09,Installments,7890.62,31562.47,12,0.2,2630.21,15781.24,45,EGP,4/4/2026
ORD-10740,CUST-724,PROD-181,BR-7,AG-13,12/9/2024,89236.49,Installments,17847.3,71389.19,12,0.2,5949.1,35694.6,0,EGP,4/4/2026
ORD-10741,CUST-336,PROD-159,BR-7,AG-23,10/30/2024,15667.98,Installments,3133.6,12534.38,12,0.2,1044.53,6267.19,0,egp,1/1/1900
ORD-10742,CUST-202,PROD-133,BR-4,AG-15,11/7/2024,80745.92,Installments,16149.18,64596.74,12,0.2,5383.06,32298.37,0,EGP,4/4/2026
ORD-10743,CUST-285,PROD-107,BR-9,AG-18,2/28/2024,13247.56,Installments,2649.51,10598.05,12,0.2,883.17,5299.02,0,EGP,4/4/2026
ORD-10744,CUST-463,PROD-184,BR-7,AG-7,8/18/2024,46845.42,Installments,9369.08,37476.34,12,0.2,0,18738.17,0,EGP,4/4/2026
ORD-10745,CUST-595,PROD-58,BR-8,AG-7,8/15/2024,36960.25,Cash,36960.25,0,0,0,0,0,0,egp,
ORD-10746,CUST-974,PROD-89,BR-5,AG-13,10/11/2024,65834.54,Installments,13166.91,52667.63,12,0.2,4388.97,26333.82,0,EGP,4/4/2026
ORD-10747,CUST-661,PROD-94,BR-4,AG-17,5/2/2024,66306.27,Cash,66306.27,0,0,0,0,0,0,EGP,
ORD-10748,CUST-378,PROD-63,BR-6,AG-17,6/7/2024,47420.21,Cash,47420.21,0,0,0,0,0,0,EGP,
ORD-10749,CUST-385,PROD-162,BR-1,AG-2,5/6/2024,53164.31,Cash,53164.31,0,0,0,0,0,0,EGP,
ORD-10750,CUST-423,PROD-157,BR-9,AG-1,3/11/2024,59412.31,Installments,11882.46,47529.85,12,0.2,3960.82,23764.92,0,EGP,4/4/2026
ORD-10751,CUST-581,PROD-63,BR-3,AG-23,5/29/2024,68067.67,Cash,68067.67,0,0,0,0,0,0,EGP,
ORD-10752,CUST-196,PROD-175,BR-7,AG-2,2/27/2024,72507.54,Cash,72507.54,0,0,0,0,0,0,EGP,
ORD-10753,CUST-203,PROD-58,BR-7,AG-2,5/25/2024,88728.61,Installments,17745.72,70982.89,12,0.2,5915.24,35491.44,0,EGP,4/4/2026
ORD-10754,CUST-563,PROD-96,BR-2,AG-23,1/16/2024,66257.25,Installments,13251.45,53005.8,12,0.2,4417.15,26502.9,15,EGP,4/4/2026
ORD-10755,CUST-119,PROD-169,BR-10,AG-14,5/26/2024,55621.66,Installments,11124.33,44497.33,12,0.2,3708.11,22248.66,0,EGP,4/4/2026
ORD-10756,CUST-954,PROD-85,BR-3,AG-20,1/23/2024,42170.32,Installments,8434.06,33736.26,12,0.2,2811.35,16868.13,0,egp,4/4/2026
ORD-10757,CUST-224,PROD-117,BR-3,AG-12,1/5/2024,32652.1,Installments,6530.42,26121.68,12,0.2,2176.81,13060.84,0,EGP,4/4/2026
ORD-10758,CUST-137,PROD-161,BR-4,AG-23,10/15/2024,42652.38,Installments,8530.48,34121.9,12,0.2,2843.49,17060.95,15,EGP,4/4/2026
ORD-10759,CUST-772,PROD-189,BR-9,AG-21,1/15/2025,85957.49,Installments,17191.5,68765.99,12,0.2,5730.5,34383,0,EGP,4/4/2026
ORD-10760,CUST-696,PROD-132,BR-1,AG-13,1/16/2024,66656.75,Installments,13331.35,53325.4,12,0.2,4443.78,26662.7,15,Pound,4/4/2026
ORD-10761,CUST-707,PROD-161,BR-1,AG-6,2/3/2025,20085.37,Installments,4017.07,16068.3,12,0.2,0,8034.15,45,EGP,4/4/2026
ORD-10762,CUST-526,PROD-177,BR-1,AG-11,9/30/2024,43084.7,Installments,8616.94,34467.76,12,0.2,2872.31,17233.88,15,EGP,4/4/2026
ORD-10763,CUST-696,PROD-150,BR-2,AG-1,2/6/2024,24368.8,Installments,4873.76,19495.04,12,0.2,1624.59,9747.52,45,EGP,4/4/2026
ORD-10764,CUST-121,PROD-136,BR-2,AG-15,4/29/2024,12771.57,Installments,2554.31,10217.26,12,0.2,851.44,5108.63,0,EGP,4/4/2026
ORD-10765,CUST-532,PROD-135,BR-4,AG-5,1/27/2024,48030.66,Cash,48030.66,0,0,0,0,0,0,Pound,
ORD-10766,CUST-681,PROD-105,BR-6,AG-1,2/26/2024,53091.44,Installments,10618.29,42473.15,12,0.2,3539.43,21236.58,0,EGP,4/4/2026
ORD-10767,CUST-828,PROD-81,BR-9,AG-14,12/30/2028,67746.46,Installments,13549.29,54197.17,12,0.2,4516.43,27098.58,0,EGP,4/4/2026
ORD-10768,CUST-206,PROD-57,BR-9,AG-10,2/24/2024,41423.95,Cash,41423.95,0,0,0,0,0,0,EGP,
ORD-10769,CUST-529,PROD-186,BR-6,AG-11,11/11/2024,29152.37,Installments,5830.47,23321.9,12,0.2,1943.49,11660.95,0,EGP,4/4/2026
ORD-10770,CUST-716,PROD-94,BR-9,AG-16,12/11/2024,16704.58,Installments,3340.92,13363.66,12,0.2,1113.64,6681.83,15,EGP,4/4/2026
ORD-10771,CUST-216,PROD-158,BR-7,AG-20,1/23/2025,83145.89,Cash,83145.89,0,0,0,0,0,0,Pound,
ORD-10772,CUST-966,PROD-172,BR-7,AG-23,6/30/2024,79214.45,Cash,79214.45,0,0,0,0,0,0,EGP,
ORD-10773,CUST-108,PROD-72,BR-10,AG-5,10/27/2024,11815.86,Installments,2363.17,9452.69,12,0.2,787.72,4726.34,0,EGP,4/4/2026
ORD-10774,CUST-515,PROD-138,BR-7,AG-15,7/28/2024,10234.88,Cash,10234.88,0,0,0,0,0,0,EGP,
ORD-10775,CUST-428,PROD-76,BR-4,AG-17,1/29/2025,62230.45,Cash,62230.45,0,0,0,0,0,0,EGP,
ORD-10776,CUST-683,PROD-140,BR-4,AG-8,10/16/2024,84630.92,Installments,16926.18,67704.74,12,0.2,5642.06,33852.37,120,egp,4/4/2026
ORD-10777,CUST-405,PROD-77,BR-1,AG-14,8/16/2024,30237.32,Installments,6047.46,24189.86,12,0.2,2015.82,12094.93,0,EGP,4/4/2026
ORD-10778,CUST-650,PROD-87,BR-6,AG-12,11/11/2024,72779.41,Cash,72779.41,0,0,0,0,0,0,EGP,
ORD-10779,CUST-393,PROD-111,BR-3,AG-17,7/12/2024,86474.19,Installments,17294.84,69179.35,12,0.2,5764.95,34589.68,0,EGP,4/4/2026
ORD-10780,CUST-146,PROD-146,BR-2,AG-3,8/11/2024,35738.83,Cash,35738.83,0,0,0,0,0,0,EGP,
ORD-10781,CUST-540,PROD-73,BR-3,AG-19,11/19/2024,72891.8,Installments,14578.36,58313.44,12,0.2,4859.45,29156.72,15,EGP,4/4/2026
ORD-10782,CUST-459,PROD-77,BR-5,AG-22,6/21/2024,36784.08,Installments,7356.82,29427.26,12,0.2,2452.27,14713.63,0,EGP,4/4/2026
ORD-10783,CUST-552,PROD-103,BR-9,AG-20,4/23/2024,74709.21,Cash,74709.21,0,0,0,0,0,0,EGP,
ORD-10784,CUST-456,PROD-146,BR-1,AG-1,2/15/2024,11533.5,Installments,2306.7,9226.8,12,0.2,768.9,4613.4,0,EGP,4/4/2026
ORD-10785,CUST-710,PROD-141,BR-10,AG-17,2/23/2024,66530.79,Installments,13306.16,53224.63,12,0.2,4435.39,26612.32,120,EGP,4/4/2026
ORD-10786,CUST-341,PROD-64,BR-1,AG-11,1/21/2025,10038.89,Installments,2007.78,8031.11,12,0.2,669.26,4015.56,0,EGP,4/4/2026
ORD-10787,CUST-764,PROD-62,BR-1,AG-17,11/29/2024,48611.06,Cash,48611.06,0,0,0,0,0,0,Pound,
ORD-10788,CUST-308,PROD-143,BR-2,AG-13,8/21/2024,48824.76,Installments,9764.95,39059.81,12,0.2,3254.98,19529.9,15,EGP,4/4/2026
ORD-10789,CUST-834,PROD-182,BR-3,AG-5,8/25/2024,73817.19,Installments,14763.44,59053.75,12,0.2,4921.15,29526.88,45,EGP,4/4/2026
ORD-10790,CUST-753,PROD-165,BR-9,AG-13,6/23/2024,17420.39,Installments,3484.08,13936.31,12,0.2,1161.36,6968.16,0,EGP,4/4/2026
ORD-10791,CUST-369,PROD-116,BR-6,AG-4,10/19/2024,75450.89,Cash,75450.89,0,0,0,0,0,0,EGP,
ORD-10792,CUST-429,PROD-179,BR-10,AG-15,4/15/2024,74784.41,Installments,14956.88,59827.53,12,0.2,4985.63,29913.76,0,EGP,4/4/2026
ORD-10793,CUST-203,PROD-151,BR-2,AG-10,1/11/2025,36809.23,Cash,36809.23,0,0,0,0,0,0,EGP,
ORD-10794,CUST-935,PROD-86,BR-2,AG-21,9/11/2024,45987.37,Cash,45987.37,0,0,0,0,0,0,EGP,
ORD-10795,CUST-604,PROD-75,BR-3,AG-21,6/26/2024,26137.89,Installments,5227.58,20910.31,12,0.2,1742.53,10455.16,15,EGP,4/4/2026
ORD-10796,CUST-936,PROD-61,BR-9,AG-8,3/29/2024,60543.64,Cash,60543.64,0,0,0,0,0,0,EGP,
ORD-10797,CUST-527,PROD-79,BR-1,AG-7,12/21/2024,67988.31,Installments,13597.66,54390.65,12,0.2,4532.55,27195.32,0,EGP,4/4/2026
ORD-10798,CUST-279,PROD-165,BR-7,AG-6,5/21/2024,75930.16,Installments,15186.03,60744.13,12,0.2,0,30372.06,0,EGP,4/4/2026
ORD-10799,CUST-419,PROD-51,BR-1,AG-8,7/11/2024,74620.42,Installments,14924.08,59696.34,12,0.2,4974.69,29848.17,0,EGP,4/4/2026
ORD-10800,CUST-513,PROD-170,BR-7,AG-1,5/24/2024,75668.08,Installments,15133.62,60534.46,12,0.2,5044.54,30267.23,45,EGP,4/4/2026
ORD-10801,CUST-362,PROD-56,BR-3,AG-21,3/29/2024,19330.31,Installments,3866.06,15464.25,12,0.2,1288.69,7732.12,0,EGP,4/4/2026
ORD-10802,CUST-292,PROD-123,BR-4,AG-14,1/25/2025,29053.5,Installments,5810.7,23242.8,12,0.2,1936.9,11621.4,0,Pound,4/4/2026
ORD-10803,CUST-909,PROD-151,BR-2,AG-1,10/11/2024,76029.05,Installments,15205.81,60823.24,12,0.2,5068.6,30411.62,45,egp,4/4/2026
ORD-10804,CUST-475,PROD-194,BR-4,AG-10,10/19/2024,17179.04,Installments,3435.81,13743.23,12,0.2,1145.27,6871.62,0,EGP,4/4/2026
ORD-10805,CUST-409,PROD-148,BR-4,AG-20,8/29/2024,41694.16,Installments,8338.83,33355.33,12,0.2,2779.61,16677.66,0,EGP,1/1/1900
ORD-10806,CUST-444,PROD-195,BR-5,AG-1,11/28/2024,52534.77,Installments,10506.95,42027.82,12,0.2,3502.32,21013.91,0,EGP,4/4/2026
ORD-10807,CUST-694,PROD-78,BR-2,AG-23,3/8/2024,26223.48,Installments,5244.7,20978.78,12,0.2,1748.23,10489.39,0,EGP,4/4/2026
ORD-10808,CUST-941,PROD-114,BR-7,AG-2,6/8/2024,69518.14,Installments,13903.63,55614.51,12,0.2,4634.54,27807.26,45,egp,4/4/2026
ORD-10809,CUST-895,PROD-124,BR-3,AG-25,12/2/2024,52238.84,Installments,10447.77,41791.07,12,0.2,3482.59,20895.54,0,EGP,4/4/2026
ORD-10810,CUST-135,PROD-124,BR-2,AG-22,1/17/2024,25490.92,Cash,25490.92,0,0,0,0,0,0,EGP,
ORD-10811,CUST-498,PROD-174,BR-8,AG-20,11/13/2024,33238.06,Cash,33238.06,0,0,0,0,0,0,EGP,
ORD-10812,CUST-908,PROD-162,BR-1,AG-4,7/12/2024,82161.58,Installments,16432.32,65729.26,12,0.2,5477.44,32864.63,0,egp,4/4/2026
ORD-10813,CUST-143,PROD-179,BR-10,AG-8,11/15/2024,10100.5,Installments,2020.1,8080.4,12,0.2,673.37,4040.2,0,Pound,4/4/2026
ORD-10814,CUST-724,PROD-118,BR-6,AG-11,8/13/2024,46517.37,Cash,46517.37,0,0,0,0,0,0,EGP,
ORD-10815,CUST-881,PROD-79,BR-4,AG-16,1/11/2024,45788.65,Installments,9157.73,36630.92,12,0.2,3052.58,18315.46,0,EGP,4/4/2026
ORD-10816,CUST-348,PROD-156,BR-8,AG-12,11/19/2024,46476.67,Installments,9295.33,37181.34,12,0.2,3098.44,18590.67,0,EGP,4/4/2026
ORD-10817,CUST-922,PROD-109,BR-5,AG-11,10/26/2024,59622.75,Installments,11924.55,47698.2,12,0.2,3974.85,23849.1,0,EGP,4/4/2026
ORD-10818,CUST-551,PROD-156,BR-3,AG-23,10/31/2024,14243.97,Cash,14243.97,0,0,0,0,0,0,EGP,
ORD-10819,CUST-824,PROD-134,BR-4,AG-11,5/5/2024,22393.9,Installments,4478.78,17915.12,12,0.2,1492.93,8957.56,0,egp,4/4/2026
ORD-10820,CUST-336,PROD-102,BR-10,AG-16,10/23/2024,44601.12,Installments,8920.22,35680.9,12,0.2,2973.41,17840.45,15,EGP,4/4/2026
ORD-10821,CUST-816,PROD-137,BR-4,AG-6,6/7/2024,11249.52,Cash,11249.52,0,0,0,0,0,0,EGP,
ORD-10822,CUST-394,PROD-187,BR-6,AG-14,6/28/2024,26751.59,Installments,5350.32,21401.27,12,0.2,1783.44,10700.64,0,EGP,4/4/2026
ORD-10823,CUST-204,PROD-125,BR-9,AG-15,12/11/2024,46452.96,Installments,9290.59,37162.37,12,0.2,3096.86,18581.18,0,egp,1/1/1900
ORD-10824,CUST-900,PROD-115,BR-9,AG-18,7/8/2024,70701.79,Cash,70701.79,0,0,0,0,0,0,EGP,
ORD-10825,CUST-669,PROD-65,BR-7,AG-12,10/26/2024,76574.25,Installments,15314.85,61259.4,12,0.2,5104.95,30629.7,0,EGP,1/1/1900
ORD-10826,CUST-944,PROD-77,BR-5,AG-2,12/12/2024,31932.3,Cash,31932.3,0,0,0,0,0,0,EGP,
ORD-10827,CUST-992,PROD-143,BR-2,AG-20,9/23/2024,21794.98,Cash,21794.98,0,0,0,0,0,0,EGP,
ORD-10828,CUST-122,PROD-105,BR-7,AG-13,3/12/2024,56257.56,Cash,56257.56,0,0,0,0,0,0,egp,
ORD-10829,CUST-828,PROD-109,BR-4,AG-24,1/8/2024,82842.64,Installments,16568.53,66274.11,12,0.2,5522.84,33137.06,0,EGP,4/4/2026
ORD-10830,CUST-485,PROD-175,BR-3,AG-17,7/12/2024,30859.5,Installments,6171.9,24687.6,12,0.2,2057.3,12343.8,0,EGP,4/4/2026
ORD-10831,CUST-781,PROD-189,BR-4,AG-6,7/3/2024,89261.11,Cash,89261.11,0,0,0,0,0,0,EGP,
ORD-10832,CUST-953,PROD-92,BR-4,AG-12,5/16/2024,42795.27,Installments,8559.05,34236.22,12,0.2,2853.02,17118.11,15,EGP,4/4/2026
ORD-10833,CUST-157,PROD-186,BR-10,AG-19,1/5/2025,78744.27,Installments,15748.85,62995.42,12,0.2,0,31497.71,120,Pound,4/4/2026
ORD-10834,CUST-780,PROD-62,BR-6,AG-19,1/1/2024,27315.7,Cash,27315.7,0,0,0,0,0,0,EGP,
ORD-10835,CUST-360,PROD-56,BR-8,AG-20,2/8/2024,77033.91,Cash,77033.91,0,0,0,0,0,0,EGP,
ORD-10836,CUST-512,PROD-96,BR-2,AG-7,7/1/2024,81794.75,Installments,16358.95,65435.8,12,0.2,5452.98,32717.9,0,EGP,4/4/2026
ORD-10837,CUST-320,PROD-171,BR-10,AG-13,12/30/2028,75312.89,Installments,15062.58,60250.31,12,0.2,5020.86,30125.16,0,egp,4/4/2026
ORD-10838,CUST-210,PROD-176,BR-10,AG-16,7/17/2024,25655.96,Installments,5131.19,20524.77,12,0.2,1710.4,10262.38,15,EGP,4/4/2026
ORD-10839,CUST-544,PROD-143,BR-10,AG-20,1/8/2025,68975.25,Cash,68975.25,0,0,0,0,0,0,EGP,
ORD-10840,CUST-619,PROD-167,BR-8,AG-6,1/7/2024,22877.01,Installments,4575.4,18301.61,12,0.2,1525.13,9150.8,0,EGP,4/4/2026
ORD-10841,CUST-684,PROD-100,BR-1,AG-7,3/1/2024,18776.99,Installments,3755.4,15021.59,12,0.2,1251.8,7510.8,0,EGP,4/4/2026
ORD-10842,CUST-103,PROD-192,BR-1,AG-1,3/18/2024,77654.86,Installments,15530.97,62123.89,12,0.2,5176.99,31061.94,0,EGP,4/4/2026
ORD-10843,CUST-514,PROD-198,BR-6,AG-10,7/17/2024,49090.07,Installments,9818.01,39272.06,12,0.2,3272.67,19636.03,0,EGP,4/4/2026
ORD-10844,CUST-708,PROD-110,BR-2,AG-5,12/28/2024,31159.88,Cash,31159.88,0,0,0,0,0,0,EGP,
ORD-10845,CUST-859,PROD-190,BR-3,AG-16,4/22/2024,12602.78,Cash,12602.78,0,0,0,0,0,0,EGP,
ORD-10846,CUST-313,PROD-62,BR-7,AG-2,7/8/2024,47776.43,Installments,9555.29,38221.14,12,0.2,3185.1,19110.57,15,egp,4/4/2026
ORD-10847,CUST-372,PROD-75,BR-9,AG-20,6/18/2024,86766.56,Cash,86766.56,0,0,0,0,0,0,EGP,
ORD-10848,CUST-717,PROD-161,BR-7,AG-20,9/30/2024,67139.56,Cash,67139.56,0,0,0,0,0,0,EGP,
ORD-10849,CUST-699,PROD-74,BR-7,AG-5,6/24/2024,73788.39,Installments,14757.68,59030.71,12,0.2,4919.23,29515.36,0,Pound,4/4/2026
ORD-10850,CUST-454,PROD-62,BR-7,AG-9,8/22/2024,15543.16,Installments,3108.63,12434.53,12,0.2,1036.21,6217.26,0,EGP,4/4/2026
ORD-10851,CUST-580,PROD-167,BR-4,AG-2,7/20/2024,75482.32,Cash,75482.32,0,0,0,0,0,0,EGP,
ORD-10852,CUST-514,PROD-177,BR-2,AG-17,5/12/2024,49385.11,Installments,9877.02,39508.09,12,0.2,3292.34,19754.04,0,EGP,4/4/2026
ORD-10853,CUST-232,PROD-125,BR-7,AG-3,12/30/2028,30107.18,Installments,6021.44,24085.74,12,0.2,2007.15,12042.87,0,EGP,4/4/2026
ORD-10854,CUST-703,PROD-131,BR-8,AG-23,6/6/2024,40001.94,Installments,8000.39,32001.55,12,0.2,0,16000.78,0,EGP,4/4/2026
ORD-10855,CUST-104,PROD-196,BR-8,AG-12,10/19/2024,33854.08,Cash,33854.08,0,0,0,0,0,0,EGP,
ORD-10856,CUST-547,PROD-88,BR-10,AG-8,1/25/2024,21198.75,Installments,4239.75,16959,12,0.2,1413.25,8479.5,15,egp,4/4/2026
ORD-10857,CUST-528,PROD-147,BR-2,AG-25,2/13/2024,37910,Installments,7582,30328,12,0.2,2527.33,15164,0,EGP,4/4/2026
ORD-10858,CUST-380,PROD-193,BR-2,AG-15,6/19/2024,70209.97,Installments,14041.99,56167.98,12,0.2,4680.66,28083.99,0,EGP,4/4/2026
ORD-10859,CUST-862,PROD-118,BR-9,AG-11,1/22/2025,55689.88,Installments,11137.98,44551.9,12,0.2,3712.66,22275.95,15,EGP,4/4/2026
ORD-10860,CUST-954,PROD-113,BR-1,AG-24,1/14/2024,55735.67,Installments,11147.13,44588.54,12,0.2,3715.71,22294.27,45,EGP,4/4/2026
ORD-10861,CUST-474,PROD-162,BR-6,AG-16,1/28/2024,32519.9,Installments,6503.98,26015.92,12,0.2,2167.99,13007.96,0,EGP,4/4/2026
ORD-10862,CUST-832,PROD-103,BR-7,AG-10,1/19/2024,51815.47,Installments,10363.09,41452.38,12,0.2,3454.36,20726.19,0,egp,4/4/2026
ORD-10863,CUST-735,PROD-136,BR-8,AG-18,7/17/2024,74232.35,Installments,14846.47,59385.88,12,0.2,4948.82,29692.94,0,egp,4/4/2026
ORD-10864,CUST-209,PROD-127,BR-9,AG-19,5/8/2024,29364.13,Installments,5872.83,23491.3,12,0.2,0,11745.65,15,EGP,4/4/2026
ORD-10865,CUST-118,PROD-135,BR-3,AG-1,1/22/2025,48676.45,Cash,48676.45,0,0,0,0,0,0,Pound,
ORD-10866,CUST-910,PROD-107,BR-9,AG-14,7/8/2024,49780.86,Installments,9956.17,39824.69,12,0.2,3318.72,19912.34,45,EGP,4/4/2026
ORD-10867,CUST-651,PROD-146,BR-10,AG-24,11/17/2024,24393.25,Installments,4878.65,19514.6,12,0.2,1626.22,9757.3,0,EGP,4/4/2026
ORD-10868,CUST-301,PROD-135,BR-7,AG-16,1/29/2025,61984.52,Installments,12396.9,49587.62,12,0.2,4132.3,24793.81,0,EGP,4/4/2026
ORD-10869,CUST-302,PROD-192,BR-5,AG-9,5/21/2024,39579.59,Cash,39579.59,0,0,0,0,0,0,EGP,
ORD-10870,CUST-538,PROD-196,BR-5,AG-15,5/5/2024,69548.85,Installments,13909.77,55639.08,12,0.2,4636.59,27819.54,0,egp,4/4/2026
ORD-10871,CUST-560,PROD-184,BR-9,AG-15,10/8/2024,69953.55,Installments,13990.71,55962.84,12,0.2,4663.57,27981.42,15,EGP,4/4/2026
ORD-10872,CUST-813,PROD-190,BR-2,AG-3,4/29/2024,47705.94,Installments,9541.19,38164.75,12,0.2,3180.4,19082.38,0,EGP,4/4/2026
ORD-10873,CUST-212,PROD-174,BR-6,AG-8,12/19/2024,84040.08,Cash,84040.08,0,0,0,0,0,0,EGP,
ORD-10874,CUST-143,PROD-196,BR-9,AG-6,1/20/2024,11851.89,Installments,2370.38,9481.51,12,0.2,790.13,4740.76,15,EGP,4/4/2026
ORD-10875,CUST-511,PROD-58,BR-10,AG-21,12/30/2028,17135.88,Installments,3427.18,13708.7,12,0.2,1142.39,6854.35,0,EGP,4/4/2026
ORD-10876,CUST-895,PROD-83,BR-3,AG-9,12/17/2024,42489.22,Cash,42489.22,0,0,0,0,0,0,EGP,
ORD-10877,CUST-758,PROD-158,BR-1,AG-19,6/12/2024,23394.97,Installments,4678.99,18715.98,12,0.2,1559.66,9357.99,0,EGP,4/4/2026
ORD-10878,CUST-207,PROD-61,BR-9,AG-14,8/6/2024,55835.51,Installments,11167.1,44668.41,12,0.2,3722.37,22334.2,0,egp,4/4/2026
ORD-10879,CUST-242,PROD-126,BR-8,AG-3,2/10/2024,50310.87,Installments,10062.17,40248.7,12,0.2,3354.06,20124.35,0,EGP,4/4/2026
ORD-10880,CUST-513,PROD-184,BR-2,AG-5,10/18/2024,56481.9,Installments,11296.38,45185.52,12,0.2,3765.46,22592.76,0,EGP,4/4/2026
ORD-10881,CUST-495,PROD-135,BR-1,AG-4,9/21/2024,78515.23,Installments,15703.05,62812.18,12,0.2,5234.35,31406.09,0,EGP,4/4/2026
ORD-10882,CUST-508,PROD-189,BR-4,AG-14,8/12/2024,11253.83,Installments,2250.77,9003.06,12,0.2,750.26,4501.53,0,EGP,4/4/2026
ORD-10883,CUST-120,PROD-180,BR-1,AG-16,11/15/2024,69341.67,Installments,13868.33,55473.34,12,0.2,4622.78,27736.67,0,EGP,4/4/2026
ORD-10884,CUST-152,PROD-173,BR-10,AG-19,1/23/2025,70858.59,Cash,70858.59,0,0,0,0,0,0,EGP,
ORD-10885,CUST-134,PROD-87,BR-2,AG-12,7/22/2024,24859.34,Installments,4971.87,19887.47,12,0.2,1657.29,9943.74,0,EGP,4/4/2026
ORD-10886,CUST-525,PROD-172,BR-6,AG-24,7/7/2024,20842.02,Installments,4168.4,16673.62,12,0.2,1389.47,8336.81,0,egp,4/4/2026
ORD-10887,CUST-621,PROD-187,BR-10,AG-8,4/1/2024,41880.56,Installments,8376.11,33504.45,12,0.2,2792.04,16752.22,0,EGP,4/4/2026
ORD-10888,CUST-845,PROD-87,BR-8,AG-2,12/5/2024,58222.58,Installments,11644.52,46578.06,12,0.2,3881.51,23289.03,0,EGP,4/4/2026
ORD-10889,CUST-398,PROD-144,BR-8,AG-18,11/6/2024,46702.07,Installments,9340.41,37361.66,12,0.2,3113.47,18680.83,0,Pound,4/4/2026
ORD-10890,CUST-775,PROD-138,BR-9,AG-17,6/20/2024,39930.24,Cash,39930.24,0,0,0,0,0,0,EGP,
ORD-10891,CUST-632,PROD-130,BR-1,AG-24,3/5/2024,31823.4,Installments,6364.68,25458.72,12,0.2,2121.56,12729.36,0,Pound,4/4/2026
ORD-10892,CUST-496,PROD-67,BR-7,AG-10,5/5/2024,46727.59,Installments,9345.52,37382.07,12,0.2,3115.17,18691.04,0,EGP,4/4/2026
ORD-10893,CUST-986,PROD-100,BR-2,AG-15,8/5/2024,11256.11,Installments,2251.22,9004.89,12,0.2,750.41,4502.44,15,EGP,4/4/2026
ORD-10894,CUST-168,PROD-147,BR-10,AG-17,11/15/2024,21446.16,Installments,4289.23,17156.93,12,0.2,1429.74,8578.46,0,EGP,4/4/2026
ORD-10895,CUST-782,PROD-171,BR-2,AG-17,1/14/2025,11002.58,Cash,11002.58,0,0,0,0,0,0,EGP,
ORD-10896,CUST-770,PROD-52,BR-8,AG-15,10/12/2024,76560.43,Installments,15312.09,61248.34,12,0.2,5104.03,30624.17,0,EGP,4/4/2026
ORD-10897,CUST-916,PROD-62,BR-3,AG-1,5/11/2024,45092.45,Cash,45092.45,0,0,0,0,0,0,EGP,
ORD-10898,CUST-236,PROD-130,BR-8,AG-1,6/11/2024,32306.15,Installments,6461.23,25844.92,12,0.2,2153.74,12922.46,0,EGP,4/4/2026
ORD-10899,CUST-494,PROD-184,BR-10,AG-17,9/14/2024,62138.15,Cash,62138.15,0,0,0,0,0,0,egp,
ORD-10900,CUST-258,PROD-148,BR-10,AG-23,1/16/2024,47687.73,Installments,9537.55,38150.18,12,0.2,3179.18,19075.09,0,EGP,4/4/2026
ORD-10901,CUST-990,PROD-190,BR-3,AG-16,2/22/2024,83329.63,Installments,16665.93,66663.7,12,0.2,5555.31,33331.85,0,EGP,4/4/2026
ORD-10902,CUST-462,PROD-151,BR-2,AG-10,4/4/2024,42394.62,Cash,42394.62,0,0,0,0,0,0,EGP,
ORD-10903,CUST-114,PROD-103,BR-3,AG-9,4/27/2024,35463.7,Cash,35463.7,0,0,0,0,0,0,EGP,
ORD-10904,CUST-959,PROD-135,BR-2,AG-14,9/27/2024,13892.88,Installments,2778.58,11114.3,12,0.2,926.19,5557.15,0,EGP,4/4/2026
ORD-10905,CUST-506,PROD-176,BR-3,AG-4,11/24/2024,12799.83,Installments,2559.97,10239.86,12,0.2,853.32,5119.93,45,EGP,4/4/2026
ORD-10906,CUST-635,PROD-175,BR-5,AG-10,5/31/2024,76763.27,Installments,15352.65,61410.62,12,0.2,5117.55,30705.31,0,EGP,4/4/2026
ORD-10907,CUST-704,PROD-96,BR-5,AG-1,12/12/2024,44375.39,Installments,8875.08,35500.31,12,0.2,2958.36,17750.16,15,EGP,4/4/2026
ORD-10908,CUST-614,PROD-75,BR-8,AG-5,3/4/2024,75805.35,Installments,15161.07,60644.28,12,0.2,5053.69,30322.14,0,EGP,4/4/2026
ORD-10909,CUST-886,PROD-74,BR-7,AG-7,9/4/2024,55540.13,Installments,11108.03,44432.1,12,0.2,3702.68,22216.05,0,EGP,4/4/2026
ORD-10910,CUST-846,PROD-107,BR-10,AG-25,12/10/2024,60950.64,Installments,12190.13,48760.51,12,0.2,4063.38,24380.26,0,EGP,4/4/2026
ORD-10911,CUST-313,PROD-68,BR-10,AG-25,4/12/2024,71944.31,Installments,14388.86,57555.45,12,0.2,4796.29,28777.72,0,EGP,4/4/2026
ORD-10912,CUST-188,PROD-90,BR-10,AG-13,3/23/2024,42675.58,Installments,8535.12,34140.46,12,0.2,2845.04,17070.23,0,EGP,4/4/2026
ORD-10913,CUST-467,PROD-65,BR-3,AG-24,5/13/2024,46675.32,Installments,9335.06,37340.26,12,0.2,3111.69,18670.13,0,EGP,4/4/2026
ORD-10914,CUST-733,PROD-108,BR-5,AG-12,3/3/2024,19114.67,Installments,3822.93,15291.74,12,0.2,1274.31,7645.87,0,Pound,4/4/2026
ORD-10915,CUST-808,PROD-199,BR-10,AG-1,5/5/2024,18275.63,Cash,18275.63,0,0,0,0,0,0,EGP,
ORD-10916,CUST-177,PROD-146,BR-4,AG-7,1/17/2024,13304.11,Installments,2660.82,10643.29,12,0.2,886.94,5321.64,120,EGP,4/4/2026
ORD-10917,CUST-848,PROD-187,BR-4,AG-25,6/20/2024,41005.59,Installments,8201.12,32804.47,12,0.2,2733.71,16402.24,15,egp,4/4/2026
ORD-10918,CUST-163,PROD-164,BR-6,AG-21,1/3/2024,17362.59,Installments,3472.52,13890.07,12,0.2,1157.51,6945.04,0,EGP,4/4/2026
ORD-10919,CUST-624,PROD-52,BR-7,AG-23,3/30/2024,26540.43,Cash,26540.43,0,0,0,0,0,0,EGP,
ORD-10920,CUST-998,PROD-89,BR-10,AG-18,1/22/2024,30501.26,Installments,6100.25,24401.01,12,0.2,2033.42,12200.5,0,Pound,4/4/2026
ORD-10921,CUST-846,PROD-120,BR-10,AG-12,12/30/2028,55403.68,Cash,55403.68,0,0,0,0,0,0,EGP,
ORD-10922,CUST-313,PROD-147,BR-5,AG-5,1/19/2024,38390.27,Installments,7678.05,30712.22,12,0.2,2559.35,15356.11,0,EGP,4/4/2026
ORD-10923,CUST-877,PROD-139,BR-8,AG-9,6/27/2024,63751.34,Installments,12750.27,51001.07,12,0.2,4250.09,25500.54,45,EGP,4/4/2026
ORD-10924,CUST-162,PROD-50,BR-5,AG-24,8/5/2024,63221.95,Installments,12644.39,50577.56,12,0.2,4214.8,25288.78,15,EGP,4/4/2026
ORD-10925,CUST-550,PROD-179,BR-5,AG-9,8/13/2024,23425.02,Installments,4685,18740.02,12,0.2,1561.67,9370.01,0,EGP,1/1/1900
ORD-10926,CUST-262,PROD-108,BR-9,AG-7,12/5/2024,27381.25,Installments,5476.25,21905,12,0.2,1825.42,10952.5,120,EGP,4/4/2026
ORD-10927,CUST-872,PROD-70,BR-4,AG-17,12/6/2024,17555.42,Installments,3511.08,14044.34,12,0.2,1170.36,7022.17,45,EGP,4/4/2026
ORD-10928,CUST-691,PROD-59,BR-1,AG-2,1/10/2024,81592.02,Installments,16318.4,65273.62,12,0.2,5439.47,32636.81,0,EGP,4/4/2026
ORD-10929,CUST-250,PROD-113,BR-5,AG-16,3/2/2024,79034.02,Cash,79034.02,0,0,0,0,0,0,EGP,
ORD-10930,CUST-941,PROD-62,BR-9,AG-14,11/12/2024,50302.11,Installments,10060.42,40241.69,12,0.2,3353.47,20120.84,45,Pound,4/4/2026
ORD-10931,CUST-326,PROD-53,BR-7,AG-17,4/20/2024,46479.98,Installments,9296,37183.98,12,0.2,3098.67,18591.99,0,EGP,1/1/1900
ORD-10932,CUST-431,PROD-148,BR-6,AG-21,3/22/2024,57838.84,Installments,11567.77,46271.07,12,0.2,3855.92,23135.54,0,EGP,4/4/2026
ORD-10933,CUST-784,PROD-146,BR-9,AG-2,2/16/2024,47187.86,Cash,47187.86,0,0,0,0,0,0,EGP,
ORD-10934,CUST-867,PROD-92,BR-5,AG-7,11/1/2024,88434.86,Cash,88434.86,0,0,0,0,0,0,EGP,
ORD-10935,CUST-845,PROD-123,BR-5,AG-25,2/5/2024,67551.28,Cash,67551.28,0,0,0,0,0,0,EGP,
ORD-10936,CUST-141,PROD-92,BR-7,AG-5,1/26/2025,66024.45,Cash,66024.45,0,0,0,0,0,0,EGP,
ORD-10937,CUST-574,PROD-146,BR-1,AG-6,10/20/2024,16695.73,Installments,3339.15,13356.58,12,0.2,1113.05,6678.29,15,egp,4/4/2026
ORD-10938,CUST-477,PROD-178,BR-3,AG-16,11/22/2024,48482.65,Installments,9696.53,38786.12,12,0.2,3232.18,19393.06,0,EGP,4/4/2026
ORD-10939,CUST-137,PROD-112,BR-10,AG-2,1/10/2025,33301.55,Installments,6660.31,26641.24,12,0.2,2220.1,13320.62,0,EGP,4/4/2026
ORD-10940,CUST-292,PROD-121,BR-8,AG-7,1/1/2024,53266.47,Installments,10653.29,42613.18,12,0.2,3551.1,21306.59,15,EGP,4/4/2026
ORD-10941,CUST-599,PROD-146,BR-2,AG-6,10/11/2024,33809.93,Installments,6761.99,27047.94,12,0.2,2254,13523.97,0,EGP,4/4/2026
ORD-10942,CUST-822,PROD-175,BR-1,AG-6,5/2/2024,51363.34,Cash,51363.34,0,0,0,0,0,0,EGP,
ORD-10943,CUST-803,PROD-90,BR-9,AG-3,6/2/2024,29632.3,Installments,5926.46,23705.84,12,0.2,1975.49,11852.92,0,EGP,4/4/2026
ORD-10944,CUST-520,PROD-116,BR-1,AG-24,5/26/2024,38164.47,Installments,7632.89,30531.58,12,0.2,2544.3,15265.79,0,EGP,4/4/2026
ORD-10945,CUST-245,PROD-71,BR-1,AG-12,8/9/2024,49153.83,Cash,49153.83,0,0,0,0,0,0,EGP,
ORD-10946,CUST-211,PROD-82,BR-3,AG-19,7/24/2024,43645.88,Cash,43645.88,0,0,0,0,0,0,EGP,
ORD-10947,CUST-406,PROD-96,BR-5,AG-19,10/12/2024,86810.1,Installments,17362.02,69448.08,12,0.2,5787.34,34724.04,15,EGP,4/4/2026
ORD-10948,CUST-240,PROD-99,BR-1,AG-15,2/26/2024,51586.41,Cash,51586.41,0,0,0,0,0,0,EGP,
ORD-10949,CUST-582,PROD-120,BR-5,AG-16,6/6/2024,56337.46,Installments,11267.49,45069.97,12,0.2,3755.83,22534.98,15,EGP,4/4/2026
ORD-10950,CUST-246,PROD-133,BR-9,AG-11,7/25/2024,54427.67,Installments,10885.53,43542.14,12,0.2,3628.51,21771.07,45,Pound,4/4/2026
ORD-10951,CUST-509,PROD-71,BR-9,AG-8,7/11/2024,42535.57,Installments,8507.11,34028.46,12,0.2,2835.7,17014.23,15,EGP,4/4/2026
ORD-10952,CUST-108,PROD-126,BR-7,AG-19,4/7/2024,43936.82,Installments,8787.36,35149.46,12,0.2,2929.12,17574.73,0,EGP,4/4/2026
ORD-10953,CUST-750,PROD-188,BR-7,AG-6,7/3/2024,86439.15,Installments,17287.83,69151.32,12,0.2,5762.61,34575.66,0,EGP,4/4/2026
ORD-10954,CUST-545,PROD-184,BR-4,AG-14,7/1/2024,37979.97,Cash,37979.97,0,0,0,0,0,0,EGP,
ORD-10955,CUST-286,PROD-78,BR-7,AG-2,2/22/2024,43404.48,Installments,8680.9,34723.58,12,0.2,2893.63,17361.79,15,EGP,4/4/2026
ORD-10956,CUST-728,PROD-73,BR-8,AG-25,5/31/2024,27367.27,Installments,5473.45,21893.82,12,0.2,0,10946.91,0,EGP,4/4/2026
ORD-10957,CUST-778,PROD-100,BR-2,AG-23,10/12/2024,69024.35,Installments,13804.87,55219.48,12,0.2,4601.62,27609.74,0,EGP,1/1/1900
ORD-10958,CUST-986,PROD-70,BR-7,AG-16,7/18/2024,49965.52,Installments,9993.1,39972.42,12,0.2,3331.03,19986.21,0,EGP,4/4/2026
ORD-10959,CUST-904,PROD-197,BR-3,AG-25,6/2/2024,78332.1,Cash,78332.1,0,0,0,0,0,0,EGP,
ORD-10960,CUST-512,PROD-182,BR-5,AG-18,9/11/2024,39013.63,Cash,39013.63,0,0,0,0,0,0,EGP,
ORD-10961,CUST-560,PROD-122,BR-3,AG-18,3/11/2024,78398.86,Cash,78398.86,0,0,0,0,0,0,Pound,
ORD-10962,CUST-661,PROD-128,BR-7,AG-16,3/19/2024,66377.69,Installments,13275.54,53102.15,12,0.2,4425.18,26551.08,0,EGP,4/4/2026
ORD-10963,CUST-676,PROD-192,BR-7,AG-10,7/3/2024,21261.78,Installments,4252.36,17009.42,12,0.2,1417.45,8504.71,120,EGP,4/4/2026
ORD-10964,CUST-654,PROD-132,BR-7,AG-14,10/27/2024,44058.7,Installments,8811.74,35246.96,12,0.2,2937.25,17623.48,0,EGP,4/4/2026
ORD-10965,CUST-304,PROD-78,BR-2,AG-11,5/29/2024,46937.24,Cash,46937.24,0,0,0,0,0,0,EGP,
ORD-10966,CUST-802,PROD-180,BR-2,AG-10,7/20/2024,12814.95,Installments,2562.99,10251.96,12,0.2,854.33,5125.98,0,EGP,4/4/2026
ORD-10967,CUST-470,PROD-163,BR-4,AG-14,12/23/2024,12807.62,Installments,2561.52,10246.1,12,0.2,853.84,5123.05,15,EGP,4/4/2026
ORD-10968,CUST-906,PROD-102,BR-9,AG-16,9/22/2024,28610.41,Installments,5722.08,22888.33,12,0.2,1907.36,11444.16,0,EGP,4/4/2026
ORD-10969,CUST-591,PROD-147,BR-3,AG-1,9/8/2024,76601.27,Cash,76601.27,0,0,0,0,0,0,EGP,
ORD-10970,CUST-826,PROD-69,BR-3,AG-14,12/15/2024,86727.77,Cash,86727.77,0,0,0,0,0,0,EGP,
ORD-10971,CUST-969,PROD-104,BR-2,AG-17,8/2/2024,12532.15,Installments,2506.43,10025.72,12,0.2,835.48,5012.86,0,EGP,4/4/2026
ORD-10972,CUST-619,PROD-53,BR-3,AG-3,10/20/2024,20313.55,Cash,20313.55,0,0,0,0,0,0,EGP,
ORD-10973,CUST-987,PROD-67,BR-1,AG-11,3/22/2024,82955.3,Cash,82955.3,0,0,0,0,0,0,EGP,
ORD-10974,CUST-795,PROD-147,BR-3,AG-10,4/28/2024,28418.84,Installments,5683.77,22735.07,12,0.2,1894.59,11367.54,15,EGP,4/4/2026
ORD-10975,CUST-471,PROD-140,BR-7,AG-25,1/8/2024,88948.22,Installments,17789.64,71158.58,12,0.2,5929.88,35579.29,0,EGP,4/4/2026
ORD-10976,CUST-698,PROD-126,BR-8,AG-13,10/20/2024,11032.62,Installments,2206.52,8826.1,12,0.2,735.51,4413.05,0,EGP,4/4/2026
ORD-10977,CUST-560,PROD-187,BR-2,AG-9,9/25/2024,70874.24,Installments,14174.85,56699.39,12,0.2,4724.95,28349.7,15,EGP,4/4/2026
ORD-10978,CUST-694,PROD-74,BR-7,AG-19,1/9/2024,52980.29,Installments,10596.06,42384.23,12,0.2,3532.02,21192.12,0,EGP,4/4/2026
ORD-10979,CUST-489,PROD-178,BR-8,AG-3,2/12/2024,15758.82,Cash,15758.82,0,0,0,0,0,0,EGP,
ORD-10980,CUST-278,PROD-66,BR-4,AG-21,2/9/2024,78055.19,Cash,78055.19,0,0,0,0,0,0,EGP,
ORD-10981,CUST-815,PROD-58,BR-6,AG-2,1/28/2024,55563.77,Cash,55563.77,0,0,0,0,0,0,EGP,
ORD-10982,CUST-261,PROD-68,BR-8,AG-13,9/17/2024,31077.87,Installments,6215.57,24862.3,12,0.2,2071.86,12431.15,15,EGP,4/4/2026
ORD-10983,CUST-722,PROD-124,BR-8,AG-22,12/30/2028,61828.09,Cash,61828.09,0,0,0,0,0,0,EGP,
ORD-10984,CUST-907,PROD-50,BR-9,AG-3,3/22/2024,69305.79,Installments,13861.16,55444.63,12,0.2,0,27722.32,0,EGP,4/4/2026
ORD-10985,CUST-799,PROD-200,BR-1,AG-6,7/2/2024,71431.05,Cash,71431.05,0,0,0,0,0,0,Pound,
ORD-10986,CUST-517,PROD-77,BR-1,AG-20,2/3/2024,36063.22,Installments,7212.64,28850.58,12,0.2,2404.21,14425.29,0,EGP,4/4/2026
ORD-10987,CUST-727,PROD-171,BR-3,AG-24,8/26/2024,81825.46,Installments,16365.09,65460.37,12,0.2,5455.03,32730.18,0,EGP,4/4/2026
ORD-10988,CUST-570,PROD-74,BR-4,AG-11,12/23/2024,80465.48,Installments,16093.1,64372.38,12,0.2,5364.37,32186.19,0,EGP,4/4/2026
ORD-10989,CUST-565,PROD-122,BR-5,AG-6,10/23/2024,70472.26,Installments,14094.45,56377.81,12,0.2,4698.15,28188.9,15,EGP,4/4/2026
ORD-10990,CUST-570,PROD-80,BR-5,AG-8,9/23/2024,47652.18,Installments,9530.44,38121.74,12,0.2,3176.81,19060.87,0,EGP,4/4/2026
ORD-10991,CUST-710,PROD-173,BR-4,AG-5,2/11/2024,64764.93,Installments,12952.99,51811.94,12,0.2,4317.66,25905.97,45,EGP,4/4/2026
ORD-10992,CUST-519,PROD-85,BR-6,AG-10,3/20/2024,73810.01,Installments,14762,59048.01,12,0.2,4920.67,29524,0,EGP,4/4/2026
ORD-10993,CUST-541,PROD-178,BR-9,AG-17,1/18/2024,59545.45,Installments,11909.09,47636.36,12,0.2,3969.7,23818.18,0,EGP,4/4/2026
ORD-10994,CUST-690,PROD-133,BR-9,AG-11,3/6/2024,12689.82,Cash,12689.82,0,0,0,0,0,0,EGP,
ORD-10995,CUST-995,PROD-97,BR-5,AG-23,11/24/2024,39255.92,Installments,7851.18,31404.74,12,0.2,2617.06,15702.37,0,EGP,4/4/2026
ORD-10996,CUST-941,PROD-141,BR-7,AG-20,2/12/2024,43356.77,Installments,8671.35,34685.42,12,0.2,2890.45,17342.71,0,EGP,4/4/2026
ORD-10997,CUST-100,PROD-80,BR-1,AG-8,12/20/2024,43874.82,Installments,8774.96,35099.86,12,0.2,2924.99,17549.93,45,EGP,4/4/2026
ORD-10998,CUST-412,PROD-133,BR-7,AG-15,3/14/2024,53063.87,Cash,53063.87,0,0,0,0,0,0,EGP,
ORD-10999,CUST-630,PROD-92,BR-1,AG-18,5/25/2024,44424.76,Installments,8884.95,35539.81,12,0.2,2961.65,17769.9,45,Pound,4/4/2026
ORD-11000,CUST-764,PROD-97,BR-3,AG-23,8/27/2024,30145.17,Installments,6029.03,24116.14,12,0.2,2009.68,12058.07,0,EGP,4/4/2026
ORD-11001,CUST-462,PROD-90,BR-2,AG-8,11/17/2024,11774.66,Installments,2354.93,9419.73,12,0.2,784.98,4709.86,0,EGP,4/4/2026
ORD-11002,CUST-744,PROD-132,BR-10,AG-7,1/18/2024,44647.67,Installments,8929.53,35718.14,12,0.2,2976.51,17859.07,0,EGP,4/4/2026
ORD-11003,CUST-849,PROD-177,BR-8,AG-20,3/29/2024,89207.3,Installments,17841.46,71365.84,12,0.2,5947.15,35682.92,0,egp,4/4/2026
ORD-11004,CUST-613,PROD-60,BR-4,AG-8,2/16/2024,33334.16,Installments,6666.83,26667.33,12,0.2,2222.28,13333.66,0,egp,4/4/2026
ORD-11005,CUST-865,PROD-66,BR-9,AG-17,8/30/2024,64737.18,Installments,12947.44,51789.74,12,0.2,4315.81,25894.87,0,EGP,4/4/2026
ORD-11006,CUST-512,PROD-195,BR-6,AG-12,12/7/2024,76743.56,Installments,15348.71,61394.85,12,0.2,5116.24,30697.42,0,EGP,4/4/2026
ORD-11007,CUST-107,PROD-159,BR-9,AG-11,11/22/2024,21455.37,Installments,4291.07,17164.3,12,0.2,1430.36,8582.15,15,egp,4/4/2026
ORD-11008,CUST-261,PROD-134,BR-10,AG-14,2/27/2024,88902.34,Installments,17780.47,71121.87,12,0.2,5926.82,35560.94,45,egp,4/4/2026
ORD-11009,CUST-574,PROD-55,BR-3,AG-17,12/24/2024,21896.99,Cash,21896.99,0,0,0,0,0,0,EGP,
ORD-11010,CUST-146,PROD-135,BR-3,AG-23,2/6/2024,86951.63,Installments,17390.33,69561.3,12,0.2,5796.78,34780.65,0,EGP,4/4/2026
ORD-11011,CUST-820,PROD-123,BR-5,AG-7,9/8/2024,66164.04,Cash,66164.04,0,0,0,0,0,0,EGP,
ORD-11012,CUST-185,PROD-61,BR-1,AG-13,4/18/2024,36310.52,Installments,7262.1,29048.42,12,0.2,2420.7,14524.21,0,egp,1/1/1900
ORD-11013,CUST-761,PROD-156,BR-4,AG-12,11/13/2024,61130.96,Installments,12226.19,48904.77,12,0.2,4075.4,24452.38,0,EGP,4/4/2026
ORD-11014,CUST-653,PROD-72,BR-3,AG-6,11/18/2024,58207.16,Installments,11641.43,46565.73,12,0.2,3880.48,23282.86,120,EGP,4/4/2026
ORD-11015,CUST-472,PROD-104,BR-10,AG-7,4/4/2024,37960.32,Cash,37960.32,0,0,0,0,0,0,EGP,
ORD-11016,CUST-166,PROD-199,BR-4,AG-9,2/23/2024,19948.12,Installments,3989.62,15958.5,12,0.2,1329.87,7979.25,0,EGP,4/4/2026
ORD-11017,CUST-979,PROD-62,BR-10,AG-2,1/18/2024,44601.02,Installments,8920.2,35680.82,12,0.2,2973.4,17840.41,0,EGP,4/4/2026
ORD-11018,CUST-407,PROD-55,BR-10,AG-13,4/6/2024,62515,Cash,62515,0,0,0,0,0,0,EGP,
ORD-11019,CUST-870,PROD-144,BR-2,AG-20,8/29/2024,69479.43,Cash,69479.43,0,0,0,0,0,0,EGP,
ORD-11020,CUST-658,PROD-104,BR-4,AG-3,8/8/2024,31182.75,Cash,31182.75,0,0,0,0,0,0,EGP,
ORD-11021,CUST-470,PROD-56,BR-6,AG-5,2/10/2024,53790.57,Installments,10758.11,43032.46,12,0.2,0,21516.23,0,Pound,4/4/2026
ORD-11022,CUST-219,PROD-53,BR-3,AG-1,2/26/2024,11576.56,Installments,2315.31,9261.25,12,0.2,771.77,4630.62,15,EGP,4/4/2026
ORD-11023,CUST-653,PROD-151,BR-5,AG-2,5/12/2024,27850.68,Cash,27850.68,0,0,0,0,0,0,Pound,
ORD-11024,CUST-235,PROD-176,BR-3,AG-2,10/11/2024,80243.52,Installments,16048.7,64194.82,12,0.2,5349.57,32097.41,45,EGP,4/4/2026
ORD-11025,CUST-290,PROD-168,BR-6,AG-19,7/17/2024,60774.08,Installments,12154.82,48619.26,12,0.2,4051.61,24309.63,0,egp,4/4/2026
ORD-11026,CUST-779,PROD-106,BR-3,AG-17,10/13/2024,12429.71,Installments,2485.94,9943.77,12,0.2,828.65,4971.88,15,EGP,4/4/2026
ORD-11027,CUST-369,PROD-192,BR-9,AG-7,8/4/2024,20450.34,Installments,4090.07,16360.27,12,0.2,1363.36,8180.14,15,EGP,4/4/2026
ORD-11028,CUST-912,PROD-106,BR-5,AG-22,2/1/2025,87795.47,Installments,17559.09,70236.38,12,0.2,5853.03,35118.19,120,EGP,4/4/2026
ORD-11029,CUST-359,PROD-97,BR-3,AG-18,1/17/2025,80967.37,Installments,16193.47,64773.9,12,0.2,5397.82,32386.95,0,EGP,4/4/2026
ORD-11030,CUST-218,PROD-154,BR-10,AG-9,6/4/2024,48914.26,Installments,9782.85,39131.41,12,0.2,3260.95,19565.7,15,EGP,4/4/2026
ORD-11031,CUST-621,PROD-112,BR-7,AG-22,8/25/2024,88168.13,Installments,17633.63,70534.5,12,0.2,5877.88,35267.25,0,EGP,4/4/2026
ORD-11032,CUST-924,PROD-164,BR-5,AG-3,12/26/2024,36450.63,Cash,36450.63,0,0,0,0,0,0,EGP,
ORD-11033,CUST-647,PROD-191,BR-10,AG-25,1/19/2025,61785.99,Cash,61785.99,0,0,0,0,0,0,Pound,
ORD-11034,CUST-735,PROD-142,BR-3,AG-2,5/18/2024,10527.13,Installments,2105.43,8421.7,12,0.2,701.81,4210.85,0,EGP,4/4/2026
ORD-11035,CUST-658,PROD-110,BR-9,AG-14,9/8/2024,46718.13,Cash,46718.13,0,0,0,0,0,0,EGP,
ORD-11036,CUST-128,PROD-89,BR-4,AG-17,4/30/2024,61731.12,Installments,12346.22,49384.9,12,0.2,4115.41,24692.45,0,EGP,4/4/2026
ORD-11037,CUST-933,PROD-186,BR-5,AG-7,9/22/2024,45850.9,Cash,45850.9,0,0,0,0,0,0,EGP,
ORD-11038,CUST-932,PROD-94,BR-10,AG-7,8/26/2024,62791.94,Installments,12558.39,50233.55,12,0.2,4186.13,25116.78,0,EGP,4/4/2026
ORD-11039,CUST-405,PROD-95,BR-2,AG-3,7/24/2024,41477.39,Installments,8295.48,33181.91,12,0.2,2765.16,16590.96,15,EGP,4/4/2026
ORD-11040,CUST-723,PROD-159,BR-10,AG-23,1/10/2025,54178.78,Installments,10835.76,43343.02,12,0.2,0,21671.51,0,EGP,4/4/2026
ORD-11041,CUST-231,PROD-189,BR-3,AG-17,11/19/2024,11840.19,Installments,2368.04,9472.15,12,0.2,789.35,4736.08,0,EGP,4/4/2026
ORD-11042,CUST-961,PROD-117,BR-4,AG-24,2/11/2024,42655.75,Installments,8531.15,34124.6,12,0.2,2843.72,17062.3,0,EGP,4/4/2026
ORD-11043,CUST-894,PROD-65,BR-1,AG-22,5/30/2024,71379.76,Cash,71379.76,0,0,0,0,0,0,EGP,
ORD-11044,CUST-666,PROD-136,BR-3,AG-10,8/3/2024,67257.77,Installments,13451.55,53806.22,12,0.2,4483.85,26903.11,15,EGP,4/4/2026
ORD-11045,CUST-479,PROD-51,BR-7,AG-16,4/6/2024,22607.64,Installments,4521.53,18086.11,12,0.2,1507.18,9043.06,0,EGP,4/4/2026
ORD-11046,CUST-993,PROD-106,BR-7,AG-24,8/4/2024,34329.59,Installments,6865.92,27463.67,12,0.2,2288.64,13731.84,0,EGP,4/4/2026
ORD-11047,CUST-397,PROD-79,BR-9,AG-20,3/2/2024,57421.94,Installments,11484.39,45937.55,12,0.2,3828.13,22968.78,0,Pound,4/4/2026
ORD-11048,CUST-202,PROD-92,BR-2,AG-5,7/2/2024,73365.96,Installments,14673.19,58692.77,12,0.2,4891.06,29346.38,15,EGP,4/4/2026
ORD-11049,CUST-218,PROD-80,BR-7,AG-20,4/13/2024,56681.34,Cash,56681.34,0,0,0,0,0,0,Pound,
ORD-11050,CUST-744,PROD-180,BR-1,AG-4,5/29/2024,47276.61,Installments,9455.32,37821.29,12,0.2,3151.77,18910.64,0,EGP,4/4/2026
ORD-11051,CUST-179,PROD-145,BR-1,AG-2,9/16/2024,87820.78,Installments,17564.16,70256.62,12,0.2,5854.72,35128.31,15,EGP,4/4/2026
ORD-11052,CUST-758,PROD-165,BR-1,AG-20,2/1/2025,70572.8,Installments,14114.56,56458.24,12,0.2,4704.85,28229.12,45,EGP,4/4/2026
ORD-11053,CUST-840,PROD-101,BR-1,AG-17,10/9/2024,20005.59,Cash,20005.59,0,0,0,0,0,0,EGP,
ORD-11054,CUST-600,PROD-114,BR-4,AG-10,5/8/2024,26867.32,Cash,26867.32,0,0,0,0,0,0,EGP,
ORD-11055,CUST-277,PROD-160,BR-3,AG-6,1/16/2025,69759.51,Installments,13951.9,55807.61,12,0.2,4650.63,27903.8,45,EGP,4/4/2026
ORD-11056,CUST-487,PROD-168,BR-1,AG-21,8/28/2024,22604.48,Installments,4520.9,18083.58,12,0.2,1506.97,9041.79,15,egp,4/4/2026
ORD-11057,CUST-653,PROD-164,BR-10,AG-6,5/25/2024,39680.81,Installments,7936.16,31744.65,12,0.2,2645.39,15872.32,15,EGP,4/4/2026
ORD-11058,CUST-195,PROD-132,BR-7,AG-1,11/2/2024,35246.15,Installments,7049.23,28196.92,12,0.2,2349.74,14098.46,0,egp,4/4/2026
ORD-11059,CUST-468,PROD-132,BR-1,AG-22,5/20/2024,87052.4,Installments,17410.48,69641.92,12,0.2,5803.49,34820.96,0,egp,4/4/2026
ORD-11060,CUST-995,PROD-184,BR-8,AG-11,1/30/2025,55407.8,Cash,55407.8,0,0,0,0,0,0,EGP,
ORD-11061,CUST-894,PROD-194,BR-3,AG-7,1/9/2024,56384.4,Installments,11276.88,45107.52,12,0.2,3758.96,22553.76,15,EGP,4/4/2026
ORD-11062,CUST-590,PROD-101,BR-1,AG-23,6/16/2024,77102.7,Installments,15420.54,61682.16,12,0.2,5140.18,30841.08,0,EGP,4/4/2026
ORD-11063,CUST-226,PROD-197,BR-4,AG-8,2/14/2024,49124.86,Cash,49124.86,0,0,0,0,0,0,EGP,
ORD-11064,CUST-495,PROD-197,BR-8,AG-13,1/12/2025,70495.9,Installments,14099.18,56396.72,12,0.2,4699.73,28198.36,0,EGP,4/4/2026
ORD-11065,CUST-443,PROD-87,BR-1,AG-24,5/31/2024,33715.09,Cash,33715.09,0,0,0,0,0,0,egp,
ORD-11066,CUST-363,PROD-177,BR-6,AG-7,9/20/2024,81063.82,Installments,16212.76,64851.06,12,0.2,5404.25,32425.53,0,EGP,4/4/2026
ORD-11067,CUST-736,PROD-143,BR-5,AG-21,11/18/2024,65176.19,Cash,65176.19,0,0,0,0,0,0,EGP,
ORD-11068,CUST-201,PROD-174,BR-5,AG-21,8/22/2024,69494.18,Installments,13898.84,55595.34,12,0.2,4632.95,27797.67,45,EGP,4/4/2026
ORD-11069,CUST-383,PROD-86,BR-10,AG-14,1/23/2024,31146.15,Installments,6229.23,24916.92,12,0.2,2076.41,12458.46,15,Pound,4/4/2026
ORD-11070,CUST-793,PROD-194,BR-3,AG-2,1/10/2024,55379.68,Installments,11075.94,44303.74,12,0.2,3691.98,22151.87,0,EGP,4/4/2026
ORD-11071,CUST-459,PROD-123,BR-9,AG-13,8/30/2024,63968.11,Installments,12793.62,51174.49,12,0.2,4264.54,25587.24,15,egp,4/4/2026
ORD-11072,CUST-565,PROD-62,BR-9,AG-15,11/26/2024,61034.81,Cash,61034.81,0,0,0,0,0,0,EGP,
ORD-11073,CUST-622,PROD-60,BR-5,AG-21,3/29/2024,63252.15,Cash,63252.15,0,0,0,0,0,0,Pound,
ORD-11074,CUST-312,PROD-135,BR-10,AG-24,12/30/2028,28175.16,Installments,5635.03,22540.13,12,0.2,1878.34,11270.06,0,Pound,4/4/2026
ORD-11075,CUST-986,PROD-96,BR-10,AG-12,2/27/2024,88593.31,Cash,88593.31,0,0,0,0,0,0,EGP,
ORD-11076,CUST-163,PROD-156,BR-2,AG-2,1/23/2025,37808.09,Installments,7561.62,30246.47,12,0.2,2520.54,15123.24,15,EGP,4/4/2026
ORD-11077,CUST-426,PROD-62,BR-1,AG-1,12/26/2024,87153.21,Cash,87153.21,0,0,0,0,0,0,egp,
ORD-11078,CUST-594,PROD-103,BR-6,AG-7,3/2/2024,43016.32,Installments,8603.26,34413.06,12,0.2,2867.75,17206.53,0,EGP,4/4/2026
ORD-11079,CUST-345,PROD-89,BR-1,AG-16,11/1/2024,32419.58,Installments,6483.92,25935.66,12,0.2,2161.31,12967.83,0,EGP,4/4/2026
ORD-11080,CUST-384,PROD-174,BR-1,AG-3,12/21/2024,52209.55,Installments,10441.91,41767.64,12,0.2,3480.64,20883.82,0,EGP,1/1/1900
ORD-11081,CUST-420,PROD-84,BR-4,AG-19,9/11/2024,34061.74,Installments,6812.35,27249.39,12,0.2,2270.78,13624.7,0,EGP,4/4/2026
ORD-11082,CUST-650,PROD-118,BR-3,AG-23,2/14/2024,84362.88,Cash,84362.88,0,0,0,0,0,0,EGP,
ORD-11083,CUST-266,PROD-75,BR-8,AG-3,6/3/2024,26368.35,Cash,26368.35,0,0,0,0,0,0,EGP,
ORD-11084,CUST-634,PROD-110,BR-7,AG-3,11/14/2024,17753.01,Installments,3550.6,14202.41,12,0.2,1183.53,7101.2,120,EGP,4/4/2026
ORD-11085,CUST-436,PROD-56,BR-6,AG-18,12/16/2024,46151.5,Installments,9230.3,36921.2,12,0.2,3076.77,18460.6,0,EGP,4/4/2026
ORD-11086,CUST-905,PROD-188,BR-6,AG-11,7/26/2024,54352.25,Cash,54352.25,0,0,0,0,0,0,EGP,
ORD-11087,CUST-912,PROD-76,BR-5,AG-25,9/26/2024,32235.02,Installments,6447,25788.02,12,0.2,2149,12894.01,120,EGP,4/4/2026
ORD-11088,CUST-684,PROD-113,BR-10,AG-17,7/16/2024,16174.51,Installments,3234.9,12939.61,12,0.2,1078.3,6469.8,15,EGP,4/4/2026
ORD-11089,CUST-373,PROD-114,BR-4,AG-2,11/23/2024,66947.87,Cash,66947.87,0,0,0,0,0,0,EGP,
ORD-11090,CUST-929,PROD-126,BR-7,AG-6,9/19/2024,70976.06,Installments,14195.21,56780.85,12,0.2,4731.74,28390.42,0,Pound,4/4/2026
ORD-11091,CUST-336,PROD-194,BR-2,AG-20,4/28/2024,85844.93,Cash,85844.93,0,0,0,0,0,0,EGP,
ORD-11092,CUST-404,PROD-98,BR-7,AG-22,12/30/2028,11821.83,Installments,2364.37,9457.46,12,0.2,788.12,4728.73,0,EGP,4/4/2026
ORD-11093,CUST-440,PROD-67,BR-6,AG-22,12/4/2024,87346.68,Installments,17469.34,69877.34,12,0.2,5823.11,34938.67,0,EGP,4/4/2026
ORD-11094,CUST-408,PROD-165,BR-8,AG-19,4/13/2024,47619.27,Installments,9523.85,38095.42,12,0.2,3174.62,19047.71,0,EGP,4/4/2026
ORD-11095,CUST-599,PROD-66,BR-7,AG-17,10/16/2024,64126.21,Installments,12825.24,51300.97,12,0.2,4275.08,25650.48,120,egp,4/4/2026
ORD-11096,CUST-778,PROD-134,BR-9,AG-21,10/22/2024,68556.04,Installments,13711.21,54844.83,12,0.2,4570.4,27422.42,0,EGP,4/4/2026
ORD-11097,CUST-580,PROD-136,BR-9,AG-13,3/29/2024,47672.66,Cash,47672.66,0,0,0,0,0,0,EGP,
ORD-11098,CUST-262,PROD-150,BR-3,AG-18,11/8/2024,72739.11,Installments,14547.82,58191.29,12,0.2,4849.27,29095.64,0,EGP,4/4/2026
ORD-11099,CUST-728,PROD-104,BR-10,AG-24,4/6/2024,22063.29,Installments,4412.66,17650.63,12,0.2,1470.89,8825.32,0,egp,4/4/2026
ORD-11100,CUST-946,PROD-94,BR-2,AG-11,7/17/2024,51965.37,Installments,10393.07,41572.3,12,0.2,3464.36,20786.15,0,EGP,4/4/2026
ORD-11101,CUST-559,PROD-186,BR-6,AG-13,1/5/2024,11248.07,Cash,11248.07,0,0,0,0,0,0,Pound,
ORD-11102,CUST-768,PROD-179,BR-10,AG-2,1/16/2024,29359.59,Cash,29359.59,0,0,0,0,0,0,EGP,
ORD-11103,CUST-379,PROD-78,BR-8,AG-25,11/28/2024,80977.17,Cash,80977.17,0,0,0,0,0,0,EGP,
ORD-11104,CUST-133,PROD-193,BR-10,AG-20,10/19/2024,70042.54,Installments,14008.51,56034.03,12,0.2,4669.5,28017.02,0,EGP,4/4/2026
ORD-11105,CUST-829,PROD-99,BR-1,AG-18,1/25/2025,23821.88,Installments,4764.38,19057.5,12,0.2,1588.13,9528.75,120,EGP,4/4/2026
ORD-11106,CUST-522,PROD-100,BR-4,AG-13,9/17/2024,69835.13,Installments,13967.03,55868.1,12,0.2,4655.68,27934.05,0,Pound,4/4/2026
ORD-11107,CUST-563,PROD-91,BR-3,AG-16,4/6/2024,73256.71,Installments,14651.34,58605.37,12,0.2,4883.78,29302.68,0,EGP,4/4/2026
ORD-11108,CUST-920,PROD-68,BR-9,AG-25,10/18/2024,84832.2,Installments,16966.44,67865.76,12,0.2,5655.48,33932.88,15,egp,4/4/2026
ORD-11109,CUST-201,PROD-180,BR-9,AG-3,9/12/2024,58129.89,Cash,58129.89,0,0,0,0,0,0,EGP,
ORD-11110,CUST-928,PROD-150,BR-8,AG-2,6/21/2024,21211.28,Installments,4242.26,16969.02,12,0.2,0,8484.51,0,Pound,4/4/2026
ORD-11111,CUST-104,PROD-127,BR-5,AG-12,3/16/2024,84944.91,Installments,16988.98,67955.93,12,0.2,5662.99,33977.96,0,Pound,4/4/2026
ORD-11112,CUST-133,PROD-98,BR-1,AG-20,2/25/2024,64171.34,Cash,64171.34,0,0,0,0,0,0,Pound,
ORD-11113,CUST-215,PROD-189,BR-2,AG-19,10/5/2024,40808.26,Cash,40808.26,0,0,0,0,0,0,EGP,
ORD-11114,CUST-483,PROD-107,BR-10,AG-17,1/29/2024,27476.32,Installments,5495.26,21981.06,12,0.2,1831.75,10990.53,0,EGP,4/4/2026
ORD-11115,CUST-549,PROD-58,BR-10,AG-11,2/9/2024,74082.55,Installments,14816.51,59266.04,12,0.2,4938.84,29633.02,15,Pound,4/4/2026
ORD-11116,CUST-419,PROD-107,BR-1,AG-1,2/2/2025,78161.27,Installments,15632.25,62529.02,12,0.2,5210.75,31264.51,15,EGP,1/1/1900
ORD-11117,CUST-202,PROD-160,BR-2,AG-22,7/31/2024,89826.97,Installments,17965.39,71861.58,12,0.2,5988.46,35930.79,0,EGP,4/4/2026
ORD-11118,CUST-365,PROD-78,BR-6,AG-22,8/20/2024,29890.83,Installments,5978.17,23912.66,12,0.2,1992.72,11956.33,0,EGP,4/4/2026
ORD-11119,CUST-564,PROD-127,BR-9,AG-3,10/2/2024,17163.36,Installments,3432.67,13730.69,12,0.2,1144.22,6865.34,0,EGP,4/4/2026
ORD-11120,CUST-430,PROD-128,BR-8,AG-18,5/28/2024,78324.89,Installments,15664.98,62659.91,12,0.2,5221.66,31329.96,0,EGP,4/4/2026
ORD-11121,CUST-894,PROD-52,BR-2,AG-20,10/26/2024,47085.4,Cash,47085.4,0,0,0,0,0,0,EGP,
ORD-11122,CUST-349,PROD-160,BR-1,AG-22,11/21/2024,32700.73,Cash,32700.73,0,0,0,0,0,0,EGP,
ORD-11123,CUST-472,PROD-55,BR-5,AG-1,2/6/2024,29313.03,Installments,5862.61,23450.42,12,0.2,1954.2,11725.21,0,Pound,4/4/2026
ORD-11124,CUST-203,PROD-83,BR-9,AG-20,4/12/2024,19597.77,Installments,3919.55,15678.22,12,0.2,1306.52,7839.11,15,egp,4/4/2026
ORD-11125,CUST-852,PROD-134,BR-8,AG-18,3/21/2024,27922.36,Installments,5584.47,22337.89,12,0.2,1861.49,11168.94,0,EGP,4/4/2026
ORD-11126,CUST-317,PROD-162,BR-1,AG-16,3/28/2024,53963.59,Installments,10792.72,43170.87,12,0.2,3597.57,21585.44,45,EGP,4/4/2026
ORD-11127,CUST-539,PROD-65,BR-9,AG-6,11/16/2024,60946.61,Cash,60946.61,0,0,0,0,0,0,EGP,
ORD-11128,CUST-865,PROD-101,BR-6,AG-11,3/8/2024,33003.56,Installments,6600.71,26402.85,12,0.2,2200.24,13201.42,15,EGP,4/4/2026
ORD-11129,CUST-123,PROD-163,BR-9,AG-13,9/22/2024,45778.38,Installments,9155.68,36622.7,12,0.2,3051.89,18311.35,45,EGP,4/4/2026
ORD-11130,CUST-497,PROD-53,BR-6,AG-24,1/19/2025,19030.98,Installments,3806.2,15224.78,12,0.2,1268.73,7612.39,0,EGP,4/4/2026
ORD-11131,CUST-915,PROD-193,BR-4,AG-18,8/15/2024,54577.05,Cash,54577.05,0,0,0,0,0,0,EGP,
ORD-11132,CUST-421,PROD-83,BR-5,AG-5,4/10/2024,10896.07,Installments,2179.21,8716.86,12,0.2,726.4,4358.43,0,egp,4/4/2026
ORD-11133,CUST-308,PROD-190,BR-4,AG-13,9/1/2024,46040.34,Installments,9208.07,36832.27,12,0.2,3069.36,18416.14,120,Pound,4/4/2026
ORD-11134,CUST-767,PROD-153,BR-1,AG-2,3/13/2024,57562.23,Installments,11512.45,46049.78,12,0.2,3837.48,23024.89,0,EGP,4/4/2026
ORD-11135,CUST-993,PROD-122,BR-4,AG-2,6/3/2024,12295.48,Installments,2459.1,9836.38,12,0.2,819.7,4918.19,0,egp,4/4/2026
ORD-11136,CUST-835,PROD-53,BR-4,AG-20,4/21/2024,72997.4,Cash,72997.4,0,0,0,0,0,0,EGP,
ORD-11137,CUST-466,PROD-53,BR-4,AG-23,8/28/2024,41938.34,Installments,8387.67,33550.67,12,0.2,2795.89,16775.34,0,Pound,4/4/2026
ORD-11138,CUST-854,PROD-86,BR-1,AG-22,9/23/2024,73104.87,Cash,73104.87,0,0,0,0,0,0,egp,
ORD-11139,CUST-417,PROD-196,BR-7,AG-22,4/22/2024,41007.03,Installments,8201.41,32805.62,12,0.2,2733.8,16402.81,0,EGP,4/4/2026
ORD-11140,CUST-853,PROD-88,BR-10,AG-18,12/10/2024,61067.56,Installments,12213.51,48854.05,12,0.2,4071.17,24427.02,0,EGP,4/4/2026
ORD-11141,CUST-553,PROD-176,BR-6,AG-2,7/6/2024,10828.56,Installments,2165.71,8662.85,12,0.2,721.9,4331.42,45,EGP,4/4/2026
ORD-11142,CUST-451,PROD-62,BR-7,AG-11,1/29/2024,73850.11,Installments,14770.02,59080.09,12,0.2,4923.34,29540.04,0,Pound,4/4/2026
ORD-11143,CUST-868,PROD-87,BR-5,AG-15,1/14/2025,30111.26,Installments,6022.25,24089.01,12,0.2,2007.42,12044.5,0,Pound,4/4/2026
ORD-11144,CUST-470,PROD-173,BR-4,AG-18,9/10/2024,39367.42,Installments,7873.48,31493.94,12,0.2,2624.49,15746.97,45,EGP,4/4/2026
ORD-11145,CUST-667,PROD-88,BR-1,AG-18,7/8/2024,28597.56,Installments,5719.51,22878.05,12,0.2,1906.5,11439.02,0,EGP,4/4/2026
ORD-11146,CUST-704,PROD-179,BR-1,AG-18,5/6/2024,89791.72,Installments,17958.34,71833.38,12,0.2,5986.11,35916.69,0,EGP,4/4/2026
ORD-11147,CUST-916,PROD-64,BR-8,AG-8,8/22/2024,61088.07,Cash,61088.07,0,0,0,0,0,0,Pound,
ORD-11148,CUST-649,PROD-67,BR-5,AG-19,1/4/2024,59555.49,Installments,11911.1,47644.39,12,0.2,3970.37,23822.2,45,EGP,1/1/1900
ORD-11149,CUST-816,PROD-175,BR-5,AG-10,6/1/2024,73303.07,Installments,14660.61,58642.46,12,0.2,4886.87,29321.23,15,EGP,4/4/2026
ORD-11150,CUST-618,PROD-181,BR-10,AG-1,6/6/2024,28232.87,Cash,28232.87,0,0,0,0,0,0,EGP,
ORD-11151,CUST-362,PROD-70,BR-9,AG-15,6/28/2024,35097.61,Cash,35097.61,0,0,0,0,0,0,EGP,
ORD-11152,CUST-497,PROD-64,BR-2,AG-20,12/30/2024,47752.97,Installments,9550.59,38202.38,12,0.2,0,19101.19,0,EGP,4/4/2026
ORD-11153,CUST-375,PROD-106,BR-1,AG-9,11/5/2024,89810.96,Installments,17962.19,71848.77,12,0.2,5987.4,35924.38,0,egp,4/4/2026
ORD-11154,CUST-795,PROD-112,BR-6,AG-10,8/22/2024,80158.63,Installments,16031.73,64126.9,12,0.2,5343.91,32063.45,0,EGP,4/4/2026
ORD-11155,CUST-770,PROD-102,BR-3,AG-5,2/5/2024,58107.82,Cash,58107.82,0,0,0,0,0,0,EGP,
ORD-11156,CUST-244,PROD-171,BR-10,AG-7,2/13/2024,80595.29,Installments,16119.06,64476.23,12,0.2,5373.02,32238.12,0,EGP,4/4/2026
ORD-11157,CUST-756,PROD-52,BR-4,AG-3,4/17/2024,72099.82,Installments,14419.96,57679.86,12,0.2,0,28839.93,0,EGP,4/4/2026
ORD-11158,CUST-153,PROD-54,BR-1,AG-11,1/1/2025,12402.47,Installments,2480.49,9921.98,12,0.2,826.83,4960.99,0,EGP,4/4/2026
ORD-11159,CUST-502,PROD-115,BR-7,AG-8,8/13/2024,55470.58,Cash,55470.58,0,0,0,0,0,0,EGP,
ORD-11160,CUST-920,PROD-129,BR-9,AG-19,4/1/2024,42678.89,Installments,8535.78,34143.11,12,0.2,2845.26,17071.56,0,EGP,1/1/1900
ORD-11161,CUST-404,PROD-70,BR-8,AG-17,10/17/2024,41959.91,Cash,41959.91,0,0,0,0,0,0,EGP,
ORD-11162,CUST-575,PROD-177,BR-5,AG-14,2/15/2024,49773.83,Cash,49773.83,0,0,0,0,0,0,EGP,
ORD-11163,CUST-982,PROD-111,BR-4,AG-13,7/10/2024,89642.06,Cash,89642.06,0,0,0,0,0,0,EGP,
ORD-11164,CUST-918,PROD-107,BR-4,AG-6,4/8/2024,48918.35,Cash,48918.35,0,0,0,0,0,0,EGP,
ORD-11165,CUST-517,PROD-169,BR-2,AG-15,6/11/2024,46344.59,Cash,46344.59,0,0,0,0,0,0,Pound,
ORD-11166,CUST-446,PROD-162,BR-1,AG-15,1/14/2025,33202.79,Installments,6640.56,26562.23,12,0.2,2213.52,13281.12,45,EGP,4/4/2026
ORD-11167,CUST-740,PROD-143,BR-9,AG-16,12/15/2024,39821.47,Installments,7964.29,31857.18,12,0.2,2654.76,15928.59,0,EGP,4/4/2026
ORD-11168,CUST-287,PROD-151,BR-4,AG-1,3/26/2024,25905.95,Installments,5181.19,20724.76,12,0.2,1727.06,10362.38,0,Pound,4/4/2026
ORD-11169,CUST-833,PROD-136,BR-3,AG-4,10/12/2024,44219.45,Cash,44219.45,0,0,0,0,0,0,Pound,
ORD-11170,CUST-870,PROD-63,BR-5,AG-15,11/1/2024,73499.84,Installments,14699.97,58799.87,12,0.2,4899.99,29399.94,15,EGP,4/4/2026
ORD-11171,CUST-745,PROD-57,BR-7,AG-16,9/6/2024,47937.88,Installments,9587.58,38350.3,12,0.2,3195.86,19175.15,0,EGP,4/4/2026
ORD-11172,CUST-736,PROD-199,BR-8,AG-14,12/10/2024,21190.8,Installments,4238.16,16952.64,12,0.2,1412.72,8476.32,0,EGP,4/4/2026
ORD-11173,CUST-259,PROD-181,BR-1,AG-15,12/14/2024,75720.74,Cash,75720.74,0,0,0,0,0,0,EGP,
ORD-11174,CUST-943,PROD-54,BR-7,AG-18,12/30/2028,80568.44,Installments,16113.69,64454.75,12,0.2,0,32227.38,0,egp,4/4/2026
ORD-11175,CUST-694,PROD-197,BR-5,AG-16,1/4/2025,19202.76,Installments,3840.55,15362.21,12,0.2,1280.18,7681.1,0,EGP,4/4/2026
ORD-11176,CUST-697,PROD-92,BR-5,AG-21,7/17/2024,56975.94,Installments,11395.19,45580.75,12,0.2,3798.4,22790.38,120,egp,4/4/2026
ORD-11177,CUST-633,PROD-92,BR-5,AG-16,1/28/2025,13984.02,Installments,2796.8,11187.22,12,0.2,932.27,5593.61,0,EGP,4/4/2026
ORD-11178,CUST-612,PROD-135,BR-4,AG-25,11/25/2024,18185.59,Installments,3637.12,14548.47,12,0.2,1212.37,7274.24,15,EGP,4/4/2026
ORD-11179,CUST-737,PROD-147,BR-2,AG-11,11/28/2024,55226.76,Installments,11045.35,44181.41,12,0.2,3681.78,22090.7,0,EGP,4/4/2026
ORD-11180,CUST-319,PROD-64,BR-5,AG-19,9/18/2024,79512.5,Installments,15902.5,63610,12,0.2,5300.83,31805,45,EGP,4/4/2026
ORD-11181,CUST-905,PROD-124,BR-1,AG-23,6/16/2024,33805.47,Cash,33805.47,0,0,0,0,0,0,EGP,
ORD-11182,CUST-554,PROD-158,BR-8,AG-18,4/19/2024,27239.87,Installments,5447.97,21791.9,12,0.2,1815.99,10895.95,0,EGP,4/4/2026
ORD-11183,CUST-817,PROD-198,BR-1,AG-25,10/23/2024,14783.84,Installments,2956.77,11827.07,12,0.2,985.59,5913.54,15,Pound,4/4/2026
ORD-11184,CUST-383,PROD-66,BR-2,AG-3,5/24/2024,38847.7,Installments,7769.54,31078.16,12,0.2,2589.85,15539.08,45,Pound,4/4/2026
ORD-11185,CUST-874,PROD-57,BR-2,AG-8,5/6/2024,55690.58,Installments,11138.12,44552.46,12,0.2,3712.71,22276.23,0,EGP,4/4/2026
ORD-11186,CUST-582,PROD-109,BR-2,AG-8,6/22/2024,80739.08,Cash,80739.08,0,0,0,0,0,0,EGP,
ORD-11187,CUST-953,PROD-179,BR-10,AG-15,3/1/2024,89699.39,Installments,17939.88,71759.51,12,0.2,5979.96,35879.76,15,Pound,4/4/2026
ORD-11188,CUST-451,PROD-70,BR-5,AG-12,1/17/2025,10905.25,Cash,10905.25,0,0,0,0,0,0,EGP,
ORD-11189,CUST-335,PROD-135,BR-3,AG-1,10/27/2024,33761.04,Installments,6752.21,27008.83,12,0.2,0,13504.42,45,egp,4/4/2026
ORD-11190,CUST-998,PROD-173,BR-3,AG-17,1/19/2024,86980.91,Cash,86980.91,0,0,0,0,0,0,egp,
ORD-11191,CUST-392,PROD-82,BR-9,AG-24,2/18/2024,41300.87,Cash,41300.87,0,0,0,0,0,0,EGP,
ORD-11192,CUST-170,PROD-183,BR-10,AG-5,11/15/2024,62803.32,Installments,12560.66,50242.66,12,0.2,4186.89,25121.33,0,egp,4/4/2026
ORD-11193,CUST-685,PROD-199,BR-2,AG-1,12/30/2028,22288.41,Installments,4457.68,17830.73,12,0.2,1485.89,8915.36,0,EGP,4/4/2026
ORD-11194,CUST-994,PROD-191,BR-10,AG-23,8/23/2024,20764.04,Cash,20764.04,0,0,0,0,0,0,EGP,
ORD-11195,CUST-316,PROD-71,BR-7,AG-17,1/23/2025,82515.75,Cash,82515.75,0,0,0,0,0,0,EGP,
ORD-11196,CUST-569,PROD-193,BR-3,AG-20,6/3/2024,22273.25,Installments,4454.65,17818.6,12,0.2,1484.88,8909.3,0,egp,4/4/2026
ORD-11197,CUST-295,PROD-79,BR-1,AG-13,4/13/2024,84652.66,Installments,16930.53,67722.13,12,0.2,5643.51,33861.06,0,EGP,4/4/2026
ORD-11198,CUST-120,PROD-92,BR-9,AG-10,3/11/2024,53252.9,Installments,10650.58,42602.32,12,0.2,3550.19,21301.16,0,EGP,4/4/2026
ORD-11199,CUST-244,PROD-134,BR-3,AG-22,5/22/2024,12467.04,Installments,2493.41,9973.63,12,0.2,831.14,4986.82,0,EGP,4/4/2026
ORD-11200,CUST-768,PROD-160,BR-5,AG-8,1/14/2024,54770.07,Installments,10954.01,43816.06,12,0.2,3651.34,21908.03,0,egp,4/4/2026
ORD-11201,CUST-208,PROD-90,BR-2,AG-20,12/11/2024,72131.28,Installments,14426.26,57705.02,12,0.2,4808.75,28852.51,15,EGP,4/4/2026
ORD-11202,CUST-969,PROD-55,BR-2,AG-14,3/16/2024,79445.85,Installments,15889.17,63556.68,12,0.2,5296.39,31778.34,15,EGP,4/4/2026
ORD-11203,CUST-168,PROD-121,BR-8,AG-12,12/21/2024,47605.03,Installments,9521.01,38084.02,12,0.2,3173.67,19042.01,0,EGP,4/4/2026
ORD-11204,CUST-210,PROD-85,BR-2,AG-22,5/10/2024,41025.27,Installments,8205.05,32820.22,12,0.2,2735.02,16410.11,45,EGP,4/4/2026
ORD-11205,CUST-561,PROD-60,BR-3,AG-18,5/6/2024,25952.45,Installments,5190.49,20761.96,12,0.2,1730.16,10380.98,0,egp,4/4/2026
ORD-11206,CUST-958,PROD-78,BR-4,AG-19,4/11/2024,38790.52,Cash,38790.52,0,0,0,0,0,0,EGP,
ORD-11207,CUST-736,PROD-58,BR-9,AG-18,9/10/2024,28003.73,Installments,5600.75,22402.98,12,0.2,1866.92,11201.49,0,EGP,4/4/2026
ORD-11208,CUST-208,PROD-127,BR-10,AG-4,11/23/2024,86972.3,Installments,17394.46,69577.84,12,0.2,5798.15,34788.92,0,EGP,4/4/2026
ORD-11209,CUST-574,PROD-145,BR-5,AG-7,10/22/2024,56930.67,Installments,11386.13,45544.54,12,0.2,3795.38,22772.27,120,EGP,4/4/2026
ORD-11210,CUST-411,PROD-99,BR-6,AG-19,8/28/2024,34109.64,Installments,6821.93,27287.71,12,0.2,2273.98,13643.86,0,EGP,4/4/2026
ORD-11211,CUST-552,PROD-70,BR-2,AG-6,9/15/2024,28911.26,Installments,5782.25,23129.01,12,0.2,1927.42,11564.5,0,EGP,4/4/2026
ORD-11212,CUST-470,PROD-104,BR-8,AG-13,5/12/2024,63337.67,Cash,63337.67,0,0,0,0,0,0,EGP,
ORD-11213,CUST-780,PROD-104,BR-5,AG-1,4/1/2024,27408.47,Cash,27408.47,0,0,0,0,0,0,EGP,
ORD-11214,CUST-593,PROD-68,BR-5,AG-3,5/13/2024,33233.59,Cash,33233.59,0,0,0,0,0,0,EGP,
ORD-11215,CUST-558,PROD-88,BR-9,AG-13,10/30/2024,49406.94,Installments,9881.39,39525.55,12,0.2,3293.8,19762.78,0,EGP,4/4/2026
ORD-11216,CUST-136,PROD-134,BR-2,AG-4,12/31/2024,27926.85,Installments,5585.37,22341.48,12,0.2,1861.79,11170.74,0,egp,4/4/2026
ORD-11217,CUST-101,PROD-182,BR-9,AG-5,6/29/2024,37243.14,Installments,7448.63,29794.51,12,0.2,2482.88,14897.26,15,egp,4/4/2026
ORD-11218,CUST-841,PROD-100,BR-4,AG-1,8/25/2024,80369.55,Installments,16073.91,64295.64,12,0.2,5357.97,32147.82,0,EGP,4/4/2026
ORD-11219,CUST-173,PROD-102,BR-2,AG-7,9/16/2024,32459.49,Installments,6491.9,25967.59,12,0.2,2163.97,12983.8,0,EGP,4/4/2026
ORD-11220,CUST-143,PROD-76,BR-2,AG-8,8/27/2024,86551.23,Cash,86551.23,0,0,0,0,0,0,Pound,
ORD-11221,CUST-499,PROD-103,BR-9,AG-14,1/19/2025,12510.55,Installments,2502.11,10008.44,12,0.2,834.04,5004.22,0,EGP,4/4/2026
ORD-11222,CUST-385,PROD-64,BR-5,AG-6,7/18/2024,19914.39,Cash,19914.39,0,0,0,0,0,0,EGP,
ORD-11223,CUST-994,PROD-178,BR-4,AG-16,1/18/2025,72438.98,Installments,14487.8,57951.18,12,0.2,4829.27,28975.59,15,EGP,4/4/2026
ORD-11224,CUST-678,PROD-171,BR-6,AG-20,11/17/2024,57609.99,Installments,11522,46087.99,12,0.2,3840.67,23044,0,Pound,4/4/2026
ORD-11225,CUST-681,PROD-141,BR-6,AG-16,1/10/2024,58783.75,Cash,58783.75,0,0,0,0,0,0,EGP,
ORD-11226,CUST-937,PROD-119,BR-3,AG-22,12/25/2024,70454.67,Installments,14090.93,56363.74,12,0.2,4696.98,28181.87,0,EGP,4/4/2026
ORD-11227,CUST-457,PROD-200,BR-2,AG-6,11/27/2024,45206.77,Installments,9041.35,36165.42,12,0.2,3013.78,18082.71,0,EGP,4/4/2026
ORD-11228,CUST-339,PROD-149,BR-8,AG-14,4/17/2024,41846.78,Installments,8369.36,33477.42,12,0.2,2789.79,16738.71,15,EGP,4/4/2026
ORD-11229,CUST-236,PROD-60,BR-3,AG-11,1/12/2024,69347.02,Cash,69347.02,0,0,0,0,0,0,EGP,
ORD-11230,CUST-917,PROD-167,BR-9,AG-10,8/11/2024,65214.88,Installments,13042.98,52171.9,12,0.2,4347.66,26085.95,45,EGP,4/4/2026
ORD-11231,CUST-227,PROD-81,BR-1,AG-11,4/11/2024,81494.59,Installments,16298.92,65195.67,12,0.2,5432.97,32597.84,0,EGP,4/4/2026
ORD-11232,CUST-489,PROD-195,BR-4,AG-18,3/4/2024,13673.02,Installments,2734.6,10938.42,12,0.2,0,5469.21,0,EGP,4/4/2026
ORD-11233,CUST-678,PROD-111,BR-1,AG-22,12/20/2024,87823.18,Installments,17564.64,70258.54,12,0.2,5854.88,35129.27,0,EGP,4/4/2026
ORD-11234,CUST-688,PROD-181,BR-7,AG-18,8/13/2024,50956.5,Cash,50956.5,0,0,0,0,0,0,EGP,
ORD-11235,CUST-895,PROD-56,BR-5,AG-25,8/29/2024,84197.78,Installments,16839.56,67358.22,12,0.2,5613.19,33679.11,0,egp,4/4/2026
ORD-11236,CUST-588,PROD-113,BR-8,AG-6,3/5/2024,39716.47,Installments,7943.29,31773.18,12,0.2,2647.76,15886.59,0,Pound,4/4/2026
ORD-11237,CUST-382,PROD-87,BR-4,AG-3,7/30/2024,45868.62,Installments,9173.72,36694.9,12,0.2,3057.91,18347.45,15,EGP,4/4/2026
ORD-11238,CUST-906,PROD-108,BR-3,AG-11,8/14/2024,44305.69,Cash,44305.69,0,0,0,0,0,0,EGP,
ORD-11239,CUST-568,PROD-91,BR-7,AG-13,7/17/2024,24567.1,Installments,4913.42,19653.68,12,0.2,1637.81,9826.84,0,EGP,4/4/2026
ORD-11240,CUST-797,PROD-164,BR-6,AG-22,3/5/2024,81349.34,Cash,81349.34,0,0,0,0,0,0,egp,
ORD-11241,CUST-577,PROD-56,BR-2,AG-10,7/24/2024,35006.96,Cash,35006.96,0,0,0,0,0,0,EGP,
ORD-11242,CUST-367,PROD-200,BR-6,AG-21,11/6/2024,84167.76,Cash,84167.76,0,0,0,0,0,0,EGP,
ORD-11243,CUST-434,PROD-150,BR-3,AG-3,2/13/2024,89045.87,Cash,89045.87,0,0,0,0,0,0,EGP,
ORD-11244,CUST-314,PROD-189,BR-4,AG-18,2/21/2024,81510.84,Installments,16302.17,65208.67,12,0.2,5434.06,32604.34,0,Pound,4/4/2026
ORD-11245,CUST-828,PROD-185,BR-6,AG-7,4/23/2024,80189.26,Installments,16037.85,64151.41,12,0.2,5345.95,32075.7,45,EGP,4/4/2026
ORD-11246,CUST-679,PROD-160,BR-5,AG-7,1/22/2024,13947.85,Installments,2789.57,11158.28,12,0.2,929.86,5579.14,45,EGP,4/4/2026
ORD-11247,CUST-940,PROD-168,BR-8,AG-1,12/13/2024,72678.52,Installments,14535.7,58142.82,12,0.2,4845.23,29071.41,0,EGP,4/4/2026
ORD-11248,CUST-413,PROD-182,BR-5,AG-18,8/3/2024,51147.54,Cash,51147.54,0,0,0,0,0,0,EGP,
ORD-11249,CUST-934,PROD-152,BR-6,AG-7,2/12/2024,74974.21,Cash,74974.21,0,0,0,0,0,0,EGP,
ORD-11250,CUST-340,PROD-177,BR-1,AG-9,1/1/2024,70891,Installments,14178.2,56712.8,12,0.2,4726.07,28356.4,0,Pound,4/4/2026
ORD-11251,CUST-916,PROD-78,BR-3,AG-10,3/11/2024,23739.55,Cash,23739.55,0,0,0,0,0,0,EGP,
ORD-11252,CUST-124,PROD-180,BR-2,AG-5,11/13/2024,66734.46,Installments,13346.89,53387.57,12,0.2,4448.96,26693.78,0,EGP,4/4/2026
ORD-11253,CUST-615,PROD-164,BR-6,AG-11,2/2/2025,37747.81,Installments,7549.56,30198.25,12,0.2,2516.52,15099.12,45,EGP,4/4/2026
ORD-11254,CUST-894,PROD-144,BR-2,AG-5,8/20/2024,63849.5,Installments,12769.9,51079.6,12,0.2,4256.63,25539.8,0,egp,4/4/2026
ORD-11255,CUST-218,PROD-168,BR-7,AG-24,7/25/2024,68669.05,Installments,13733.81,54935.24,12,0.2,4577.94,27467.62,0,EGP,4/4/2026
ORD-11256,CUST-131,PROD-62,BR-2,AG-9,4/3/2024,67212.54,Installments,13442.51,53770.03,12,0.2,4480.84,26885.02,0,EGP,4/4/2026
ORD-11257,CUST-125,PROD-123,BR-4,AG-6,1/3/2025,82087.15,Installments,16417.43,65669.72,12,0.2,5472.48,32834.86,0,EGP,4/4/2026
ORD-11258,CUST-567,PROD-84,BR-5,AG-15,8/28/2024,49387.74,Cash,49387.74,0,0,0,0,0,0,EGP,
ORD-11259,CUST-373,PROD-180,BR-3,AG-15,5/30/2024,73454.89,Installments,14690.98,58763.91,12,0.2,4896.99,29381.96,0,egp,4/4/2026
ORD-11260,CUST-955,PROD-109,BR-6,AG-17,11/3/2024,71241.62,Cash,71241.62,0,0,0,0,0,0,EGP,
ORD-11261,CUST-474,PROD-76,BR-2,AG-2,6/18/2024,65182.29,Installments,13036.46,52145.83,12,0.2,4345.49,26072.92,0,EGP,4/4/2026
ORD-11262,CUST-891,PROD-160,BR-6,AG-17,9/14/2024,75015.47,Installments,15003.09,60012.38,12,0.2,5001.03,30006.19,0,Pound,4/4/2026
ORD-11263,CUST-763,PROD-160,BR-5,AG-10,12/10/2024,37736.25,Cash,37736.25,0,0,0,0,0,0,EGP,
ORD-11264,CUST-351,PROD-57,BR-9,AG-6,3/24/2024,86792.86,Installments,17358.57,69434.29,12,0.2,5786.19,34717.14,45,EGP,4/4/2026
ORD-11265,CUST-770,PROD-95,BR-9,AG-24,8/22/2024,63463.09,Installments,12692.62,50770.47,12,0.2,4230.87,25385.24,0,EGP,4/4/2026
ORD-11266,CUST-592,PROD-120,BR-4,AG-9,5/9/2024,45348.18,Installments,9069.64,36278.54,12,0.2,3023.21,18139.27,0,EGP,4/4/2026
ORD-11267,CUST-980,PROD-109,BR-1,AG-12,9/28/2024,53754.18,Cash,53754.18,0,0,0,0,0,0,EGP,
ORD-11268,CUST-827,PROD-125,BR-4,AG-25,11/10/2024,62403.33,Installments,12480.67,49922.66,12,0.2,4160.22,24961.33,0,egp,4/4/2026
ORD-11269,CUST-562,PROD-70,BR-2,AG-19,6/4/2024,28038.59,Cash,28038.59,0,0,0,0,0,0,Pound,
ORD-11270,CUST-670,PROD-81,BR-1,AG-23,6/6/2024,72774.66,Cash,72774.66,0,0,0,0,0,0,EGP,
ORD-11271,CUST-640,PROD-153,BR-2,AG-16,11/27/2024,69622.14,Cash,69622.14,0,0,0,0,0,0,EGP,
ORD-11272,CUST-547,PROD-119,BR-9,AG-10,5/24/2024,73272.74,Installments,14654.55,58618.19,12,0.2,4884.85,29309.1,0,egp,4/4/2026
ORD-11273,CUST-360,PROD-173,BR-7,AG-18,6/16/2024,13744.06,Installments,2748.81,10995.25,12,0.2,916.27,5497.62,0,egp,4/4/2026
ORD-11274,CUST-907,PROD-154,BR-5,AG-24,9/21/2024,74802.4,Installments,14960.48,59841.92,12,0.2,4986.83,29920.96,0,egp,4/4/2026
ORD-11275,CUST-252,PROD-110,BR-2,AG-9,7/9/2024,86600.73,Installments,17320.15,69280.58,12,0.2,5773.38,34640.29,45,EGP,4/4/2026
ORD-11276,CUST-152,PROD-132,BR-5,AG-9,3/20/2024,44790.66,Installments,8958.13,35832.53,12,0.2,2986.04,17916.26,0,EGP,4/4/2026
ORD-11277,CUST-512,PROD-82,BR-5,AG-5,7/23/2024,15688.7,Cash,15688.7,0,0,0,0,0,0,Pound,
ORD-11278,CUST-743,PROD-135,BR-8,AG-17,6/30/2024,35777.54,Cash,35777.54,0,0,0,0,0,0,egp,
ORD-11279,CUST-719,PROD-89,BR-4,AG-7,4/9/2024,33061.1,Cash,33061.1,0,0,0,0,0,0,EGP,
ORD-11280,CUST-866,PROD-60,BR-2,AG-6,1/21/2025,11902.52,Installments,2380.5,9522.02,12,0.2,793.5,4761.01,45,EGP,4/4/2026
ORD-11281,CUST-666,PROD-119,BR-5,AG-25,7/10/2024,58892.1,Installments,11778.42,47113.68,12,0.2,3926.14,23556.84,0,EGP,4/4/2026
ORD-11282,CUST-230,PROD-156,BR-3,AG-11,9/22/2024,53542.66,Installments,10708.53,42834.13,12,0.2,3569.51,21417.06,0,EGP,4/4/2026
ORD-11283,CUST-288,PROD-139,BR-5,AG-20,4/20/2024,68762.22,Cash,68762.22,0,0,0,0,0,0,EGP,
ORD-11284,CUST-604,PROD-173,BR-2,AG-13,8/3/2024,88965.98,Installments,17793.2,71172.78,12,0.2,5931.07,35586.39,0,EGP,1/1/1900
ORD-11285,CUST-658,PROD-188,BR-10,AG-25,11/6/2024,14829.64,Installments,2965.93,11863.71,12,0.2,988.64,5931.86,15,EGP,1/1/1900
ORD-11286,CUST-824,PROD-157,BR-3,AG-16,1/15/2025,48506.71,Cash,48506.71,0,0,0,0,0,0,EGP,
ORD-11287,CUST-339,PROD-136,BR-9,AG-22,8/27/2024,78142.44,Installments,15628.49,62513.95,12,0.2,5209.5,31256.98,0,EGP,4/4/2026
ORD-11288,CUST-799,PROD-165,BR-10,AG-7,1/13/2025,57176.29,Installments,11435.26,45741.03,12,0.2,3811.75,22870.52,0,EGP,4/4/2026
ORD-11289,CUST-546,PROD-119,BR-5,AG-4,12/15/2024,71930.22,Installments,14386.04,57544.18,12,0.2,4795.35,28772.09,0,egp,4/4/2026
ORD-11290,CUST-925,PROD-85,BR-8,AG-13,8/28/2024,73726.9,Installments,14745.38,58981.52,12,0.2,4915.13,29490.76,0,egp,4/4/2026
ORD-11291,CUST-652,PROD-98,BR-1,AG-2,4/4/2024,14653.4,Installments,2930.68,11722.72,12,0.2,976.89,5861.36,0,EGP,4/4/2026
ORD-11292,CUST-312,PROD-72,BR-4,AG-1,10/16/2024,84692.96,Installments,16938.59,67754.37,12,0.2,5646.2,33877.18,0,EGP,4/4/2026
ORD-11293,CUST-374,PROD-127,BR-8,AG-4,1/19/2025,63955.24,Installments,12791.05,51164.19,12,0.2,4263.68,25582.1,0,egp,4/4/2026
ORD-11294,CUST-937,PROD-103,BR-6,AG-1,4/23/2024,82316.96,Installments,16463.39,65853.57,12,0.2,5487.8,32926.78,0,EGP,4/4/2026
ORD-11295,CUST-839,PROD-67,BR-1,AG-21,2/2/2024,89772.01,Cash,89772.01,0,0,0,0,0,0,EGP,
ORD-11296,CUST-429,PROD-67,BR-5,AG-1,4/28/2024,30416.02,Installments,6083.2,24332.82,12,0.2,2027.73,12166.41,0,EGP,4/4/2026
ORD-11297,CUST-548,PROD-133,BR-4,AG-25,10/28/2024,35038.5,Cash,35038.5,0,0,0,0,0,0,EGP,
ORD-11298,CUST-252,PROD-172,BR-5,AG-20,1/27/2025,25283.26,Installments,5056.65,20226.61,12,0.2,1685.55,10113.3,15,Pound,4/4/2026
ORD-11299,CUST-716,PROD-124,BR-6,AG-23,9/29/2024,31734.63,Installments,6346.93,25387.7,12,0.2,2115.64,12693.85,120,EGP,1/1/1900
ORD-11300,CUST-703,PROD-179,BR-4,AG-3,8/14/2024,82680.68,Cash,82680.68,0,0,0,0,0,0,EGP,
ORD-11301,CUST-303,PROD-65,BR-5,AG-18,11/19/2024,19267.55,Installments,3853.51,15414.04,12,0.2,1284.5,7707.02,15,EGP,4/4/2026
ORD-11302,CUST-348,PROD-163,BR-9,AG-14,2/2/2024,32365.44,Installments,6473.09,25892.35,12,0.2,2157.7,12946.18,0,EGP,4/4/2026
ORD-11303,CUST-758,PROD-93,BR-8,AG-22,2/8/2024,16803.51,Installments,3360.7,13442.81,12,0.2,1120.23,6721.4,15,EGP,4/4/2026
ORD-11304,CUST-108,PROD-167,BR-6,AG-23,6/15/2024,25488.62,Cash,25488.62,0,0,0,0,0,0,EGP,
ORD-11305,CUST-500,PROD-144,BR-10,AG-4,12/5/2024,28057.73,Installments,5611.55,22446.18,12,0.2,1870.52,11223.09,0,Pound,4/4/2026
ORD-11306,CUST-451,PROD-78,BR-8,AG-16,6/22/2024,37524.17,Installments,7504.83,30019.34,12,0.2,2501.61,15009.67,0,EGP,4/4/2026
ORD-11307,CUST-610,PROD-156,BR-3,AG-17,6/16/2024,39546.01,Cash,39546.01,0,0,0,0,0,0,egp,
ORD-11308,CUST-924,PROD-156,BR-9,AG-18,9/25/2024,42953.27,Installments,8590.65,34362.62,12,0.2,2863.55,17181.31,0,Pound,4/4/2026
ORD-11309,CUST-146,PROD-187,BR-1,AG-2,2/12/2024,53948.64,Installments,10789.73,43158.91,12,0.2,3596.58,21579.46,0,Pound,4/4/2026
ORD-11310,CUST-589,PROD-163,BR-7,AG-7,8/10/2024,56884.87,Installments,11376.97,45507.9,12,0.2,3792.32,22753.95,120,EGP,4/4/2026
ORD-11311,CUST-881,PROD-76,BR-8,AG-7,10/2/2024,56332.64,Installments,11266.53,45066.11,12,0.2,3755.51,22533.06,0,EGP,1/1/1900
ORD-11312,CUST-262,PROD-118,BR-1,AG-4,3/2/2024,40330.28,Cash,40330.28,0,0,0,0,0,0,EGP,
ORD-11313,CUST-731,PROD-154,BR-1,AG-23,1/18/2024,79079.94,Installments,15815.99,63263.95,12,0.2,5272,31631.98,15,egp,4/4/2026
ORD-11314,CUST-289,PROD-161,BR-5,AG-10,4/21/2024,77107.07,Installments,15421.41,61685.66,12,0.2,5140.47,30842.83,45,EGP,4/4/2026
ORD-11315,CUST-166,PROD-167,BR-4,AG-5,12/29/2024,63925.49,Cash,63925.49,0,0,0,0,0,0,EGP,
ORD-11316,CUST-526,PROD-153,BR-6,AG-13,9/12/2024,54792.2,Installments,10958.44,43833.76,12,0.2,3652.81,21916.88,0,EGP,4/4/2026
ORD-11317,CUST-105,PROD-150,BR-9,AG-18,9/10/2024,43069.01,Cash,43069.01,0,0,0,0,0,0,EGP,
ORD-11318,CUST-928,PROD-191,BR-4,AG-4,3/17/2024,13696.04,Installments,2739.21,10956.83,12,0.2,913.07,5478.42,0,EGP,4/4/2026
ORD-11319,CUST-820,PROD-145,BR-4,AG-16,6/29/2024,47033.93,Installments,9406.79,37627.14,12,0.2,3135.6,18813.57,15,Pound,4/4/2026
ORD-11320,CUST-859,PROD-175,BR-4,AG-6,3/6/2024,47760.79,Cash,47760.79,0,0,0,0,0,0,EGP,
ORD-11321,CUST-788,PROD-181,BR-9,AG-16,9/4/2024,86240.25,Cash,86240.25,0,0,0,0,0,0,EGP,
ORD-11322,CUST-120,PROD-143,BR-6,AG-5,9/18/2024,17655.72,Installments,3531.14,14124.58,12,0.2,1177.05,7062.29,0,EGP,4/4/2026
ORD-11323,CUST-753,PROD-190,BR-5,AG-9,12/8/2024,32185.26,Cash,32185.26,0,0,0,0,0,0,EGP,
ORD-11324,CUST-814,PROD-163,BR-4,AG-15,8/13/2024,40985.5,Installments,8197.1,32788.4,12,0.2,2732.37,16394.2,0,EGP,4/4/2026
ORD-11325,CUST-550,PROD-179,BR-2,AG-1,4/17/2024,66591.9,Installments,13318.38,53273.52,12,0.2,4439.46,26636.76,0,EGP,4/4/2026
ORD-11326,CUST-661,PROD-198,BR-4,AG-18,8/31/2024,53482.94,Installments,10696.59,42786.35,12,0.2,3565.53,21393.18,0,EGP,4/4/2026
ORD-11327,CUST-345,PROD-82,BR-7,AG-19,7/21/2024,72435.99,Cash,72435.99,0,0,0,0,0,0,EGP,
ORD-11328,CUST-680,PROD-145,BR-2,AG-8,6/5/2024,58866.95,Installments,11773.39,47093.56,12,0.2,3924.46,23546.78,0,EGP,4/4/2026
ORD-11329,CUST-747,PROD-80,BR-8,AG-15,9/5/2024,26392,Installments,5278.4,21113.6,12,0.2,1759.47,10556.8,0,egp,4/4/2026
ORD-11330,CUST-924,PROD-59,BR-8,AG-6,2/21/2024,34180.39,Installments,6836.08,27344.31,12,0.2,2278.69,13672.16,0,egp,4/4/2026
ORD-11331,CUST-609,PROD-169,BR-1,AG-12,6/20/2024,45263.15,Installments,9052.63,36210.52,12,0.2,0,18105.26,0,EGP,4/4/2026
ORD-11332,CUST-938,PROD-197,BR-5,AG-16,4/22/2024,58786.19,Cash,58786.19,0,0,0,0,0,0,EGP,
ORD-11333,CUST-523,PROD-160,BR-10,AG-15,12/30/2028,73064.21,Installments,14612.84,58451.37,12,0.2,4870.95,29225.68,0,EGP,4/4/2026
ORD-11334,CUST-868,PROD-158,BR-9,AG-19,2/14/2024,74610.39,Cash,74610.39,0,0,0,0,0,0,EGP,
ORD-11335,CUST-467,PROD-163,BR-6,AG-4,1/30/2025,40182.48,Installments,8036.5,32145.98,12,0.2,2678.83,16072.99,15,EGP,4/4/2026
ORD-11336,CUST-958,PROD-77,BR-5,AG-7,8/18/2024,80004.19,Installments,16000.84,64003.35,12,0.2,5333.61,32001.68,0,EGP,4/4/2026
ORD-11337,CUST-487,PROD-160,BR-1,AG-20,4/14/2024,12868.26,Installments,2573.65,10294.61,12,0.2,857.88,5147.3,45,EGP,4/4/2026
ORD-11338,CUST-767,PROD-154,BR-1,AG-18,10/26/2024,45076.38,Installments,9015.28,36061.1,12,0.2,3005.09,18030.55,0,EGP,4/4/2026
ORD-11339,CUST-213,PROD-168,BR-3,AG-5,4/18/2024,33545.43,Installments,6709.09,26836.34,12,0.2,2236.36,13418.17,0,EGP,4/4/2026
ORD-11340,CUST-776,PROD-121,BR-1,AG-12,12/25/2024,42013.07,Installments,8402.61,33610.46,12,0.2,2800.87,16805.23,15,EGP,4/4/2026
ORD-11341,CUST-874,PROD-149,BR-1,AG-13,8/25/2024,67000.54,Installments,13400.11,53600.43,12,0.2,4466.7,26800.22,0,EGP,4/4/2026
ORD-11342,CUST-495,PROD-187,BR-1,AG-9,7/11/2024,27207.93,Cash,27207.93,0,0,0,0,0,0,EGP,
ORD-11343,CUST-703,PROD-50,BR-7,AG-7,8/17/2024,13661.69,Cash,13661.69,0,0,0,0,0,0,Pound,
ORD-11344,CUST-563,PROD-89,BR-2,AG-14,11/24/2024,89102.8,Installments,17820.56,71282.24,12,0.2,5940.19,35641.12,0,EGP,4/4/2026
ORD-11345,CUST-714,PROD-172,BR-2,AG-1,5/23/2024,82899.5,Installments,16579.9,66319.6,12,0.2,5526.63,33159.8,15,EGP,4/4/2026
ORD-11346,CUST-734,PROD-72,BR-1,AG-20,10/2/2024,61476.35,Installments,12295.27,49181.08,12,0.2,4098.42,24590.54,0,EGP,4/4/2026
ORD-11347,CUST-881,PROD-170,BR-6,AG-23,8/9/2024,49320.8,Installments,9864.16,39456.64,12,0.2,3288.05,19728.32,0,EGP,4/4/2026
ORD-11348,CUST-330,PROD-124,BR-4,AG-17,3/29/2024,64853.47,Installments,12970.69,51882.78,12,0.2,4323.56,25941.39,120,Pound,4/4/2026
ORD-11349,CUST-177,PROD-151,BR-4,AG-1,1/22/2024,53085.55,Cash,53085.55,0,0,0,0,0,0,EGP,
ORD-11350,CUST-237,PROD-95,BR-8,AG-21,1/21/2025,30355.27,Cash,30355.27,0,0,0,0,0,0,EGP,
ORD-11351,CUST-567,PROD-175,BR-2,AG-6,2/3/2025,71049.24,Installments,14209.85,56839.39,12,0.2,4736.62,28419.7,0,EGP,4/4/2026
ORD-11352,CUST-417,PROD-84,BR-3,AG-25,8/29/2024,12147.99,Installments,2429.6,9718.39,12,0.2,809.87,4859.2,0,EGP,4/4/2026
ORD-11353,CUST-804,PROD-139,BR-8,AG-13,1/28/2024,30355.44,Installments,6071.09,24284.35,12,0.2,2023.7,12142.18,15,egp,4/4/2026
ORD-11354,CUST-915,PROD-55,BR-6,AG-1,8/30/2024,46381.23,Installments,9276.25,37104.98,12,0.2,3092.08,18552.49,45,EGP,4/4/2026
ORD-11355,CUST-256,PROD-119,BR-8,AG-12,11/1/2024,26536.66,Cash,26536.66,0,0,0,0,0,0,EGP,
ORD-11356,CUST-298,PROD-118,BR-5,AG-5,6/22/2024,56485.16,Cash,56485.16,0,0,0,0,0,0,Pound,
ORD-11357,CUST-778,PROD-191,BR-5,AG-18,1/1/2025,62833.21,Cash,62833.21,0,0,0,0,0,0,EGP,
ORD-11358,CUST-618,PROD-55,BR-5,AG-21,4/27/2024,64972.4,Installments,12994.48,51977.92,12,0.2,4331.49,25988.96,0,EGP,4/4/2026
ORD-11359,CUST-573,PROD-57,BR-2,AG-6,8/14/2024,13049.67,Installments,2609.93,10439.74,12,0.2,869.98,5219.87,15,egp,4/4/2026
ORD-11360,CUST-723,PROD-101,BR-2,AG-4,11/17/2024,80390.55,Cash,80390.55,0,0,0,0,0,0,EGP,
ORD-11361,CUST-433,PROD-73,BR-1,AG-7,3/10/2024,52188.94,Installments,10437.79,41751.15,12,0.2,3479.26,20875.58,15,egp,4/4/2026
ORD-11362,CUST-864,PROD-188,BR-10,AG-12,10/13/2024,68329.41,Cash,68329.41,0,0,0,0,0,0,EGP,
ORD-11363,CUST-434,PROD-65,BR-5,AG-10,3/5/2024,23868.11,Cash,23868.11,0,0,0,0,0,0,EGP,
ORD-11364,CUST-271,PROD-179,BR-7,AG-7,1/30/2024,21014.87,Installments,4202.97,16811.9,12,0.2,1400.99,8405.95,0,EGP,4/4/2026
ORD-11365,CUST-423,PROD-184,BR-1,AG-16,4/23/2024,23187.38,Installments,4637.48,18549.9,12,0.2,1545.83,9274.95,0,EGP,4/4/2026
ORD-11366,CUST-199,PROD-190,BR-5,AG-20,9/25/2024,12645,Installments,2529,10116,12,0.2,843,5058,0,egp,4/4/2026
ORD-11367,CUST-392,PROD-187,BR-7,AG-19,6/30/2024,53242.4,Installments,10648.48,42593.92,12,0.2,3549.49,21296.96,0,egp,4/4/2026
ORD-11368,CUST-981,PROD-168,BR-9,AG-24,5/30/2024,45644.2,Installments,9128.84,36515.36,12,0.2,3042.95,18257.68,0,EGP,1/1/1900
ORD-11369,CUST-115,PROD-158,BR-7,AG-22,12/13/2024,63648.06,Installments,12729.61,50918.45,12,0.2,4243.2,25459.22,0,EGP,4/4/2026
ORD-11370,CUST-715,PROD-54,BR-1,AG-13,8/14/2024,38657.69,Installments,7731.54,30926.15,12,0.2,2577.18,15463.08,0,EGP,4/4/2026
ORD-11371,CUST-501,PROD-191,BR-3,AG-11,6/15/2024,44707.22,Cash,44707.22,0,0,0,0,0,0,EGP,
ORD-11372,CUST-822,PROD-100,BR-1,AG-1,1/12/2025,83877.71,Installments,16775.54,67102.17,12,0.2,5591.85,33551.08,0,EGP,4/4/2026
ORD-11373,CUST-736,PROD-128,BR-5,AG-10,2/4/2024,50079.25,Cash,50079.25,0,0,0,0,0,0,EGP,
ORD-11374,CUST-776,PROD-147,BR-5,AG-13,6/8/2024,62586.03,Installments,12517.21,50068.82,12,0.2,4172.4,25034.41,0,EGP,4/4/2026
ORD-11375,CUST-687,PROD-180,BR-5,AG-22,6/18/2024,55579.25,Installments,11115.85,44463.4,12,0.2,3705.28,22231.7,0,EGP,4/4/2026
ORD-11376,CUST-716,PROD-140,BR-4,AG-7,11/26/2024,89824.73,Installments,17964.95,71859.78,12,0.2,5988.32,35929.89,0,EGP,4/4/2026
ORD-11377,CUST-708,PROD-124,BR-10,AG-3,7/4/2024,10630.49,Installments,2126.1,8504.39,12,0.2,708.7,4252.2,0,EGP,4/4/2026
ORD-11378,CUST-711,PROD-132,BR-3,AG-5,1/11/2025,47485.75,Installments,9497.15,37988.6,12,0.2,3165.72,18994.3,0,EGP,4/4/2026
ORD-11379,CUST-426,PROD-144,BR-3,AG-20,12/9/2024,73577.73,Installments,14715.55,58862.18,12,0.2,4905.18,29431.09,0,EGP,4/4/2026
ORD-11380,CUST-933,PROD-68,BR-9,AG-4,2/2/2024,31330.76,Cash,31330.76,0,0,0,0,0,0,EGP,
ORD-11381,CUST-218,PROD-82,BR-7,AG-12,6/4/2024,26822.6,Installments,5364.52,21458.08,12,0.2,1788.17,10729.04,0,EGP,4/4/2026
ORD-11382,CUST-255,PROD-125,BR-5,AG-5,4/19/2024,83550.88,Installments,16710.18,66840.7,12,0.2,5570.06,33420.35,0,EGP,4/4/2026
ORD-11383,CUST-268,PROD-78,BR-4,AG-14,9/29/2024,85111.77,Cash,85111.77,0,0,0,0,0,0,EGP,
ORD-11384,CUST-672,PROD-172,BR-1,AG-13,8/2/2024,44196.59,Installments,8839.32,35357.27,12,0.2,2946.44,17678.64,15,EGP,4/4/2026
ORD-11385,CUST-660,PROD-85,BR-7,AG-24,11/30/2024,72196.19,Cash,72196.19,0,0,0,0,0,0,EGP,
ORD-11386,CUST-461,PROD-77,BR-10,AG-3,12/20/2024,23127.37,Installments,4625.47,18501.9,12,0.2,1541.82,9250.95,0,EGP,4/4/2026
ORD-11387,CUST-576,PROD-68,BR-4,AG-21,7/2/2024,89398.17,Installments,17879.63,71518.54,12,0.2,5959.88,35759.27,0,EGP,4/4/2026
ORD-11388,CUST-283,PROD-83,BR-1,AG-2,2/2/2025,83788.84,Installments,16757.77,67031.07,12,0.2,5585.92,33515.54,0,EGP,4/4/2026
ORD-11389,CUST-352,PROD-159,BR-1,AG-25,1/24/2024,36531.87,Installments,7306.37,29225.5,12,0.2,2435.46,14612.75,0,EGP,4/4/2026
ORD-11390,CUST-263,PROD-78,BR-10,AG-13,2/28/2024,74059.16,Installments,14811.83,59247.33,12,0.2,4937.28,29623.66,15,EGP,4/4/2026
ORD-11391,CUST-888,PROD-189,BR-10,AG-6,2/6/2024,46296.98,Installments,9259.4,37037.58,12,0.2,3086.47,18518.79,0,EGP,4/4/2026
ORD-11392,CUST-326,PROD-160,BR-7,AG-4,1/21/2025,35884.69,Installments,7176.94,28707.75,12,0.2,2392.31,14353.88,15,egp,4/4/2026
ORD-11393,CUST-534,PROD-128,BR-7,AG-4,8/11/2024,80258.38,Installments,16051.68,64206.7,12,0.2,5350.56,32103.35,0,EGP,4/4/2026
ORD-11394,CUST-847,PROD-152,BR-10,AG-9,6/23/2024,72204.66,Installments,14440.93,57763.73,12,0.2,4813.64,28881.86,15,EGP,4/4/2026
ORD-11395,CUST-563,PROD-159,BR-8,AG-25,9/16/2024,61952.2,Installments,12390.44,49561.76,12,0.2,4130.15,24780.88,0,EGP,4/4/2026
ORD-11396,CUST-651,PROD-58,BR-10,AG-16,4/7/2024,69969.62,Installments,13993.92,55975.7,12,0.2,4664.64,27987.85,0,EGP,1/1/1900
ORD-11397,CUST-732,PROD-133,BR-5,AG-15,7/29/2024,56596.53,Cash,56596.53,0,0,0,0,0,0,EGP,
ORD-11398,CUST-324,PROD-130,BR-1,AG-9,3/23/2024,15634.85,Installments,3126.97,12507.88,12,0.2,0,6253.94,0,EGP,4/4/2026
ORD-11399,CUST-318,PROD-72,BR-3,AG-8,10/2/2024,49640.13,Installments,9928.03,39712.1,12,0.2,3309.34,19856.05,0,EGP,4/4/2026
ORD-11400,CUST-128,PROD-82,BR-7,AG-24,10/30/2024,88538.54,Installments,17707.71,70830.83,12,0.2,5902.57,35415.42,120,EGP,4/4/2026
ORD-11401,CUST-861,PROD-63,BR-10,AG-7,7/25/2024,57791.25,Installments,11558.25,46233,12,0.2,3852.75,23116.5,0,EGP,4/4/2026
ORD-11402,CUST-945,PROD-107,BR-10,AG-25,12/20/2024,11090.86,Cash,11090.86,0,0,0,0,0,0,Pound,
ORD-11403,CUST-733,PROD-151,BR-2,AG-19,1/28/2025,77485.94,Installments,15497.19,61988.75,12,0.2,5165.73,30994.38,0,egp,4/4/2026
ORD-11404,CUST-274,PROD-139,BR-7,AG-17,11/17/2024,65492.8,Installments,13098.56,52394.24,12,0.2,4366.19,26197.12,0,EGP,4/4/2026
ORD-11405,CUST-656,PROD-191,BR-1,AG-10,12/30/2028,29415.4,Installments,5883.08,23532.32,12,0.2,1961.03,11766.16,15,EGP,4/4/2026
ORD-11406,CUST-847,PROD-187,BR-9,AG-20,2/1/2025,80715.11,Installments,16143.02,64572.09,12,0.2,5381.01,32286.04,0,EGP,4/4/2026
ORD-11407,CUST-257,PROD-83,BR-4,AG-2,7/27/2024,75950.44,Installments,15190.09,60760.35,12,0.2,5063.36,30380.18,15,Pound,4/4/2026
ORD-11408,CUST-763,PROD-122,BR-5,AG-2,3/29/2024,32127.63,Installments,6425.53,25702.1,12,0.2,2141.84,12851.05,120,EGP,4/4/2026
ORD-11409,CUST-258,PROD-134,BR-2,AG-20,11/25/2024,74013.1,Cash,74013.1,0,0,0,0,0,0,EGP,
ORD-11410,CUST-944,PROD-85,BR-8,AG-7,1/5/2025,20473.74,Installments,4094.75,16378.99,12,0.2,1364.92,8189.5,0,EGP,4/4/2026
ORD-11411,CUST-997,PROD-190,BR-4,AG-22,3/8/2024,13699.08,Installments,2739.82,10959.26,12,0.2,913.27,5479.63,0,EGP,4/4/2026
ORD-11412,CUST-552,PROD-77,BR-1,AG-25,4/9/2024,25856,Installments,5171.2,20684.8,12,0.2,1723.73,10342.4,0,Pound,4/4/2026
ORD-11413,CUST-272,PROD-163,BR-4,AG-9,1/5/2024,65602.75,Installments,13120.55,52482.2,12,0.2,4373.52,26241.1,0,egp,4/4/2026
ORD-11414,CUST-640,PROD-114,BR-7,AG-19,6/1/2024,38814.31,Cash,38814.31,0,0,0,0,0,0,EGP,
ORD-11415,CUST-429,PROD-194,BR-7,AG-4,1/19/2025,15605.63,Installments,3121.13,12484.5,12,0.2,1040.38,6242.25,0,EGP,4/4/2026
ORD-11416,CUST-361,PROD-104,BR-8,AG-17,8/30/2024,62073.75,Installments,12414.75,49659,12,0.2,4138.25,24829.5,0,EGP,4/4/2026
ORD-11417,CUST-695,PROD-199,BR-10,AG-15,11/29/2024,38704.61,Cash,38704.61,0,0,0,0,0,0,EGP,
ORD-11418,CUST-321,PROD-144,BR-7,AG-18,1/2/2024,39602.87,Installments,7920.57,31682.3,12,0.2,2640.19,15841.15,45,EGP,4/4/2026
ORD-11419,CUST-223,PROD-74,BR-4,AG-21,9/20/2024,72840.14,Installments,14568.03,58272.11,12,0.2,4856.01,29136.06,15,EGP,4/4/2026
ORD-11420,CUST-249,PROD-79,BR-6,AG-14,7/20/2024,19226.29,Installments,3845.26,15381.03,12,0.2,1281.75,7690.52,0,egp,4/4/2026
ORD-11421,CUST-865,PROD-80,BR-10,AG-22,1/11/2024,49531.57,Cash,49531.57,0,0,0,0,0,0,EGP,
ORD-11422,CUST-498,PROD-145,BR-10,AG-3,11/10/2024,23671.58,Installments,4734.32,18937.26,12,0.2,1578.11,9468.63,0,EGP,4/4/2026
ORD-11423,CUST-390,PROD-189,BR-2,AG-23,1/26/2024,70705.75,Cash,70705.75,0,0,0,0,0,0,EGP,
ORD-11424,CUST-653,PROD-155,BR-10,AG-8,12/20/2024,62937.17,Cash,62937.17,0,0,0,0,0,0,EGP,
ORD-11425,CUST-989,PROD-118,BR-10,AG-24,9/20/2024,42274.99,Installments,8455,33819.99,12,0.2,2818.33,16910,0,EGP,4/4/2026
ORD-11426,CUST-321,PROD-133,BR-9,AG-3,8/25/2024,59793.76,Installments,11958.75,47835.01,12,0.2,3986.25,23917.5,0,EGP,4/4/2026
ORD-11427,CUST-498,PROD-61,BR-7,AG-16,12/11/2024,17542.24,Installments,3508.45,14033.79,12,0.2,1169.48,7016.9,45,egp,1/1/1900
ORD-11428,CUST-787,PROD-126,BR-2,AG-9,4/19/2024,24564.91,Cash,24564.91,0,0,0,0,0,0,EGP,
ORD-11429,CUST-264,PROD-195,BR-8,AG-17,11/17/2024,45579.26,Installments,9115.85,36463.41,12,0.2,0,18231.7,15,EGP,4/4/2026
ORD-11430,CUST-192,PROD-75,BR-3,AG-11,8/30/2024,56958.05,Installments,11391.61,45566.44,12,0.2,3797.2,22783.22,0,EGP,4/4/2026
ORD-11431,CUST-403,PROD-190,BR-1,AG-1,1/4/2025,36488.62,Installments,7297.72,29190.9,12,0.2,2432.57,14595.45,15,EGP,4/4/2026
ORD-11432,CUST-845,PROD-121,BR-10,AG-7,4/16/2024,14860.98,Installments,2972.2,11888.78,12,0.2,990.73,5944.39,0,EGP,4/4/2026
ORD-11433,CUST-864,PROD-82,BR-7,AG-3,10/15/2024,68472.8,Installments,13694.56,54778.24,12,0.2,4564.85,27389.12,0,EGP,4/4/2026
ORD-11434,CUST-311,PROD-84,BR-5,AG-12,3/28/2024,22823.04,Installments,4564.61,18258.43,12,0.2,1521.54,9129.22,0,EGP,4/4/2026
ORD-11435,CUST-352,PROD-120,BR-4,AG-9,2/14/2024,31595.11,Cash,31595.11,0,0,0,0,0,0,EGP,
ORD-11436,CUST-297,PROD-122,BR-9,AG-17,7/18/2024,10229.64,Cash,10229.64,0,0,0,0,0,0,EGP,
ORD-11437,CUST-345,PROD-70,BR-2,AG-4,4/2/2024,18584.71,Installments,3716.94,14867.77,12,0.2,1238.98,7433.88,0,Pound,4/4/2026
ORD-11438,CUST-704,PROD-95,BR-6,AG-16,10/5/2024,46639.52,Installments,9327.9,37311.62,12,0.2,3109.3,18655.81,0,EGP,4/4/2026
ORD-11439,CUST-368,PROD-90,BR-4,AG-13,6/1/2024,70385.18,Installments,14077.04,56308.14,12,0.2,4692.35,28154.07,0,EGP,4/4/2026
ORD-11440,CUST-489,PROD-164,BR-1,AG-18,12/28/2024,47721.4,Installments,9544.28,38177.12,12,0.2,3181.43,19088.56,0,EGP,4/4/2026
ORD-11441,CUST-102,PROD-162,BR-10,AG-14,4/25/2024,80631.8,Installments,16126.36,64505.44,12,0.2,5375.45,32252.72,0,egp,4/4/2026
ORD-11442,CUST-498,PROD-124,BR-10,AG-19,10/11/2024,53982.66,Cash,53982.66,0,0,0,0,0,0,EGP,
ORD-11443,CUST-434,PROD-112,BR-6,AG-20,5/15/2024,86684.22,Cash,86684.22,0,0,0,0,0,0,Pound,
ORD-11444,CUST-851,PROD-88,BR-5,AG-14,11/2/2024,89705.82,Installments,17941.16,71764.66,12,0.2,5980.39,35882.33,120,EGP,4/4/2026
ORD-11445,CUST-496,PROD-148,BR-5,AG-21,2/25/2024,70728.61,Cash,70728.61,0,0,0,0,0,0,egp,
ORD-11446,CUST-552,PROD-173,BR-3,AG-20,2/13/2024,15277.08,Cash,15277.08,0,0,0,0,0,0,egp,
ORD-11447,CUST-135,PROD-57,BR-10,AG-25,7/25/2024,24790.24,Cash,24790.24,0,0,0,0,0,0,EGP,
ORD-11448,CUST-796,PROD-142,BR-3,AG-10,1/25/2025,43241.58,Cash,43241.58,0,0,0,0,0,0,EGP,
ORD-11449,CUST-488,PROD-140,BR-7,AG-17,8/21/2024,62895.29,Cash,62895.29,0,0,0,0,0,0,EGP,
ORD-11450,CUST-349,PROD-104,BR-5,AG-12,12/11/2024,29849.41,Installments,5969.88,23879.53,12,0.2,1989.96,11939.76,0,EGP,4/4/2026
ORD-11451,CUST-319,PROD-92,BR-9,AG-9,4/2/2024,19720.45,Installments,3944.09,15776.36,12,0.2,1314.7,7888.18,0,Pound,4/4/2026
ORD-11452,CUST-804,PROD-197,BR-4,AG-15,9/26/2024,83119.23,Installments,16623.85,66495.38,12,0.2,5541.28,33247.69,0,EGP,4/4/2026
ORD-11453,CUST-482,PROD-182,BR-2,AG-24,3/17/2024,39614.08,Installments,7922.82,31691.26,12,0.2,2640.94,15845.63,0,EGP,4/4/2026
ORD-11454,CUST-818,PROD-185,BR-4,AG-5,1/19/2025,81790.8,Cash,81790.8,0,0,0,0,0,0,EGP,
ORD-11455,CUST-223,PROD-56,BR-10,AG-9,12/30/2028,27915.64,Installments,5583.13,22332.51,12,0.2,1861.04,11166.26,0,EGP,4/4/2026
ORD-11456,CUST-471,PROD-155,BR-7,AG-14,8/25/2024,63567.03,Installments,12713.41,50853.62,12,0.2,4237.8,25426.81,45,EGP,4/4/2026
ORD-11457,CUST-302,PROD-145,BR-6,AG-13,1/30/2025,81927.03,Installments,16385.41,65541.62,12,0.2,5461.8,32770.81,0,egp,4/4/2026
ORD-11458,CUST-145,PROD-101,BR-10,AG-21,1/30/2025,21165.49,Installments,4233.1,16932.39,12,0.2,1411.03,8466.2,0,EGP,4/4/2026
ORD-11459,CUST-831,PROD-79,BR-3,AG-6,5/24/2024,78728.53,Installments,15745.71,62982.82,12,0.2,5248.57,31491.41,0,egp,4/4/2026
ORD-11460,CUST-875,PROD-133,BR-3,AG-13,3/2/2024,82151.05,Installments,16430.21,65720.84,12,0.2,5476.74,32860.42,0,EGP,4/4/2026
ORD-11461,CUST-238,PROD-196,BR-1,AG-25,1/13/2025,85056.26,Installments,17011.25,68045.01,12,0.2,5670.42,34022.5,0,EGP,1/1/1900
ORD-11462,CUST-536,PROD-101,BR-1,AG-12,1/31/2024,23411.19,Installments,4682.24,18728.95,12,0.2,1560.75,9364.48,0,EGP,4/4/2026
ORD-11463,CUST-440,PROD-169,BR-8,AG-10,10/13/2024,15103.71,Installments,3020.74,12082.97,12,0.2,1006.91,6041.48,0,Pound,4/4/2026
ORD-11464,CUST-686,PROD-97,BR-7,AG-13,4/15/2024,19806.19,Installments,3961.24,15844.95,12,0.2,1320.41,7922.48,15,EGP,4/4/2026
ORD-11465,CUST-307,PROD-112,BR-8,AG-13,1/24/2025,47177.14,Installments,9435.43,37741.71,12,0.2,3145.14,18870.86,0,EGP,4/4/2026
ORD-11466,CUST-928,PROD-117,BR-4,AG-11,3/21/2024,61521.95,Cash,61521.95,0,0,0,0,0,0,EGP,
ORD-11467,CUST-256,PROD-78,BR-7,AG-16,10/31/2024,23089.76,Installments,4617.95,18471.81,12,0.2,1539.32,9235.9,0,EGP,4/4/2026
ORD-11468,CUST-196,PROD-80,BR-8,AG-15,8/19/2024,21036.06,Installments,4207.21,16828.85,12,0.2,1402.4,8414.42,0,EGP,4/4/2026
ORD-11469,CUST-766,PROD-165,BR-10,AG-1,7/7/2024,58974.93,Installments,11794.99,47179.94,12,0.2,3931.66,23589.97,0,EGP,4/4/2026
ORD-11470,CUST-369,PROD-92,BR-5,AG-24,10/27/2024,75609.32,Installments,15121.86,60487.46,12,0.2,5040.62,30243.73,0,Pound,4/4/2026
ORD-11471,CUST-497,PROD-99,BR-1,AG-20,1/24/2024,87943.17,Installments,17588.63,70354.54,12,0.2,5862.88,35177.27,0,EGP,4/4/2026
ORD-11472,CUST-447,PROD-157,BR-7,AG-2,8/23/2024,82726.73,Cash,82726.73,0,0,0,0,0,0,EGP,
ORD-11473,CUST-596,PROD-166,BR-4,AG-20,9/28/2024,66060.81,Installments,13212.16,52848.65,12,0.2,4404.05,26424.32,0,EGP,4/4/2026
ORD-11474,CUST-680,PROD-81,BR-10,AG-11,2/13/2024,79761.41,Cash,79761.41,0,0,0,0,0,0,Pound,
ORD-11475,CUST-628,PROD-111,BR-1,AG-10,1/5/2025,16592.18,Installments,3318.44,13273.74,12,0.2,1106.15,6636.87,0,EGP,4/4/2026
ORD-11476,CUST-261,PROD-128,BR-9,AG-3,8/24/2024,44281.15,Installments,8856.23,35424.92,12,0.2,2952.08,17712.46,120,EGP,4/4/2026
ORD-11477,CUST-146,PROD-166,BR-4,AG-17,8/7/2024,63602.31,Installments,12720.46,50881.85,12,0.2,4240.15,25440.92,0,EGP,4/4/2026
ORD-11478,CUST-565,PROD-149,BR-3,AG-25,4/19/2024,76481.56,Installments,15296.31,61185.25,12,0.2,5098.77,30592.62,15,EGP,4/4/2026
ORD-11479,CUST-100,PROD-120,BR-9,AG-18,1/22/2025,63002.44,Installments,12600.49,50401.95,12,0.2,4200.16,25200.98,0,EGP,4/4/2026
ORD-11480,CUST-138,PROD-112,BR-7,AG-13,1/11/2024,64565.53,Cash,64565.53,0,0,0,0,0,0,EGP,
ORD-11481,CUST-577,PROD-52,BR-1,AG-2,9/17/2024,22777.08,Installments,4555.42,18221.66,12,0.2,1518.47,9110.83,0,EGP,4/4/2026
ORD-11482,CUST-716,PROD-155,BR-5,AG-14,6/7/2024,85631.95,Installments,17126.39,68505.56,12,0.2,0,34252.78,0,egp,4/4/2026
ORD-11483,CUST-765,PROD-56,BR-1,AG-24,12/30/2028,37039.21,Cash,37039.21,0,0,0,0,0,0,egp,
ORD-11484,CUST-237,PROD-154,BR-8,AG-10,1/24/2025,87522.04,Installments,17504.41,70017.63,12,0.2,5834.8,35008.82,0,EGP,4/4/2026
ORD-11485,CUST-355,PROD-172,BR-1,AG-2,10/2/2024,65218.64,Cash,65218.64,0,0,0,0,0,0,EGP,
ORD-11486,CUST-341,PROD-196,BR-2,AG-1,9/26/2024,77072.43,Cash,77072.43,0,0,0,0,0,0,Pound,
ORD-11487,CUST-539,PROD-59,BR-1,AG-12,4/25/2024,25548.72,Cash,25548.72,0,0,0,0,0,0,EGP,
ORD-11488,CUST-339,PROD-66,BR-10,AG-6,11/27/2024,44246.65,Cash,44246.65,0,0,0,0,0,0,egp,
ORD-11489,CUST-273,PROD-183,BR-1,AG-17,12/10/2024,23782.11,Cash,23782.11,0,0,0,0,0,0,EGP,
ORD-11490,CUST-420,PROD-97,BR-2,AG-3,10/13/2024,35260.39,Installments,7052.08,28208.31,12,0.2,2350.69,14104.16,0,EGP,4/4/2026
ORD-11491,CUST-963,PROD-50,BR-10,AG-18,1/12/2024,58143.95,Installments,11628.79,46515.16,12,0.2,3876.26,23257.58,0,EGP,4/4/2026
ORD-11492,CUST-140,PROD-72,BR-1,AG-1,6/12/2024,55271.64,Cash,55271.64,0,0,0,0,0,0,EGP,
ORD-11493,CUST-241,PROD-107,BR-4,AG-2,7/2/2024,30718.76,Installments,6143.75,24575.01,12,0.2,2047.92,12287.5,45,EGP,4/4/2026
ORD-11494,CUST-844,PROD-78,BR-5,AG-18,5/12/2024,66634.78,Installments,13326.96,53307.82,12,0.2,4442.32,26653.91,15,Pound,4/4/2026
ORD-11495,CUST-291,PROD-134,BR-1,AG-16,6/23/2024,39152.08,Installments,7830.42,31321.66,12,0.2,2610.14,15660.83,0,egp,4/4/2026
ORD-11496,CUST-551,PROD-154,BR-7,AG-3,5/26/2024,19069.89,Installments,3813.98,15255.91,12,0.2,1271.33,7627.96,0,EGP,4/4/2026
ORD-11497,CUST-209,PROD-54,BR-9,AG-25,11/28/2024,39976.07,Installments,7995.21,31980.86,12,0.2,2665.07,15990.43,0,EGP,4/4/2026
ORD-11498,CUST-870,PROD-93,BR-6,AG-12,1/20/2025,41517.31,Installments,8303.46,33213.85,12,0.2,0,16606.92,0,EGP,4/4/2026
ORD-11499,CUST-110,PROD-193,BR-8,AG-23,10/29/2024,71455.39,Installments,14291.08,57164.31,12,0.2,4763.69,28582.16,15,egp,4/4/2026
ORD-11500,CUST-231,PROD-171,BR-1,AG-25,12/25/2024,80688.43,Installments,16137.69,64550.74,12,0.2,5379.23,32275.37,0,EGP,4/4/2026
ORD-11501,CUST-291,PROD-84,BR-4,AG-11,2/1/2025,85760.81,Cash,85760.81,0,0,0,0,0,0,EGP,
ORD-11502,CUST-890,PROD-182,BR-9,AG-19,12/3/2024,86247.9,Cash,86247.9,0,0,0,0,0,0,EGP,
ORD-11503,CUST-968,PROD-107,BR-2,AG-23,10/22/2024,73666.23,Cash,73666.23,0,0,0,0,0,0,Pound,
ORD-11504,CUST-824,PROD-189,BR-6,AG-16,3/20/2024,89912.49,Installments,17982.5,71929.99,12,0.2,5994.17,35965,45,EGP,4/4/2026
ORD-11505,CUST-819,PROD-88,BR-5,AG-13,2/12/2024,38474.36,Installments,7694.87,30779.49,12,0.2,2564.96,15389.74,15,EGP,1/1/1900
ORD-11506,CUST-738,PROD-57,BR-9,AG-3,2/12/2024,36688.2,Cash,36688.2,0,0,0,0,0,0,EGP,
ORD-11507,CUST-124,PROD-154,BR-6,AG-5,10/11/2024,27217.76,Cash,27217.76,0,0,0,0,0,0,EGP,
ORD-11508,CUST-928,PROD-188,BR-7,AG-12,2/12/2024,57143.2,Installments,11428.64,45714.56,12,0.2,3809.55,22857.28,0,EGP,4/4/2026
ORD-11509,CUST-520,PROD-107,BR-10,AG-6,4/1/2024,27221.56,Installments,5444.31,21777.25,12,0.2,1814.77,10888.62,45,EGP,1/1/1900
ORD-11510,CUST-910,PROD-108,BR-8,AG-19,1/7/2025,54248.62,Installments,10849.72,43398.9,12,0.2,3616.57,21699.45,0,EGP,4/4/2026
ORD-11511,CUST-187,PROD-70,BR-2,AG-14,5/15/2024,63453.35,Installments,12690.67,50762.68,12,0.2,4230.22,25381.34,0,EGP,4/4/2026
ORD-11512,CUST-158,PROD-109,BR-1,AG-6,9/1/2024,22140.24,Installments,4428.05,17712.19,12,0.2,1476.02,8856.1,15,EGP,4/4/2026
ORD-11513,CUST-565,PROD-165,BR-5,AG-17,3/21/2024,75966.79,Installments,15193.36,60773.43,12,0.2,5064.45,30386.72,15,EGP,4/4/2026
ORD-11514,CUST-331,PROD-133,BR-8,AG-13,1/8/2024,86318.16,Installments,17263.63,69054.53,12,0.2,5754.54,34527.26,120,Pound,4/4/2026
ORD-11515,CUST-776,PROD-163,BR-3,AG-22,12/7/2024,82662.45,Installments,16532.49,66129.96,12,0.2,5510.83,33064.98,0,EGP,4/4/2026
ORD-11516,CUST-521,PROD-106,BR-8,AG-24,1/5/2024,56165.01,Installments,11233,44932.01,12,0.2,3744.33,22466,0,EGP,4/4/2026
ORD-11517,CUST-638,PROD-99,BR-3,AG-20,8/2/2024,57959.51,Installments,11591.9,46367.61,12,0.2,3863.97,23183.8,0,EGP,4/4/2026
ORD-11518,CUST-352,PROD-128,BR-6,AG-22,11/6/2024,84059.01,Installments,16811.8,67247.21,12,0.2,5603.93,33623.6,0,EGP,4/4/2026
ORD-11519,CUST-983,PROD-107,BR-4,AG-16,5/19/2024,25854.83,Installments,5170.97,20683.86,12,0.2,1723.66,10341.93,0,EGP,4/4/2026
ORD-11520,CUST-938,PROD-93,BR-7,AG-3,2/3/2025,32578.36,Installments,6515.67,26062.69,12,0.2,2171.89,13031.34,45,Pound,4/4/2026
ORD-11521,CUST-323,PROD-98,BR-2,AG-8,6/21/2024,55071.58,Installments,11014.32,44057.26,12,0.2,3671.44,22028.63,0,EGP,4/4/2026
ORD-11522,CUST-731,PROD-183,BR-7,AG-17,7/6/2024,21878.71,Cash,21878.71,0,0,0,0,0,0,EGP,
ORD-11523,CUST-507,PROD-139,BR-9,AG-10,2/3/2025,79840.68,Cash,79840.68,0,0,0,0,0,0,EGP,
ORD-11524,CUST-549,PROD-90,BR-6,AG-16,4/14/2024,20808.43,Installments,4161.69,16646.74,12,0.2,1387.23,8323.37,0,EGP,4/4/2026
ORD-11525,CUST-903,PROD-145,BR-10,AG-4,7/13/2024,15921.32,Cash,15921.32,0,0,0,0,0,0,Pound,
ORD-11526,CUST-547,PROD-65,BR-1,AG-17,4/11/2024,33208.18,Cash,33208.18,0,0,0,0,0,0,EGP,
ORD-11527,CUST-742,PROD-110,BR-7,AG-1,6/6/2024,24520.5,Cash,24520.5,0,0,0,0,0,0,EGP,
ORD-11528,CUST-553,PROD-68,BR-6,AG-16,9/4/2024,83650.52,Cash,83650.52,0,0,0,0,0,0,EGP,
ORD-11529,CUST-642,PROD-141,BR-1,AG-16,1/10/2025,42118.93,Installments,8423.79,33695.14,12,0.2,2807.93,16847.57,120,EGP,4/4/2026
ORD-11530,CUST-810,PROD-162,BR-5,AG-11,5/17/2024,43378.49,Cash,43378.49,0,0,0,0,0,0,EGP,
ORD-11531,CUST-141,PROD-64,BR-8,AG-23,6/22/2024,77946.87,Installments,15589.37,62357.5,12,0.2,5196.46,31178.75,0,EGP,4/4/2026
ORD-11532,CUST-220,PROD-58,BR-4,AG-17,6/15/2024,21393.46,Cash,21393.46,0,0,0,0,0,0,Pound,
ORD-11533,CUST-638,PROD-168,BR-8,AG-24,9/20/2024,71008.07,Installments,14201.61,56806.46,12,0.2,4733.87,28403.23,0,EGP,4/4/2026
ORD-11534,CUST-148,PROD-172,BR-10,AG-24,11/24/2024,59013.57,Installments,11802.71,47210.86,12,0.2,3934.24,23605.43,45,EGP,4/4/2026
ORD-11535,CUST-192,PROD-170,BR-1,AG-1,9/28/2024,76774.17,Cash,76774.17,0,0,0,0,0,0,Pound,
ORD-11536,CUST-747,PROD-69,BR-7,AG-10,8/22/2024,11885.68,Installments,2377.14,9508.54,12,0.2,792.38,4754.27,15,egp,4/4/2026
ORD-11537,CUST-489,PROD-143,BR-6,AG-19,5/17/2024,14896.84,Installments,2979.37,11917.47,12,0.2,993.12,5958.74,0,egp,4/4/2026
ORD-11538,CUST-983,PROD-135,BR-5,AG-20,1/21/2024,10571.47,Installments,2114.29,8457.18,12,0.2,704.76,4228.59,120,egp,4/4/2026
ORD-11539,CUST-497,PROD-68,BR-1,AG-12,7/10/2024,32514.64,Installments,6502.93,26011.71,12,0.2,2167.64,13005.86,0,EGP,4/4/2026
ORD-11540,CUST-457,PROD-128,BR-1,AG-17,8/1/2024,35778.37,Installments,7155.67,28622.7,12,0.2,2385.22,14311.35,120,EGP,4/4/2026
ORD-11541,CUST-905,PROD-126,BR-1,AG-6,6/10/2024,10087.12,Installments,2017.42,8069.7,12,0.2,672.47,4034.85,0,EGP,4/4/2026
ORD-11542,CUST-395,PROD-125,BR-10,AG-7,12/30/2028,74420.1,Installments,14884.02,59536.08,12,0.2,4961.34,29768.04,0,EGP,4/4/2026
ORD-11543,CUST-619,PROD-80,BR-8,AG-12,12/30/2028,59583.79,Cash,59583.79,0,0,0,0,0,0,EGP,
ORD-11544,CUST-552,PROD-128,BR-1,AG-15,1/6/2024,52046.71,Installments,10409.34,41637.37,12,0.2,3469.78,20818.68,0,EGP,4/4/2026
ORD-11545,CUST-217,PROD-121,BR-5,AG-14,6/25/2024,13058.94,Installments,2611.79,10447.15,12,0.2,870.6,5223.58,0,EGP,4/4/2026
ORD-11546,CUST-641,PROD-104,BR-8,AG-24,1/9/2025,67356.43,Cash,67356.43,0,0,0,0,0,0,EGP,
ORD-11547,CUST-576,PROD-100,BR-9,AG-2,12/30/2028,10928.8,Cash,10928.8,0,0,0,0,0,0,egp,
ORD-11548,CUST-670,PROD-92,BR-4,AG-19,8/6/2024,79007.83,Cash,79007.83,0,0,0,0,0,0,EGP,
ORD-11549,CUST-293,PROD-107,BR-5,AG-21,2/16/2024,24570.61,Cash,24570.61,0,0,0,0,0,0,EGP,
ORD-11550,CUST-808,PROD-150,BR-5,AG-6,4/23/2024,59478.1,Installments,11895.62,47582.48,12,0.2,3965.21,23791.24,0,Pound,4/4/2026
ORD-11551,CUST-805,PROD-83,BR-6,AG-20,5/16/2024,45997.28,Cash,45997.28,0,0,0,0,0,0,EGP,
ORD-11552,CUST-925,PROD-182,BR-10,AG-20,11/7/2024,68384.64,Cash,68384.64,0,0,0,0,0,0,egp,
ORD-11553,CUST-358,PROD-179,BR-2,AG-7,1/31/2025,21819.33,Installments,4363.87,17455.46,12,0.2,1454.62,8727.73,15,EGP,4/4/2026
ORD-11554,CUST-189,PROD-58,BR-9,AG-3,6/30/2024,29436.97,Installments,5887.39,23549.58,12,0.2,1962.46,11774.79,45,EGP,4/4/2026
ORD-11555,CUST-763,PROD-78,BR-9,AG-4,10/12/2024,22081.29,Cash,22081.29,0,0,0,0,0,0,EGP,
ORD-11556,CUST-431,PROD-195,BR-4,AG-20,6/4/2024,84635.05,Installments,16927.01,67708.04,12,0.2,5642.34,33854.02,0,EGP,4/4/2026
ORD-11557,CUST-971,PROD-158,BR-3,AG-21,6/3/2024,51297.34,Installments,10259.47,41037.87,12,0.2,3419.82,20518.94,0,EGP,4/4/2026
ORD-11558,CUST-196,PROD-65,BR-1,AG-16,7/9/2024,78952.7,Cash,78952.7,0,0,0,0,0,0,EGP,
ORD-11559,CUST-959,PROD-93,BR-4,AG-1,8/29/2024,44361.12,Installments,8872.22,35488.9,12,0.2,2957.41,17744.45,0,EGP,4/4/2026
ORD-11560,CUST-847,PROD-137,BR-9,AG-18,2/22/2024,18202.62,Installments,3640.52,14562.1,12,0.2,1213.51,7281.05,0,EGP,4/4/2026
ORD-11561,CUST-378,PROD-157,BR-7,AG-22,9/1/2024,36017.85,Cash,36017.85,0,0,0,0,0,0,EGP,
ORD-11562,CUST-604,PROD-78,BR-6,AG-17,3/23/2024,68357.87,Cash,68357.87,0,0,0,0,0,0,EGP,
ORD-11563,CUST-951,PROD-67,BR-7,AG-17,5/30/2024,36779.43,Cash,36779.43,0,0,0,0,0,0,EGP,
ORD-11564,CUST-434,PROD-97,BR-5,AG-12,8/20/2024,82696.42,Installments,16539.28,66157.14,12,0.2,5513.09,33078.57,15,EGP,4/4/2026
ORD-11565,CUST-474,PROD-88,BR-6,AG-10,7/22/2024,61314.91,Installments,12262.98,49051.93,12,0.2,4087.66,24525.96,0,EGP,4/4/2026
ORD-11566,CUST-584,PROD-76,BR-10,AG-25,8/6/2024,58707.87,Cash,58707.87,0,0,0,0,0,0,EGP,
ORD-11567,CUST-322,PROD-60,BR-3,AG-15,11/28/2024,63034.53,Installments,12606.91,50427.62,12,0.2,4202.3,25213.81,0,EGP,4/4/2026
ORD-11568,CUST-258,PROD-145,BR-3,AG-1,2/28/2024,84437.89,Cash,84437.89,0,0,0,0,0,0,EGP,
ORD-11569,CUST-762,PROD-194,BR-4,AG-4,4/23/2024,75415.24,Cash,75415.24,0,0,0,0,0,0,EGP,
ORD-11570,CUST-575,PROD-135,BR-7,AG-6,4/29/2024,27546.74,Installments,5509.35,22037.39,12,0.2,1836.45,11018.7,0,EGP,4/4/2026
ORD-11571,CUST-746,PROD-160,BR-4,AG-11,9/17/2024,56657.51,Installments,11331.5,45326.01,12,0.2,3777.17,22663,15,EGP,4/4/2026
ORD-11572,CUST-675,PROD-58,BR-4,AG-13,8/21/2024,31080.82,Installments,6216.16,24864.66,12,0.2,2072.05,12432.33,15,egp,4/4/2026
ORD-11573,CUST-501,PROD-156,BR-1,AG-7,9/3/2024,69246.94,Installments,13849.39,55397.55,12,0.2,0,27698.78,0,EGP,4/4/2026
ORD-11574,CUST-239,PROD-143,BR-2,AG-16,1/9/2025,74462.48,Installments,14892.5,59569.98,12,0.2,4964.17,29784.99,0,EGP,4/4/2026
ORD-11575,CUST-195,PROD-105,BR-5,AG-24,8/21/2024,42338.87,Installments,8467.77,33871.1,12,0.2,2822.59,16935.55,0,EGP,4/4/2026
ORD-11576,CUST-342,PROD-105,BR-3,AG-16,6/22/2024,77950.95,Cash,77950.95,0,0,0,0,0,0,EGP,
ORD-11577,CUST-713,PROD-150,BR-7,AG-3,5/19/2024,88019.23,Cash,88019.23,0,0,0,0,0,0,EGP,
ORD-11578,CUST-322,PROD-78,BR-3,AG-18,8/11/2024,82379.96,Installments,16475.99,65903.97,12,0.2,5492,32951.98,0,EGP,4/4/2026
ORD-11579,CUST-656,PROD-59,BR-2,AG-13,9/29/2024,79751.15,Cash,79751.15,0,0,0,0,0,0,EGP,
ORD-11580,CUST-537,PROD-133,BR-5,AG-8,2/11/2024,26042.19,Installments,5208.44,20833.75,12,0.2,1736.15,10416.88,45,EGP,1/1/1900
ORD-11581,CUST-382,PROD-88,BR-8,AG-8,8/24/2024,19954.14,Cash,19954.14,0,0,0,0,0,0,EGP,
ORD-11582,CUST-147,PROD-124,BR-7,AG-11,1/7/2024,19279.54,Installments,3855.91,15423.63,12,0.2,1285.3,7711.82,0,EGP,4/4/2026
ORD-11583,CUST-554,PROD-81,BR-6,AG-13,7/17/2024,28093.2,Installments,5618.64,22474.56,12,0.2,1872.88,11237.28,0,EGP,4/4/2026
ORD-11584,CUST-199,PROD-144,BR-4,AG-24,5/11/2024,46151.03,Installments,9230.21,36920.82,12,0.2,3076.74,18460.41,15,egp,4/4/2026
ORD-11585,CUST-102,PROD-166,BR-4,AG-18,2/9/2024,23975.09,Cash,23975.09,0,0,0,0,0,0,EGP,
ORD-11586,CUST-314,PROD-172,BR-4,AG-9,9/18/2024,45469.23,Installments,9093.85,36375.38,12,0.2,3031.28,18187.69,0,EGP,4/4/2026
ORD-11587,CUST-596,PROD-95,BR-1,AG-19,5/28/2024,74779.47,Installments,14955.89,59823.58,12,0.2,4985.3,29911.79,15,EGP,4/4/2026
ORD-11588,CUST-489,PROD-124,BR-6,AG-25,8/22/2024,23988.08,Installments,4797.62,19190.46,12,0.2,1599.21,9595.23,45,EGP,4/4/2026
ORD-11589,CUST-231,PROD-183,BR-10,AG-20,12/5/2024,17480.19,Installments,3496.04,13984.15,12,0.2,1165.35,6992.08,15,EGP,4/4/2026
ORD-11590,CUST-214,PROD-147,BR-2,AG-6,1/5/2025,24067.44,Installments,4813.49,19253.95,12,0.2,1604.5,9626.98,0,EGP,4/4/2026
ORD-11591,CUST-579,PROD-177,BR-5,AG-5,5/3/2024,63063.65,Cash,63063.65,0,0,0,0,0,0,EGP,
ORD-11592,CUST-157,PROD-55,BR-7,AG-10,11/27/2024,75982.63,Installments,15196.53,60786.1,12,0.2,5065.51,30393.05,0,EGP,4/4/2026
ORD-11593,CUST-401,PROD-126,BR-6,AG-16,7/29/2024,58695.78,Cash,58695.78,0,0,0,0,0,0,EGP,
ORD-11594,CUST-866,PROD-82,BR-3,AG-3,8/27/2024,87313.23,Cash,87313.23,0,0,0,0,0,0,EGP,
ORD-11595,CUST-210,PROD-152,BR-1,AG-18,7/31/2024,22526.18,Installments,4505.24,18020.94,12,0.2,1501.75,9010.47,15,EGP,4/4/2026
ORD-11596,CUST-343,PROD-126,BR-3,AG-25,3/9/2024,81038.08,Cash,81038.08,0,0,0,0,0,0,EGP,
ORD-11597,CUST-173,PROD-66,BR-7,AG-25,6/10/2024,12957.64,Installments,2591.53,10366.11,12,0.2,863.84,5183.06,0,EGP,4/4/2026
ORD-11598,CUST-293,PROD-184,BR-8,AG-24,12/10/2024,81998.92,Installments,16399.78,65599.14,12,0.2,5466.59,32799.57,0,Pound,4/4/2026
ORD-11599,CUST-767,PROD-124,BR-9,AG-5,12/21/2024,14883.98,Installments,2976.8,11907.18,12,0.2,992.27,5953.59,15,EGP,4/4/2026
ORD-11600,CUST-127,PROD-59,BR-2,AG-10,5/21/2024,59072.27,Installments,11814.45,47257.82,12,0.2,3938.15,23628.91,120,egp,4/4/2026
ORD-11601,CUST-277,PROD-113,BR-10,AG-8,3/18/2024,42037.63,Cash,42037.63,0,0,0,0,0,0,EGP,
ORD-11602,CUST-363,PROD-184,BR-9,AG-8,3/5/2024,15170.68,Installments,3034.14,12136.54,12,0.2,1011.38,6068.27,0,EGP,4/4/2026
ORD-11603,CUST-756,PROD-185,BR-1,AG-4,6/28/2024,72866.58,Installments,14573.32,58293.26,12,0.2,4857.77,29146.63,0,EGP,4/4/2026
ORD-11604,CUST-977,PROD-106,BR-7,AG-22,12/17/2024,75110.31,Cash,75110.31,0,0,0,0,0,0,egp,
ORD-11605,CUST-252,PROD-121,BR-1,AG-5,1/4/2024,66562.67,Installments,13312.53,53250.14,12,0.2,4437.51,26625.07,15,EGP,4/4/2026
ORD-11606,CUST-183,PROD-117,BR-3,AG-2,6/7/2024,59626.8,Installments,11925.36,47701.44,12,0.2,3975.12,23850.72,45,EGP,4/4/2026
ORD-11607,CUST-100,PROD-187,BR-7,AG-20,4/12/2024,68317.93,Installments,13663.59,54654.34,12,0.2,4554.53,27327.17,0,EGP,4/4/2026
ORD-11608,CUST-974,PROD-190,BR-9,AG-1,5/31/2024,24464.8,Installments,4892.96,19571.84,12,0.2,1630.99,9785.92,0,EGP,4/4/2026
ORD-11609,CUST-208,PROD-82,BR-10,AG-9,9/28/2024,67526.6,Installments,13505.32,54021.28,12,0.2,4501.77,27010.64,45,EGP,4/4/2026
ORD-11610,CUST-949,PROD-174,BR-7,AG-7,1/27/2025,60018.78,Installments,12003.76,48015.02,12,0.2,4001.25,24007.51,15,EGP,4/4/2026
ORD-11611,CUST-627,PROD-178,BR-2,AG-10,9/8/2024,56357.99,Installments,11271.6,45086.39,12,0.2,3757.2,22543.2,15,EGP,4/4/2026
ORD-11612,CUST-432,PROD-90,BR-3,AG-19,5/2/2024,25845.05,Installments,5169.01,20676.04,12,0.2,1723,10338.02,0,EGP,4/4/2026
ORD-11613,CUST-837,PROD-135,BR-5,AG-3,6/7/2024,62335.03,Installments,12467.01,49868.02,12,0.2,4155.67,24934.01,0,EGP,4/4/2026
ORD-11614,CUST-908,PROD-81,BR-5,AG-11,5/12/2024,27533.4,Installments,5506.68,22026.72,12,0.2,1835.56,11013.36,0,EGP,4/4/2026
ORD-11615,CUST-558,PROD-111,BR-3,AG-18,8/16/2024,47279.05,Installments,9455.81,37823.24,12,0.2,3151.94,18911.62,0,EGP,4/4/2026
ORD-11616,CUST-852,PROD-64,BR-2,AG-21,1/13/2024,18010.79,Cash,18010.79,0,0,0,0,0,0,EGP,
ORD-11617,CUST-784,PROD-192,BR-10,AG-16,8/11/2024,28112.32,Installments,5622.46,22489.86,12,0.2,1874.15,11244.93,0,EGP,4/4/2026
ORD-11618,CUST-944,PROD-90,BR-9,AG-19,11/18/2024,14230.83,Installments,2846.17,11384.66,12,0.2,948.72,5692.33,0,EGP,4/4/2026
ORD-11619,CUST-817,PROD-108,BR-3,AG-4,10/7/2024,20826.43,Installments,4165.29,16661.14,12,0.2,1388.43,8330.57,0,EGP,4/4/2026
ORD-11620,CUST-299,PROD-65,BR-6,AG-24,10/4/2024,44722.11,Cash,44722.11,0,0,0,0,0,0,EGP,
ORD-11621,CUST-519,PROD-125,BR-1,AG-19,5/30/2024,64482.89,Installments,12896.58,51586.31,12,0.2,4298.86,25793.16,0,EGP,4/4/2026
ORD-11622,CUST-426,PROD-137,BR-5,AG-9,4/18/2024,71691.64,Installments,14338.33,57353.31,12,0.2,4779.44,28676.66,0,Pound,4/4/2026
ORD-11623,CUST-587,PROD-160,BR-8,AG-18,5/12/2024,89305.79,Installments,17861.16,71444.63,12,0.2,5953.72,35722.32,0,EGP,4/4/2026
ORD-11624,CUST-520,PROD-89,BR-1,AG-6,12/30/2028,46502.06,Installments,9300.41,37201.65,12,0.2,3100.14,18600.82,0,EGP,4/4/2026
ORD-11625,CUST-108,PROD-189,BR-4,AG-7,7/24/2024,50592.99,Installments,10118.6,40474.39,12,0.2,3372.87,20237.2,0,egp,4/4/2026
ORD-11626,CUST-855,PROD-77,BR-6,AG-9,2/2/2025,49358.8,Installments,9871.76,39487.04,12,0.2,3290.59,19743.52,0,EGP,4/4/2026
ORD-11627,CUST-996,PROD-187,BR-2,AG-6,10/31/2024,65845.54,Installments,13169.11,52676.43,12,0.2,4389.7,26338.22,0,EGP,4/4/2026
ORD-11628,CUST-752,PROD-56,BR-10,AG-5,1/31/2025,17016.08,Installments,3403.22,13612.86,12,0.2,1134.41,6806.43,0,EGP,4/4/2026
ORD-11629,CUST-497,PROD-140,BR-9,AG-16,10/11/2024,79815.71,Installments,15963.14,63852.57,12,0.2,5321.05,31926.28,45,egp,1/1/1900
ORD-11630,CUST-954,PROD-150,BR-4,AG-16,4/2/2024,66719.82,Installments,13343.96,53375.86,12,0.2,4447.99,26687.93,0,EGP,4/4/2026
ORD-11631,CUST-940,PROD-149,BR-4,AG-24,10/12/2024,38087.48,Installments,7617.5,30469.98,12,0.2,2539.17,15234.99,0,EGP,4/4/2026
ORD-11632,CUST-857,PROD-140,BR-1,AG-9,4/6/2024,83803.28,Cash,83803.28,0,0,0,0,0,0,EGP,
ORD-11633,CUST-951,PROD-112,BR-2,AG-2,2/5/2024,58340.64,Installments,11668.13,46672.51,12,0.2,3889.38,23336.26,0,Pound,4/4/2026
ORD-11634,CUST-685,PROD-117,BR-7,AG-23,11/17/2024,70741.12,Installments,14148.22,56592.9,12,0.2,4716.07,28296.45,45,egp,4/4/2026
ORD-11635,CUST-469,PROD-196,BR-7,AG-21,6/23/2024,66944.74,Installments,13388.95,53555.79,12,0.2,4462.98,26777.9,15,EGP,4/4/2026
ORD-11636,CUST-460,PROD-55,BR-3,AG-8,10/13/2024,50619.56,Installments,10123.91,40495.65,12,0.2,3374.64,20247.82,0,EGP,4/4/2026
ORD-11637,CUST-676,PROD-200,BR-7,AG-19,4/21/2024,65938.02,Installments,13187.6,52750.42,12,0.2,4395.87,26375.21,15,EGP,4/4/2026
ORD-11638,CUST-173,PROD-178,BR-4,AG-18,12/15/2024,79597.05,Cash,79597.05,0,0,0,0,0,0,EGP,
ORD-11639,CUST-158,PROD-191,BR-6,AG-11,4/18/2024,23346.98,Installments,4669.4,18677.58,12,0.2,1556.47,9338.79,0,EGP,4/4/2026
ORD-11640,CUST-174,PROD-90,BR-4,AG-2,10/25/2024,55814.06,Installments,11162.81,44651.25,12,0.2,3720.94,22325.62,0,EGP,1/1/1900
ORD-11641,CUST-839,PROD-112,BR-8,AG-8,11/2/2024,28383.04,Cash,28383.04,0,0,0,0,0,0,EGP,
ORD-11642,CUST-535,PROD-103,BR-4,AG-17,1/24/2025,32079.88,Installments,6415.98,25663.9,12,0.2,2138.66,12831.95,0,EGP,4/4/2026
ORD-11643,CUST-148,PROD-192,BR-4,AG-14,4/19/2024,10756.79,Installments,2151.36,8605.43,12,0.2,717.12,4302.72,0,EGP,4/4/2026
ORD-11644,CUST-355,PROD-87,BR-7,AG-21,12/5/2024,76037.07,Cash,76037.07,0,0,0,0,0,0,EGP,
ORD-11645,CUST-181,PROD-155,BR-8,AG-4,1/12/2025,74775.72,Installments,14955.14,59820.58,12,0.2,4985.05,29910.29,45,EGP,4/4/2026
ORD-11646,CUST-958,PROD-199,BR-8,AG-12,12/30/2028,27492.58,Installments,5498.52,21994.06,12,0.2,1832.84,10997.03,0,EGP,4/4/2026
ORD-11647,CUST-736,PROD-84,BR-8,AG-7,2/3/2025,17971.07,Installments,3594.21,14376.86,12,0.2,1198.07,7188.43,45,EGP,4/4/2026
ORD-11648,CUST-549,PROD-144,BR-6,AG-15,11/7/2024,56201.39,Installments,11240.28,44961.11,12,0.2,3746.76,22480.56,45,EGP,4/4/2026
ORD-11649,CUST-504,PROD-139,BR-3,AG-8,1/25/2025,49208.06,Installments,9841.61,39366.45,12,0.2,3280.54,19683.22,0,EGP,4/4/2026
ORD-11650,CUST-388,PROD-111,BR-7,AG-23,9/22/2024,23707.85,Cash,23707.85,0,0,0,0,0,0,EGP,
ORD-11651,CUST-730,PROD-73,BR-7,AG-24,1/16/2024,80412.5,Installments,16082.5,64330,12,0.2,5360.83,32165,0,EGP,4/4/2026
ORD-11652,CUST-874,PROD-157,BR-6,AG-3,12/27/2024,27283.23,Cash,27283.23,0,0,0,0,0,0,EGP,
ORD-11653,CUST-428,PROD-104,BR-4,AG-2,4/23/2024,25843.24,Cash,25843.24,0,0,0,0,0,0,EGP,
ORD-11654,CUST-968,PROD-72,BR-8,AG-17,6/27/2024,11980.16,Installments,2396.03,9584.13,12,0.2,798.68,4792.06,0,EGP,4/4/2026
ORD-11655,CUST-905,PROD-190,BR-1,AG-19,5/23/2024,45287.65,Installments,9057.53,36230.12,12,0.2,3019.18,18115.06,120,EGP,4/4/2026
ORD-11656,CUST-625,PROD-89,BR-7,AG-10,9/13/2024,41987.96,Installments,8397.59,33590.37,12,0.2,2799.2,16795.18,45,egp,4/4/2026
ORD-11657,CUST-990,PROD-56,BR-8,AG-7,12/22/2024,52953.58,Installments,10590.72,42362.86,12,0.2,3530.24,21181.43,0,EGP,4/4/2026
ORD-11658,CUST-749,PROD-111,BR-6,AG-24,7/26/2024,81494.91,Installments,16298.98,65195.93,12,0.2,5432.99,32597.96,0,EGP,4/4/2026
ORD-11659,CUST-115,PROD-165,BR-4,AG-2,7/18/2024,11547.1,Installments,2309.42,9237.68,12,0.2,769.81,4618.84,0,EGP,4/4/2026
ORD-11660,CUST-241,PROD-50,BR-6,AG-14,10/4/2024,24031.06,Installments,4806.21,19224.85,12,0.2,1602.07,9612.42,0,EGP,1/1/1900
ORD-11661,CUST-754,PROD-76,BR-3,AG-12,12/30/2028,16323.07,Cash,16323.07,0,0,0,0,0,0,Pound,
ORD-11662,CUST-541,PROD-64,BR-8,AG-25,10/2/2024,42186.4,Cash,42186.4,0,0,0,0,0,0,Pound,
ORD-11663,CUST-180,PROD-125,BR-2,AG-17,6/14/2024,19198.55,Installments,3839.71,15358.84,12,0.2,1279.9,7679.42,0,EGP,4/4/2026
ORD-11664,CUST-432,PROD-128,BR-8,AG-7,1/21/2025,27506.82,Installments,5501.36,22005.46,12,0.2,1833.79,11002.73,0,EGP,4/4/2026
ORD-11665,CUST-615,PROD-62,BR-7,AG-11,7/4/2024,69387.93,Installments,13877.59,55510.34,12,0.2,4625.86,27755.17,0,EGP,4/4/2026
ORD-11666,CUST-551,PROD-135,BR-10,AG-15,11/7/2024,27340.54,Installments,5468.11,21872.43,12,0.2,1822.7,10936.22,0,EGP,4/4/2026
ORD-11667,CUST-311,PROD-62,BR-8,AG-2,1/29/2025,11365.37,Installments,2273.07,9092.3,12,0.2,757.69,4546.15,0,EGP,4/4/2026
ORD-11668,CUST-307,PROD-51,BR-6,AG-9,12/11/2024,50542.69,Installments,10108.54,40434.15,12,0.2,3369.51,20217.08,0,EGP,4/4/2026
ORD-11669,CUST-232,PROD-162,BR-7,AG-6,5/3/2024,18918.83,Cash,18918.83,0,0,0,0,0,0,EGP,
ORD-11670,CUST-661,PROD-77,BR-8,AG-15,5/5/2024,36189.31,Installments,7237.86,28951.45,12,0.2,2412.62,14475.72,0,egp,4/4/2026
ORD-11671,CUST-258,PROD-174,BR-1,AG-6,7/18/2024,61793.68,Installments,12358.74,49434.94,12,0.2,4119.58,24717.47,0,EGP,4/4/2026
ORD-11672,CUST-634,PROD-86,BR-10,AG-14,6/30/2024,81426.27,Cash,81426.27,0,0,0,0,0,0,EGP,
ORD-11673,CUST-512,PROD-143,BR-3,AG-9,12/20/2024,53729.18,Installments,10745.84,42983.34,12,0.2,3581.95,21491.67,0,EGP,4/4/2026
ORD-11674,CUST-376,PROD-64,BR-5,AG-3,7/30/2024,45697,Installments,9139.4,36557.6,12,0.2,3046.47,18278.8,0,EGP,4/4/2026
ORD-11675,CUST-578,PROD-165,BR-8,AG-17,9/22/2024,33015.89,Installments,6603.18,26412.71,12,0.2,2201.06,13206.36,0,EGP,4/4/2026
ORD-11676,CUST-194,PROD-180,BR-8,AG-25,5/30/2024,14091.5,Installments,2818.3,11273.2,12,0.2,939.43,5636.6,45,EGP,4/4/2026
ORD-11677,CUST-653,PROD-158,BR-6,AG-10,10/24/2024,19329.7,Installments,3865.94,15463.76,12,0.2,1288.65,7731.88,0,EGP,4/4/2026
ORD-11678,CUST-777,PROD-58,BR-8,AG-14,2/4/2024,17269.47,Installments,3453.89,13815.58,12,0.2,1151.3,6907.79,15,EGP,4/4/2026
ORD-11679,CUST-319,PROD-63,BR-1,AG-10,1/8/2024,64433.38,Installments,12886.68,51546.7,12,0.2,4295.56,25773.35,0,EGP,4/4/2026
ORD-11680,CUST-155,PROD-125,BR-1,AG-19,12/26/2024,19391.56,Installments,3878.31,15513.25,12,0.2,1292.77,7756.62,0,EGP,4/4/2026
ORD-11681,CUST-730,PROD-110,BR-2,AG-12,9/11/2024,82473.74,Installments,16494.75,65978.99,12,0.2,5498.25,32989.5,0,egp,4/4/2026
ORD-11682,CUST-711,PROD-178,BR-2,AG-17,5/31/2024,35235.02,Cash,35235.02,0,0,0,0,0,0,EGP,
ORD-11683,CUST-304,PROD-85,BR-7,AG-16,4/7/2024,86389.71,Installments,17277.94,69111.77,12,0.2,5759.31,34555.88,120,Pound,4/4/2026
ORD-11684,CUST-587,PROD-136,BR-4,AG-20,1/2/2024,55393.14,Installments,11078.63,44314.51,12,0.2,3692.88,22157.26,15,EGP,1/1/1900
ORD-11685,CUST-658,PROD-84,BR-1,AG-13,10/27/2024,66080.88,Installments,13216.18,52864.7,12,0.2,4405.39,26432.35,45,EGP,4/4/2026
ORD-11686,CUST-817,PROD-61,BR-1,AG-10,5/3/2024,30520.52,Cash,30520.52,0,0,0,0,0,0,EGP,
ORD-11687,CUST-292,PROD-102,BR-8,AG-10,6/2/2024,69080.69,Installments,13816.14,55264.55,12,0.2,4605.38,27632.28,0,egp,4/4/2026
ORD-11688,CUST-913,PROD-85,BR-10,AG-17,3/13/2024,38082.54,Installments,7616.51,30466.03,12,0.2,2538.84,15233.02,0,Pound,4/4/2026
ORD-11689,CUST-844,PROD-183,BR-4,AG-2,3/31/2024,32840.46,Installments,6568.09,26272.37,12,0.2,2189.36,13136.18,0,EGP,4/4/2026
ORD-11690,CUST-333,PROD-159,BR-1,AG-4,7/22/2024,30925.09,Installments,6185.02,24740.07,12,0.2,2061.67,12370.04,15,EGP,4/4/2026
ORD-11691,CUST-123,PROD-136,BR-8,AG-12,7/23/2024,72857.17,Installments,14571.43,58285.74,12,0.2,4857.14,29142.87,45,EGP,4/4/2026
ORD-11692,CUST-415,PROD-140,BR-8,AG-9,4/14/2024,21346.87,Installments,4269.37,17077.5,12,0.2,1423.12,8538.75,15,EGP,4/4/2026
ORD-11693,CUST-515,PROD-193,BR-8,AG-16,1/28/2024,24547.45,Cash,24547.45,0,0,0,0,0,0,EGP,
ORD-11694,CUST-983,PROD-145,BR-9,AG-17,8/24/2024,50213.03,Cash,50213.03,0,0,0,0,0,0,EGP,
ORD-11695,CUST-800,PROD-125,BR-8,AG-17,12/2/2024,60111.75,Cash,60111.75,0,0,0,0,0,0,egp,
ORD-11696,CUST-655,PROD-195,BR-5,AG-2,7/20/2024,50761.27,Installments,10152.25,40609.02,12,0.2,3384.08,20304.51,0,EGP,4/4/2026
ORD-11697,CUST-938,PROD-136,BR-4,AG-4,12/13/2024,81489.05,Cash,81489.05,0,0,0,0,0,0,EGP,
ORD-11698,CUST-528,PROD-163,BR-9,AG-11,4/30/2024,59639.91,Installments,11927.98,47711.93,12,0.2,3975.99,23855.96,0,EGP,4/4/2026
ORD-11699,CUST-691,PROD-50,BR-4,AG-9,11/29/2024,23950.11,Installments,4790.02,19160.09,12,0.2,1596.67,9580.04,45,EGP,4/4/2026
ORD-11700,CUST-764,PROD-131,BR-9,AG-4,11/8/2024,80331.55,Installments,16066.31,64265.24,12,0.2,5355.44,32132.62,45,EGP,4/4/2026
ORD-11701,CUST-227,PROD-176,BR-9,AG-19,1/11/2024,58262.74,Installments,11652.55,46610.19,12,0.2,3884.18,23305.1,15,egp,4/4/2026
ORD-11702,CUST-840,PROD-68,BR-2,AG-4,11/24/2024,10250.97,Cash,10250.97,0,0,0,0,0,0,EGP,
ORD-11703,CUST-578,PROD-120,BR-2,AG-20,7/29/2024,41336.85,Installments,8267.37,33069.48,12,0.2,2755.79,16534.74,0,EGP,4/4/2026
ORD-11704,CUST-138,PROD-79,BR-2,AG-3,6/9/2024,36081.04,Installments,7216.21,28864.83,12,0.2,2405.4,14432.42,0,Pound,4/4/2026
ORD-11705,CUST-452,PROD-134,BR-6,AG-1,7/24/2024,79628.5,Installments,15925.7,63702.8,12,0.2,5308.57,31851.4,15,EGP,4/4/2026
ORD-11706,CUST-470,PROD-110,BR-6,AG-13,1/20/2024,80603.23,Cash,80603.23,0,0,0,0,0,0,EGP,
ORD-11707,CUST-946,PROD-173,BR-3,AG-14,1/20/2025,20691.56,Installments,4138.31,16553.25,12,0.2,1379.44,8276.62,0,EGP,4/4/2026
ORD-11708,CUST-890,PROD-50,BR-7,AG-3,6/19/2024,63496.41,Installments,12699.28,50797.13,12,0.2,4233.09,25398.56,15,EGP,4/4/2026
ORD-11709,CUST-952,PROD-162,BR-1,AG-5,12/31/2024,85507.02,Installments,17101.4,68405.62,12,0.2,0,34202.81,15,EGP,4/4/2026
ORD-11710,CUST-101,PROD-97,BR-5,AG-2,7/29/2024,58133.31,Installments,11626.66,46506.65,12,0.2,3875.55,23253.32,0,egp,4/4/2026
ORD-11711,CUST-438,PROD-184,BR-10,AG-2,5/19/2024,69169.84,Cash,69169.84,0,0,0,0,0,0,EGP,
ORD-11712,CUST-508,PROD-66,BR-7,AG-3,4/13/2024,57802.54,Installments,11560.51,46242.03,12,0.2,3853.5,23121.02,0,EGP,4/4/2026
ORD-11713,CUST-886,PROD-88,BR-10,AG-3,9/7/2024,14108.18,Cash,14108.18,0,0,0,0,0,0,EGP,
ORD-11714,CUST-530,PROD-123,BR-4,AG-15,11/11/2024,79289.77,Installments,15857.95,63431.82,12,0.2,5285.98,31715.91,0,Pound,4/4/2026
ORD-11715,CUST-644,PROD-71,BR-10,AG-25,2/11/2024,78143.03,Installments,15628.61,62514.42,12,0.2,5209.54,31257.21,15,Pound,4/4/2026
ORD-11716,CUST-771,PROD-99,BR-8,AG-13,3/21/2024,22152.81,Installments,4430.56,17722.25,12,0.2,1476.85,8861.12,0,egp,4/4/2026
ORD-11717,CUST-476,PROD-59,BR-1,AG-5,10/28/2024,51281.49,Cash,51281.49,0,0,0,0,0,0,EGP,
ORD-11718,CUST-788,PROD-78,BR-8,AG-10,1/10/2025,18903.77,Installments,3780.75,15123.02,12,0.2,1260.25,7561.51,15,EGP,4/4/2026
ORD-11719,CUST-100,PROD-145,BR-7,AG-9,11/2/2024,48846.43,Installments,9769.29,39077.14,12,0.2,3256.43,19538.57,0,EGP,4/4/2026
ORD-11720,CUST-529,PROD-156,BR-5,AG-24,7/2/2024,53842.19,Cash,53842.19,0,0,0,0,0,0,EGP,
ORD-11721,CUST-277,PROD-198,BR-8,AG-7,6/26/2024,89011.12,Installments,17802.22,71208.9,12,0.2,5934.07,35604.45,0,EGP,4/4/2026
ORD-11722,CUST-786,PROD-174,BR-7,AG-14,11/23/2024,49189.42,Installments,9837.88,39351.54,12,0.2,3279.29,19675.77,120,EGP,4/4/2026
ORD-11723,CUST-979,PROD-71,BR-4,AG-1,10/29/2024,42060.72,Installments,8412.14,33648.58,12,0.2,2804.05,16824.29,0,EGP,4/4/2026
ORD-11724,CUST-875,PROD-104,BR-8,AG-1,1/16/2024,50244.51,Cash,50244.51,0,0,0,0,0,0,EGP,
ORD-11725,CUST-538,PROD-94,BR-2,AG-11,11/16/2024,13702.3,Installments,2740.46,10961.84,12,0.2,913.49,5480.92,0,EGP,4/4/2026
ORD-11726,CUST-553,PROD-92,BR-10,AG-5,5/11/2024,47143.23,Installments,9428.65,37714.58,12,0.2,3142.88,18857.29,0,EGP,4/4/2026
ORD-11727,CUST-854,PROD-165,BR-3,AG-5,2/27/2024,23654,Installments,4730.8,18923.2,12,0.2,1576.93,9461.6,0,EGP,4/4/2026
ORD-11728,CUST-220,PROD-142,BR-6,AG-23,2/15/2024,17984.68,Installments,3596.94,14387.74,12,0.2,1198.98,7193.87,0,EGP,4/4/2026
ORD-11729,CUST-341,PROD-113,BR-1,AG-25,10/9/2024,56725.86,Installments,11345.17,45380.69,12,0.2,3781.72,22690.34,0,egp,4/4/2026
ORD-11730,CUST-534,PROD-82,BR-5,AG-10,8/30/2024,39425.97,Cash,39425.97,0,0,0,0,0,0,egp,
ORD-11731,CUST-937,PROD-126,BR-6,AG-14,2/18/2024,33993.8,Installments,6798.76,27195.04,12,0.2,2266.25,13597.52,0,EGP,1/1/1900
ORD-11732,CUST-949,PROD-141,BR-5,AG-6,9/29/2024,22131.48,Cash,22131.48,0,0,0,0,0,0,EGP,
ORD-11733,CUST-464,PROD-119,BR-4,AG-11,10/6/2024,76985.07,Cash,76985.07,0,0,0,0,0,0,Pound,
ORD-11734,CUST-410,PROD-79,BR-5,AG-15,3/5/2024,54439.63,Installments,10887.93,43551.7,12,0.2,3629.31,21775.85,0,EGP,4/4/2026
ORD-11735,CUST-565,PROD-96,BR-2,AG-9,12/30/2028,18011.1,Installments,3602.22,14408.88,12,0.2,1200.74,7204.44,0,egp,4/4/2026
ORD-11736,CUST-636,PROD-52,BR-6,AG-24,9/11/2024,19277.99,Installments,3855.6,15422.39,12,0.2,1285.2,7711.2,0,EGP,4/4/2026
ORD-11737,CUST-942,PROD-160,BR-8,AG-2,2/10/2024,60833.59,Installments,12166.72,48666.87,12,0.2,4055.57,24333.44,45,EGP,1/1/1900
ORD-11738,CUST-317,PROD-51,BR-3,AG-11,10/29/2024,36170.03,Installments,7234.01,28936.02,12,0.2,2411.34,14468.01,120,Pound,4/4/2026
ORD-11739,CUST-997,PROD-113,BR-3,AG-25,11/1/2024,43685.71,Cash,43685.71,0,0,0,0,0,0,Pound,
ORD-11740,CUST-468,PROD-109,BR-6,AG-11,5/15/2024,53781.09,Installments,10756.22,43024.87,12,0.2,3585.41,21512.44,0,egp,4/4/2026
ORD-11741,CUST-582,PROD-153,BR-3,AG-14,6/23/2024,68433.26,Cash,68433.26,0,0,0,0,0,0,EGP,
ORD-11742,CUST-826,PROD-56,BR-6,AG-7,5/16/2024,34931.21,Installments,6986.24,27944.97,12,0.2,2328.75,13972.48,45,EGP,4/4/2026
ORD-11743,CUST-904,PROD-147,BR-4,AG-11,9/23/2024,13134.58,Cash,13134.58,0,0,0,0,0,0,EGP,
ORD-11744,CUST-109,PROD-52,BR-3,AG-25,5/27/2024,18186.65,Cash,18186.65,0,0,0,0,0,0,egp,
ORD-11745,CUST-516,PROD-136,BR-3,AG-9,1/29/2025,24159.51,Installments,4831.9,19327.61,12,0.2,1610.63,9663.8,0,EGP,4/4/2026
ORD-11746,CUST-264,PROD-87,BR-3,AG-10,8/5/2024,57878.61,Cash,57878.61,0,0,0,0,0,0,EGP,
ORD-11747,CUST-141,PROD-157,BR-4,AG-11,11/24/2024,55835.94,Cash,55835.94,0,0,0,0,0,0,egp,
ORD-11748,CUST-485,PROD-158,BR-10,AG-15,8/15/2024,43671.83,Installments,8734.37,34937.46,12,0.2,2911.46,17468.73,0,EGP,4/4/2026
ORD-11749,CUST-185,PROD-180,BR-2,AG-8,2/11/2024,34176.47,Installments,6835.29,27341.18,12,0.2,2278.43,13670.59,0,EGP,4/4/2026
ORD-11750,CUST-184,PROD-165,BR-7,AG-3,11/21/2024,89940.67,Installments,17988.13,71952.54,12,0.2,5996.04,35976.27,15,Pound,4/4/2026
ORD-11751,CUST-319,PROD-87,BR-2,AG-1,2/9/2024,77018.83,Installments,15403.77,61615.06,12,0.2,5134.59,30807.53,15,egp,4/4/2026
ORD-11752,CUST-773,PROD-154,BR-6,AG-6,12/29/2024,26370.92,Installments,5274.18,21096.74,12,0.2,1758.06,10548.37,0,EGP,4/4/2026
ORD-11753,CUST-701,PROD-54,BR-2,AG-6,10/9/2024,41582.25,Installments,8316.45,33265.8,12,0.2,2772.15,16632.9,45,EGP,4/4/2026
ORD-11754,CUST-318,PROD-155,BR-4,AG-19,12/29/2024,77466.71,Cash,77466.71,0,0,0,0,0,0,EGP,
ORD-11755,CUST-910,PROD-182,BR-5,AG-24,9/8/2024,80610.93,Installments,16122.19,64488.74,12,0.2,5374.06,32244.37,0,EGP,4/4/2026
ORD-11756,CUST-395,PROD-66,BR-10,AG-21,3/13/2024,22510.28,Installments,4502.06,18008.22,12,0.2,1500.69,9004.11,0,EGP,4/4/2026
ORD-11757,CUST-867,PROD-164,BR-3,AG-11,10/6/2024,59873.19,Installments,11974.64,47898.55,12,0.2,3991.55,23949.28,0,EGP,4/4/2026
ORD-11758,CUST-663,PROD-87,BR-2,AG-11,3/22/2024,49532.75,Installments,9906.55,39626.2,12,0.2,3302.18,19813.1,0,EGP,4/4/2026
ORD-11759,CUST-487,PROD-166,BR-3,AG-13,12/3/2024,77820.29,Installments,15564.06,62256.23,12,0.2,5188.02,31128.12,0,egp,4/4/2026
ORD-11760,CUST-650,PROD-93,BR-7,AG-4,1/30/2025,74906.33,Installments,14981.27,59925.06,12,0.2,4993.76,29962.53,0,EGP,4/4/2026
ORD-11761,CUST-226,PROD-95,BR-9,AG-12,8/13/2024,88172.87,Cash,88172.87,0,0,0,0,0,0,EGP,
ORD-11762,CUST-331,PROD-101,BR-5,AG-16,4/19/2024,83702.82,Installments,16740.56,66962.26,12,0.2,5580.19,33481.13,45,egp,4/4/2026
ORD-11763,CUST-920,PROD-180,BR-2,AG-6,9/13/2024,25353.41,Installments,5070.68,20282.73,12,0.2,1690.23,10141.36,45,egp,4/4/2026
ORD-11764,CUST-394,PROD-181,BR-5,AG-10,7/9/2024,23525.38,Cash,23525.38,0,0,0,0,0,0,EGP,
ORD-11765,CUST-115,PROD-112,BR-6,AG-3,7/25/2024,10576.32,Installments,2115.26,8461.06,12,0.2,705.09,4230.53,0,EGP,4/4/2026
ORD-11766,CUST-680,PROD-102,BR-7,AG-14,11/10/2024,33649.5,Cash,33649.5,0,0,0,0,0,0,EGP,
ORD-11767,CUST-527,PROD-76,BR-9,AG-10,1/14/2025,83513.71,Cash,83513.71,0,0,0,0,0,0,Pound,
ORD-11768,CUST-349,PROD-71,BR-1,AG-25,8/29/2024,87042.15,Installments,17408.43,69633.72,12,0.2,5802.81,34816.86,45,EGP,4/4/2026
ORD-11769,CUST-502,PROD-179,BR-9,AG-12,5/13/2024,82737.74,Cash,82737.74,0,0,0,0,0,0,EGP,
ORD-11770,CUST-662,PROD-146,BR-3,AG-21,6/15/2024,36243.35,Cash,36243.35,0,0,0,0,0,0,Pound,
ORD-11771,CUST-210,PROD-140,BR-5,AG-6,3/31/2024,78604.29,Installments,15720.86,62883.43,12,0.2,5240.29,31441.72,120,EGP,4/4/2026
ORD-11772,CUST-102,PROD-121,BR-3,AG-10,11/17/2024,88969.86,Installments,17793.97,71175.89,12,0.2,5931.32,35587.94,0,EGP,4/4/2026
ORD-11773,CUST-174,PROD-187,BR-8,AG-19,1/22/2025,85508.68,Cash,85508.68,0,0,0,0,0,0,EGP,
ORD-11774,CUST-306,PROD-114,BR-10,AG-22,8/13/2024,64261.59,Installments,12852.32,51409.27,12,0.2,4284.11,25704.64,0,EGP,4/4/2026
ORD-11775,CUST-660,PROD-130,BR-2,AG-1,12/23/2024,79459.23,Installments,15891.85,63567.38,12,0.2,5297.28,31783.69,0,Pound,4/4/2026
ORD-11776,CUST-548,PROD-111,BR-1,AG-14,8/8/2024,68791.04,Cash,68791.04,0,0,0,0,0,0,EGP,
ORD-11777,CUST-520,PROD-172,BR-9,AG-24,4/22/2024,65444.9,Installments,13088.98,52355.92,12,0.2,4362.99,26177.96,0,EGP,4/4/2026
ORD-11778,CUST-754,PROD-112,BR-7,AG-9,4/9/2024,39735.38,Cash,39735.38,0,0,0,0,0,0,EGP,
ORD-11779,CUST-301,PROD-136,BR-10,AG-14,12/8/2024,41684.69,Installments,8336.94,33347.75,12,0.2,2778.98,16673.88,120,EGP,4/4/2026
ORD-11780,CUST-354,PROD-163,BR-5,AG-16,7/25/2024,72836.42,Installments,14567.28,58269.14,12,0.2,4855.76,29134.57,0,EGP,4/4/2026
ORD-11781,CUST-542,PROD-193,BR-1,AG-23,6/4/2024,20086.99,Installments,4017.4,16069.59,12,0.2,1339.13,8034.8,0,EGP,4/4/2026
ORD-11782,CUST-706,PROD-178,BR-4,AG-12,4/28/2024,53608.9,Cash,53608.9,0,0,0,0,0,0,EGP,
ORD-11783,CUST-692,PROD-179,BR-6,AG-25,5/23/2024,13238.27,Cash,13238.27,0,0,0,0,0,0,EGP,
ORD-11784,CUST-412,PROD-133,BR-7,AG-3,12/19/2024,62334.45,Cash,62334.45,0,0,0,0,0,0,egp,
ORD-11785,CUST-183,PROD-179,BR-8,AG-11,1/6/2025,63916.92,Installments,12783.38,51133.54,12,0.2,4261.13,25566.77,45,EGP,4/4/2026
ORD-11786,CUST-657,PROD-181,BR-8,AG-8,4/28/2024,74687.74,Cash,74687.74,0,0,0,0,0,0,EGP,
ORD-11787,CUST-949,PROD-196,BR-4,AG-23,7/29/2024,24702.4,Installments,4940.48,19761.92,12,0.2,1646.83,9880.96,0,EGP,1/1/1900
ORD-11788,CUST-460,PROD-77,BR-9,AG-22,12/30/2024,19843.88,Cash,19843.88,0,0,0,0,0,0,EGP,
ORD-11789,CUST-392,PROD-195,BR-6,AG-4,1/21/2025,32000.71,Cash,32000.71,0,0,0,0,0,0,Pound,
ORD-11790,CUST-344,PROD-179,BR-2,AG-15,1/30/2025,12171.94,Cash,12171.94,0,0,0,0,0,0,EGP,
ORD-11791,CUST-349,PROD-182,BR-3,AG-6,12/26/2024,24439.75,Installments,4887.95,19551.8,12,0.2,1629.32,9775.9,0,EGP,4/4/2026
ORD-11792,CUST-153,PROD-109,BR-3,AG-3,7/18/2024,54461.85,Installments,10892.37,43569.48,12,0.2,0,21784.74,0,EGP,4/4/2026
ORD-11793,CUST-610,PROD-171,BR-3,AG-21,11/17/2024,79022.04,Installments,15804.41,63217.63,12,0.2,5268.14,31608.82,0,EGP,4/4/2026
ORD-11794,CUST-845,PROD-168,BR-1,AG-21,8/3/2024,58597.56,Installments,11719.51,46878.05,12,0.2,3906.5,23439.02,15,EGP,4/4/2026
ORD-11795,CUST-460,PROD-186,BR-3,AG-7,9/11/2024,32717.3,Installments,6543.46,26173.84,12,0.2,2181.15,13086.92,0,EGP,4/4/2026
ORD-11796,CUST-253,PROD-76,BR-4,AG-4,11/3/2024,75085.86,Installments,15017.17,60068.69,12,0.2,5005.72,30034.34,0,EGP,4/4/2026
ORD-11797,CUST-745,PROD-128,BR-6,AG-6,11/21/2024,64367.26,Installments,12873.45,51493.81,12,0.2,4291.15,25746.9,15,EGP,4/4/2026
ORD-11798,CUST-790,PROD-125,BR-4,AG-15,12/14/2024,17127.71,Installments,3425.54,13702.17,12,0.2,1141.85,6851.08,0,egp,4/4/2026
ORD-11799,CUST-673,PROD-127,BR-10,AG-15,2/28/2024,84976.3,Installments,16995.26,67981.04,12,0.2,5665.09,33990.52,0,Pound,4/4/2026
ORD-11800,CUST-778,PROD-116,BR-10,AG-14,12/30/2028,16709.56,Cash,16709.56,0,0,0,0,0,0,egp,
ORD-11801,CUST-528,PROD-150,BR-7,AG-5,12/10/2024,55253.51,Cash,55253.51,0,0,0,0,0,0,EGP,
ORD-11802,CUST-136,PROD-187,BR-10,AG-13,12/6/2024,79511.86,Installments,15902.37,63609.49,12,0.2,5300.79,31804.74,0,EGP,4/4/2026
ORD-11803,CUST-933,PROD-104,BR-9,AG-14,2/1/2025,63207.94,Cash,63207.94,0,0,0,0,0,0,EGP,
ORD-11804,CUST-801,PROD-175,BR-10,AG-21,1/16/2025,53915.77,Installments,10783.15,43132.62,12,0.2,3594.38,21566.31,0,EGP,4/4/2026
ORD-11805,CUST-167,PROD-157,BR-1,AG-21,4/5/2024,44779.12,Installments,8955.82,35823.3,12,0.2,2985.27,17911.65,0,EGP,4/4/2026
ORD-11806,CUST-514,PROD-115,BR-10,AG-25,2/12/2024,41675.07,Installments,8335.01,33340.06,12,0.2,2778.34,16670.03,0,EGP,4/4/2026
ORD-11807,CUST-366,PROD-194,BR-4,AG-9,4/22/2024,30696.5,Cash,30696.5,0,0,0,0,0,0,EGP,
ORD-11808,CUST-772,PROD-146,BR-6,AG-11,9/10/2024,62283.57,Cash,62283.57,0,0,0,0,0,0,EGP,
ORD-11809,CUST-823,PROD-152,BR-9,AG-7,12/14/2024,66086.25,Cash,66086.25,0,0,0,0,0,0,egp,
ORD-11810,CUST-256,PROD-188,BR-1,AG-7,1/22/2025,15320.9,Installments,3064.18,12256.72,12,0.2,1021.39,6128.36,0,EGP,4/4/2026
ORD-11811,CUST-468,PROD-73,BR-5,AG-15,1/9/2025,55175.81,Installments,11035.16,44140.65,12,0.2,3678.39,22070.32,0,EGP,4/4/2026
ORD-11812,CUST-729,PROD-68,BR-10,AG-4,10/26/2024,84392.37,Installments,16878.47,67513.9,12,0.2,5626.16,33756.95,0,EGP,4/4/2026
ORD-11813,CUST-791,PROD-97,BR-9,AG-21,8/24/2024,77752.3,Installments,15550.46,62201.84,12,0.2,5183.49,31100.92,0,egp,4/4/2026
ORD-11814,CUST-420,PROD-141,BR-6,AG-14,12/3/2024,28439.01,Cash,28439.01,0,0,0,0,0,0,Pound,
ORD-11815,CUST-598,PROD-186,BR-3,AG-3,5/28/2024,53015.92,Cash,53015.92,0,0,0,0,0,0,EGP,
ORD-11816,CUST-112,PROD-111,BR-9,AG-25,11/8/2024,43301.42,Installments,8660.28,34641.14,12,0.2,2886.76,17320.57,0,EGP,4/4/2026
ORD-11817,CUST-543,PROD-164,BR-9,AG-1,12/18/2024,73499.3,Installments,14699.86,58799.44,12,0.2,4899.95,29399.72,0,EGP,4/4/2026
ORD-11818,CUST-626,PROD-175,BR-6,AG-3,6/22/2024,86046.76,Installments,17209.35,68837.41,12,0.2,0,34418.7,0,EGP,4/4/2026
ORD-11819,CUST-757,PROD-172,BR-1,AG-2,7/8/2024,56955.75,Installments,11391.15,45564.6,12,0.2,3797.05,22782.3,0,EGP,4/4/2026
ORD-11820,CUST-250,PROD-137,BR-9,AG-23,5/30/2024,18060.21,Installments,3612.04,14448.17,12,0.2,1204.01,7224.08,15,EGP,4/4/2026
ORD-11821,CUST-756,PROD-157,BR-8,AG-18,6/4/2024,44850.88,Installments,8970.18,35880.7,12,0.2,2990.06,17940.35,0,EGP,4/4/2026
ORD-11822,CUST-510,PROD-135,BR-6,AG-2,6/9/2024,84346.86,Installments,16869.37,67477.49,12,0.2,5623.12,33738.74,45,EGP,4/4/2026
ORD-11823,CUST-790,PROD-144,BR-5,AG-12,3/14/2024,42368.32,Installments,8473.66,33894.66,12,0.2,2824.55,16947.33,0,Pound,4/4/2026
ORD-11824,CUST-810,PROD-59,BR-1,AG-23,4/14/2024,24136.55,Installments,4827.31,19309.24,12,0.2,1609.1,9654.62,0,EGP,4/4/2026
ORD-11825,CUST-460,PROD-78,BR-6,AG-5,10/11/2024,16564.75,Installments,3312.95,13251.8,12,0.2,1104.32,6625.9,0,EGP,4/4/2026
ORD-11826,CUST-749,PROD-200,BR-9,AG-21,9/13/2024,63000.39,Cash,63000.39,0,0,0,0,0,0,EGP,
ORD-11827,CUST-501,PROD-130,BR-1,AG-22,12/4/2024,77650.07,Installments,15530.01,62120.06,12,0.2,5176.67,31060.03,15,EGP,4/4/2026
ORD-11828,CUST-189,PROD-173,BR-8,AG-22,7/18/2024,11793.74,Installments,2358.75,9434.99,12,0.2,0,4717.5,0,EGP,4/4/2026
ORD-11829,CUST-528,PROD-118,BR-2,AG-25,5/27/2024,43665.81,Installments,8733.16,34932.65,12,0.2,2911.05,17466.32,0,EGP,4/4/2026
ORD-11830,CUST-686,PROD-162,BR-5,AG-12,9/9/2024,47939.39,Installments,9587.88,38351.51,12,0.2,3195.96,19175.76,0,EGP,4/4/2026
ORD-11831,CUST-292,PROD-151,BR-2,AG-25,1/11/2024,26686.94,Installments,5337.39,21349.55,12,0.2,0,10674.78,0,EGP,4/4/2026
ORD-11832,CUST-955,PROD-60,BR-9,AG-16,4/14/2024,49423.87,Installments,9884.77,39539.1,12,0.2,3294.92,19769.55,0,EGP,4/4/2026
ORD-11833,CUST-622,PROD-190,BR-3,AG-13,3/18/2024,84440.02,Installments,16888,67552.02,12,0.2,5629.33,33776.01,0,EGP,4/4/2026
ORD-11834,CUST-634,PROD-158,BR-9,AG-5,5/30/2024,81481.36,Installments,16296.27,65185.09,12,0.2,5432.09,32592.54,0,EGP,4/4/2026
ORD-11835,CUST-747,PROD-95,BR-10,AG-11,6/22/2024,46672.96,Installments,9334.59,37338.37,12,0.2,3111.53,18669.18,0,EGP,4/4/2026
ORD-11836,CUST-153,PROD-148,BR-10,AG-13,4/29/2024,34619.78,Cash,34619.78,0,0,0,0,0,0,Pound,
ORD-11837,CUST-689,PROD-174,BR-1,AG-19,9/1/2024,72082.82,Cash,72082.82,0,0,0,0,0,0,EGP,
ORD-11838,CUST-238,PROD-75,BR-10,AG-18,5/13/2024,27450.2,Installments,5490.04,21960.16,12,0.2,1830.01,10980.08,0,EGP,4/4/2026
ORD-11839,CUST-418,PROD-96,BR-5,AG-21,8/12/2024,13567.89,Cash,13567.89,0,0,0,0,0,0,EGP,
ORD-11840,CUST-850,PROD-103,BR-2,AG-6,6/12/2024,72101.4,Installments,14420.28,57681.12,12,0.2,4806.76,28840.56,0,EGP,4/4/2026
ORD-11841,CUST-615,PROD-164,BR-9,AG-6,11/29/2024,88378.65,Cash,88378.65,0,0,0,0,0,0,EGP,
ORD-11842,CUST-135,PROD-171,BR-5,AG-19,4/14/2024,50822.06,Cash,50822.06,0,0,0,0,0,0,EGP,
ORD-11843,CUST-454,PROD-126,BR-1,AG-11,6/21/2024,65775.85,Cash,65775.85,0,0,0,0,0,0,Pound,
ORD-11844,CUST-787,PROD-89,BR-10,AG-24,6/30/2024,60622.88,Installments,12124.58,48498.3,12,0.2,4041.53,24249.15,0,EGP,4/4/2026
ORD-11845,CUST-445,PROD-54,BR-5,AG-22,3/14/2024,39142.95,Installments,7828.59,31314.36,12,0.2,2609.53,15657.18,0,EGP,4/4/2026
ORD-11846,CUST-792,PROD-55,BR-3,AG-21,4/23/2024,37307.24,Installments,7461.45,29845.79,12,0.2,2487.15,14922.9,0,egp,4/4/2026
ORD-11847,CUST-694,PROD-128,BR-1,AG-16,11/23/2024,87771.63,Installments,17554.33,70217.3,12,0.2,5851.44,35108.65,0,EGP,4/4/2026
ORD-11848,CUST-465,PROD-191,BR-8,AG-21,3/15/2024,32022.32,Installments,6404.46,25617.86,12,0.2,2134.82,12808.93,15,EGP,4/4/2026
ORD-11849,CUST-760,PROD-159,BR-1,AG-16,6/23/2024,33479.31,Cash,33479.31,0,0,0,0,0,0,EGP,
ORD-11850,CUST-901,PROD-86,BR-8,AG-11,9/15/2024,46875.65,Installments,9375.13,37500.52,12,0.2,3125.04,18750.26,15,EGP,4/4/2026
ORD-11851,CUST-234,PROD-71,BR-5,AG-12,5/23/2024,66965.99,Installments,13393.2,53572.79,12,0.2,4464.4,26786.4,0,egp,4/4/2026
ORD-11852,CUST-339,PROD-124,BR-1,AG-6,2/1/2025,41230.51,Cash,41230.51,0,0,0,0,0,0,EGP,
ORD-11853,CUST-546,PROD-78,BR-7,AG-11,12/10/2024,23445.35,Installments,4689.07,18756.28,12,0.2,0,9378.14,0,EGP,4/4/2026
ORD-11854,CUST-276,PROD-110,BR-4,AG-8,8/16/2024,22698.57,Installments,4539.71,18158.86,12,0.2,1513.24,9079.43,45,egp,4/4/2026
ORD-11855,CUST-274,PROD-145,BR-1,AG-24,10/5/2024,40754.58,Installments,8150.92,32603.66,12,0.2,2716.97,16301.83,0,EGP,4/4/2026
ORD-11856,CUST-479,PROD-72,BR-7,AG-18,4/22/2024,20526.24,Cash,20526.24,0,0,0,0,0,0,EGP,
ORD-11857,CUST-896,PROD-59,BR-10,AG-23,12/14/2024,63386.11,Installments,12677.22,50708.89,12,0.2,4225.74,25354.44,15,EGP,4/4/2026
ORD-11858,CUST-995,PROD-141,BR-7,AG-14,9/17/2024,34399.16,Cash,34399.16,0,0,0,0,0,0,egp,
ORD-11859,CUST-658,PROD-75,BR-6,AG-6,11/5/2024,85643.57,Cash,85643.57,0,0,0,0,0,0,egp,
ORD-11860,CUST-608,PROD-183,BR-9,AG-6,7/22/2024,16212.73,Installments,3242.55,12970.18,12,0.2,1080.85,6485.09,15,EGP,4/4/2026
ORD-11861,CUST-489,PROD-63,BR-2,AG-24,2/22/2024,63578.59,Installments,12715.72,50862.87,12,0.2,4238.57,25431.44,45,EGP,4/4/2026
ORD-11862,CUST-631,PROD-50,BR-7,AG-9,9/24/2024,75582.46,Installments,15116.49,60465.97,12,0.2,5038.83,30232.98,0,EGP,4/4/2026
ORD-11863,CUST-747,PROD-195,BR-4,AG-20,5/25/2024,16944.67,Installments,3388.93,13555.74,12,0.2,1129.64,6777.87,0,EGP,1/1/1900
ORD-11864,CUST-105,PROD-86,BR-1,AG-19,1/13/2025,35479.68,Cash,35479.68,0,0,0,0,0,0,EGP,
ORD-11865,CUST-117,PROD-90,BR-10,AG-10,6/21/2024,37185.76,Installments,7437.15,29748.61,12,0.2,2479.05,14874.3,45,EGP,4/4/2026
ORD-11866,CUST-728,PROD-200,BR-7,AG-11,10/22/2024,79038.9,Installments,15807.78,63231.12,12,0.2,0,31615.56,0,EGP,4/4/2026
ORD-11867,CUST-607,PROD-105,BR-1,AG-15,10/30/2024,34825.84,Installments,6965.17,27860.67,12,0.2,2321.72,13930.34,0,EGP,4/4/2026
ORD-11868,CUST-522,PROD-121,BR-2,AG-24,10/14/2024,81658.71,Installments,16331.74,65326.97,12,0.2,5443.91,32663.48,0,EGP,4/4/2026
ORD-11869,CUST-864,PROD-184,BR-1,AG-10,1/1/2024,78098.84,Installments,15619.77,62479.07,12,0.2,0,31239.54,15,EGP,4/4/2026
ORD-11870,CUST-294,PROD-72,BR-2,AG-25,8/13/2024,20029.98,Installments,4006,16023.98,12,0.2,1335.33,8011.99,120,EGP,4/4/2026
ORD-11871,CUST-787,PROD-149,BR-3,AG-17,1/25/2025,23333.87,Cash,23333.87,0,0,0,0,0,0,EGP,
ORD-11872,CUST-668,PROD-69,BR-6,AG-6,3/24/2024,68333.53,Installments,13666.71,54666.82,12,0.2,4555.57,27333.41,0,Pound,4/4/2026
ORD-11873,CUST-899,PROD-138,BR-10,AG-8,12/31/2024,79218.99,Installments,15843.8,63375.19,12,0.2,5281.27,31687.6,0,EGP,4/4/2026
ORD-11874,CUST-188,PROD-181,BR-3,AG-21,11/16/2024,54994.88,Installments,10998.98,43995.9,12,0.2,3666.33,21997.95,0,EGP,4/4/2026
ORD-11875,CUST-251,PROD-65,BR-3,AG-22,11/16/2024,71864.15,Cash,71864.15,0,0,0,0,0,0,EGP,
ORD-11876,CUST-609,PROD-116,BR-9,AG-9,1/1/2025,52311.76,Cash,52311.76,0,0,0,0,0,0,egp,
ORD-11877,CUST-751,PROD-56,BR-3,AG-7,2/2/2024,47129.68,Installments,9425.94,37703.74,12,0.2,3141.98,18851.87,0,EGP,4/4/2026
ORD-11878,CUST-184,PROD-174,BR-6,AG-3,10/3/2024,28693.38,Cash,28693.38,0,0,0,0,0,0,Pound,
ORD-11879,CUST-403,PROD-124,BR-2,AG-16,6/6/2024,54373.39,Installments,10874.68,43498.71,12,0.2,3624.89,21749.36,15,Pound,4/4/2026
ORD-11880,CUST-510,PROD-54,BR-3,AG-25,9/8/2024,70644.59,Installments,14128.92,56515.67,12,0.2,4709.64,28257.84,0,EGP,1/1/1900
ORD-11881,CUST-743,PROD-197,BR-2,AG-5,12/21/2024,23783.43,Cash,23783.43,0,0,0,0,0,0,Pound,
ORD-11882,CUST-908,PROD-170,BR-4,AG-18,10/22/2024,46016.29,Installments,9203.26,36813.03,12,0.2,3067.75,18406.52,15,EGP,4/4/2026
ORD-11883,CUST-111,PROD-132,BR-10,AG-20,8/4/2024,25778.69,Cash,25778.69,0,0,0,0,0,0,EGP,
ORD-11884,CUST-818,PROD-183,BR-2,AG-9,1/3/2024,46271.41,Installments,9254.28,37017.13,12,0.2,3084.76,18508.56,15,egp,4/4/2026
ORD-11885,CUST-333,PROD-101,BR-2,AG-9,1/9/2025,47869.74,Installments,9573.95,38295.79,12,0.2,3191.32,19147.9,0,EGP,4/4/2026
ORD-11886,CUST-976,PROD-126,BR-10,AG-1,3/25/2024,51209.52,Cash,51209.52,0,0,0,0,0,0,EGP,
ORD-11887,CUST-813,PROD-76,BR-4,AG-7,12/29/2024,29503.8,Installments,5900.76,23603.04,12,0.2,1966.92,11801.52,0,EGP,4/4/2026
ORD-11888,CUST-459,PROD-82,BR-9,AG-6,9/27/2024,36715.94,Installments,7343.19,29372.75,12,0.2,2447.73,14686.38,0,EGP,4/4/2026
ORD-11889,CUST-910,PROD-199,BR-3,AG-19,12/22/2024,17319.73,Installments,3463.95,13855.78,12,0.2,1154.65,6927.89,15,EGP,4/4/2026
ORD-11890,CUST-782,PROD-151,BR-10,AG-6,3/24/2024,73995.82,Cash,73995.82,0,0,0,0,0,0,EGP,
ORD-11891,CUST-732,PROD-85,BR-7,AG-23,12/30/2028,41673.7,Cash,41673.7,0,0,0,0,0,0,Pound,
ORD-11892,CUST-334,PROD-102,BR-1,AG-21,9/6/2024,26395.38,Installments,5279.08,21116.3,12,0.2,1759.69,10558.15,0,EGP,4/4/2026
ORD-11893,CUST-581,PROD-150,BR-6,AG-20,12/30/2028,88527.59,Cash,88527.59,0,0,0,0,0,0,EGP,
ORD-11894,CUST-797,PROD-179,BR-4,AG-4,2/18/2024,28922.53,Installments,5784.51,23138.02,12,0.2,1928.17,11569.01,0,EGP,4/4/2026
ORD-11895,CUST-558,PROD-180,BR-9,AG-13,8/27/2024,83306.04,Installments,16661.21,66644.83,12,0.2,5553.74,33322.42,0,EGP,4/4/2026
ORD-11896,CUST-995,PROD-130,BR-3,AG-4,1/11/2025,74569.55,Installments,14913.91,59655.64,12,0.2,4971.3,29827.82,0,EGP,4/4/2026
ORD-11897,CUST-104,PROD-95,BR-3,AG-24,10/20/2024,72924.82,Installments,14584.96,58339.86,12,0.2,4861.65,29169.93,0,EGP,1/1/1900
ORD-11898,CUST-923,PROD-82,BR-8,AG-23,5/27/2024,43880.41,Cash,43880.41,0,0,0,0,0,0,EGP,
ORD-11899,CUST-933,PROD-159,BR-10,AG-18,7/14/2024,87219.45,Installments,17443.89,69775.56,12,0.2,5814.63,34887.78,0,EGP,4/4/2026
ORD-11900,CUST-293,PROD-98,BR-6,AG-1,8/29/2024,68515.12,Installments,13703.02,54812.1,12,0.2,4567.67,27406.05,15,EGP,4/4/2026
ORD-11901,CUST-947,PROD-62,BR-9,AG-23,4/20/2024,41412.65,Installments,8282.53,33130.12,12,0.2,2760.84,16565.06,0,egp,4/4/2026
ORD-11902,CUST-361,PROD-114,BR-2,AG-21,11/20/2024,78292.59,Cash,78292.59,0,0,0,0,0,0,egp,
ORD-11903,CUST-203,PROD-183,BR-4,AG-22,4/17/2024,31915.59,Cash,31915.59,0,0,0,0,0,0,EGP,
ORD-11904,CUST-351,PROD-191,BR-6,AG-22,1/12/2024,61033.33,Cash,61033.33,0,0,0,0,0,0,EGP,
ORD-11905,CUST-740,PROD-145,BR-8,AG-5,2/4/2024,68905.97,Installments,13781.19,55124.78,12,0.2,4593.73,27562.39,0,EGP,4/4/2026
ORD-11906,CUST-357,PROD-146,BR-2,AG-12,1/22/2025,50997.46,Installments,10199.49,40797.97,12,0.2,3399.83,20398.98,0,EGP,4/4/2026
ORD-11907,CUST-579,PROD-162,BR-6,AG-23,2/7/2024,41095.71,Installments,8219.14,32876.57,12,0.2,2739.71,16438.28,0,EGP,4/4/2026
ORD-11908,CUST-713,PROD-140,BR-5,AG-2,12/21/2024,11032.34,Installments,2206.47,8825.87,12,0.2,0,4412.94,0,EGP,4/4/2026
ORD-11909,CUST-235,PROD-155,BR-1,AG-5,11/24/2024,43460.8,Installments,8692.16,34768.64,12,0.2,2897.39,17384.32,120,egp,4/4/2026
ORD-11910,CUST-161,PROD-187,BR-5,AG-4,7/25/2024,11747.64,Installments,2349.53,9398.11,12,0.2,783.18,4699.06,45,EGP,4/4/2026
ORD-11911,CUST-300,PROD-55,BR-9,AG-17,2/22/2024,17212.03,Installments,3442.41,13769.62,12,0.2,1147.47,6884.81,0,EGP,4/4/2026
ORD-11912,CUST-339,PROD-194,BR-1,AG-24,2/13/2024,52921.62,Installments,10584.32,42337.3,12,0.2,3528.11,21168.65,45,EGP,4/4/2026
ORD-11913,CUST-204,PROD-133,BR-3,AG-10,1/24/2025,69736.5,Installments,13947.3,55789.2,12,0.2,4649.1,27894.6,0,EGP,4/4/2026
ORD-11914,CUST-155,PROD-87,BR-2,AG-7,7/4/2024,26993.83,Installments,5398.77,21595.06,12,0.2,1799.59,10797.53,45,EGP,4/4/2026
ORD-11915,CUST-912,PROD-103,BR-9,AG-8,12/25/2024,63281.45,Installments,12656.29,50625.16,12,0.2,4218.76,25312.58,15,EGP,4/4/2026
ORD-11916,CUST-612,PROD-94,BR-3,AG-20,8/14/2024,48651.78,Installments,9730.36,38921.42,12,0.2,3243.45,19460.71,0,EGP,4/4/2026
ORD-11917,CUST-104,PROD-158,BR-7,AG-12,10/30/2024,25866.25,Installments,5173.25,20693,12,0.2,1724.42,10346.5,0,EGP,4/4/2026
ORD-11918,CUST-628,PROD-124,BR-7,AG-24,8/12/2024,34003.13,Installments,6800.63,27202.5,12,0.2,2266.88,13601.25,15,EGP,4/4/2026
ORD-11919,CUST-643,PROD-73,BR-6,AG-24,4/18/2024,54111.39,Cash,54111.39,0,0,0,0,0,0,EGP,
ORD-11920,CUST-720,PROD-181,BR-7,AG-4,1/2/2024,55937.47,Installments,11187.49,44749.98,12,0.2,3729.16,22374.99,0,EGP,4/4/2026
ORD-11921,CUST-425,PROD-114,BR-2,AG-12,4/7/2024,36031.35,Installments,7206.27,28825.08,12,0.2,2402.09,14412.54,45,Pound,4/4/2026
ORD-11922,CUST-409,PROD-82,BR-10,AG-5,12/24/2024,10723.78,Installments,2144.76,8579.02,12,0.2,714.92,4289.51,0,EGP,4/4/2026
ORD-11923,CUST-412,PROD-58,BR-2,AG-20,6/2/2024,27921.53,Installments,5584.31,22337.22,12,0.2,1861.44,11168.61,0,EGP,4/4/2026
ORD-11924,CUST-330,PROD-172,BR-10,AG-15,5/11/2024,14429.29,Installments,2885.86,11543.43,12,0.2,961.95,5771.72,0,EGP,4/4/2026
ORD-11925,CUST-577,PROD-82,BR-7,AG-22,4/14/2024,65265.36,Installments,13053.07,52212.29,12,0.2,4351.02,26106.14,0,EGP,4/4/2026
ORD-11926,CUST-620,PROD-93,BR-4,AG-20,9/27/2024,53804.82,Cash,53804.82,0,0,0,0,0,0,EGP,
ORD-11927,CUST-196,PROD-58,BR-7,AG-10,11/30/2024,47528.28,Installments,9505.66,38022.62,12,0.2,3168.55,19011.31,0,EGP,4/4/2026
ORD-11928,CUST-909,PROD-194,BR-1,AG-18,11/4/2024,61183.14,Installments,12236.63,48946.51,12,0.2,4078.88,24473.26,0,EGP,4/4/2026
ORD-11929,CUST-519,PROD-63,BR-7,AG-24,1/18/2024,75517.25,Installments,15103.45,60413.8,12,0.2,5034.48,30206.9,45,EGP,4/4/2026
ORD-11930,CUST-559,PROD-75,BR-1,AG-24,8/8/2024,77362.94,Installments,15472.59,61890.35,12,0.2,5157.53,30945.18,0,EGP,4/4/2026
ORD-11931,CUST-798,PROD-112,BR-5,AG-17,9/15/2024,15399.72,Installments,3079.94,12319.78,12,0.2,1026.65,6159.89,15,EGP,4/4/2026
ORD-11932,CUST-206,PROD-81,BR-7,AG-15,12/28/2024,79715.04,Installments,15943.01,63772.03,12,0.2,5314.34,31886.02,0,EGP,4/4/2026
ORD-11933,CUST-913,PROD-97,BR-5,AG-11,9/1/2024,86978.92,Cash,86978.92,0,0,0,0,0,0,EGP,
ORD-11934,CUST-110,PROD-160,BR-2,AG-24,6/24/2024,57405.35,Installments,11481.07,45924.28,12,0.2,3827.02,22962.14,0,EGP,4/4/2026
ORD-11935,CUST-358,PROD-58,BR-3,AG-7,7/26/2024,35033.86,Installments,7006.77,28027.09,12,0.2,2335.59,14013.54,0,Pound,4/4/2026
ORD-11936,CUST-562,PROD-149,BR-1,AG-9,7/2/2024,86430.43,Installments,17286.09,69144.34,12,0.2,5762.03,34572.17,15,EGP,4/4/2026
ORD-11937,CUST-292,PROD-162,BR-6,AG-24,8/22/2024,87683.87,Cash,87683.87,0,0,0,0,0,0,EGP,
ORD-11938,CUST-189,PROD-182,BR-6,AG-17,5/5/2024,25454.39,Installments,5090.88,20363.51,12,0.2,1696.96,10181.76,0,EGP,4/4/2026
ORD-11939,CUST-115,PROD-168,BR-9,AG-1,2/8/2024,70629.47,Installments,14125.89,56503.58,12,0.2,4708.63,28251.79,0,EGP,4/4/2026
ORD-11940,CUST-591,PROD-151,BR-9,AG-19,10/2/2024,20917.9,Installments,4183.58,16734.32,12,0.2,1394.53,8367.16,0,EGP,4/4/2026
ORD-11941,CUST-452,PROD-61,BR-3,AG-14,8/17/2024,15645.75,Cash,15645.75,0,0,0,0,0,0,egp,
ORD-11942,CUST-634,PROD-60,BR-7,AG-19,3/5/2024,72628.38,Installments,14525.68,58102.7,12,0.2,4841.89,29051.35,0,Pound,4/4/2026
ORD-11943,CUST-872,PROD-112,BR-8,AG-14,1/30/2025,60203.61,Installments,12040.72,48162.89,12,0.2,4013.57,24081.44,0,EGP,4/4/2026
ORD-11944,CUST-417,PROD-71,BR-2,AG-15,11/21/2024,74538.29,Installments,14907.66,59630.63,12,0.2,4969.22,29815.32,0,Pound,4/4/2026
ORD-11945,CUST-108,PROD-93,BR-1,AG-11,6/22/2024,60131.56,Installments,12026.31,48105.25,12,0.2,4008.77,24052.62,0,EGP,4/4/2026
ORD-11946,CUST-535,PROD-162,BR-2,AG-13,1/22/2024,36028.45,Installments,7205.69,28822.76,12,0.2,2401.9,14411.38,0,EGP,4/4/2026
ORD-11947,CUST-570,PROD-110,BR-10,AG-2,5/27/2024,57451.21,Installments,11490.24,45960.97,12,0.2,3830.08,22980.48,0,EGP,1/1/1900
ORD-11948,CUST-160,PROD-199,BR-7,AG-14,12/5/2024,25218.44,Installments,5043.69,20174.75,12,0.2,1681.23,10087.38,0,EGP,4/4/2026
ORD-11949,CUST-248,PROD-168,BR-10,AG-6,7/19/2024,63487,Installments,12697.4,50789.6,12,0.2,4232.47,25394.8,15,EGP,4/4/2026
ORD-11950,CUST-767,PROD-69,BR-5,AG-12,2/21/2024,12125.59,Installments,2425.12,9700.47,12,0.2,808.37,4850.24,0,EGP,4/4/2026
ORD-11951,CUST-375,PROD-146,BR-9,AG-4,2/27/2024,47357.51,Installments,9471.5,37886.01,12,0.2,3157.17,18943,0,EGP,4/4/2026
ORD-11952,CUST-237,PROD-147,BR-1,AG-17,9/10/2024,49055.18,Installments,9811.04,39244.14,12,0.2,3270.35,19622.07,15,EGP,4/4/2026
ORD-11953,CUST-259,PROD-149,BR-10,AG-11,12/15/2024,63061.51,Cash,63061.51,0,0,0,0,0,0,EGP,
ORD-11954,CUST-436,PROD-198,BR-3,AG-1,1/21/2024,31704.46,Installments,6340.89,25363.57,12,0.2,2113.63,12681.78,0,egp,4/4/2026
ORD-11955,CUST-260,PROD-81,BR-8,AG-25,3/21/2024,22355.82,Cash,22355.82,0,0,0,0,0,0,EGP,
ORD-11956,CUST-621,PROD-103,BR-5,AG-17,4/18/2024,86239.71,Installments,17247.94,68991.77,12,0.2,5749.31,34495.88,120,EGP,4/4/2026
ORD-11957,CUST-283,PROD-154,BR-9,AG-23,10/5/2024,36707.06,Installments,7341.41,29365.65,12,0.2,2447.14,14682.82,0,EGP,4/4/2026
ORD-11958,CUST-487,PROD-108,BR-8,AG-11,8/8/2024,76480.66,Installments,15296.13,61184.53,12,0.2,5098.71,30592.26,0,EGP,4/4/2026
ORD-11959,CUST-884,PROD-121,BR-1,AG-4,12/15/2024,80171.37,Installments,16034.27,64137.1,12,0.2,5344.76,32068.55,0,Pound,4/4/2026
ORD-11960,CUST-280,PROD-106,BR-2,AG-25,10/15/2024,73402.06,Installments,14680.41,58721.65,12,0.2,4893.47,29360.82,15,EGP,4/4/2026
ORD-11961,CUST-868,PROD-150,BR-6,AG-8,1/24/2025,57221,Installments,11444.2,45776.8,12,0.2,3814.73,22888.4,0,egp,4/4/2026
ORD-11962,CUST-530,PROD-164,BR-10,AG-7,1/3/2025,24797.35,Installments,4959.47,19837.88,12,0.2,1653.16,9918.94,0,EGP,4/4/2026
ORD-11963,CUST-595,PROD-98,BR-2,AG-13,4/12/2024,35096.71,Installments,7019.34,28077.37,12,0.2,2339.78,14038.68,0,EGP,4/4/2026
ORD-11964,CUST-536,PROD-83,BR-3,AG-12,8/29/2024,26466.81,Installments,5293.36,21173.45,12,0.2,1764.45,10586.72,0,EGP,4/4/2026
ORD-11965,CUST-971,PROD-124,BR-1,AG-11,10/23/2024,86697.58,Installments,17339.52,69358.06,12,0.2,5779.84,34679.03,0,EGP,4/4/2026
ORD-11966,CUST-144,PROD-160,BR-10,AG-5,2/8/2024,25826.51,Cash,25826.51,0,0,0,0,0,0,EGP,
ORD-11967,CUST-182,PROD-158,BR-5,AG-17,10/24/2024,56709.24,Installments,11341.85,45367.39,12,0.2,3780.62,22683.7,15,EGP,4/4/2026
ORD-11968,CUST-558,PROD-187,BR-10,AG-10,12/24/2024,75951.5,Installments,15190.3,60761.2,12,0.2,5063.43,30380.6,0,EGP,4/4/2026
ORD-11969,CUST-670,PROD-123,BR-6,AG-20,3/28/2024,38468.48,Cash,38468.48,0,0,0,0,0,0,EGP,
ORD-11970,CUST-775,PROD-162,BR-5,AG-15,3/8/2024,52742.59,Installments,10548.52,42194.07,12,0.2,3516.17,21097.04,0,EGP,1/1/1900
ORD-11971,CUST-227,PROD-69,BR-3,AG-22,12/18/2024,27385.48,Installments,5477.1,21908.38,12,0.2,1825.7,10954.19,0,EGP,4/4/2026
ORD-11972,CUST-808,PROD-161,BR-1,AG-10,9/19/2024,60576.53,Installments,12115.31,48461.22,12,0.2,4038.44,24230.61,0,EGP,4/4/2026
ORD-11973,CUST-831,PROD-187,BR-7,AG-18,12/21/2024,19978.7,Installments,3995.74,15982.96,12,0.2,0,7991.48,120,EGP,4/4/2026
ORD-11974,CUST-276,PROD-128,BR-3,AG-17,1/20/2025,12006,Installments,2401.2,9604.8,12,0.2,800.4,4802.4,0,EGP,4/4/2026
ORD-11975,CUST-673,PROD-51,BR-5,AG-24,6/27/2024,63712.08,Cash,63712.08,0,0,0,0,0,0,EGP,
ORD-11976,CUST-530,PROD-154,BR-1,AG-2,9/29/2024,29787.03,Cash,29787.03,0,0,0,0,0,0,EGP,
ORD-11977,CUST-592,PROD-61,BR-4,AG-19,9/17/2024,27121.24,Installments,5424.25,21696.99,12,0.2,1808.08,10848.5,0,EGP,4/4/2026
ORD-11978,CUST-203,PROD-99,BR-9,AG-8,1/30/2025,17674.24,Installments,3534.85,14139.39,12,0.2,1178.28,7069.7,0,EGP,4/4/2026
ORD-11979,CUST-502,PROD-177,BR-9,AG-12,2/25/2024,10800.88,Installments,2160.18,8640.7,12,0.2,720.06,4320.35,0,egp,4/4/2026
ORD-11980,CUST-425,PROD-109,BR-8,AG-12,2/7/2024,46160.99,Cash,46160.99,0,0,0,0,0,0,EGP,
ORD-11981,CUST-404,PROD-98,BR-8,AG-6,2/13/2024,86582.37,Installments,17316.47,69265.9,12,0.2,5772.16,34632.95,45,EGP,4/4/2026
ORD-11982,CUST-778,PROD-110,BR-3,AG-10,2/8/2024,18416.69,Installments,3683.34,14733.35,12,0.2,1227.78,7366.68,0,EGP,4/4/2026
ORD-11983,CUST-896,PROD-147,BR-3,AG-20,5/18/2024,39384.24,Cash,39384.24,0,0,0,0,0,0,EGP,
ORD-11984,CUST-997,PROD-85,BR-7,AG-11,12/14/2024,40284.27,Cash,40284.27,0,0,0,0,0,0,EGP,
ORD-11985,CUST-883,PROD-191,BR-2,AG-21,12/25/2024,81400.66,Installments,16280.13,65120.53,12,0.2,5426.71,32560.26,0,EGP,4/4/2026
ORD-11986,CUST-916,PROD-116,BR-8,AG-19,12/30/2028,45080.58,Cash,45080.58,0,0,0,0,0,0,egp,
ORD-11987,CUST-971,PROD-77,BR-1,AG-14,12/10/2024,30006.96,Installments,6001.39,24005.57,12,0.2,2000.46,12002.78,0,EGP,1/1/1900
ORD-11988,CUST-376,PROD-57,BR-4,AG-4,4/15/2024,63546.95,Installments,12709.39,50837.56,12,0.2,4236.46,25418.78,15,EGP,4/4/2026
ORD-11989,CUST-496,PROD-74,BR-7,AG-25,11/24/2024,35326.81,Cash,35326.81,0,0,0,0,0,0,EGP,
ORD-11990,CUST-588,PROD-95,BR-3,AG-25,9/15/2024,48734.16,Installments,9746.83,38987.33,12,0.2,3248.94,19493.66,15,EGP,4/4/2026
ORD-11991,CUST-435,PROD-104,BR-5,AG-17,8/10/2024,56881.84,Installments,11376.37,45505.47,12,0.2,3792.12,22752.74,0,EGP,4/4/2026
ORD-11992,CUST-342,PROD-92,BR-4,AG-1,12/30/2028,34804.36,Installments,6960.87,27843.49,12,0.2,2320.29,13921.74,45,egp,4/4/2026
ORD-11993,CUST-583,PROD-167,BR-5,AG-21,9/29/2024,77642.7,Installments,15528.54,62114.16,12,0.2,5176.18,31057.08,45,EGP,4/4/2026
ORD-11994,CUST-535,PROD-143,BR-5,AG-2,1/2/2025,35088.89,Cash,35088.89,0,0,0,0,0,0,EGP,
ORD-11995,CUST-379,PROD-178,BR-9,AG-2,4/16/2024,21382.95,Installments,4276.59,17106.36,12,0.2,1425.53,8553.18,120,egp,4/4/2026
ORD-11996,CUST-441,PROD-200,BR-2,AG-10,4/19/2024,49975.03,Installments,9995.01,39980.02,12,0.2,3331.67,19990.01,0,EGP,4/4/2026
ORD-11997,CUST-634,PROD-62,BR-8,AG-24,11/19/2024,31085.92,Installments,6217.18,24868.74,12,0.2,2072.39,12434.37,0,EGP,4/4/2026
ORD-11998,CUST-172,PROD-142,BR-7,AG-7,1/25/2024,76736.99,Installments,15347.4,61389.59,12,0.2,5115.8,30694.8,15,EGP,4/4/2026
ORD-11999,CUST-253,PROD-57,BR-10,AG-14,2/25/2024,69479.19,Installments,13895.84,55583.35,12,0.2,4631.95,27791.68,0,EGP,4/4/2026
ORD-12000,CUST-193,PROD-133,BR-2,AG-1,7/11/2024,82900.26,Installments,16580.05,66320.21,12,0.2,5526.68,33160.1,0,EGP,4/4/2026
ORD-12001,CUST-370,PROD-190,BR-8,AG-7,12/22/2024,84337.78,Installments,16867.56,67470.22,12,0.2,5622.52,33735.11,15,EGP,4/4/2026
ORD-12002,CUST-954,PROD-153,BR-8,AG-7,9/5/2024,76914.19,Cash,76914.19,0,0,0,0,0,0,Pound,
ORD-12003,CUST-962,PROD-99,BR-10,AG-21,7/29/2024,35678.58,Installments,7135.72,28542.86,12,0.2,2378.57,14271.43,0,EGP,4/4/2026
ORD-12004,CUST-177,PROD-154,BR-10,AG-11,10/16/2024,74054.15,Cash,74054.15,0,0,0,0,0,0,egp,
ORD-12005,CUST-793,PROD-164,BR-9,AG-12,4/21/2024,12881.14,Installments,2576.23,10304.91,12,0.2,858.74,5152.46,15,EGP,4/4/2026
ORD-12006,CUST-588,PROD-135,BR-10,AG-12,3/7/2024,20526.52,Installments,4105.3,16421.22,12,0.2,1368.43,8210.61,0,Pound,4/4/2026
ORD-12007,CUST-335,PROD-173,BR-6,AG-18,2/3/2025,73544.12,Cash,73544.12,0,0,0,0,0,0,EGP,
ORD-12008,CUST-225,PROD-79,BR-5,AG-15,1/30/2024,88437.23,Installments,17687.45,70749.78,12,0.2,5895.82,35374.89,45,EGP,4/4/2026
ORD-12009,CUST-941,PROD-154,BR-4,AG-11,8/6/2024,35580.66,Cash,35580.66,0,0,0,0,0,0,EGP,
ORD-12010,CUST-187,PROD-118,BR-9,AG-6,3/3/2024,36821.51,Installments,7364.3,29457.21,12,0.2,2454.77,14728.6,45,EGP,1/1/1900
ORD-12011,CUST-293,PROD-100,BR-9,AG-15,7/12/2024,34081.55,Installments,6816.31,27265.24,12,0.2,2272.1,13632.62,0,Pound,4/4/2026
ORD-12012,CUST-654,PROD-71,BR-5,AG-16,2/23/2024,85754.71,Cash,85754.71,0,0,0,0,0,0,EGP,
ORD-12013,CUST-172,PROD-61,BR-6,AG-3,6/24/2024,43711.13,Cash,43711.13,0,0,0,0,0,0,EGP,
ORD-12014,CUST-600,PROD-65,BR-2,AG-10,7/27/2024,76683.55,Installments,15336.71,61346.84,12,0.2,5112.24,30673.42,0,EGP,4/4/2026
ORD-12015,CUST-854,PROD-167,BR-5,AG-8,10/12/2024,75551.34,Installments,15110.27,60441.07,12,0.2,5036.76,30220.54,0,Pound,4/4/2026
ORD-12016,CUST-673,PROD-199,BR-4,AG-9,12/15/2024,26721.36,Installments,5344.27,21377.09,12,0.2,1781.42,10688.54,0,EGP,4/4/2026
ORD-12017,CUST-161,PROD-78,BR-10,AG-3,4/27/2024,23826.53,Installments,4765.31,19061.22,12,0.2,0,9530.61,0,EGP,4/4/2026
ORD-12018,CUST-473,PROD-155,BR-2,AG-25,7/1/2024,36174.48,Installments,7234.9,28939.58,12,0.2,2411.63,14469.79,0,egp,4/4/2026
ORD-12019,CUST-900,PROD-163,BR-10,AG-20,4/16/2024,14443.52,Installments,2888.7,11554.82,12,0.2,962.9,5777.41,0,EGP,4/4/2026
ORD-12020,CUST-532,PROD-122,BR-6,AG-16,1/7/2025,62151.67,Installments,12430.33,49721.34,12,0.2,4143.44,24860.67,0,EGP,4/4/2026
ORD-12021,CUST-840,PROD-138,BR-1,AG-1,12/29/2024,67318.13,Installments,13463.63,53854.5,12,0.2,4487.88,26927.25,45,EGP,4/4/2026
ORD-12022,CUST-495,PROD-181,BR-7,AG-7,8/21/2024,53901.78,Installments,10780.36,43121.42,12,0.2,3593.45,21560.71,0,EGP,4/4/2026
ORD-12023,CUST-312,PROD-88,BR-2,AG-22,1/23/2025,73663.89,Installments,14732.78,58931.11,12,0.2,4910.93,29465.56,0,EGP,4/4/2026
ORD-12024,CUST-977,PROD-95,BR-5,AG-3,10/19/2024,46205.06,Installments,9241.01,36964.05,12,0.2,3080.34,18482.02,15,EGP,4/4/2026
ORD-12025,CUST-107,PROD-197,BR-1,AG-22,7/17/2024,55519.34,Installments,11103.87,44415.47,12,0.2,3701.29,22207.74,0,EGP,4/4/2026
ORD-12026,CUST-405,PROD-78,BR-9,AG-7,11/11/2024,39071.22,Cash,39071.22,0,0,0,0,0,0,EGP,
ORD-12027,CUST-684,PROD-120,BR-8,AG-1,12/13/2024,14358.04,Cash,14358.04,0,0,0,0,0,0,EGP,
ORD-12028,CUST-960,PROD-162,BR-9,AG-6,6/21/2024,42662.46,Installments,8532.49,34129.97,12,0.2,2844.16,17064.98,45,EGP,4/4/2026
ORD-12029,CUST-270,PROD-153,BR-2,AG-6,2/1/2024,21913.13,Cash,21913.13,0,0,0,0,0,0,Pound,
ORD-12030,CUST-341,PROD-102,BR-2,AG-17,10/5/2024,54828.13,Installments,10965.63,43862.5,12,0.2,3655.21,21931.25,0,EGP,4/4/2026
ORD-12031,CUST-968,PROD-98,BR-1,AG-7,6/15/2024,69230.07,Installments,13846.01,55384.06,12,0.2,4615.34,27692.03,15,Pound,4/4/2026
ORD-12032,CUST-542,PROD-55,BR-8,AG-12,6/22/2024,22752.71,Installments,4550.54,18202.17,12,0.2,1516.85,9101.08,15,EGP,4/4/2026
ORD-12033,CUST-277,PROD-177,BR-10,AG-18,7/4/2024,14345.49,Installments,2869.1,11476.39,12,0.2,956.37,5738.2,0,EGP,4/4/2026
ORD-12034,CUST-381,PROD-195,BR-10,AG-2,5/30/2024,39354.79,Cash,39354.79,0,0,0,0,0,0,EGP,
ORD-12035,CUST-643,PROD-87,BR-4,AG-6,5/10/2024,87502.14,Cash,87502.14,0,0,0,0,0,0,EGP,
ORD-12036,CUST-834,PROD-61,BR-2,AG-10,7/9/2024,58033.21,Cash,58033.21,0,0,0,0,0,0,EGP,
ORD-12037,CUST-894,PROD-193,BR-9,AG-8,2/17/2024,67759.89,Installments,13551.98,54207.91,12,0.2,4517.33,27103.96,45,EGP,4/4/2026
ORD-12038,CUST-758,PROD-200,BR-5,AG-14,7/12/2024,28580.31,Installments,5716.06,22864.25,12,0.2,1905.35,11432.12,45,EGP,4/4/2026
ORD-12039,CUST-921,PROD-153,BR-9,AG-4,5/16/2024,21877.91,Installments,4375.58,17502.33,12,0.2,1458.53,8751.16,0,EGP,4/4/2026
ORD-12040,CUST-490,PROD-166,BR-6,AG-10,1/9/2024,66348.02,Cash,66348.02,0,0,0,0,0,0,EGP,
ORD-12041,CUST-974,PROD-135,BR-1,AG-17,12/30/2028,69101.62,Installments,13820.32,55281.3,12,0.2,4606.77,27640.65,0,EGP,4/4/2026
ORD-12042,CUST-762,PROD-91,BR-9,AG-8,4/10/2024,65171.37,Cash,65171.37,0,0,0,0,0,0,EGP,
ORD-12043,CUST-290,PROD-59,BR-3,AG-3,10/28/2024,43426.35,Installments,8685.27,34741.08,12,0.2,2895.09,17370.54,0,egp,4/4/2026
ORD-12044,CUST-360,PROD-89,BR-7,AG-16,7/31/2024,80417.75,Installments,16083.55,64334.2,12,0.2,5361.18,32167.1,0,EGP,4/4/2026
ORD-12045,CUST-181,PROD-167,BR-9,AG-12,10/7/2024,60955.11,Installments,12191.02,48764.09,12,0.2,4063.67,24382.04,0,EGP,4/4/2026
ORD-12046,CUST-861,PROD-171,BR-9,AG-9,2/3/2024,24391.95,Installments,4878.39,19513.56,12,0.2,1626.13,9756.78,0,EGP,4/4/2026
ORD-12047,CUST-513,PROD-196,BR-8,AG-23,1/4/2024,35334.22,Installments,7066.84,28267.38,12,0.2,2355.61,14133.69,0,EGP,4/4/2026
ORD-12048,CUST-433,PROD-72,BR-9,AG-7,10/11/2024,75958.17,Cash,75958.17,0,0,0,0,0,0,egp,
ORD-12049,CUST-632,PROD-142,BR-6,AG-7,1/30/2024,42197.04,Installments,8439.41,33757.63,12,0.2,2813.14,16878.82,0,EGP,4/4/2026
ORD-12050,CUST-562,PROD-94,BR-1,AG-19,6/5/2024,41793.82,Cash,41793.82,0,0,0,0,0,0,EGP,
ORD-12051,CUST-955,PROD-114,BR-3,AG-11,8/11/2024,79755.89,Installments,15951.18,63804.71,12,0.2,5317.06,31902.36,0,EGP,4/4/2026
ORD-12052,CUST-120,PROD-70,BR-6,AG-23,11/9/2024,12804.8,Installments,2560.96,10243.84,12,0.2,853.65,5121.92,0,EGP,4/4/2026
ORD-12053,CUST-523,PROD-191,BR-4,AG-15,4/11/2024,70271.41,Cash,70271.41,0,0,0,0,0,0,Pound,
ORD-12054,CUST-670,PROD-168,BR-1,AG-1,12/14/2024,55637.55,Installments,11127.51,44510.04,12,0.2,3709.17,22255.02,0,egp,4/4/2026
ORD-12055,CUST-684,PROD-114,BR-9,AG-9,5/5/2024,11720.76,Installments,2344.15,9376.61,12,0.2,781.38,4688.3,0,egp,4/4/2026
ORD-12056,CUST-585,PROD-143,BR-10,AG-13,8/14/2024,77380.38,Installments,15476.08,61904.3,12,0.2,5158.69,30952.15,120,Pound,4/4/2026
ORD-12057,CUST-416,PROD-175,BR-10,AG-15,7/3/2024,57955.02,Installments,11591,46364.02,12,0.2,3863.67,23182.01,0,EGP,4/4/2026
ORD-12058,CUST-575,PROD-91,BR-5,AG-12,1/31/2025,45220.5,Installments,9044.1,36176.4,12,0.2,3014.7,18088.2,0,EGP,4/4/2026
ORD-12059,CUST-329,PROD-62,BR-2,AG-13,12/1/2024,48552.07,Cash,48552.07,0,0,0,0,0,0,Pound,
ORD-12060,CUST-233,PROD-75,BR-3,AG-25,9/15/2024,77464.45,Cash,77464.45,0,0,0,0,0,0,EGP,
ORD-12061,CUST-538,PROD-87,BR-1,AG-19,12/30/2028,57785.66,Installments,11557.13,46228.53,12,0.2,3852.38,23114.26,0,EGP,4/4/2026
ORD-12062,CUST-146,PROD-69,BR-7,AG-25,1/30/2025,21370.86,Installments,4274.17,17096.69,12,0.2,1424.72,8548.34,0,EGP,4/4/2026
ORD-12063,CUST-873,PROD-190,BR-7,AG-18,6/23/2024,16510.45,Installments,3302.09,13208.36,12,0.2,1100.7,6604.18,0,EGP,4/4/2026
ORD-12064,CUST-511,PROD-58,BR-10,AG-17,4/27/2024,45265.94,Installments,9053.19,36212.75,12,0.2,3017.73,18106.38,0,EGP,4/4/2026
ORD-12065,CUST-372,PROD-102,BR-3,AG-21,12/18/2024,53210.14,Installments,10642.03,42568.11,12,0.2,3547.34,21284.06,0,egp,1/1/1900
ORD-12066,CUST-711,PROD-105,BR-10,AG-20,1/12/2024,54661.67,Cash,54661.67,0,0,0,0,0,0,EGP,
ORD-12067,CUST-408,PROD-80,BR-5,AG-1,6/24/2024,80771.22,Installments,16154.24,64616.98,12,0.2,5384.75,32308.49,0,egp,4/4/2026
ORD-12068,CUST-197,PROD-98,BR-8,AG-9,12/30/2028,24180.12,Installments,4836.02,19344.1,12,0.2,1612.01,9672.05,0,EGP,4/4/2026
ORD-12069,CUST-179,PROD-113,BR-2,AG-25,1/24/2025,60971.43,Installments,12194.29,48777.14,12,0.2,0,24388.57,0,EGP,4/4/2026
ORD-12070,CUST-690,PROD-168,BR-7,AG-2,4/25/2024,15268.7,Cash,15268.7,0,0,0,0,0,0,EGP,
ORD-12071,CUST-993,PROD-142,BR-6,AG-5,6/12/2024,30096.35,Installments,6019.27,24077.08,12,0.2,2006.42,12038.54,0,EGP,4/4/2026
ORD-12072,CUST-950,PROD-56,BR-6,AG-12,7/25/2024,28586.55,Cash,28586.55,0,0,0,0,0,0,Pound,
ORD-12073,CUST-956,PROD-138,BR-1,AG-24,2/23/2024,44690.37,Cash,44690.37,0,0,0,0,0,0,EGP,
ORD-12074,CUST-603,PROD-88,BR-4,AG-8,3/15/2024,35948.43,Installments,7189.69,28758.74,12,0.2,2396.56,14379.37,0,EGP,4/4/2026
ORD-12075,CUST-742,PROD-160,BR-2,AG-22,8/19/2024,69734.54,Installments,13946.91,55787.63,12,0.2,4648.97,27893.82,0,EGP,4/4/2026
ORD-12076,CUST-658,PROD-81,BR-2,AG-21,9/1/2024,31649.03,Cash,31649.03,0,0,0,0,0,0,EGP,
ORD-12077,CUST-212,PROD-120,BR-5,AG-5,5/23/2024,83813.25,Installments,16762.65,67050.6,12,0.2,5587.55,33525.3,45,Pound,1/1/1900
ORD-12078,CUST-706,PROD-100,BR-2,AG-25,12/2/2024,19719.78,Cash,19719.78,0,0,0,0,0,0,EGP,
ORD-12079,CUST-440,PROD-186,BR-6,AG-4,3/2/2024,55069.46,Installments,11013.89,44055.57,12,0.2,3671.3,22027.78,0,EGP,4/4/2026
ORD-12080,CUST-857,PROD-83,BR-3,AG-3,9/3/2024,48234.15,Installments,9646.83,38587.32,12,0.2,3215.61,19293.66,0,EGP,4/4/2026
ORD-12081,CUST-528,PROD-86,BR-6,AG-1,1/12/2025,62238.43,Installments,12447.69,49790.74,12,0.2,4149.23,24895.37,0,egp,4/4/2026
ORD-12082,CUST-970,PROD-186,BR-10,AG-4,4/11/2024,24071.09,Installments,4814.22,19256.87,12,0.2,1604.74,9628.44,0,EGP,4/4/2026
ORD-12083,CUST-362,PROD-110,BR-1,AG-12,11/10/2024,24495.03,Installments,4899.01,19596.02,12,0.2,1633,9798.01,0,EGP,4/4/2026
ORD-12084,CUST-443,PROD-148,BR-4,AG-10,9/12/2024,34109.85,Installments,6821.97,27287.88,12,0.2,2273.99,13643.94,0,EGP,4/4/2026
ORD-12085,CUST-629,PROD-90,BR-2,AG-11,3/13/2024,46965.41,Installments,9393.08,37572.33,12,0.2,3131.03,18786.16,45,EGP,4/4/2026
ORD-12086,CUST-108,PROD-136,BR-2,AG-21,8/17/2024,86660.83,Cash,86660.83,0,0,0,0,0,0,egp,
ORD-12087,CUST-120,PROD-190,BR-3,AG-16,6/30/2024,17171.06,Installments,3434.21,13736.85,12,0.2,1144.74,6868.42,0,Pound,4/4/2026
ORD-12088,CUST-723,PROD-140,BR-10,AG-23,3/23/2024,53325.17,Installments,10665.03,42660.14,12,0.2,3555.01,21330.07,0,egp,4/4/2026
ORD-12089,CUST-649,PROD-101,BR-5,AG-21,4/7/2024,44585.59,Installments,8917.12,35668.47,12,0.2,2972.37,17834.24,0,EGP,4/4/2026
ORD-12090,CUST-502,PROD-157,BR-1,AG-8,12/31/2024,64269.05,Installments,12853.81,51415.24,12,0.2,4284.6,25707.62,0,EGP,4/4/2026
ORD-12091,CUST-772,PROD-88,BR-1,AG-3,11/3/2024,42130.28,Installments,8426.06,33704.22,12,0.2,2808.69,16852.11,0,egp,4/4/2026
ORD-12092,CUST-718,PROD-147,BR-9,AG-2,10/28/2024,66732.37,Installments,13346.47,53385.9,12,0.2,4448.82,26692.95,0,EGP,4/4/2026
ORD-12093,CUST-530,PROD-93,BR-5,AG-2,12/30/2028,52420.8,Installments,10484.16,41936.64,12,0.2,3494.72,20968.32,15,EGP,4/4/2026
ORD-12094,CUST-822,PROD-175,BR-1,AG-24,11/14/2024,43546.6,Cash,43546.6,0,0,0,0,0,0,EGP,
ORD-12095,CUST-881,PROD-159,BR-4,AG-12,2/6/2024,22109.16,Installments,4421.83,17687.33,12,0.2,1473.94,8843.66,0,egp,4/4/2026
ORD-12096,CUST-954,PROD-82,BR-2,AG-5,1/9/2025,53517.34,Installments,10703.47,42813.87,12,0.2,3567.82,21406.94,15,Pound,4/4/2026
ORD-12097,CUST-786,PROD-121,BR-7,AG-8,9/12/2024,87588.72,Installments,17517.74,70070.98,12,0.2,5839.25,35035.49,0,egp,4/4/2026
ORD-12098,CUST-745,PROD-70,BR-10,AG-25,11/22/2024,31374.55,Cash,31374.55,0,0,0,0,0,0,EGP,
ORD-12099,CUST-887,PROD-142,BR-3,AG-9,4/26/2024,87317.02,Installments,17463.4,69853.62,12,0.2,5821.13,34926.81,0,EGP,4/4/2026
ORD-12100,CUST-905,PROD-170,BR-10,AG-15,6/16/2024,30666.33,Cash,30666.33,0,0,0,0,0,0,EGP,
ORD-12101,CUST-127,PROD-68,BR-8,AG-23,5/17/2024,89784.96,Cash,89784.96,0,0,0,0,0,0,egp,
ORD-12102,CUST-957,PROD-91,BR-5,AG-14,6/3/2024,52566.51,Installments,10513.3,42053.21,12,0.2,3504.43,21026.6,0,EGP,4/4/2026
ORD-12103,CUST-180,PROD-130,BR-8,AG-8,6/28/2024,61568.67,Installments,12313.73,49254.94,12,0.2,4104.58,24627.47,0,EGP,4/4/2026
ORD-12104,CUST-116,PROD-98,BR-4,AG-12,12/27/2024,40855.17,Cash,40855.17,0,0,0,0,0,0,egp,
ORD-12105,CUST-186,PROD-100,BR-7,AG-3,8/5/2024,49631.36,Cash,49631.36,0,0,0,0,0,0,Pound,
ORD-12106,CUST-429,PROD-161,BR-9,AG-14,11/16/2024,68184.94,Installments,13636.99,54547.95,12,0.2,4545.66,27273.98,15,EGP,4/4/2026
ORD-12107,CUST-642,PROD-87,BR-8,AG-8,5/20/2024,67121.43,Cash,67121.43,0,0,0,0,0,0,EGP,
ORD-12108,CUST-321,PROD-138,BR-8,AG-11,1/13/2025,89868.73,Installments,17973.75,71894.98,12,0.2,5991.25,35947.49,15,EGP,4/4/2026
ORD-12109,CUST-226,PROD-76,BR-6,AG-11,4/20/2024,16673.35,Installments,3334.67,13338.68,12,0.2,1111.56,6669.34,0,EGP,4/4/2026
ORD-12110,CUST-991,PROD-181,BR-2,AG-24,3/29/2024,82092.75,Cash,82092.75,0,0,0,0,0,0,EGP,
ORD-12111,CUST-403,PROD-50,BR-10,AG-6,1/9/2024,62954.66,Cash,62954.66,0,0,0,0,0,0,EGP,
ORD-12112,CUST-861,PROD-101,BR-2,AG-24,1/1/2025,63944.6,Installments,12788.92,51155.68,12,0.2,0,25577.84,0,EGP,4/4/2026
ORD-12113,CUST-893,PROD-91,BR-3,AG-10,3/20/2024,53636.54,Installments,10727.31,42909.23,12,0.2,3575.77,21454.62,0,Pound,4/4/2026
ORD-12114,CUST-291,PROD-150,BR-8,AG-7,11/8/2024,46362.54,Installments,9272.51,37090.03,12,0.2,3090.84,18545.02,0,EGP,4/4/2026
ORD-12115,CUST-601,PROD-125,BR-5,AG-14,1/23/2025,16462.46,Installments,3292.49,13169.97,12,0.2,1097.5,6584.98,0,EGP,4/4/2026
ORD-12116,CUST-386,PROD-192,BR-2,AG-13,8/13/2024,47361.73,Cash,47361.73,0,0,0,0,0,0,EGP,
ORD-12117,CUST-434,PROD-153,BR-2,AG-2,3/19/2024,46344.83,Installments,9268.97,37075.86,12,0.2,3089.66,18537.93,15,EGP,4/4/2026
ORD-12118,CUST-984,PROD-121,BR-7,AG-20,8/21/2024,74633.16,Cash,74633.16,0,0,0,0,0,0,Pound,
ORD-12119,CUST-418,PROD-66,BR-4,AG-4,6/21/2024,17695.78,Cash,17695.78,0,0,0,0,0,0,Pound,
ORD-12120,CUST-348,PROD-102,BR-3,AG-25,10/22/2024,60778.45,Installments,12155.69,48622.76,12,0.2,4051.9,24311.38,0,EGP,4/4/2026
ORD-12121,CUST-931,PROD-155,BR-1,AG-9,9/30/2024,40787.49,Installments,8157.5,32629.99,12,0.2,2719.17,16315,0,EGP,4/4/2026
ORD-12122,CUST-829,PROD-112,BR-8,AG-17,6/14/2024,14896.08,Installments,2979.22,11916.86,12,0.2,993.07,5958.43,0,egp,4/4/2026
ORD-12123,CUST-376,PROD-93,BR-10,AG-4,11/4/2024,88316.18,Installments,17663.24,70652.94,12,0.2,5887.75,35326.47,0,EGP,4/4/2026
ORD-12124,CUST-789,PROD-134,BR-7,AG-24,6/2/2024,66365.21,Installments,13273.04,53092.17,12,0.2,4424.35,26546.08,0,EGP,4/4/2026
ORD-12125,CUST-995,PROD-68,BR-8,AG-12,8/30/2024,84699.93,Cash,84699.93,0,0,0,0,0,0,EGP,
ORD-12126,CUST-941,PROD-104,BR-9,AG-21,4/13/2024,50466.25,Cash,50466.25,0,0,0,0,0,0,Pound,
ORD-12127,CUST-406,PROD-137,BR-5,AG-4,2/24/2024,79128.91,Installments,15825.78,63303.13,12,0.2,5275.26,31651.56,0,egp,4/4/2026
ORD-12128,CUST-699,PROD-179,BR-3,AG-6,12/4/2024,30863.61,Installments,6172.72,24690.89,12,0.2,2057.57,12345.44,45,EGP,4/4/2026
ORD-12129,CUST-228,PROD-137,BR-10,AG-19,6/13/2024,23617.47,Installments,4723.49,18893.98,12,0.2,1574.5,9446.99,15,EGP,4/4/2026
ORD-12130,CUST-889,PROD-69,BR-9,AG-11,1/11/2025,41146.47,Installments,8229.29,32917.18,12,0.2,2743.1,16458.59,0,Pound,4/4/2026
ORD-12131,CUST-759,PROD-59,BR-7,AG-21,11/17/2024,31135.22,Installments,6227.04,24908.18,12,0.2,2075.68,12454.09,0,Pound,4/4/2026
ORD-12132,CUST-779,PROD-200,BR-9,AG-25,9/15/2024,42329.77,Installments,8465.95,33863.82,12,0.2,2821.98,16931.91,0,EGP,4/4/2026
ORD-12133,CUST-740,PROD-179,BR-10,AG-23,7/4/2024,44229.6,Installments,8845.92,35383.68,12,0.2,2948.64,17691.84,0,EGP,4/4/2026
ORD-12134,CUST-361,PROD-81,BR-2,AG-5,5/22/2024,58297.19,Cash,58297.19,0,0,0,0,0,0,EGP,
ORD-12135,CUST-728,PROD-79,BR-6,AG-18,7/30/2024,40900.98,Installments,8180.2,32720.78,12,0.2,2726.73,16360.39,0,EGP,1/1/1900
ORD-12136,CUST-255,PROD-112,BR-4,AG-8,9/15/2024,28037.78,Cash,28037.78,0,0,0,0,0,0,egp,
ORD-12137,CUST-859,PROD-90,BR-9,AG-20,5/7/2024,17470.07,Installments,3494.01,13976.06,12,0.2,1164.67,6988.03,0,EGP,4/4/2026
ORD-12138,CUST-854,PROD-166,BR-3,AG-17,4/7/2024,70944,Installments,14188.8,56755.2,12,0.2,4729.6,28377.6,0,EGP,4/4/2026
ORD-12139,CUST-531,PROD-198,BR-5,AG-24,9/17/2024,45569.03,Installments,9113.81,36455.22,12,0.2,3037.94,18227.61,0,EGP,4/4/2026
ORD-12140,CUST-352,PROD-114,BR-7,AG-15,12/21/2024,66754.25,Installments,13350.85,53403.4,12,0.2,4450.28,26701.7,0,EGP,4/4/2026
ORD-12141,CUST-680,PROD-132,BR-5,AG-20,10/17/2024,81890.34,Installments,16378.07,65512.27,12,0.2,5459.36,32756.14,0,egp,4/4/2026
ORD-12142,CUST-482,PROD-142,BR-9,AG-16,2/22/2024,86682.18,Installments,17336.44,69345.74,12,0.2,5778.81,34672.87,15,EGP,4/4/2026
ORD-12143,CUST-672,PROD-147,BR-5,AG-5,8/3/2024,66938.34,Installments,13387.67,53550.67,12,0.2,4462.56,26775.34,45,egp,4/4/2026
ORD-12144,CUST-803,PROD-127,BR-8,AG-20,1/31/2025,25425.01,Cash,25425.01,0,0,0,0,0,0,EGP,
ORD-12145,CUST-295,PROD-96,BR-3,AG-21,1/13/2024,24986.33,Installments,4997.27,19989.06,12,0.2,1665.76,9994.53,0,EGP,4/4/2026
ORD-12146,CUST-583,PROD-188,BR-9,AG-10,8/6/2024,32678.71,Installments,6535.74,26142.97,12,0.2,2178.58,13071.48,15,EGP,4/4/2026
ORD-12147,CUST-181,PROD-72,BR-5,AG-6,9/27/2024,77036.44,Cash,77036.44,0,0,0,0,0,0,EGP,
ORD-12148,CUST-668,PROD-159,BR-9,AG-6,11/21/2024,54914.52,Installments,10982.9,43931.62,12,0.2,3660.97,21965.81,0,EGP,4/4/2026
ORD-12149,CUST-507,PROD-188,BR-9,AG-1,9/18/2024,32729.46,Installments,6545.89,26183.57,12,0.2,2181.96,13091.78,0,EGP,4/4/2026
ORD-12150,CUST-525,PROD-88,BR-5,AG-15,7/7/2024,79443.71,Installments,15888.74,63554.97,12,0.2,5296.25,31777.48,45,EGP,4/4/2026
ORD-12151,CUST-711,PROD-114,BR-4,AG-20,9/3/2024,57688.93,Cash,57688.93,0,0,0,0,0,0,EGP,
ORD-12152,CUST-475,PROD-68,BR-2,AG-10,12/30/2028,71657.63,Cash,71657.63,0,0,0,0,0,0,Pound,
ORD-12153,CUST-722,PROD-75,BR-8,AG-6,6/26/2024,71291.49,Cash,71291.49,0,0,0,0,0,0,egp,
ORD-12154,CUST-762,PROD-59,BR-5,AG-2,11/14/2024,28208.59,Installments,5641.72,22566.87,12,0.2,1880.57,11283.44,0,EGP,4/4/2026
ORD-12155,CUST-837,PROD-199,BR-1,AG-17,11/13/2024,54694.14,Installments,10938.83,43755.31,12,0.2,3646.28,21877.66,45,EGP,4/4/2026
ORD-12156,CUST-626,PROD-180,BR-1,AG-12,1/30/2024,63682.55,Installments,12736.51,50946.04,12,0.2,4245.5,25473.02,0,EGP,4/4/2026
ORD-12157,CUST-384,PROD-150,BR-6,AG-18,3/18/2024,16613.68,Installments,3322.74,13290.94,12,0.2,1107.58,6645.47,0,EGP,4/4/2026
ORD-12158,CUST-657,PROD-188,BR-7,AG-1,7/15/2024,24748.17,Installments,4949.63,19798.54,12,0.2,1649.88,9899.27,15,EGP,4/4/2026
ORD-12159,CUST-622,PROD-147,BR-7,AG-13,4/24/2024,50530.34,Installments,10106.07,40424.27,12,0.2,3368.69,20212.14,120,EGP,4/4/2026
ORD-12160,CUST-283,PROD-157,BR-7,AG-7,3/15/2024,14346.41,Installments,2869.28,11477.13,12,0.2,956.43,5738.56,0,EGP,4/4/2026
ORD-12161,CUST-552,PROD-144,BR-1,AG-24,9/22/2024,76663.05,Installments,15332.61,61330.44,12,0.2,5110.87,30665.22,0,EGP,4/4/2026
ORD-12162,CUST-988,PROD-63,BR-5,AG-4,2/26/2024,33667.7,Cash,33667.7,0,0,0,0,0,0,EGP,
ORD-12163,CUST-647,PROD-190,BR-10,AG-18,8/12/2024,68296.3,Installments,13659.26,54637.04,12,0.2,0,27318.52,0,EGP,4/4/2026
ORD-12164,CUST-645,PROD-122,BR-7,AG-17,3/16/2024,84511.92,Installments,16902.38,67609.54,12,0.2,5634.13,33804.77,0,EGP,4/4/2026
ORD-12165,CUST-668,PROD-84,BR-7,AG-16,5/4/2024,25260.04,Installments,5052.01,20208.03,12,0.2,1684,10104.02,0,EGP,4/4/2026
ORD-12166,CUST-939,PROD-179,BR-2,AG-2,1/22/2025,67454.07,Installments,13490.81,53963.26,12,0.2,4496.94,26981.63,15,EGP,4/4/2026
ORD-12167,CUST-565,PROD-164,BR-4,AG-16,12/30/2028,50058.02,Installments,10011.6,40046.42,12,0.2,3337.2,20023.21,15,EGP,4/4/2026
ORD-12168,CUST-995,PROD-198,BR-6,AG-1,2/10/2024,61386.9,Installments,12277.38,49109.52,12,0.2,4092.46,24554.76,45,EGP,4/4/2026
ORD-12169,CUST-350,PROD-195,BR-6,AG-14,8/25/2024,31951.19,Installments,6390.24,25560.95,12,0.2,2130.08,12780.48,0,Pound,4/4/2026
ORD-12170,CUST-441,PROD-183,BR-5,AG-13,9/4/2024,30888.8,Installments,6177.76,24711.04,12,0.2,2059.25,12355.52,0,EGP,4/4/2026
ORD-12171,CUST-930,PROD-170,BR-8,AG-11,10/5/2024,44221.61,Installments,8844.32,35377.29,12,0.2,2948.11,17688.64,45,EGP,4/4/2026
ORD-12172,CUST-161,PROD-157,BR-1,AG-4,4/20/2024,76189.39,Installments,15237.88,60951.51,12,0.2,5079.29,30475.76,15,EGP,4/4/2026
ORD-12173,CUST-148,PROD-108,BR-6,AG-25,12/22/2024,61404.87,Cash,61404.87,0,0,0,0,0,0,egp,
ORD-12174,CUST-328,PROD-185,BR-7,AG-12,2/19/2024,15595.66,Cash,15595.66,0,0,0,0,0,0,EGP,
ORD-12175,CUST-595,PROD-140,BR-2,AG-12,1/18/2025,80022.43,Cash,80022.43,0,0,0,0,0,0,Pound,
ORD-12176,CUST-879,PROD-81,BR-7,AG-5,1/22/2024,28021.58,Installments,5604.32,22417.26,12,0.2,1868.11,11208.63,0,EGP,4/4/2026
ORD-12177,CUST-961,PROD-96,BR-8,AG-4,5/16/2024,18984.49,Installments,3796.9,15187.59,12,0.2,1265.63,7593.8,0,EGP,4/4/2026
ORD-12178,CUST-371,PROD-182,BR-3,AG-13,9/5/2024,56974.89,Installments,11394.98,45579.91,12,0.2,3798.33,22789.96,15,EGP,4/4/2026
ORD-12179,CUST-637,PROD-172,BR-9,AG-21,10/25/2024,80563.23,Installments,16112.65,64450.58,12,0.2,5370.88,32225.29,0,EGP,4/4/2026
ORD-12180,CUST-839,PROD-158,BR-9,AG-13,9/17/2024,44830.84,Installments,8966.17,35864.67,12,0.2,2988.72,17932.34,0,EGP,1/1/1900
ORD-12181,CUST-720,PROD-140,BR-5,AG-6,5/20/2024,38187.91,Installments,7637.58,30550.33,12,0.2,2545.86,15275.16,0,EGP,1/1/1900
ORD-12182,CUST-843,PROD-197,BR-8,AG-6,11/19/2024,86909.43,Installments,17381.89,69527.54,12,0.2,5793.96,34763.77,120,EGP,4/4/2026
ORD-12183,CUST-660,PROD-199,BR-8,AG-25,5/19/2024,64049.72,Installments,12809.94,51239.78,12,0.2,4269.98,25619.89,15,egp,4/4/2026
ORD-12184,CUST-910,PROD-106,BR-8,AG-7,6/25/2024,13106.87,Installments,2621.37,10485.5,12,0.2,873.79,5242.75,0,Pound,4/4/2026
ORD-12185,CUST-139,PROD-60,BR-2,AG-9,3/21/2024,69097.24,Installments,13819.45,55277.79,12,0.2,4606.48,27638.9,0,EGP,4/4/2026
ORD-12186,CUST-960,PROD-88,BR-7,AG-12,10/14/2024,36906.28,Cash,36906.28,0,0,0,0,0,0,egp,
ORD-12187,CUST-136,PROD-144,BR-10,AG-22,12/1/2024,82823.39,Installments,16564.68,66258.71,12,0.2,5521.56,33129.36,120,EGP,4/4/2026
ORD-12188,CUST-938,PROD-64,BR-2,AG-10,7/12/2024,59432.35,Cash,59432.35,0,0,0,0,0,0,EGP,
ORD-12189,CUST-753,PROD-175,BR-7,AG-23,2/22/2024,81695.17,Installments,16339.03,65356.14,12,0.2,5446.34,32678.07,0,EGP,1/1/1900
ORD-12190,CUST-495,PROD-199,BR-9,AG-1,4/15/2024,46544.05,Installments,9308.81,37235.24,12,0.2,3102.94,18617.62,0,egp,4/4/2026
ORD-12191,CUST-984,PROD-68,BR-8,AG-17,11/22/2024,32293.17,Installments,6458.63,25834.54,12,0.2,2152.88,12917.27,0,EGP,4/4/2026
ORD-12192,CUST-286,PROD-77,BR-5,AG-22,8/22/2024,89764.41,Cash,89764.41,0,0,0,0,0,0,EGP,
ORD-12193,CUST-994,PROD-51,BR-10,AG-18,12/30/2024,25608.08,Cash,25608.08,0,0,0,0,0,0,EGP,
ORD-12194,CUST-852,PROD-103,BR-2,AG-21,1/28/2024,33371.56,Installments,6674.31,26697.25,12,0.2,2224.77,13348.62,15,EGP,4/4/2026
ORD-12195,CUST-894,PROD-56,BR-9,AG-1,8/27/2024,87635.55,Cash,87635.55,0,0,0,0,0,0,EGP,
ORD-12196,CUST-298,PROD-193,BR-6,AG-13,11/10/2024,23916.6,Installments,4783.32,19133.28,12,0.2,1594.44,9566.64,0,EGP,4/4/2026
ORD-12197,CUST-963,PROD-190,BR-5,AG-9,1/30/2025,23308.78,Installments,4661.76,18647.02,12,0.2,1553.92,9323.51,0,EGP,4/4/2026
ORD-12198,CUST-253,PROD-171,BR-10,AG-8,1/15/2025,59407.28,Installments,11881.46,47525.82,12,0.2,3960.49,23762.91,0,Pound,4/4/2026
ORD-12199,CUST-479,PROD-99,BR-2,AG-16,9/28/2024,10656.35,Installments,2131.27,8525.08,12,0.2,710.42,4262.54,0,EGP,1/1/1900
ORD-12200,CUST-187,PROD-125,BR-1,AG-25,9/29/2024,44194.89,Installments,8838.98,35355.91,12,0.2,2946.33,17677.96,0,EGP,4/4/2026
ORD-12201,CUST-388,PROD-188,BR-2,AG-19,4/30/2024,14281.49,Installments,2856.3,11425.19,12,0.2,952.1,5712.6,0,EGP,1/1/1900
ORD-12202,CUST-704,PROD-64,BR-10,AG-21,2/1/2024,24970.05,Installments,4994.01,19976.04,12,0.2,1664.67,9988.02,0,EGP,4/4/2026
ORD-12203,CUST-894,PROD-104,BR-7,AG-22,2/12/2024,33040.49,Cash,33040.49,0,0,0,0,0,0,EGP,
ORD-12204,CUST-976,PROD-159,BR-5,AG-23,10/24/2024,28837.79,Cash,28837.79,0,0,0,0,0,0,Pound,
ORD-12205,CUST-386,PROD-115,BR-10,AG-13,12/21/2024,28422.04,Installments,5684.41,22737.63,12,0.2,1894.8,11368.82,0,EGP,4/4/2026
ORD-12206,CUST-739,PROD-87,BR-10,AG-13,1/23/2025,86304.84,Installments,17260.97,69043.87,12,0.2,5753.66,34521.94,0,EGP,4/4/2026
ORD-12207,CUST-181,PROD-195,BR-7,AG-20,12/6/2024,24373.07,Installments,4874.61,19498.46,12,0.2,1624.87,9749.23,0,EGP,4/4/2026
ORD-12208,CUST-544,PROD-65,BR-7,AG-13,9/3/2024,60236.02,Installments,12047.2,48188.82,12,0.2,4015.73,24094.41,15,EGP,4/4/2026
ORD-12209,CUST-666,PROD-96,BR-2,AG-21,10/18/2024,77687.73,Installments,15537.55,62150.18,12,0.2,5179.18,31075.09,15,EGP,4/4/2026
ORD-12210,CUST-599,PROD-117,BR-7,AG-14,1/16/2024,20693.5,Installments,4138.7,16554.8,12,0.2,1379.57,8277.4,0,EGP,4/4/2026
ORD-12211,CUST-884,PROD-173,BR-4,AG-4,5/16/2024,21417.67,Installments,4283.53,17134.14,12,0.2,0,8567.07,0,EGP,4/4/2026
ORD-12212,CUST-785,PROD-171,BR-1,AG-9,8/24/2024,79948.1,Cash,79948.1,0,0,0,0,0,0,egp,
ORD-12213,CUST-883,PROD-130,BR-5,AG-8,10/12/2024,63330.08,Installments,12666.02,50664.06,12,0.2,4222.01,25332.03,0,Pound,4/4/2026
ORD-12214,CUST-341,PROD-103,BR-3,AG-6,9/1/2024,49400.07,Installments,9880.01,39520.06,12,0.2,3293.34,19760.03,0,egp,4/4/2026
ORD-12215,CUST-147,PROD-145,BR-4,AG-3,1/27/2024,62329.88,Installments,12465.98,49863.9,12,0.2,4155.33,24931.95,0,EGP,4/4/2026
ORD-12216,CUST-966,PROD-113,BR-2,AG-12,3/1/2024,86271.56,Cash,86271.56,0,0,0,0,0,0,EGP,
ORD-12217,CUST-184,PROD-196,BR-10,AG-7,5/10/2024,39404.18,Installments,7880.84,31523.34,12,0.2,2626.95,15761.67,15,EGP,4/4/2026
ORD-12218,CUST-236,PROD-131,BR-6,AG-6,12/30/2028,59383.77,Installments,11876.75,47507.02,12,0.2,3958.92,23753.51,0,EGP,4/4/2026
ORD-12219,CUST-989,PROD-164,BR-6,AG-12,11/18/2024,19916.58,Installments,3983.32,15933.26,12,0.2,1327.77,7966.63,0,Pound,4/4/2026
ORD-12220,CUST-805,PROD-91,BR-1,AG-13,11/23/2024,17091.6,Installments,3418.32,13673.28,12,0.2,1139.44,6836.64,0,Pound,4/4/2026
ORD-12221,CUST-120,PROD-191,BR-5,AG-15,4/2/2024,84490.59,Cash,84490.59,0,0,0,0,0,0,EGP,
ORD-12222,CUST-868,PROD-115,BR-2,AG-1,5/5/2024,12999.09,Installments,2599.82,10399.27,12,0.2,866.61,5199.64,120,Pound,4/4/2026
ORD-12223,CUST-206,PROD-77,BR-10,AG-15,6/25/2024,12182.61,Installments,2436.52,9746.09,12,0.2,812.17,4873.04,0,EGP,4/4/2026
ORD-12224,CUST-704,PROD-187,BR-8,AG-5,2/14/2024,78064.02,Installments,15612.8,62451.22,12,0.2,5204.27,31225.61,0,egp,4/4/2026
ORD-12225,CUST-190,PROD-136,BR-10,AG-23,10/20/2024,68702.53,Installments,13740.51,54962.02,12,0.2,4580.17,27481.01,120,Pound,4/4/2026
ORD-12226,CUST-292,PROD-154,BR-6,AG-6,2/1/2024,79478.67,Installments,15895.73,63582.94,12,0.2,5298.58,31791.47,0,EGP,4/4/2026
ORD-12227,CUST-382,PROD-130,BR-8,AG-8,5/29/2024,43826.65,Installments,8765.33,35061.32,12,0.2,2921.78,17530.66,0,EGP,4/4/2026
ORD-12228,CUST-879,PROD-125,BR-3,AG-9,12/9/2024,48093.81,Installments,9618.76,38475.05,12,0.2,3206.25,19237.52,0,EGP,4/4/2026
ORD-12229,CUST-825,PROD-102,BR-10,AG-6,4/30/2024,11855.38,Cash,11855.38,0,0,0,0,0,0,egp,
ORD-12230,CUST-511,PROD-138,BR-8,AG-18,3/9/2024,17374.52,Installments,3474.9,13899.62,12,0.2,1158.3,6949.81,0,EGP,4/4/2026
ORD-12231,CUST-350,PROD-137,BR-8,AG-13,6/11/2024,39342.93,Installments,7868.59,31474.34,12,0.2,2622.86,15737.17,0,EGP,4/4/2026
ORD-12232,CUST-906,PROD-167,BR-4,AG-2,2/13/2024,59698.87,Installments,11939.77,47759.1,12,0.2,3979.92,23879.55,0,egp,4/4/2026
ORD-12233,CUST-905,PROD-76,BR-1,AG-8,7/13/2024,78293.98,Cash,78293.98,0,0,0,0,0,0,EGP,
ORD-12234,CUST-901,PROD-92,BR-8,AG-25,1/19/2024,55335.89,Cash,55335.89,0,0,0,0,0,0,Pound,
ORD-12235,CUST-311,PROD-55,BR-5,AG-22,12/30/2028,87775.05,Installments,17555.01,70220.04,12,0.2,5851.67,35110.02,45,EGP,4/4/2026
ORD-12236,CUST-367,PROD-196,BR-10,AG-12,12/20/2024,12538.87,Installments,2507.77,10031.1,12,0.2,835.92,5015.55,0,EGP,4/4/2026
ORD-12237,CUST-145,PROD-55,BR-7,AG-10,1/18/2024,34320.9,Installments,6864.18,27456.72,12,0.2,2288.06,13728.36,0,EGP,4/4/2026
ORD-12238,CUST-726,PROD-114,BR-10,AG-8,12/30/2028,39655.64,Installments,7931.13,31724.51,12,0.2,2643.71,15862.26,45,EGP,4/4/2026
ORD-12239,CUST-243,PROD-50,BR-7,AG-18,11/14/2024,53293.29,Installments,10658.66,42634.63,12,0.2,3552.89,21317.32,0,EGP,4/4/2026
ORD-12240,CUST-161,PROD-63,BR-4,AG-9,1/21/2024,79239.59,Cash,79239.59,0,0,0,0,0,0,EGP,
ORD-12241,CUST-319,PROD-188,BR-4,AG-24,2/20/2024,19073.24,Installments,3814.65,15258.59,12,0.2,1271.55,7629.3,0,EGP,4/4/2026
ORD-12242,CUST-490,PROD-70,BR-5,AG-13,2/25/2024,55280.62,Cash,55280.62,0,0,0,0,0,0,EGP,
ORD-12243,CUST-951,PROD-177,BR-7,AG-25,12/30/2028,58339.39,Cash,58339.39,0,0,0,0,0,0,EGP,
ORD-12244,CUST-252,PROD-152,BR-9,AG-22,1/29/2025,63335.15,Installments,12667.03,50668.12,12,0.2,4222.34,25334.06,0,EGP,4/4/2026
ORD-12245,CUST-707,PROD-104,BR-10,AG-7,8/6/2024,84233.31,Cash,84233.31,0,0,0,0,0,0,Pound,
ORD-12246,CUST-179,PROD-74,BR-7,AG-2,7/23/2024,27127.96,Installments,5425.59,21702.37,12,0.2,1808.53,10851.18,0,EGP,4/4/2026
ORD-12247,CUST-521,PROD-175,BR-7,AG-11,7/31/2024,21260.84,Cash,21260.84,0,0,0,0,0,0,EGP,
ORD-12248,CUST-362,PROD-172,BR-6,AG-12,12/19/2024,73462.69,Installments,14692.54,58770.15,12,0.2,4897.51,29385.08,0,EGP,4/4/2026
ORD-12249,CUST-724,PROD-75,BR-10,AG-13,11/5/2024,21498.61,Installments,4299.72,17198.89,12,0.2,1433.24,8599.44,0,Pound,4/4/2026
ORD-12250,CUST-850,PROD-135,BR-4,AG-4,5/10/2024,49921.35,Installments,9984.27,39937.08,12,0.2,3328.09,19968.54,15,EGP,4/4/2026
ORD-12251,CUST-784,PROD-164,BR-1,AG-15,1/16/2024,61192.18,Installments,12238.44,48953.74,12,0.2,4079.48,24476.87,0,EGP,4/4/2026
ORD-12252,CUST-658,PROD-197,BR-7,AG-7,8/24/2024,44577.25,Installments,8915.45,35661.8,12,0.2,2971.82,17830.9,15,EGP,4/4/2026
ORD-12253,CUST-582,PROD-139,BR-2,AG-14,7/20/2024,52707.47,Cash,52707.47,0,0,0,0,0,0,EGP,
ORD-12254,CUST-389,PROD-129,BR-1,AG-5,7/14/2024,12859.48,Installments,2571.9,10287.58,12,0.2,857.3,5143.79,15,EGP,4/4/2026
ORD-12255,CUST-278,PROD-152,BR-9,AG-4,9/6/2024,88967.74,Cash,88967.74,0,0,0,0,0,0,EGP,
ORD-12256,CUST-405,PROD-95,BR-7,AG-3,1/23/2024,53223.06,Cash,53223.06,0,0,0,0,0,0,egp,
ORD-12257,CUST-106,PROD-153,BR-6,AG-6,6/26/2024,83951.09,Cash,83951.09,0,0,0,0,0,0,EGP,
ORD-12258,CUST-213,PROD-192,BR-2,AG-21,1/9/2024,26592.06,Cash,26592.06,0,0,0,0,0,0,EGP,
ORD-12259,CUST-945,PROD-96,BR-3,AG-5,10/5/2024,10505.68,Installments,2101.14,8404.54,12,0.2,700.38,4202.27,0,EGP,4/4/2026
ORD-12260,CUST-640,PROD-145,BR-9,AG-23,1/26/2024,56117.16,Installments,11223.43,44893.73,12,0.2,3741.14,22446.86,0,EGP,4/4/2026
ORD-12261,CUST-897,PROD-144,BR-8,AG-16,3/29/2024,67240.87,Installments,13448.17,53792.7,12,0.2,0,26896.35,0,EGP,4/4/2026
ORD-12262,CUST-181,PROD-130,BR-4,AG-6,8/7/2024,10651.96,Cash,10651.96,0,0,0,0,0,0,EGP,
ORD-12263,CUST-883,PROD-96,BR-4,AG-1,1/1/2025,65190.57,Installments,13038.11,52152.46,12,0.2,4346.04,26076.23,0,EGP,4/4/2026
ORD-12264,CUST-400,PROD-125,BR-6,AG-1,11/30/2024,38049.71,Installments,7609.94,30439.77,12,0.2,2536.65,15219.88,0,EGP,4/4/2026
ORD-12265,CUST-170,PROD-172,BR-5,AG-10,8/27/2024,20612.26,Installments,4122.45,16489.81,12,0.2,1374.15,8244.9,0,EGP,4/4/2026
ORD-12266,CUST-982,PROD-71,BR-4,AG-11,10/23/2024,27085.17,Installments,5417.03,21668.14,12,0.2,1805.68,10834.07,0,egp,4/4/2026
ORD-12267,CUST-694,PROD-171,BR-9,AG-3,8/15/2024,72649.23,Installments,14529.85,58119.38,12,0.2,4843.28,29059.69,0,EGP,4/4/2026
ORD-12268,CUST-286,PROD-54,BR-10,AG-12,8/27/2024,69461.5,Installments,13892.3,55569.2,12,0.2,4630.77,27784.6,0,EGP,4/4/2026
ORD-12269,CUST-778,PROD-95,BR-3,AG-24,2/6/2024,17184.84,Installments,3436.97,13747.87,12,0.2,1145.66,6873.94,15,egp,4/4/2026
ORD-12270,CUST-233,PROD-179,BR-6,AG-4,11/12/2024,82472.96,Installments,16494.59,65978.37,12,0.2,5498.2,32989.18,45,EGP,4/4/2026
ORD-12271,CUST-980,PROD-122,BR-6,AG-5,9/24/2024,33264.98,Installments,6653,26611.98,12,0.2,2217.67,13305.99,0,EGP,4/4/2026
ORD-12272,CUST-394,PROD-67,BR-10,AG-21,4/9/2024,56944.35,Cash,56944.35,0,0,0,0,0,0,EGP,
ORD-12273,CUST-981,PROD-147,BR-10,AG-5,5/13/2024,21546.56,Installments,4309.31,17237.25,12,0.2,1436.44,8618.62,0,EGP,4/4/2026
ORD-12274,CUST-822,PROD-138,BR-3,AG-20,10/19/2024,58456.09,Installments,11691.22,46764.87,12,0.2,3897.07,23382.44,0,EGP,4/4/2026
ORD-12275,CUST-732,PROD-80,BR-9,AG-21,3/29/2024,35549.13,Installments,7109.83,28439.3,12,0.2,2369.94,14219.65,0,EGP,4/4/2026
ORD-12276,CUST-472,PROD-191,BR-8,AG-18,4/25/2024,14764.02,Cash,14764.02,0,0,0,0,0,0,EGP,
ORD-12277,CUST-460,PROD-121,BR-9,AG-7,10/9/2024,61039.6,Installments,12207.92,48831.68,12,0.2,4069.31,24415.84,45,egp,4/4/2026
ORD-12278,CUST-803,PROD-85,BR-7,AG-17,7/25/2024,84885.04,Cash,84885.04,0,0,0,0,0,0,EGP,
ORD-12279,CUST-990,PROD-63,BR-9,AG-13,9/30/2024,75404.4,Installments,15080.88,60323.52,12,0.2,5026.96,30161.76,15,Pound,4/4/2026
ORD-12280,CUST-225,PROD-196,BR-6,AG-23,2/28/2024,16355.5,Installments,3271.1,13084.4,12,0.2,1090.37,6542.2,15,EGP,4/4/2026
ORD-12281,CUST-371,PROD-197,BR-3,AG-25,6/20/2024,37424.91,Installments,7484.98,29939.93,12,0.2,2494.99,14969.96,0,EGP,4/4/2026
ORD-12282,CUST-908,PROD-154,BR-7,AG-5,3/27/2024,12596.79,Installments,2519.36,10077.43,12,0.2,839.79,5038.72,45,EGP,4/4/2026
ORD-12283,CUST-269,PROD-149,BR-10,AG-8,3/28/2024,36614.12,Cash,36614.12,0,0,0,0,0,0,egp,
ORD-12284,CUST-598,PROD-126,BR-9,AG-13,5/29/2024,42254.94,Cash,42254.94,0,0,0,0,0,0,egp,
ORD-12285,CUST-140,PROD-71,BR-10,AG-2,12/22/2024,52067.61,Cash,52067.61,0,0,0,0,0,0,EGP,
ORD-12286,CUST-175,PROD-83,BR-3,AG-23,5/9/2024,82641.85,Cash,82641.85,0,0,0,0,0,0,EGP,
ORD-12287,CUST-871,PROD-107,BR-4,AG-24,2/13/2024,50335.41,Installments,10067.08,40268.33,12,0.2,3355.69,20134.16,0,EGP,4/4/2026
ORD-12288,CUST-112,PROD-161,BR-1,AG-20,3/16/2024,68442.78,Cash,68442.78,0,0,0,0,0,0,EGP,
ORD-12289,CUST-477,PROD-176,BR-10,AG-22,8/22/2024,41172.8,Installments,8234.56,32938.24,12,0.2,2744.85,16469.12,0,EGP,4/4/2026
ORD-12290,CUST-729,PROD-163,BR-1,AG-3,4/20/2024,23381.17,Installments,4676.23,18704.94,12,0.2,1558.74,9352.47,0,EGP,4/4/2026
ORD-12291,CUST-621,PROD-76,BR-4,AG-25,5/12/2024,54801.87,Installments,10960.37,43841.5,12,0.2,3653.46,21920.75,0,EGP,4/4/2026
ORD-12292,CUST-712,PROD-95,BR-7,AG-14,1/25/2024,34927.37,Cash,34927.37,0,0,0,0,0,0,EGP,
ORD-12293,CUST-400,PROD-190,BR-3,AG-10,12/30/2028,83169.63,Installments,16633.93,66535.7,12,0.2,5544.64,33267.85,0,EGP,4/4/2026
ORD-12294,CUST-741,PROD-104,BR-3,AG-5,2/7/2024,49197.52,Cash,49197.52,0,0,0,0,0,0,EGP,
ORD-12295,CUST-984,PROD-72,BR-6,AG-15,10/13/2024,71778.91,Installments,14355.78,57423.13,12,0.2,4785.26,28711.56,0,EGP,4/4/2026
ORD-12296,CUST-312,PROD-57,BR-9,AG-16,1/19/2024,27204.15,Cash,27204.15,0,0,0,0,0,0,EGP,
ORD-12297,CUST-204,PROD-186,BR-7,AG-1,4/17/2024,32212.52,Installments,6442.5,25770.02,12,0.2,2147.5,12885.01,15,EGP,1/1/1900
ORD-12298,CUST-965,PROD-198,BR-10,AG-12,1/24/2025,47847.46,Installments,9569.49,38277.97,12,0.2,3189.83,19138.98,0,Pound,4/4/2026
ORD-12299,CUST-271,PROD-51,BR-1,AG-7,2/6/2024,28463.66,Installments,5692.73,22770.93,12,0.2,1897.58,11385.46,0,EGP,4/4/2026
ORD-12300,CUST-767,PROD-124,BR-5,AG-15,4/26/2024,11389.05,Cash,11389.05,0,0,0,0,0,0,Pound,
ORD-12301,CUST-802,PROD-93,BR-5,AG-21,1/14/2025,82103.1,Installments,16420.62,65682.48,12,0.2,0,32841.24,0,EGP,4/4/2026
ORD-12302,CUST-692,PROD-73,BR-9,AG-18,12/6/2024,16713.3,Installments,3342.66,13370.64,12,0.2,1114.22,6685.32,45,EGP,4/4/2026
ORD-12303,CUST-443,PROD-168,BR-9,AG-14,1/24/2025,63735.58,Cash,63735.58,0,0,0,0,0,0,EGP,
ORD-12304,CUST-388,PROD-117,BR-6,AG-22,11/3/2024,56784.22,Installments,11356.84,45427.38,12,0.2,3785.61,22713.69,0,EGP,4/4/2026
ORD-12305,CUST-759,PROD-190,BR-10,AG-8,10/29/2024,74989.09,Installments,14997.82,59991.27,12,0.2,4999.27,29995.64,0,EGP,1/1/1900
ORD-12306,CUST-475,PROD-140,BR-5,AG-9,1/11/2024,38751.23,Installments,7750.25,31000.98,12,0.2,2583.42,15500.49,15,EGP,4/4/2026
ORD-12307,CUST-849,PROD-51,BR-9,AG-5,3/30/2024,17201.19,Installments,3440.24,13760.95,12,0.2,1146.75,6880.48,0,EGP,4/4/2026
ORD-12308,CUST-152,PROD-198,BR-10,AG-25,12/29/2024,21276.77,Installments,4255.35,17021.42,12,0.2,1418.45,8510.71,45,EGP,4/4/2026
ORD-12309,CUST-607,PROD-137,BR-9,AG-15,1/14/2024,89712.13,Installments,17942.43,71769.7,12,0.2,5980.81,35884.85,0,egp,4/4/2026
ORD-12310,CUST-180,PROD-98,BR-6,AG-20,7/16/2024,74953.16,Cash,74953.16,0,0,0,0,0,0,EGP,
ORD-12311,CUST-846,PROD-96,BR-2,AG-2,8/14/2024,26751.03,Installments,5350.21,21400.82,12,0.2,1783.4,10700.41,0,EGP,4/4/2026
ORD-12312,CUST-262,PROD-172,BR-3,AG-20,1/17/2025,41026.72,Installments,8205.34,32821.38,12,0.2,2735.11,16410.69,15,egp,4/4/2026
ORD-12313,CUST-742,PROD-194,BR-5,AG-11,12/30/2028,20309.9,Cash,20309.9,0,0,0,0,0,0,EGP,
ORD-12314,CUST-200,PROD-158,BR-2,AG-15,5/13/2024,73122.66,Installments,14624.53,58498.13,12,0.2,4874.84,29249.06,15,EGP,4/4/2026
ORD-12315,CUST-982,PROD-125,BR-7,AG-2,7/15/2024,64217.47,Installments,12843.49,51373.98,12,0.2,4281.16,25686.99,0,EGP,4/4/2026
ORD-12316,CUST-446,PROD-163,BR-10,AG-25,4/23/2024,39347.37,Cash,39347.37,0,0,0,0,0,0,EGP,
ORD-12317,CUST-287,PROD-78,BR-9,AG-19,11/4/2024,21938.81,Installments,4387.76,17551.05,12,0.2,1462.59,8775.52,15,EGP,4/4/2026
ORD-12318,CUST-118,PROD-170,BR-9,AG-3,8/2/2024,25883.14,Installments,5176.63,20706.51,12,0.2,1725.54,10353.26,0,Pound,4/4/2026
ORD-12319,CUST-468,PROD-178,BR-8,AG-10,10/28/2024,24340.79,Installments,4868.16,19472.63,12,0.2,1622.72,9736.32,0,egp,4/4/2026
ORD-12320,CUST-383,PROD-134,BR-2,AG-23,12/14/2024,40957.28,Installments,8191.46,32765.82,12,0.2,2730.49,16382.91,15,egp,4/4/2026
ORD-12321,CUST-565,PROD-97,BR-5,AG-21,11/16/2024,39916.51,Cash,39916.51,0,0,0,0,0,0,EGP,
ORD-12322,CUST-414,PROD-123,BR-4,AG-2,6/11/2024,87844.78,Cash,87844.78,0,0,0,0,0,0,EGP,
ORD-12323,CUST-119,PROD-83,BR-4,AG-5,3/8/2024,57669.07,Installments,11533.81,46135.26,12,0.2,3844.6,23067.63,0,EGP,4/4/2026
ORD-12324,CUST-298,PROD-185,BR-7,AG-3,4/3/2024,31337.77,Installments,6267.55,25070.22,12,0.2,2089.18,12535.11,0,egp,4/4/2026
ORD-12325,CUST-403,PROD-63,BR-4,AG-21,4/2/2024,62567.88,Installments,12513.58,50054.3,12,0.2,4171.19,25027.15,0,EGP,4/4/2026
ORD-12326,CUST-662,PROD-102,BR-3,AG-3,8/24/2024,87512.11,Installments,17502.42,70009.69,12,0.2,5834.14,35004.84,45,EGP,4/4/2026
ORD-12327,CUST-374,PROD-137,BR-5,AG-16,4/5/2024,63841.57,Installments,12768.31,51073.26,12,0.2,4256.1,25536.63,0,EGP,4/4/2026
ORD-12328,CUST-767,PROD-55,BR-1,AG-2,7/5/2024,52920.11,Cash,52920.11,0,0,0,0,0,0,EGP,
ORD-12329,CUST-376,PROD-51,BR-10,AG-9,5/30/2024,49687.87,Cash,49687.87,0,0,0,0,0,0,EGP,
ORD-12330,CUST-980,PROD-72,BR-5,AG-23,9/14/2024,53133.53,Installments,10626.71,42506.82,12,0.2,3542.24,21253.41,15,EGP,4/4/2026
ORD-12331,CUST-357,PROD-148,BR-1,AG-14,12/30/2028,88959.55,Installments,17791.91,71167.64,12,0.2,5930.64,35583.82,15,EGP,4/4/2026
ORD-12332,CUST-254,PROD-104,BR-5,AG-12,3/28/2024,51613.06,Cash,51613.06,0,0,0,0,0,0,EGP,
ORD-12333,CUST-722,PROD-95,BR-3,AG-14,1/31/2024,24501.56,Installments,4900.31,19601.25,12,0.2,0,9800.62,0,EGP,4/4/2026
ORD-12334,CUST-291,PROD-70,BR-10,AG-8,7/8/2024,20392.7,Cash,20392.7,0,0,0,0,0,0,EGP,
ORD-12335,CUST-861,PROD-143,BR-8,AG-23,12/2/2024,76938.35,Cash,76938.35,0,0,0,0,0,0,egp,
ORD-12336,CUST-183,PROD-54,BR-2,AG-12,2/6/2024,45475.61,Cash,45475.61,0,0,0,0,0,0,egp,
ORD-12337,CUST-397,PROD-103,BR-6,AG-19,12/11/2024,31664.18,Installments,6332.84,25331.34,12,0.2,2110.95,12665.67,0,EGP,4/4/2026
ORD-12338,CUST-624,PROD-104,BR-10,AG-24,7/13/2024,85552.12,Cash,85552.12,0,0,0,0,0,0,EGP,
ORD-12339,CUST-882,PROD-154,BR-10,AG-23,8/31/2024,49653.13,Installments,9930.63,39722.5,12,0.2,3310.21,19861.25,0,EGP,4/4/2026
ORD-12340,CUST-988,PROD-68,BR-1,AG-24,12/30/2024,73676.8,Cash,73676.8,0,0,0,0,0,0,EGP,
ORD-12341,CUST-154,PROD-80,BR-8,AG-25,8/19/2024,35701.68,Installments,7140.34,28561.34,12,0.2,2380.11,14280.67,0,egp,4/4/2026
ORD-12342,CUST-910,PROD-85,BR-1,AG-4,1/6/2025,79679.6,Installments,15935.92,63743.68,12,0.2,5311.97,31871.84,0,EGP,4/4/2026
ORD-12343,CUST-805,PROD-172,BR-7,AG-5,1/13/2024,89359.47,Installments,17871.89,71487.58,12,0.2,5957.3,35743.79,0,EGP,4/4/2026
ORD-12344,CUST-514,PROD-167,BR-10,AG-24,9/23/2024,47493.77,Cash,47493.77,0,0,0,0,0,0,EGP,
ORD-12345,CUST-904,PROD-79,BR-3,AG-22,3/28/2024,35329.93,Installments,7065.99,28263.94,12,0.2,2355.33,14131.97,0,EGP,1/1/1900
ORD-12346,CUST-490,PROD-167,BR-3,AG-22,2/9/2024,89997.58,Installments,17999.52,71998.06,12,0.2,5999.84,35999.03,0,EGP,4/4/2026
ORD-12347,CUST-117,PROD-177,BR-1,AG-22,7/7/2024,32395.8,Cash,32395.8,0,0,0,0,0,0,EGP,
ORD-12348,CUST-882,PROD-192,BR-5,AG-8,3/20/2024,20844.54,Installments,4168.91,16675.63,12,0.2,1389.64,8337.82,0,EGP,4/4/2026
ORD-12349,CUST-790,PROD-52,BR-3,AG-15,7/1/2024,87428.95,Cash,87428.95,0,0,0,0,0,0,EGP,
ORD-12350,CUST-808,PROD-83,BR-7,AG-23,5/26/2024,39434.49,Installments,7886.9,31547.59,12,0.2,2628.97,15773.8,0,EGP,4/4/2026
ORD-12351,CUST-418,PROD-114,BR-4,AG-12,1/26/2025,68496.78,Cash,68496.78,0,0,0,0,0,0,EGP,
ORD-12352,CUST-803,PROD-188,BR-7,AG-19,10/23/2024,58049.79,Installments,11609.96,46439.83,12,0.2,3869.99,23219.92,15,egp,4/4/2026
ORD-12353,CUST-125,PROD-121,BR-8,AG-23,11/15/2024,60300.68,Installments,12060.14,48240.54,12,0.2,4020.05,24120.27,15,EGP,4/4/2026
ORD-12354,CUST-875,PROD-171,BR-4,AG-16,1/13/2025,26867.92,Installments,5373.58,21494.34,12,0.2,1791.19,10747.17,0,Pound,4/4/2026
ORD-12355,CUST-739,PROD-143,BR-7,AG-15,10/12/2024,77334.37,Installments,15466.87,61867.5,12,0.2,5155.62,30933.75,15,EGP,4/4/2026
ORD-12356,CUST-793,PROD-196,BR-5,AG-5,6/1/2024,26703.33,Installments,5340.67,21362.66,12,0.2,1780.22,10681.33,0,EGP,4/4/2026
ORD-12357,CUST-529,PROD-140,BR-2,AG-21,1/8/2025,44491.45,Cash,44491.45,0,0,0,0,0,0,EGP,
ORD-12358,CUST-390,PROD-169,BR-5,AG-20,1/19/2025,60811.04,Cash,60811.04,0,0,0,0,0,0,EGP,
ORD-12359,CUST-530,PROD-139,BR-9,AG-11,5/29/2024,46584.5,Installments,9316.9,37267.6,12,0.2,3105.63,18633.8,0,EGP,4/4/2026
ORD-12360,CUST-372,PROD-53,BR-10,AG-16,6/23/2024,25604.57,Installments,5120.91,20483.66,12,0.2,1706.97,10241.83,0,EGP,4/4/2026
ORD-12361,CUST-941,PROD-147,BR-10,AG-5,2/3/2025,35155.92,Installments,7031.18,28124.74,12,0.2,2343.73,14062.37,0,EGP,4/4/2026
ORD-12362,CUST-528,PROD-88,BR-1,AG-12,5/4/2024,57387.58,Cash,57387.58,0,0,0,0,0,0,EGP,
ORD-12363,CUST-175,PROD-122,BR-5,AG-19,12/27/2024,31604.83,Installments,6320.97,25283.86,12,0.2,2106.99,12641.93,0,EGP,4/4/2026
ORD-12364,CUST-731,PROD-190,BR-2,AG-6,1/20/2024,10540.34,Installments,2108.07,8432.27,12,0.2,702.69,4216.14,120,EGP,4/4/2026
ORD-12365,CUST-569,PROD-136,BR-9,AG-2,1/15/2024,57353.9,Installments,11470.78,45883.12,12,0.2,3823.59,22941.56,0,EGP,4/4/2026
ORD-12366,CUST-903,PROD-183,BR-10,AG-3,1/31/2025,88484.39,Cash,88484.39,0,0,0,0,0,0,EGP,
ORD-12367,CUST-106,PROD-144,BR-7,AG-25,5/26/2024,12903.3,Installments,2580.66,10322.64,12,0.2,860.22,5161.32,15,EGP,4/4/2026
ORD-12368,CUST-209,PROD-148,BR-6,AG-10,1/10/2024,74813.44,Cash,74813.44,0,0,0,0,0,0,EGP,
ORD-12369,CUST-574,PROD-69,BR-1,AG-3,10/31/2024,76461.4,Installments,15292.28,61169.12,12,0.2,5097.43,30584.56,15,EGP,4/4/2026
ORD-12370,CUST-693,PROD-181,BR-10,AG-5,10/23/2024,10326.56,Installments,2065.31,8261.25,12,0.2,0,4130.62,0,egp,4/4/2026
ORD-12371,CUST-353,PROD-187,BR-8,AG-25,4/14/2024,75380.43,Installments,15076.09,60304.34,12,0.2,5025.36,30152.17,0,EGP,4/4/2026
ORD-12372,CUST-914,PROD-121,BR-10,AG-18,7/2/2024,84813.41,Cash,84813.41,0,0,0,0,0,0,EGP,
ORD-12373,CUST-672,PROD-180,BR-7,AG-11,11/5/2024,62419.28,Installments,12483.86,49935.42,12,0.2,4161.29,24967.71,0,EGP,4/4/2026
ORD-12374,CUST-222,PROD-80,BR-8,AG-19,1/1/2025,39208.07,Installments,7841.61,31366.46,12,0.2,2613.87,15683.23,45,egp,4/4/2026
ORD-12375,CUST-679,PROD-87,BR-6,AG-5,6/9/2024,44325.97,Installments,8865.19,35460.78,12,0.2,2955.06,17730.39,120,EGP,4/4/2026
ORD-12376,CUST-857,PROD-149,BR-1,AG-2,10/10/2024,84383.88,Installments,16876.78,67507.1,12,0.2,5625.59,33753.55,0,egp,4/4/2026
ORD-12377,CUST-179,PROD-188,BR-3,AG-12,3/5/2024,55137.88,Cash,55137.88,0,0,0,0,0,0,EGP,
ORD-12378,CUST-960,PROD-86,BR-10,AG-7,8/25/2024,74608.65,Installments,14921.73,59686.92,12,0.2,4973.91,29843.46,15,EGP,4/4/2026
ORD-12379,CUST-310,PROD-129,BR-6,AG-25,1/8/2024,24550.55,Installments,4910.11,19640.44,12,0.2,1636.7,9820.22,15,egp,4/4/2026
ORD-12380,CUST-430,PROD-55,BR-4,AG-1,10/29/2024,69916.26,Cash,69916.26,0,0,0,0,0,0,EGP,
ORD-12381,CUST-699,PROD-141,BR-10,AG-24,1/19/2024,43564.54,Installments,8712.91,34851.63,12,0.2,2904.3,17425.82,0,EGP,4/4/2026
ORD-12382,CUST-570,PROD-149,BR-4,AG-4,4/29/2024,49094.66,Installments,9818.93,39275.73,12,0.2,3272.98,19637.86,0,EGP,4/4/2026
ORD-12383,CUST-556,PROD-109,BR-9,AG-10,11/28/2024,87019.63,Installments,17403.93,69615.7,12,0.2,5801.31,34807.85,0,egp,4/4/2026
ORD-12384,CUST-760,PROD-195,BR-4,AG-9,5/24/2024,67029.96,Cash,67029.96,0,0,0,0,0,0,EGP,
ORD-12385,CUST-888,PROD-180,BR-6,AG-25,5/10/2024,32508.5,Cash,32508.5,0,0,0,0,0,0,EGP,
ORD-12386,CUST-867,PROD-98,BR-7,AG-18,8/28/2024,69095.59,Installments,13819.12,55276.47,12,0.2,4606.37,27638.24,120,EGP,4/4/2026
ORD-12387,CUST-739,PROD-79,BR-8,AG-8,4/7/2024,74294.66,Installments,14858.93,59435.73,12,0.2,4952.98,29717.86,0,EGP,4/4/2026
ORD-12388,CUST-579,PROD-84,BR-5,AG-19,10/12/2024,59129.34,Installments,11825.87,47303.47,12,0.2,3941.96,23651.74,0,EGP,4/4/2026
ORD-12389,CUST-639,PROD-182,BR-1,AG-17,7/22/2024,45222.87,Installments,9044.57,36178.3,12,0.2,3014.86,18089.15,0,EGP,4/4/2026
ORD-12390,CUST-334,PROD-60,BR-3,AG-2,12/30/2028,59524.32,Cash,59524.32,0,0,0,0,0,0,egp,
ORD-12391,CUST-931,PROD-154,BR-10,AG-18,10/2/2024,29492.9,Installments,5898.58,23594.32,12,0.2,1966.19,11797.16,0,EGP,4/4/2026
ORD-12392,CUST-105,PROD-173,BR-3,AG-22,12/8/2024,43206.96,Installments,8641.39,34565.57,12,0.2,2880.46,17282.78,0,EGP,4/4/2026
ORD-12393,CUST-902,PROD-75,BR-4,AG-21,12/30/2028,80453.62,Cash,80453.62,0,0,0,0,0,0,EGP,
ORD-12394,CUST-512,PROD-106,BR-10,AG-19,1/27/2024,25830.37,Installments,5166.07,20664.3,12,0.2,1722.02,10332.15,45,EGP,4/4/2026
ORD-12395,CUST-731,PROD-109,BR-5,AG-20,3/26/2024,37310.17,Cash,37310.17,0,0,0,0,0,0,EGP,
ORD-12396,CUST-815,PROD-104,BR-5,AG-20,12/25/2024,57258.1,Cash,57258.1,0,0,0,0,0,0,Pound,
ORD-12397,CUST-953,PROD-162,BR-5,AG-2,1/6/2024,77702.03,Installments,15540.41,62161.62,12,0.2,5180.14,31080.81,15,EGP,4/4/2026
ORD-12398,CUST-763,PROD-186,BR-7,AG-7,5/21/2024,70759.36,Installments,14151.87,56607.49,12,0.2,4717.29,28303.74,15,EGP,4/4/2026
ORD-12399,CUST-543,PROD-75,BR-10,AG-14,2/28/2024,25035.94,Installments,5007.19,20028.75,12,0.2,1669.06,10014.38,15,EGP,4/4/2026
ORD-12400,CUST-663,PROD-190,BR-6,AG-3,1/26/2024,80958.61,Installments,16191.72,64766.89,12,0.2,5397.24,32383.44,0,EGP,4/4/2026
ORD-12401,CUST-658,PROD-88,BR-9,AG-3,3/8/2024,18195.01,Cash,18195.01,0,0,0,0,0,0,EGP,
ORD-12402,CUST-523,PROD-147,BR-6,AG-13,9/30/2024,79693.24,Installments,15938.65,63754.59,12,0.2,5312.88,31877.3,120,EGP,4/4/2026
ORD-12403,CUST-252,PROD-131,BR-1,AG-11,2/15/2024,54963.12,Installments,10992.62,43970.5,12,0.2,0,21985.25,0,EGP,4/4/2026
ORD-12404,CUST-476,PROD-170,BR-7,AG-23,9/7/2024,43212.07,Installments,8642.41,34569.66,12,0.2,2880.8,17284.83,0,EGP,4/4/2026
ORD-12405,CUST-447,PROD-63,BR-6,AG-12,8/26/2024,80503.01,Installments,16100.6,64402.41,12,0.2,5366.87,32201.2,0,egp,4/4/2026
ORD-12406,CUST-635,PROD-99,BR-10,AG-18,7/2/2024,20539.61,Installments,4107.92,16431.69,12,0.2,1369.31,8215.84,0,Pound,4/4/2026
ORD-12407,CUST-180,PROD-180,BR-5,AG-25,1/27/2025,31615.45,Installments,6323.09,25292.36,12,0.2,2107.7,12646.18,0,EGP,4/4/2026
ORD-12408,CUST-973,PROD-184,BR-9,AG-12,4/16/2024,17466.22,Installments,3493.24,13972.98,12,0.2,1164.41,6986.49,0,EGP,1/1/1900
ORD-12409,CUST-150,PROD-111,BR-3,AG-3,12/30/2024,16507.1,Installments,3301.42,13205.68,12,0.2,1100.47,6602.84,45,EGP,4/4/2026
ORD-12410,CUST-405,PROD-152,BR-6,AG-23,11/25/2024,19363.38,Cash,19363.38,0,0,0,0,0,0,EGP,
ORD-12411,CUST-580,PROD-66,BR-8,AG-14,9/9/2024,37903.89,Cash,37903.89,0,0,0,0,0,0,EGP,
ORD-12412,CUST-416,PROD-189,BR-7,AG-11,12/6/2024,37417.06,Installments,7483.41,29933.65,12,0.2,2494.47,14966.82,0,EGP,4/4/2026
ORD-12413,CUST-305,PROD-163,BR-2,AG-7,5/3/2024,48414.46,Installments,9682.89,38731.57,12,0.2,3227.63,19365.78,45,EGP,4/4/2026
ORD-12414,CUST-859,PROD-108,BR-4,AG-23,4/3/2024,61954.18,Cash,61954.18,0,0,0,0,0,0,EGP,
ORD-12415,CUST-963,PROD-185,BR-4,AG-11,3/5/2024,16244.24,Installments,3248.85,12995.39,12,0.2,1082.95,6497.7,0,Pound,4/4/2026
ORD-12416,CUST-320,PROD-197,BR-7,AG-21,12/14/2024,50585.27,Installments,10117.05,40468.22,12,0.2,3372.35,20234.11,15,EGP,4/4/2026
ORD-12417,CUST-232,PROD-93,BR-5,AG-15,7/6/2024,72221.71,Installments,14444.34,57777.37,12,0.2,4814.78,28888.68,0,EGP,4/4/2026
ORD-12418,CUST-598,PROD-127,BR-8,AG-14,1/15/2024,46955.49,Installments,9391.1,37564.39,12,0.2,3130.37,18782.2,0,EGP,1/1/1900
ORD-12419,CUST-382,PROD-67,BR-2,AG-22,1/1/2025,72361.02,Installments,14472.2,57888.82,12,0.2,4824.07,28944.41,0,EGP,4/4/2026
ORD-12420,CUST-945,PROD-91,BR-2,AG-25,1/29/2024,68111.83,Installments,13622.37,54489.46,12,0.2,4540.79,27244.73,0,EGP,4/4/2026
ORD-12421,CUST-158,PROD-144,BR-7,AG-18,8/21/2024,27122.38,Installments,5424.48,21697.9,12,0.2,1808.16,10848.95,120,egp,4/4/2026
ORD-12422,CUST-133,PROD-111,BR-8,AG-15,7/15/2024,71109.69,Cash,71109.69,0,0,0,0,0,0,EGP,
ORD-12423,CUST-279,PROD-102,BR-4,AG-10,10/31/2024,33468.07,Installments,6693.61,26774.46,12,0.2,2231.2,13387.23,45,Pound,4/4/2026
ORD-12424,CUST-658,PROD-58,BR-2,AG-23,4/30/2024,85425.74,Installments,17085.15,68340.59,12,0.2,5695.05,34170.3,0,EGP,4/4/2026
ORD-12425,CUST-651,PROD-52,BR-2,AG-15,11/13/2024,69466.17,Installments,13893.23,55572.94,12,0.2,4631.08,27786.47,45,EGP,4/4/2026
ORD-12426,CUST-896,PROD-161,BR-8,AG-13,11/27/2024,33077.18,Installments,6615.44,26461.74,12,0.2,2205.15,13230.87,0,EGP,4/4/2026
ORD-12427,CUST-772,PROD-101,BR-5,AG-11,4/2/2024,68408.61,Installments,13681.72,54726.89,12,0.2,4560.57,27363.44,0,egp,4/4/2026
ORD-12428,CUST-249,PROD-106,BR-10,AG-23,10/30/2024,37568.97,Cash,37568.97,0,0,0,0,0,0,egp,
ORD-12429,CUST-288,PROD-140,BR-7,AG-25,6/27/2024,55233.12,Installments,11046.62,44186.5,12,0.2,3682.21,22093.25,0,EGP,4/4/2026
ORD-12430,CUST-125,PROD-185,BR-8,AG-12,5/12/2024,63164.15,Installments,12632.83,50531.32,12,0.2,4210.94,25265.66,0,EGP,4/4/2026
ORD-12431,CUST-427,PROD-93,BR-10,AG-8,8/2/2024,78510,Installments,15702,62808,12,0.2,5234,31404,0,EGP,4/4/2026
ORD-12432,CUST-424,PROD-177,BR-10,AG-19,10/29/2024,40369.69,Cash,40369.69,0,0,0,0,0,0,EGP,
ORD-12433,CUST-422,PROD-146,BR-5,AG-13,2/1/2025,57854.87,Cash,57854.87,0,0,0,0,0,0,EGP,
ORD-12434,CUST-982,PROD-70,BR-6,AG-5,2/26/2024,34897.46,Cash,34897.46,0,0,0,0,0,0,EGP,
ORD-12435,CUST-448,PROD-155,BR-7,AG-14,12/30/2028,17010.04,Installments,3402.01,13608.03,12,0.2,1134,6804.02,15,EGP,4/4/2026
ORD-12436,CUST-987,PROD-123,BR-8,AG-12,2/1/2024,26222.37,Installments,5244.47,20977.9,12,0.2,1748.16,10488.95,45,EGP,4/4/2026
ORD-12437,CUST-307,PROD-106,BR-4,AG-11,10/25/2024,71357.26,Installments,14271.45,57085.81,12,0.2,4757.15,28542.9,0,EGP,4/4/2026
ORD-12438,CUST-707,PROD-67,BR-1,AG-17,3/18/2024,44534.25,Installments,8906.85,35627.4,12,0.2,2968.95,17813.7,0,EGP,4/4/2026
ORD-12439,CUST-516,PROD-78,BR-9,AG-20,4/28/2024,60088.09,Cash,60088.09,0,0,0,0,0,0,EGP,
ORD-12440,CUST-734,PROD-150,BR-5,AG-17,5/26/2024,31482.92,Installments,6296.58,25186.34,12,0.2,2098.86,12593.17,0,Pound,4/4/2026
ORD-12441,CUST-521,PROD-82,BR-3,AG-7,6/1/2024,57695.08,Installments,11539.02,46156.06,12,0.2,3846.34,23078.03,0,egp,4/4/2026
ORD-12442,CUST-649,PROD-74,BR-1,AG-8,9/3/2024,57717.26,Cash,57717.26,0,0,0,0,0,0,EGP,
ORD-12443,CUST-294,PROD-127,BR-9,AG-7,12/20/2024,24167.67,Installments,4833.53,19334.14,12,0.2,1611.18,9667.07,15,EGP,4/4/2026
ORD-12444,CUST-756,PROD-148,BR-3,AG-7,8/5/2024,34185.6,Cash,34185.6,0,0,0,0,0,0,EGP,
ORD-12445,CUST-644,PROD-54,BR-1,AG-24,9/28/2024,67194.57,Installments,13438.91,53755.66,12,0.2,4479.64,26877.83,0,EGP,4/4/2026
ORD-12446,CUST-208,PROD-100,BR-2,AG-3,12/12/2024,38577.95,Installments,7715.59,30862.36,12,0.2,2571.86,15431.18,0,egp,4/4/2026
ORD-12447,CUST-283,PROD-60,BR-5,AG-16,8/11/2024,22956.78,Installments,4591.36,18365.42,12,0.2,1530.45,9182.71,0,EGP,4/4/2026
ORD-12448,CUST-198,PROD-61,BR-9,AG-6,11/19/2024,72000.23,Installments,14400.05,57600.18,12,0.2,4800.02,28800.09,0,EGP,4/4/2026
ORD-12449,CUST-501,PROD-176,BR-1,AG-8,7/9/2024,23284.82,Cash,23284.82,0,0,0,0,0,0,EGP,
ORD-12450,CUST-185,PROD-141,BR-10,AG-12,7/2/2024,56202.41,Installments,11240.48,44961.93,12,0.2,3746.83,22480.96,0,egp,4/4/2026
ORD-12451,CUST-738,PROD-124,BR-3,AG-13,3/22/2024,15612.18,Installments,3122.44,12489.74,12,0.2,1040.81,6244.87,0,EGP,4/4/2026
ORD-12452,CUST-173,PROD-51,BR-4,AG-11,7/22/2024,43914.62,Installments,8782.92,35131.7,12,0.2,2927.64,17565.85,0,EGP,4/4/2026
ORD-12453,CUST-778,PROD-100,BR-9,AG-23,4/12/2024,84669.18,Installments,16933.84,67735.34,12,0.2,5644.61,33867.67,0,EGP,4/4/2026
ORD-12454,CUST-304,PROD-168,BR-2,AG-17,1/23/2025,78870.42,Installments,15774.08,63096.34,12,0.2,5258.03,31548.17,15,EGP,4/4/2026
ORD-12455,CUST-900,PROD-110,BR-4,AG-13,4/14/2024,58165.08,Cash,58165.08,0,0,0,0,0,0,EGP,
ORD-12456,CUST-734,PROD-198,BR-4,AG-21,5/18/2024,88826.65,Installments,17765.33,71061.32,12,0.2,5921.78,35530.66,45,EGP,4/4/2026
ORD-12457,CUST-952,PROD-55,BR-5,AG-3,12/29/2024,60473.36,Installments,12094.67,48378.69,12,0.2,4031.56,24189.34,45,EGP,4/4/2026
ORD-12458,CUST-587,PROD-98,BR-9,AG-22,1/21/2025,46208.55,Cash,46208.55,0,0,0,0,0,0,EGP,
ORD-12459,CUST-387,PROD-154,BR-8,AG-16,10/24/2024,45572.55,Cash,45572.55,0,0,0,0,0,0,EGP,
ORD-12460,CUST-289,PROD-197,BR-1,AG-22,6/22/2024,44372.56,Installments,8874.51,35498.05,12,0.2,2958.17,17749.02,0,EGP,4/4/2026
ORD-12461,CUST-452,PROD-173,BR-1,AG-4,9/17/2024,47534.53,Installments,9506.91,38027.62,12,0.2,3168.97,19013.81,0,egp,4/4/2026
ORD-12462,CUST-113,PROD-86,BR-7,AG-19,1/28/2024,43407.25,Installments,8681.45,34725.8,12,0.2,2893.82,17362.9,15,EGP,4/4/2026
ORD-12463,CUST-361,PROD-193,BR-2,AG-7,1/16/2024,16367.58,Installments,3273.52,13094.06,12,0.2,1091.17,6547.03,15,EGP,4/4/2026
ORD-12464,CUST-478,PROD-137,BR-1,AG-23,4/9/2024,17713.34,Cash,17713.34,0,0,0,0,0,0,egp,
ORD-12465,CUST-966,PROD-140,BR-10,AG-17,8/30/2024,23077.81,Installments,4615.56,18462.25,12,0.2,1538.52,9231.12,0,EGP,4/4/2026
ORD-12466,CUST-577,PROD-145,BR-5,AG-12,7/29/2024,70180.61,Installments,14036.12,56144.49,12,0.2,4678.71,28072.24,15,EGP,4/4/2026
ORD-12467,CUST-853,PROD-128,BR-4,AG-18,9/2/2024,60782.82,Installments,12156.56,48626.26,12,0.2,4052.19,24313.13,15,EGP,4/4/2026
ORD-12468,CUST-184,PROD-82,BR-10,AG-24,11/18/2024,48140.7,Installments,9628.14,38512.56,12,0.2,3209.38,19256.28,0,EGP,4/4/2026
ORD-12469,CUST-476,PROD-180,BR-2,AG-10,8/30/2024,62830.88,Installments,12566.18,50264.7,12,0.2,4188.73,25132.35,15,EGP,4/4/2026
ORD-12470,CUST-239,PROD-60,BR-4,AG-12,2/2/2024,64900.72,Installments,12980.14,51920.58,12,0.2,4326.71,25960.29,15,Pound,4/4/2026
ORD-12471,CUST-239,PROD-105,BR-5,AG-11,6/29/2024,37158.58,Installments,7431.72,29726.86,12,0.2,2477.24,14863.43,0,egp,4/4/2026
ORD-12472,CUST-483,PROD-148,BR-9,AG-9,1/6/2024,29184.33,Installments,5836.87,23347.46,12,0.2,0,11673.73,0,EGP,4/4/2026
ORD-12473,CUST-780,PROD-102,BR-9,AG-8,9/19/2024,32794.54,Cash,32794.54,0,0,0,0,0,0,Pound,
ORD-12474,CUST-876,PROD-148,BR-10,AG-9,1/3/2025,75683.81,Installments,15136.76,60547.05,12,0.2,5045.59,30273.52,45,EGP,4/4/2026
ORD-12475,CUST-177,PROD-186,BR-7,AG-24,9/27/2024,34747.06,Installments,6949.41,27797.65,12,0.2,2316.47,13898.82,0,EGP,4/4/2026
ORD-12476,CUST-126,PROD-76,BR-3,AG-20,4/6/2024,57677.85,Installments,11535.57,46142.28,12,0.2,3845.19,23071.14,0,EGP,4/4/2026
ORD-12477,CUST-470,PROD-173,BR-10,AG-21,5/9/2024,78571.16,Installments,15714.23,62856.93,12,0.2,5238.08,31428.46,0,EGP,4/4/2026
ORD-12478,CUST-289,PROD-177,BR-6,AG-12,9/4/2024,40497.52,Installments,8099.5,32398.02,12,0.2,2699.83,16199.01,0,EGP,4/4/2026
ORD-12479,CUST-202,PROD-164,BR-9,AG-24,5/27/2024,47544.76,Installments,9508.95,38035.81,12,0.2,3169.65,19017.9,0,EGP,4/4/2026
ORD-12480,CUST-199,PROD-104,BR-7,AG-3,10/20/2024,38696.44,Installments,7739.29,30957.15,12,0.2,2579.76,15478.58,15,EGP,4/4/2026
ORD-12481,CUST-835,PROD-174,BR-5,AG-24,1/3/2024,62678.95,Cash,62678.95,0,0,0,0,0,0,EGP,
ORD-12482,CUST-781,PROD-80,BR-10,AG-22,3/4/2024,16712.33,Installments,3342.47,13369.86,12,0.2,1114.16,6684.93,15,EGP,4/4/2026
ORD-12483,CUST-338,PROD-77,BR-2,AG-14,6/14/2024,78167.09,Installments,15633.42,62533.67,12,0.2,5211.14,31266.84,0,EGP,4/4/2026
ORD-12484,CUST-797,PROD-61,BR-2,AG-18,9/9/2024,50734.55,Installments,10146.91,40587.64,12,0.2,3382.3,20293.82,0,EGP,4/4/2026
ORD-12485,CUST-107,PROD-74,BR-5,AG-22,7/2/2024,39366.77,Cash,39366.77,0,0,0,0,0,0,EGP,
ORD-12486,CUST-290,PROD-108,BR-4,AG-13,8/11/2024,58578.19,Installments,11715.64,46862.55,12,0.2,3905.21,23431.28,0,EGP,4/4/2026
ORD-12487,CUST-759,PROD-150,BR-5,AG-6,1/11/2024,46125.06,Cash,46125.06,0,0,0,0,0,0,egp,
ORD-12488,CUST-892,PROD-182,BR-2,AG-5,6/18/2024,67410.05,Cash,67410.05,0,0,0,0,0,0,EGP,
ORD-12489,CUST-971,PROD-92,BR-5,AG-10,5/15/2024,42721.47,Cash,42721.47,0,0,0,0,0,0,EGP,
ORD-12490,CUST-911,PROD-152,BR-1,AG-5,3/19/2024,24840.14,Cash,24840.14,0,0,0,0,0,0,EGP,
ORD-12491,CUST-824,PROD-166,BR-10,AG-19,5/21/2024,16803.36,Installments,3360.67,13442.69,12,0.2,1120.22,6721.34,15,EGP,4/4/2026
ORD-12492,CUST-539,PROD-152,BR-7,AG-13,5/1/2024,70711.63,Installments,14142.33,56569.3,12,0.2,4714.11,28284.65,0,EGP,4/4/2026
ORD-12493,CUST-462,PROD-113,BR-8,AG-4,10/25/2024,89117.66,Installments,17823.53,71294.13,12,0.2,5941.18,35647.06,0,EGP,4/4/2026
ORD-12494,CUST-196,PROD-148,BR-10,AG-13,12/30/2024,58625.18,Installments,11725.04,46900.14,12,0.2,3908.35,23450.07,15,EGP,4/4/2026
ORD-12495,CUST-205,PROD-154,BR-3,AG-1,1/2/2025,53719.87,Installments,10743.97,42975.9,12,0.2,3581.32,21487.95,0,EGP,4/4/2026
ORD-12496,CUST-371,PROD-142,BR-6,AG-2,4/28/2024,26821.15,Cash,26821.15,0,0,0,0,0,0,EGP,
ORD-12497,CUST-780,PROD-177,BR-3,AG-3,6/23/2024,10567.3,Installments,2113.46,8453.84,12,0.2,704.49,4226.92,15,EGP,4/4/2026
ORD-12498,CUST-302,PROD-143,BR-7,AG-20,11/15/2024,82901.42,Installments,16580.28,66321.14,12,0.2,5526.76,33160.57,0,Pound,4/4/2026
ORD-12499,CUST-574,PROD-122,BR-6,AG-22,12/20/2024,83588.58,Installments,16717.72,66870.86,12,0.2,5572.57,33435.43,0,EGP,4/4/2026
ORD-12500,CUST-820,PROD-66,BR-2,AG-15,6/6/2024,54625.42,Installments,10925.08,43700.34,12,0.2,3641.69,21850.17,15,egp,4/4/2026
ORD-12501,CUST-303,PROD-75,BR-5,AG-10,5/1/2024,61554.11,Installments,12310.82,49243.29,12,0.2,4103.61,24621.64,0,EGP,4/4/2026
ORD-12502,CUST-400,PROD-168,BR-9,AG-5,3/16/2024,87471.18,Installments,17494.24,69976.94,12,0.2,5831.41,34988.47,0,EGP,4/4/2026
ORD-12503,CUST-759,PROD-186,BR-1,AG-10,8/31/2024,71568.95,Installments,14313.79,57255.16,12,0.2,4771.26,28627.58,0,EGP,4/4/2026
ORD-12504,CUST-700,PROD-178,BR-3,AG-20,9/19/2024,45777.86,Cash,45777.86,0,0,0,0,0,0,EGP,
ORD-12505,CUST-384,PROD-120,BR-7,AG-25,3/16/2024,38595.69,Cash,38595.69,0,0,0,0,0,0,Pound,
ORD-12506,CUST-779,PROD-73,BR-2,AG-18,3/21/2024,73463.99,Installments,14692.8,58771.19,12,0.2,4897.6,29385.6,0,EGP,4/4/2026
ORD-12507,CUST-616,PROD-95,BR-10,AG-21,6/4/2024,34797.68,Installments,6959.54,27838.14,12,0.2,2319.85,13919.07,0,EGP,4/4/2026
ORD-12508,CUST-717,PROD-194,BR-5,AG-13,1/2/2025,71571.54,Cash,71571.54,0,0,0,0,0,0,EGP,
ORD-12509,CUST-490,PROD-151,BR-9,AG-12,9/5/2024,28778.15,Installments,5755.63,23022.52,12,0.2,1918.54,11511.26,0,EGP,4/4/2026
ORD-12510,CUST-219,PROD-121,BR-6,AG-7,1/17/2025,13550.52,Installments,2710.1,10840.42,12,0.2,903.37,5420.21,0,EGP,4/4/2026
ORD-12511,CUST-915,PROD-52,BR-3,AG-21,1/7/2025,35736.66,Installments,7147.33,28589.33,12,0.2,2382.44,14294.66,0,EGP,4/4/2026
ORD-12512,CUST-162,PROD-87,BR-3,AG-3,11/19/2024,38026.04,Installments,7605.21,30420.83,12,0.2,2535.07,15210.42,0,EGP,4/4/2026
ORD-12513,CUST-531,PROD-58,BR-1,AG-15,8/25/2024,69783.49,Cash,69783.49,0,0,0,0,0,0,EGP,
ORD-12514,CUST-308,PROD-55,BR-1,AG-10,4/19/2024,22225.05,Cash,22225.05,0,0,0,0,0,0,EGP,
ORD-12515,CUST-542,PROD-74,BR-6,AG-6,12/24/2024,63258.22,Installments,12651.64,50606.58,12,0.2,4217.21,25303.29,0,EGP,4/4/2026
ORD-12516,CUST-789,PROD-194,BR-9,AG-9,12/22/2024,32150.99,Installments,6430.2,25720.79,12,0.2,2143.4,12860.4,0,Pound,4/4/2026
ORD-12517,CUST-103,PROD-161,BR-9,AG-23,12/4/2024,68024.31,Installments,13604.86,54419.45,12,0.2,4534.95,27209.72,0,EGP,4/4/2026
ORD-12518,CUST-747,PROD-101,BR-4,AG-19,7/4/2024,37157.89,Installments,7431.58,29726.31,12,0.2,2477.19,14863.16,0,EGP,4/4/2026
ORD-12519,CUST-810,PROD-178,BR-1,AG-9,12/18/2024,51138.14,Installments,10227.63,40910.51,12,0.2,3409.21,20455.26,0,EGP,4/4/2026
ORD-12520,CUST-183,PROD-82,BR-9,AG-4,2/26/2024,34297.6,Cash,34297.6,0,0,0,0,0,0,EGP,
ORD-12521,CUST-429,PROD-148,BR-9,AG-11,6/19/2024,39488.87,Cash,39488.87,0,0,0,0,0,0,EGP,
ORD-12522,CUST-176,PROD-199,BR-2,AG-10,6/28/2024,38935.74,Cash,38935.74,0,0,0,0,0,0,EGP,
ORD-12523,CUST-673,PROD-138,BR-4,AG-6,4/20/2024,36605.97,Cash,36605.97,0,0,0,0,0,0,EGP,
ORD-12524,CUST-859,PROD-191,BR-6,AG-11,5/15/2024,17182.06,Cash,17182.06,0,0,0,0,0,0,EGP,
ORD-12525,CUST-912,PROD-194,BR-5,AG-8,11/1/2024,32245.63,Installments,6449.13,25796.5,12,0.2,2149.71,12898.25,0,EGP,4/4/2026
ORD-12526,CUST-463,PROD-178,BR-1,AG-17,1/30/2024,36532.27,Installments,7306.45,29225.82,12,0.2,0,14612.91,0,EGP,4/4/2026
ORD-12527,CUST-956,PROD-187,BR-2,AG-22,10/9/2024,51450.95,Cash,51450.95,0,0,0,0,0,0,EGP,
ORD-12528,CUST-966,PROD-181,BR-4,AG-7,1/31/2025,55571.98,Installments,11114.4,44457.58,12,0.2,0,22228.79,45,EGP,4/4/2026
ORD-12529,CUST-977,PROD-120,BR-5,AG-3,5/1/2024,72440.44,Installments,14488.09,57952.35,12,0.2,4829.36,28976.18,0,EGP,4/4/2026
ORD-12530,CUST-974,PROD-106,BR-4,AG-21,1/12/2025,51457.93,Cash,51457.93,0,0,0,0,0,0,EGP,
ORD-12531,CUST-604,PROD-115,BR-3,AG-17,2/29/2024,21359.67,Installments,4271.93,17087.74,12,0.2,1423.98,8543.87,0,EGP,4/4/2026
ORD-12532,CUST-197,PROD-93,BR-2,AG-2,1/3/2024,62861.38,Installments,12572.28,50289.1,12,0.2,0,25144.55,0,EGP,4/4/2026
ORD-12533,CUST-912,PROD-197,BR-1,AG-12,1/28/2025,50349.39,Installments,10069.88,40279.51,12,0.2,3356.63,20139.76,0,EGP,4/4/2026
ORD-12534,CUST-404,PROD-145,BR-6,AG-4,2/26/2024,11221.39,Installments,2244.28,8977.11,12,0.2,748.09,4488.56,45,EGP,4/4/2026
ORD-12535,CUST-390,PROD-61,BR-3,AG-8,5/9/2024,56681.68,Cash,56681.68,0,0,0,0,0,0,EGP,
ORD-12536,CUST-500,PROD-173,BR-1,AG-3,1/10/2025,15034.97,Cash,15034.97,0,0,0,0,0,0,EGP,
ORD-12537,CUST-728,PROD-154,BR-5,AG-11,1/26/2024,69875.32,Installments,13975.06,55900.26,12,0.2,4658.35,27950.13,0,Pound,4/4/2026
ORD-12538,CUST-155,PROD-115,BR-1,AG-17,10/1/2024,65106.4,Installments,13021.28,52085.12,12,0.2,4340.43,26042.56,0,EGP,4/4/2026
ORD-12539,CUST-969,PROD-109,BR-10,AG-23,7/17/2024,75620.08,Installments,15124.02,60496.06,12,0.2,5041.34,30248.03,0,Pound,4/4/2026
ORD-12540,CUST-998,PROD-143,BR-5,AG-1,1/17/2024,29763.47,Cash,29763.47,0,0,0,0,0,0,EGP,
ORD-12541,CUST-190,PROD-142,BR-4,AG-5,2/21/2024,52208.3,Installments,10441.66,41766.64,12,0.2,3480.55,20883.32,45,EGP,4/4/2026
ORD-12542,CUST-187,PROD-114,BR-5,AG-19,10/29/2024,59410.19,Installments,11882.04,47528.15,12,0.2,3960.68,23764.08,0,EGP,4/4/2026
ORD-12543,CUST-758,PROD-160,BR-2,AG-12,12/30/2028,84040.9,Installments,16808.18,67232.72,12,0.2,5602.73,33616.36,0,Pound,4/4/2026
ORD-12544,CUST-805,PROD-82,BR-10,AG-21,2/15/2024,89268.87,Installments,17853.77,71415.1,12,0.2,5951.26,35707.55,0,EGP,4/4/2026
ORD-12545,CUST-895,PROD-176,BR-2,AG-11,3/13/2024,17352.87,Cash,17352.87,0,0,0,0,0,0,EGP,
ORD-12546,CUST-991,PROD-119,BR-7,AG-21,1/21/2024,69782.82,Installments,13956.56,55826.26,12,0.2,4652.19,27913.13,0,EGP,4/4/2026
ORD-12547,CUST-402,PROD-108,BR-8,AG-12,12/26/2024,34974.08,Installments,6994.82,27979.26,12,0.2,2331.61,13989.63,45,Pound,4/4/2026
ORD-12548,CUST-293,PROD-97,BR-1,AG-23,8/31/2024,38618.95,Installments,7723.79,30895.16,12,0.2,2574.6,15447.58,0,EGP,4/4/2026
ORD-12549,CUST-577,PROD-194,BR-4,AG-9,7/17/2024,12648.29,Installments,2529.66,10118.63,12,0.2,843.22,5059.32,0,Pound,4/4/2026
ORD-12550,CUST-755,PROD-190,BR-4,AG-17,8/21/2024,34216.98,Installments,6843.4,27373.58,12,0.2,2281.13,13686.79,0,Pound,4/4/2026
ORD-12551,CUST-998,PROD-149,BR-6,AG-7,11/20/2024,25689.95,Installments,5137.99,20551.96,12,0.2,1712.66,10275.98,0,egp,4/4/2026
ORD-12552,CUST-428,PROD-51,BR-8,AG-8,5/9/2024,86885.62,Cash,86885.62,0,0,0,0,0,0,Pound,
ORD-12553,CUST-974,PROD-127,BR-9,AG-12,9/18/2024,37948.02,Installments,7589.6,30358.42,12,0.2,2529.87,15179.21,45,EGP,4/4/2026
ORD-12554,CUST-361,PROD-173,BR-1,AG-12,4/7/2024,27073.05,Installments,5414.61,21658.44,12,0.2,1804.87,10829.22,0,egp,4/4/2026
ORD-12555,CUST-815,PROD-162,BR-2,AG-23,3/31/2024,76138.05,Installments,15227.61,60910.44,12,0.2,5075.87,30455.22,0,EGP,4/4/2026
ORD-12556,CUST-970,PROD-79,BR-5,AG-8,9/20/2024,48390.52,Installments,9678.1,38712.42,12,0.2,3226.03,19356.21,45,EGP,1/1/1900
ORD-12557,CUST-256,PROD-115,BR-10,AG-6,5/18/2024,31871.88,Cash,31871.88,0,0,0,0,0,0,EGP,
ORD-12558,CUST-286,PROD-133,BR-8,AG-2,2/25/2024,51309.54,Cash,51309.54,0,0,0,0,0,0,EGP,
ORD-12559,CUST-346,PROD-116,BR-3,AG-15,12/17/2024,77660.24,Installments,15532.05,62128.19,12,0.2,5177.35,31064.1,15,EGP,4/4/2026
ORD-12560,CUST-862,PROD-78,BR-6,AG-9,5/14/2024,38896.78,Cash,38896.78,0,0,0,0,0,0,Pound,
ORD-12561,CUST-156,PROD-122,BR-1,AG-5,2/2/2025,83900.57,Cash,83900.57,0,0,0,0,0,0,EGP,
ORD-12562,CUST-348,PROD-97,BR-9,AG-3,4/16/2024,87410.2,Cash,87410.2,0,0,0,0,0,0,Pound,
ORD-12563,CUST-792,PROD-94,BR-5,AG-11,10/3/2024,69564.97,Installments,13912.99,55651.98,12,0.2,4637.66,27825.99,0,EGP,4/4/2026
ORD-12564,CUST-808,PROD-133,BR-1,AG-25,10/27/2024,36521.38,Installments,7304.28,29217.1,12,0.2,2434.76,14608.55,15,EGP,4/4/2026
ORD-12565,CUST-640,PROD-83,BR-10,AG-9,7/23/2024,61618.17,Installments,12323.63,49294.54,12,0.2,4107.88,24647.27,15,Pound,4/4/2026
ORD-12566,CUST-720,PROD-150,BR-4,AG-17,2/29/2024,71616.51,Installments,14323.3,57293.21,12,0.2,4774.43,28646.6,0,EGP,4/4/2026
ORD-12567,CUST-673,PROD-156,BR-10,AG-23,11/16/2024,74548.83,Installments,14909.77,59639.06,12,0.2,4969.92,29819.53,0,EGP,4/4/2026
ORD-12568,CUST-439,PROD-156,BR-6,AG-22,1/15/2024,60805.78,Installments,12161.16,48644.62,12,0.2,4053.72,24322.31,0,EGP,4/4/2026
ORD-12569,CUST-359,PROD-166,BR-1,AG-14,6/1/2024,76750.59,Cash,76750.59,0,0,0,0,0,0,EGP,
ORD-12570,CUST-648,PROD-53,BR-7,AG-23,3/7/2024,77341.15,Installments,15468.23,61872.92,12,0.2,5156.08,30936.46,0,EGP,4/4/2026
ORD-12571,CUST-947,PROD-182,BR-3,AG-25,10/29/2024,88135.62,Cash,88135.62,0,0,0,0,0,0,egp,
ORD-12572,CUST-669,PROD-185,BR-2,AG-5,8/9/2024,46113.67,Cash,46113.67,0,0,0,0,0,0,EGP,
ORD-12573,CUST-867,PROD-121,BR-9,AG-19,7/17/2024,41861.75,Installments,8372.35,33489.4,12,0.2,2790.78,16744.7,45,EGP,4/4/2026
ORD-12574,CUST-973,PROD-174,BR-5,AG-6,10/23/2024,27146.6,Installments,5429.32,21717.28,12,0.2,1809.77,10858.64,0,EGP,4/4/2026
ORD-12575,CUST-595,PROD-97,BR-8,AG-25,8/26/2024,47977.26,Cash,47977.26,0,0,0,0,0,0,EGP,
ORD-12576,CUST-796,PROD-147,BR-7,AG-22,4/1/2024,81862.67,Cash,81862.67,0,0,0,0,0,0,EGP,
ORD-12577,CUST-726,PROD-58,BR-2,AG-1,1/2/2024,69259.86,Installments,13851.97,55407.89,12,0.2,4617.32,27703.94,0,EGP,4/4/2026
ORD-12578,CUST-648,PROD-163,BR-1,AG-15,11/6/2024,34714.39,Cash,34714.39,0,0,0,0,0,0,EGP,
ORD-12579,CUST-182,PROD-155,BR-3,AG-10,10/22/2024,51784.05,Cash,51784.05,0,0,0,0,0,0,EGP,
ORD-12580,CUST-693,PROD-173,BR-3,AG-7,1/22/2024,68077.28,Installments,13615.46,54461.82,12,0.2,4538.49,27230.91,120,EGP,4/4/2026
ORD-12581,CUST-769,PROD-97,BR-6,AG-17,8/14/2024,12610.16,Installments,2522.03,10088.13,12,0.2,840.68,5044.06,0,Pound,4/4/2026
ORD-12582,CUST-655,PROD-85,BR-7,AG-12,9/30/2024,51884.47,Cash,51884.47,0,0,0,0,0,0,EGP,
ORD-12583,CUST-368,PROD-87,BR-1,AG-20,12/12/2024,35624.77,Installments,7124.95,28499.82,12,0.2,2374.98,14249.91,120,EGP,4/4/2026
ORD-12584,CUST-276,PROD-163,BR-8,AG-21,5/22/2024,19191.1,Installments,3838.22,15352.88,12,0.2,1279.41,7676.44,0,EGP,4/4/2026
ORD-12585,CUST-463,PROD-188,BR-8,AG-11,4/24/2024,53616.22,Cash,53616.22,0,0,0,0,0,0,EGP,
ORD-12586,CUST-752,PROD-154,BR-10,AG-17,6/12/2024,14729,Cash,14729,0,0,0,0,0,0,EGP,
ORD-12587,CUST-615,PROD-101,BR-6,AG-17,10/19/2024,29136.76,Cash,29136.76,0,0,0,0,0,0,EGP,
ORD-12588,CUST-654,PROD-98,BR-1,AG-25,1/27/2025,89091.97,Installments,17818.39,71273.58,12,0.2,5939.46,35636.79,0,EGP,4/4/2026
ORD-12589,CUST-746,PROD-106,BR-5,AG-12,1/11/2025,17007.94,Cash,17007.94,0,0,0,0,0,0,EGP,
ORD-12590,CUST-495,PROD-131,BR-2,AG-8,7/10/2024,11204.65,Installments,2240.93,8963.72,12,0.2,746.98,4481.86,0,EGP,4/4/2026
ORD-12591,CUST-331,PROD-178,BR-2,AG-19,9/3/2024,83771.73,Installments,16754.35,67017.38,12,0.2,5584.78,33508.69,45,egp,4/4/2026
ORD-12592,CUST-402,PROD-111,BR-4,AG-23,2/6/2024,66573.42,Installments,13314.68,53258.74,12,0.2,4438.23,26629.37,0,EGP,4/4/2026
ORD-12593,CUST-762,PROD-165,BR-7,AG-3,2/3/2025,53370.25,Installments,10674.05,42696.2,12,0.2,3558.02,21348.1,0,EGP,4/4/2026
ORD-12594,CUST-972,PROD-86,BR-5,AG-10,12/30/2028,12903.63,Installments,2580.73,10322.9,12,0.2,860.24,5161.45,0,EGP,4/4/2026
ORD-12595,CUST-620,PROD-110,BR-7,AG-4,11/24/2024,16445.39,Installments,3289.08,13156.31,12,0.2,1096.36,6578.16,0,egp,4/4/2026
ORD-12596,CUST-367,PROD-90,BR-7,AG-10,12/30/2028,56728.48,Installments,11345.7,45382.78,12,0.2,3781.9,22691.39,45,EGP,4/4/2026
ORD-12597,CUST-294,PROD-135,BR-7,AG-19,7/12/2024,68019.17,Cash,68019.17,0,0,0,0,0,0,EGP,
ORD-12598,CUST-213,PROD-97,BR-8,AG-8,9/7/2024,62643.47,Installments,12528.69,50114.78,12,0.2,4176.23,25057.39,0,EGP,4/4/2026
ORD-12599,CUST-702,PROD-179,BR-5,AG-25,6/8/2024,53912.3,Installments,10782.46,43129.84,12,0.2,0,21564.92,15,EGP,4/4/2026
ORD-12600,CUST-161,PROD-123,BR-6,AG-3,4/15/2024,20964.39,Installments,4192.88,16771.51,12,0.2,0,8385.76,15,EGP,4/4/2026
ORD-12601,CUST-209,PROD-120,BR-5,AG-15,4/4/2024,75546.34,Installments,15109.27,60437.07,12,0.2,5036.42,30218.54,0,EGP,4/4/2026
ORD-12602,CUST-900,PROD-154,BR-1,AG-21,4/10/2024,29451.19,Installments,5890.24,23560.95,12,0.2,1963.41,11780.48,15,EGP,4/4/2026
ORD-12603,CUST-207,PROD-131,BR-4,AG-19,4/14/2024,75555.75,Installments,15111.15,60444.6,12,0.2,5037.05,30222.3,45,EGP,4/4/2026
ORD-12604,CUST-444,PROD-128,BR-1,AG-4,2/19/2024,73116.05,Installments,14623.21,58492.84,12,0.2,4874.4,29246.42,0,EGP,4/4/2026
ORD-12605,CUST-800,PROD-76,BR-4,AG-13,3/23/2024,20608.39,Installments,4121.68,16486.71,12,0.2,1373.89,8243.36,0,egp,4/4/2026
ORD-12606,CUST-318,PROD-151,BR-9,AG-13,6/22/2024,15339.47,Installments,3067.89,12271.58,12,0.2,1022.63,6135.79,0,EGP,4/4/2026
ORD-12607,CUST-706,PROD-113,BR-8,AG-7,12/22/2024,11968.53,Installments,2393.71,9574.82,12,0.2,797.9,4787.41,0,EGP,4/4/2026
ORD-12608,CUST-329,PROD-142,BR-4,AG-18,9/3/2024,49042.73,Installments,9808.55,39234.18,12,0.2,3269.52,19617.09,0,EGP,4/4/2026
ORD-12609,CUST-297,PROD-90,BR-7,AG-16,6/23/2024,17463.56,Installments,3492.71,13970.85,12,0.2,1164.24,6985.42,0,EGP,4/4/2026
ORD-12610,CUST-810,PROD-175,BR-9,AG-21,1/3/2025,65675.75,Installments,13135.15,52540.6,12,0.2,4378.38,26270.3,0,EGP,4/4/2026
ORD-12611,CUST-695,PROD-123,BR-8,AG-12,8/23/2024,47681.01,Installments,9536.2,38144.81,12,0.2,3178.73,19072.4,0,egp,4/4/2026
ORD-12612,CUST-885,PROD-199,BR-6,AG-4,12/26/2024,62768.26,Installments,12553.65,50214.61,12,0.2,4184.55,25107.3,0,EGP,4/4/2026
ORD-12613,CUST-126,PROD-200,BR-4,AG-11,1/15/2024,54157.92,Installments,10831.58,43326.34,12,0.2,3610.53,21663.17,0,EGP,4/4/2026
ORD-12614,CUST-491,PROD-143,BR-10,AG-25,3/11/2024,16852.2,Installments,3370.44,13481.76,12,0.2,1123.48,6740.88,0,EGP,4/4/2026
ORD-12615,CUST-597,PROD-96,BR-8,AG-18,12/31/2024,28235.06,Installments,5647.01,22588.05,12,0.2,1882.34,11294.02,15,EGP,4/4/2026
ORD-12616,CUST-964,PROD-81,BR-6,AG-8,7/31/2024,46863.36,Cash,46863.36,0,0,0,0,0,0,EGP,
ORD-12617,CUST-187,PROD-91,BR-5,AG-7,12/30/2028,87088.85,Installments,17417.77,69671.08,12,0.2,5805.92,34835.54,0,EGP,4/4/2026
ORD-12618,CUST-401,PROD-141,BR-5,AG-16,7/21/2024,32788.53,Installments,6557.71,26230.82,12,0.2,2185.9,13115.41,120,EGP,4/4/2026
ORD-12619,CUST-320,PROD-117,BR-3,AG-19,6/26/2024,84379.34,Installments,16875.87,67503.47,12,0.2,5625.29,33751.74,0,egp,4/4/2026
ORD-12620,CUST-356,PROD-87,BR-7,AG-17,2/12/2024,44645.44,Installments,8929.09,35716.35,12,0.2,2976.36,17858.18,0,EGP,4/4/2026
ORD-12621,CUST-481,PROD-85,BR-7,AG-11,5/30/2024,27813.15,Installments,5562.63,22250.52,12,0.2,1854.21,11125.26,0,egp,4/4/2026
ORD-12622,CUST-245,PROD-193,BR-4,AG-15,5/5/2024,43199.6,Cash,43199.6,0,0,0,0,0,0,egp,
ORD-12623,CUST-638,PROD-182,BR-7,AG-4,7/10/2024,42441.42,Installments,8488.28,33953.14,12,0.2,2829.43,16976.57,0,EGP,4/4/2026
ORD-12624,CUST-103,PROD-163,BR-1,AG-20,7/10/2024,38256.37,Installments,7651.27,30605.1,12,0.2,2550.42,15302.55,0,EGP,4/4/2026
ORD-12625,CUST-739,PROD-142,BR-5,AG-14,12/22/2024,57381.08,Installments,11476.22,45904.86,12,0.2,3825.41,22952.43,45,EGP,4/4/2026
ORD-12626,CUST-600,PROD-77,BR-9,AG-8,6/11/2024,85583.31,Installments,17116.66,68466.65,12,0.2,5705.55,34233.32,0,EGP,4/4/2026
ORD-12627,CUST-642,PROD-189,BR-3,AG-23,12/30/2028,77190.36,Cash,77190.36,0,0,0,0,0,0,EGP,
ORD-12628,CUST-395,PROD-118,BR-7,AG-10,12/1/2024,46853.78,Cash,46853.78,0,0,0,0,0,0,EGP,
ORD-12629,CUST-248,PROD-72,BR-7,AG-18,12/30/2024,65751.18,Installments,13150.24,52600.94,12,0.2,4383.41,26300.47,45,egp,4/4/2026
ORD-12630,CUST-230,PROD-183,BR-3,AG-25,12/13/2024,29562.96,Installments,5912.59,23650.37,12,0.2,1970.86,11825.18,0,EGP,4/4/2026
ORD-12631,CUST-141,PROD-78,BR-7,AG-11,1/9/2024,24002.18,Installments,4800.44,19201.74,12,0.2,1600.15,9600.87,0,EGP,4/4/2026
ORD-12632,CUST-133,PROD-50,BR-7,AG-5,4/7/2024,48095.9,Cash,48095.9,0,0,0,0,0,0,EGP,
ORD-12633,CUST-603,PROD-148,BR-7,AG-12,12/30/2028,61650.01,Installments,12330,49320.01,12,0.2,4110,24660,0,EGP,4/4/2026
ORD-12634,CUST-637,PROD-136,BR-7,AG-22,3/15/2024,47903.29,Installments,9580.66,38322.63,12,0.2,3193.55,19161.32,0,EGP,4/4/2026
ORD-12635,CUST-211,PROD-182,BR-6,AG-23,7/28/2024,17316.35,Cash,17316.35,0,0,0,0,0,0,EGP,
ORD-12636,CUST-512,PROD-174,BR-9,AG-7,9/10/2024,61329.76,Installments,12265.95,49063.81,12,0.2,4088.65,24531.9,0,EGP,4/4/2026
ORD-12637,CUST-234,PROD-172,BR-3,AG-25,1/26/2025,32940.81,Installments,6588.16,26352.65,12,0.2,2196.05,13176.32,0,EGP,4/4/2026
ORD-12638,CUST-995,PROD-120,BR-1,AG-18,10/1/2024,38165.09,Installments,7633.02,30532.07,12,0.2,2544.34,15266.04,0,EGP,4/4/2026
ORD-12639,CUST-133,PROD-160,BR-9,AG-16,3/12/2024,54880.54,Installments,10976.11,43904.43,12,0.2,3658.7,21952.22,0,EGP,4/4/2026
ORD-12640,CUST-414,PROD-51,BR-10,AG-2,7/11/2024,84430.76,Installments,16886.15,67544.61,12,0.2,5628.72,33772.3,45,EGP,4/4/2026
ORD-12641,CUST-112,PROD-126,BR-1,AG-21,10/12/2024,17437.75,Installments,3487.55,13950.2,12,0.2,1162.52,6975.1,0,EGP,4/4/2026
ORD-12642,CUST-569,PROD-87,BR-5,AG-24,12/27/2024,83353.82,Cash,83353.82,0,0,0,0,0,0,EGP,
ORD-12643,CUST-236,PROD-109,BR-4,AG-5,3/20/2024,34190.59,Cash,34190.59,0,0,0,0,0,0,EGP,
ORD-12644,CUST-396,PROD-174,BR-10,AG-20,12/18/2024,33147.79,Cash,33147.79,0,0,0,0,0,0,Pound,
ORD-12645,CUST-375,PROD-50,BR-9,AG-17,1/29/2024,57994.22,Installments,11598.84,46395.38,12,0.2,3866.28,23197.69,0,EGP,4/4/2026
ORD-12646,CUST-946,PROD-158,BR-6,AG-12,10/23/2024,34815.05,Cash,34815.05,0,0,0,0,0,0,EGP,
ORD-12647,CUST-729,PROD-184,BR-4,AG-15,6/3/2024,36476.12,Installments,7295.22,29180.9,12,0.2,2431.74,14590.45,0,EGP,4/4/2026
ORD-12648,CUST-724,PROD-56,BR-5,AG-1,7/12/2024,26809.62,Cash,26809.62,0,0,0,0,0,0,EGP,
ORD-12649,CUST-355,PROD-151,BR-6,AG-21,4/19/2024,28803.2,Installments,5760.64,23042.56,12,0.2,1920.21,11521.28,0,EGP,4/4/2026
ORD-12650,CUST-654,PROD-145,BR-4,AG-9,1/21/2024,64568.82,Cash,64568.82,0,0,0,0,0,0,EGP,
ORD-12651,CUST-930,PROD-168,BR-6,AG-21,1/9/2024,62148.86,Installments,12429.77,49719.09,12,0.2,4143.26,24859.54,15,EGP,4/4/2026
ORD-12652,CUST-180,PROD-117,BR-6,AG-5,4/26/2024,60703.9,Installments,12140.78,48563.12,12,0.2,4046.93,24281.56,0,Pound,4/4/2026
ORD-12653,CUST-266,PROD-138,BR-10,AG-10,10/31/2024,66700.95,Installments,13340.19,53360.76,12,0.2,4446.73,26680.38,15,EGP,4/4/2026
ORD-12654,CUST-294,PROD-196,BR-10,AG-6,4/9/2024,40374.38,Installments,8074.88,32299.5,12,0.2,2691.63,16149.75,0,EGP,4/4/2026
ORD-12655,CUST-102,PROD-72,BR-8,AG-14,9/17/2024,17452.92,Installments,3490.58,13962.34,12,0.2,1163.53,6981.17,45,EGP,4/4/2026
ORD-12656,CUST-279,PROD-69,BR-9,AG-14,4/5/2024,21025.3,Installments,4205.06,16820.24,12,0.2,1401.69,8410.12,0,EGP,4/4/2026
ORD-12657,CUST-332,PROD-142,BR-2,AG-3,5/17/2024,33930.09,Installments,6786.02,27144.07,12,0.2,2262.01,13572.04,0,EGP,4/4/2026
ORD-12658,CUST-791,PROD-176,BR-6,AG-15,8/6/2024,52887.67,Installments,10577.53,42310.14,12,0.2,3525.84,21155.07,0,EGP,1/1/1900
ORD-12659,CUST-793,PROD-117,BR-9,AG-15,2/27/2024,74270.47,Installments,14854.09,59416.38,12,0.2,4951.36,29708.19,45,EGP,4/4/2026
ORD-12660,CUST-551,PROD-125,BR-4,AG-1,12/1/2024,65179.85,Installments,13035.97,52143.88,12,0.2,4345.32,26071.94,0,EGP,4/4/2026
ORD-12661,CUST-262,PROD-102,BR-10,AG-23,4/30/2024,21187.23,Installments,4237.45,16949.78,12,0.2,1412.48,8474.89,0,Pound,4/4/2026
ORD-12662,CUST-225,PROD-88,BR-4,AG-5,5/27/2024,80555.03,Installments,16111.01,64444.02,12,0.2,5370.34,32222.01,15,egp,4/4/2026
ORD-12663,CUST-951,PROD-117,BR-7,AG-17,8/15/2024,34856.88,Installments,6971.38,27885.5,12,0.2,2323.79,13942.75,15,Pound,4/4/2026
ORD-12664,CUST-392,PROD-165,BR-5,AG-12,4/24/2024,21548.49,Cash,21548.49,0,0,0,0,0,0,EGP,
ORD-12665,CUST-836,PROD-143,BR-3,AG-4,11/9/2024,52230.74,Cash,52230.74,0,0,0,0,0,0,EGP,
ORD-12666,CUST-382,PROD-136,BR-2,AG-12,3/8/2024,73732.41,Installments,14746.48,58985.93,12,0.2,4915.49,29492.96,0,EGP,4/4/2026
ORD-12667,CUST-179,PROD-89,BR-8,AG-10,5/26/2024,67604.47,Installments,13520.89,54083.58,12,0.2,4506.96,27041.79,0,EGP,4/4/2026
ORD-12668,CUST-383,PROD-66,BR-1,AG-20,8/21/2024,66131.39,Installments,13226.28,52905.11,12,0.2,4408.76,26452.56,0,EGP,4/4/2026
ORD-12669,CUST-890,PROD-189,BR-1,AG-4,9/30/2024,51813.96,Cash,51813.96,0,0,0,0,0,0,EGP,
ORD-12670,CUST-795,PROD-69,BR-3,AG-8,6/14/2024,49129.42,Cash,49129.42,0,0,0,0,0,0,EGP,
ORD-12671,CUST-455,PROD-155,BR-5,AG-5,12/25/2024,37865.14,Installments,7573.03,30292.11,12,0.2,2524.34,15146.06,0,EGP,4/4/2026
ORD-12672,CUST-992,PROD-67,BR-6,AG-25,12/30/2028,72776.55,Installments,14555.31,58221.24,12,0.2,4851.77,29110.62,0,EGP,4/4/2026
ORD-12673,CUST-654,PROD-78,BR-2,AG-11,1/19/2025,33240.77,Installments,6648.15,26592.62,12,0.2,2216.05,13296.31,0,EGP,4/4/2026
ORD-12674,CUST-766,PROD-198,BR-4,AG-16,9/6/2024,65379.6,Installments,13075.92,52303.68,12,0.2,4358.64,26151.84,0,EGP,4/4/2026
ORD-12675,CUST-470,PROD-192,BR-7,AG-23,7/16/2024,17468.78,Cash,17468.78,0,0,0,0,0,0,EGP,
ORD-12676,CUST-444,PROD-106,BR-9,AG-11,4/10/2024,82978.58,Installments,16595.72,66382.86,12,0.2,5531.91,33191.43,0,egp,4/4/2026
ORD-12677,CUST-602,PROD-126,BR-3,AG-3,9/9/2024,61715.15,Installments,12343.03,49372.12,12,0.2,4114.34,24686.06,0,EGP,4/4/2026
ORD-12678,CUST-217,PROD-160,BR-10,AG-9,2/25/2024,19244.63,Cash,19244.63,0,0,0,0,0,0,Pound,
ORD-12679,CUST-715,PROD-178,BR-8,AG-6,9/30/2024,35639.01,Cash,35639.01,0,0,0,0,0,0,EGP,
ORD-12680,CUST-490,PROD-89,BR-9,AG-2,5/8/2024,47150.51,Installments,9430.1,37720.41,12,0.2,3143.37,18860.2,0,EGP,4/4/2026
ORD-12681,CUST-682,PROD-177,BR-2,AG-21,11/1/2024,53987.91,Installments,10797.58,43190.33,12,0.2,3599.19,21595.16,0,EGP,4/4/2026
ORD-12682,CUST-655,PROD-126,BR-6,AG-17,7/29/2024,40207.77,Installments,8041.55,32166.22,12,0.2,2680.52,16083.11,45,EGP,4/4/2026
ORD-12683,CUST-384,PROD-122,BR-8,AG-24,7/28/2024,83716.11,Installments,16743.22,66972.89,12,0.2,5581.07,33486.44,0,EGP,4/4/2026
ORD-12684,CUST-137,PROD-134,BR-1,AG-15,1/11/2025,88153.88,Cash,88153.88,0,0,0,0,0,0,EGP,
ORD-12685,CUST-902,PROD-147,BR-3,AG-20,5/31/2024,76866.68,Installments,15373.34,61493.34,12,0.2,5124.45,30746.67,0,EGP,4/4/2026
ORD-12686,CUST-119,PROD-74,BR-10,AG-3,10/15/2024,54218.92,Cash,54218.92,0,0,0,0,0,0,egp,
ORD-12687,CUST-886,PROD-65,BR-3,AG-4,6/11/2024,65136.27,Installments,13027.25,52109.02,12,0.2,4342.42,26054.51,0,egp,4/4/2026
ORD-12688,CUST-503,PROD-142,BR-9,AG-23,11/18/2024,76417.19,Installments,15283.44,61133.75,12,0.2,5094.48,30566.88,45,EGP,4/4/2026
ORD-12689,CUST-789,PROD-151,BR-7,AG-1,5/5/2024,67496.21,Cash,67496.21,0,0,0,0,0,0,EGP,
ORD-12690,CUST-218,PROD-153,BR-8,AG-11,5/5/2024,51265.45,Cash,51265.45,0,0,0,0,0,0,EGP,
ORD-12691,CUST-788,PROD-155,BR-6,AG-25,2/9/2024,80570.04,Installments,16114.01,64456.03,12,0.2,5371.34,32228.02,0,EGP,4/4/2026
ORD-12692,CUST-797,PROD-199,BR-4,AG-6,3/17/2024,33056.31,Installments,6611.26,26445.05,12,0.2,2203.75,13222.52,0,EGP,4/4/2026
ORD-12693,CUST-428,PROD-198,BR-6,AG-7,11/28/2024,38448.81,Installments,7689.76,30759.05,12,0.2,2563.25,15379.52,0,EGP,4/4/2026
ORD-12694,CUST-172,PROD-124,BR-3,AG-7,9/29/2024,69657,Installments,13931.4,55725.6,12,0.2,4643.8,27862.8,0,EGP,4/4/2026
ORD-12695,CUST-150,PROD-170,BR-8,AG-14,12/30/2028,48643.92,Cash,48643.92,0,0,0,0,0,0,EGP,
ORD-12696,CUST-569,PROD-120,BR-10,AG-7,8/7/2024,80871.99,Installments,16174.4,64697.59,12,0.2,5391.47,32348.8,0,Pound,4/4/2026
ORD-12697,CUST-582,PROD-118,BR-8,AG-24,8/9/2024,74717.45,Installments,14943.49,59773.96,12,0.2,4981.16,29886.98,0,EGP,4/4/2026
ORD-12698,CUST-989,PROD-99,BR-7,AG-17,9/16/2024,62379.35,Installments,12475.87,49903.48,12,0.2,4158.62,24951.74,0,EGP,4/4/2026
ORD-12699,CUST-401,PROD-166,BR-9,AG-19,3/27/2024,51264.54,Cash,51264.54,0,0,0,0,0,0,EGP,
ORD-12700,CUST-138,PROD-70,BR-1,AG-13,2/18/2024,37457.55,Installments,7491.51,29966.04,12,0.2,2497.17,14983.02,0,EGP,4/4/2026
ORD-12701,CUST-794,PROD-112,BR-8,AG-15,6/19/2024,11831.23,Cash,11831.23,0,0,0,0,0,0,EGP,
ORD-12702,CUST-139,PROD-75,BR-10,AG-13,8/10/2024,21358.56,Cash,21358.56,0,0,0,0,0,0,EGP,
ORD-12703,CUST-595,PROD-170,BR-9,AG-8,5/19/2024,78254.2,Installments,15650.84,62603.36,12,0.2,5216.95,31301.68,0,EGP,4/4/2026
ORD-12704,CUST-904,PROD-184,BR-5,AG-13,1/14/2025,50349.31,Installments,10069.86,40279.45,12,0.2,3356.62,20139.72,0,EGP,4/4/2026
ORD-12705,CUST-260,PROD-192,BR-8,AG-23,11/8/2024,15440.19,Installments,3088.04,12352.15,12,0.2,1029.35,6176.08,0,EGP,4/4/2026
ORD-12706,CUST-807,PROD-64,BR-2,AG-4,5/21/2024,66356.25,Installments,13271.25,53085,12,0.2,4423.75,26542.5,15,EGP,4/4/2026
ORD-12707,CUST-441,PROD-82,BR-8,AG-14,3/26/2024,52206.24,Installments,10441.25,41764.99,12,0.2,3480.42,20882.5,0,EGP,4/4/2026
ORD-12708,CUST-713,PROD-141,BR-4,AG-5,1/30/2025,47819.08,Installments,9563.82,38255.26,12,0.2,3187.94,19127.63,15,EGP,4/4/2026
ORD-12709,CUST-499,PROD-188,BR-6,AG-22,4/10/2024,88643.24,Installments,17728.65,70914.59,12,0.2,5909.55,35457.3,0,EGP,4/4/2026
ORD-12710,CUST-255,PROD-137,BR-3,AG-19,4/10/2024,84723.95,Cash,84723.95,0,0,0,0,0,0,EGP,
ORD-12711,CUST-580,PROD-82,BR-1,AG-6,2/2/2024,26048.9,Installments,5209.78,20839.12,12,0.2,1736.59,10419.56,0,Pound,4/4/2026
ORD-12712,CUST-749,PROD-74,BR-7,AG-13,7/5/2024,72171.56,Cash,72171.56,0,0,0,0,0,0,EGP,
ORD-12713,CUST-653,PROD-70,BR-1,AG-23,8/8/2024,23295.35,Installments,4659.07,18636.28,12,0.2,1553.02,9318.14,0,EGP,4/4/2026
ORD-12714,CUST-489,PROD-195,BR-6,AG-6,1/18/2024,18084.49,Installments,3616.9,14467.59,12,0.2,1205.63,7233.8,45,EGP,4/4/2026
ORD-12715,CUST-533,PROD-58,BR-1,AG-13,5/24/2024,28362.12,Installments,5672.42,22689.7,12,0.2,1890.81,11344.85,120,Pound,4/4/2026
ORD-12716,CUST-274,PROD-145,BR-7,AG-12,11/19/2024,65406.36,Installments,13081.27,52325.09,12,0.2,4360.42,26162.54,0,EGP,4/4/2026
ORD-12717,CUST-951,PROD-99,BR-6,AG-11,5/15/2024,41310.02,Installments,8262,33048.02,12,0.2,2754,16524.01,0,EGP,4/4/2026
ORD-12718,CUST-529,PROD-185,BR-9,AG-13,12/30/2028,71463.42,Installments,14292.68,57170.74,12,0.2,4764.23,28585.37,45,EGP,4/4/2026
ORD-12719,CUST-156,PROD-173,BR-7,AG-22,4/8/2024,12393.63,Installments,2478.73,9914.9,12,0.2,826.24,4957.45,0,EGP,1/1/1900
ORD-12720,CUST-160,PROD-77,BR-6,AG-22,12/30/2028,33048.81,Installments,6609.76,26439.05,12,0.2,2203.25,13219.52,0,EGP,4/4/2026
ORD-12721,CUST-383,PROD-116,BR-3,AG-18,10/24/2024,42531.35,Installments,8506.27,34025.08,12,0.2,2835.42,17012.54,0,EGP,4/4/2026
ORD-12722,CUST-240,PROD-54,BR-8,AG-15,3/14/2024,56884.2,Installments,11376.84,45507.36,12,0.2,3792.28,22753.68,15,EGP,4/4/2026
ORD-12723,CUST-390,PROD-62,BR-2,AG-7,5/17/2024,33480.02,Installments,6696,26784.02,12,0.2,2232,13392.01,15,EGP,4/4/2026
ORD-12724,CUST-470,PROD-142,BR-6,AG-22,11/23/2024,13288.64,Installments,2657.73,10630.91,12,0.2,885.91,5315.46,0,EGP,4/4/2026
ORD-12725,CUST-869,PROD-177,BR-5,AG-20,4/30/2024,52152.05,Installments,10430.41,41721.64,12,0.2,3476.8,20860.82,0,EGP,4/4/2026
ORD-12726,CUST-452,PROD-112,BR-6,AG-13,2/15/2024,13937.88,Installments,2787.58,11150.3,12,0.2,929.19,5575.15,0,EGP,4/4/2026
ORD-12727,CUST-343,PROD-200,BR-2,AG-24,9/14/2024,89780.6,Installments,17956.12,71824.48,12,0.2,5985.37,35912.24,0,Pound,4/4/2026
ORD-12728,CUST-842,PROD-195,BR-3,AG-16,8/3/2024,83316.92,Installments,16663.38,66653.54,12,0.2,5554.46,33326.77,0,EGP,4/4/2026
ORD-12729,CUST-581,PROD-105,BR-10,AG-13,1/15/2024,81179.84,Installments,16235.97,64943.87,12,0.2,5411.99,32471.94,0,EGP,4/4/2026
ORD-12730,CUST-693,PROD-133,BR-9,AG-10,4/20/2024,69106.63,Installments,13821.33,55285.3,12,0.2,4607.11,27642.65,0,Pound,4/4/2026
ORD-12731,CUST-539,PROD-54,BR-1,AG-24,1/18/2024,71881.42,Installments,14376.28,57505.14,12,0.2,4792.09,28752.57,0,EGP,4/4/2026
ORD-12732,CUST-344,PROD-167,BR-1,AG-8,9/7/2024,39347.04,Installments,7869.41,31477.63,12,0.2,2623.14,15738.82,0,EGP,4/4/2026
ORD-12733,CUST-238,PROD-194,BR-6,AG-25,7/24/2024,30296.66,Installments,6059.33,24237.33,12,0.2,2019.78,12118.66,0,EGP,4/4/2026
ORD-12734,CUST-379,PROD-98,BR-9,AG-22,8/27/2024,70558.27,Installments,14111.65,56446.62,12,0.2,4703.88,28223.31,0,EGP,4/4/2026
ORD-12735,CUST-721,PROD-61,BR-6,AG-20,9/9/2024,89912.16,Installments,17982.43,71929.73,12,0.2,5994.14,35964.86,0,EGP,4/4/2026
ORD-12736,CUST-501,PROD-122,BR-1,AG-8,2/12/2024,30808.21,Installments,6161.64,24646.57,12,0.2,2053.88,12323.28,15,EGP,4/4/2026
ORD-12737,CUST-696,PROD-81,BR-7,AG-14,1/12/2025,83280.94,Cash,83280.94,0,0,0,0,0,0,EGP,
ORD-12738,CUST-865,PROD-113,BR-3,AG-21,11/7/2024,76748.78,Installments,15349.76,61399.02,12,0.2,5116.59,30699.51,0,Pound,4/4/2026
ORD-12739,CUST-876,PROD-136,BR-3,AG-3,6/30/2024,26944.27,Cash,26944.27,0,0,0,0,0,0,Pound,
ORD-12740,CUST-871,PROD-120,BR-5,AG-8,1/11/2024,85708.83,Cash,85708.83,0,0,0,0,0,0,EGP,
ORD-12741,CUST-198,PROD-61,BR-6,AG-19,11/14/2024,74465.02,Installments,14893,59572.02,12,0.2,4964.33,29786.01,0,EGP,4/4/2026
ORD-12742,CUST-159,PROD-53,BR-5,AG-1,12/11/2024,72586.07,Installments,14517.21,58068.86,12,0.2,4839.07,29034.43,0,EGP,4/4/2026
ORD-12743,CUST-535,PROD-196,BR-5,AG-11,7/26/2024,87624.86,Installments,17524.97,70099.89,12,0.2,5841.66,35049.94,15,EGP,4/4/2026
ORD-12744,CUST-813,PROD-148,BR-1,AG-10,5/8/2024,16941.55,Installments,3388.31,13553.24,12,0.2,1129.44,6776.62,0,egp,4/4/2026
ORD-12745,CUST-832,PROD-66,BR-4,AG-15,10/27/2024,78687.03,Cash,78687.03,0,0,0,0,0,0,EGP,
ORD-12746,CUST-914,PROD-192,BR-1,AG-22,2/22/2024,85993.34,Installments,17198.67,68794.67,12,0.2,5732.89,34397.34,0,EGP,4/4/2026
ORD-12747,CUST-770,PROD-132,BR-3,AG-9,5/26/2024,65580.48,Installments,13116.1,52464.38,12,0.2,4372.03,26232.19,0,EGP,4/4/2026
ORD-12748,CUST-508,PROD-62,BR-10,AG-18,6/15/2024,48751.94,Installments,9750.39,39001.55,12,0.2,3250.13,19500.78,0,EGP,4/4/2026
ORD-12749,CUST-774,PROD-144,BR-3,AG-3,12/3/2024,86494.49,Installments,17298.9,69195.59,12,0.2,5766.3,34597.8,0,EGP,4/4/2026
ORD-12750,CUST-164,PROD-193,BR-7,AG-25,8/10/2024,33003.81,Installments,6600.76,26403.05,12,0.2,2200.25,13201.52,0,EGP,4/4/2026
ORD-12751,CUST-948,PROD-53,BR-1,AG-2,12/30/2024,48054.4,Installments,9610.88,38443.52,12,0.2,3203.63,19221.76,0,EGP,4/4/2026
ORD-12752,CUST-986,PROD-109,BR-9,AG-9,1/1/2024,65359.98,Installments,13072,52287.98,12,0.2,4357.33,26143.99,0,EGP,4/4/2026
ORD-12753,CUST-698,PROD-118,BR-5,AG-19,12/31/2024,48581.64,Installments,9716.33,38865.31,12,0.2,3238.78,19432.66,15,egp,4/4/2026
ORD-12754,CUST-777,PROD-141,BR-3,AG-7,3/27/2024,68902.11,Installments,13780.42,55121.69,12,0.2,4593.47,27560.84,0,EGP,4/4/2026
ORD-12755,CUST-688,PROD-142,BR-7,AG-1,3/14/2024,28080.39,Installments,5616.08,22464.31,12,0.2,1872.03,11232.16,0,EGP,4/4/2026
ORD-12756,CUST-737,PROD-187,BR-5,AG-22,4/16/2024,66441.91,Installments,13288.38,53153.53,12,0.2,4429.46,26576.76,0,Pound,4/4/2026
ORD-12757,CUST-188,PROD-106,BR-4,AG-20,9/6/2024,28552.59,Installments,5710.52,22842.07,12,0.2,1903.51,11421.04,0,EGP,4/4/2026
ORD-12758,CUST-388,PROD-161,BR-6,AG-23,4/30/2024,52934.84,Cash,52934.84,0,0,0,0,0,0,EGP,
ORD-12759,CUST-415,PROD-190,BR-9,AG-1,9/28/2024,52079.42,Installments,10415.88,41663.54,12,0.2,3471.96,20831.77,0,Pound,4/4/2026
ORD-12760,CUST-239,PROD-112,BR-3,AG-22,7/18/2024,73229.51,Installments,14645.9,58583.61,12,0.2,4881.97,29291.8,0,EGP,4/4/2026
ORD-12761,CUST-946,PROD-172,BR-5,AG-6,9/15/2024,14760.4,Installments,2952.08,11808.32,12,0.2,984.03,5904.16,0,egp,4/4/2026
ORD-12762,CUST-853,PROD-91,BR-9,AG-10,11/28/2024,64412.48,Installments,12882.5,51529.98,12,0.2,4294.17,25764.99,0,EGP,4/4/2026
ORD-12763,CUST-565,PROD-109,BR-3,AG-17,3/20/2024,74580.46,Cash,74580.46,0,0,0,0,0,0,EGP,
ORD-12764,CUST-393,PROD-119,BR-1,AG-24,6/26/2024,37097.71,Installments,7419.54,29678.17,12,0.2,2473.18,14839.08,15,EGP,4/4/2026
ORD-12765,CUST-566,PROD-59,BR-4,AG-12,6/29/2024,70439.8,Installments,14087.96,56351.84,12,0.2,4695.99,28175.92,15,EGP,4/4/2026
ORD-12766,CUST-134,PROD-109,BR-9,AG-17,12/26/2024,26112.54,Installments,5222.51,20890.03,12,0.2,1740.84,10445.02,0,EGP,4/4/2026
ORD-12767,CUST-852,PROD-111,BR-3,AG-1,10/7/2024,14614.32,Installments,2922.86,11691.46,12,0.2,974.29,5845.73,0,egp,4/4/2026
ORD-12768,CUST-660,PROD-53,BR-10,AG-10,8/7/2024,68424.33,Installments,13684.87,54739.46,12,0.2,4561.62,27369.73,0,EGP,4/4/2026
ORD-12769,CUST-245,PROD-85,BR-8,AG-24,5/17/2024,88122.96,Installments,17624.59,70498.37,12,0.2,0,35249.18,0,EGP,4/4/2026
ORD-12770,CUST-338,PROD-66,BR-10,AG-19,1/26/2025,58780.45,Installments,11756.09,47024.36,12,0.2,3918.7,23512.18,0,egp,4/4/2026
ORD-12771,CUST-259,PROD-61,BR-2,AG-16,12/29/2024,10458.62,Installments,2091.72,8366.9,12,0.2,697.24,4183.45,120,EGP,4/4/2026
ORD-12772,CUST-315,PROD-68,BR-3,AG-11,11/16/2024,82138.29,Installments,16427.66,65710.63,12,0.2,5475.89,32855.32,0,EGP,4/4/2026
ORD-12773,CUST-796,PROD-99,BR-9,AG-24,7/13/2024,47489.59,Installments,9497.92,37991.67,12,0.2,3165.97,18995.84,0,EGP,4/4/2026
ORD-12774,CUST-584,PROD-159,BR-7,AG-3,2/10/2024,21572.05,Installments,4314.41,17257.64,12,0.2,1438.14,8628.82,0,EGP,4/4/2026
ORD-12775,CUST-804,PROD-182,BR-8,AG-15,6/8/2024,52190.85,Cash,52190.85,0,0,0,0,0,0,egp,
ORD-12776,CUST-373,PROD-195,BR-8,AG-6,11/27/2024,77865.36,Installments,15573.07,62292.29,12,0.2,5191.02,31146.14,0,EGP,4/4/2026
ORD-12777,CUST-578,PROD-135,BR-2,AG-4,7/9/2024,41062.11,Cash,41062.11,0,0,0,0,0,0,Pound,
ORD-12778,CUST-594,PROD-107,BR-2,AG-18,9/19/2024,74113.8,Installments,14822.76,59291.04,12,0.2,4940.92,29645.52,45,EGP,4/4/2026
ORD-12779,CUST-414,PROD-72,BR-9,AG-6,8/12/2024,41635.63,Cash,41635.63,0,0,0,0,0,0,EGP,
ORD-12780,CUST-216,PROD-85,BR-4,AG-13,9/22/2024,72518.77,Installments,14503.75,58015.02,12,0.2,4834.58,29007.51,45,Pound,4/4/2026
ORD-12781,CUST-964,PROD-114,BR-9,AG-3,1/4/2025,64300.06,Installments,12860.01,51440.05,12,0.2,4286.67,25720.02,15,EGP,1/1/1900
ORD-12782,CUST-236,PROD-189,BR-7,AG-18,4/25/2024,16920.62,Installments,3384.12,13536.5,12,0.2,1128.04,6768.25,15,egp,4/4/2026
ORD-12783,CUST-597,PROD-163,BR-10,AG-4,6/3/2024,18667.54,Installments,3733.51,14934.03,12,0.2,1244.5,7467.02,0,EGP,4/4/2026
ORD-12784,CUST-170,PROD-154,BR-1,AG-23,12/30/2028,53026.03,Installments,10605.21,42420.82,12,0.2,3535.07,21210.41,0,EGP,4/4/2026
ORD-12785,CUST-791,PROD-51,BR-9,AG-20,8/13/2024,64891.61,Cash,64891.61,0,0,0,0,0,0,EGP,
ORD-12786,CUST-756,PROD-86,BR-5,AG-20,4/6/2024,46898.22,Cash,46898.22,0,0,0,0,0,0,EGP,
ORD-12787,CUST-423,PROD-76,BR-10,AG-9,11/17/2024,76902,Cash,76902,0,0,0,0,0,0,egp,
ORD-12788,CUST-954,PROD-196,BR-7,AG-5,1/14/2025,89556.14,Installments,17911.23,71644.91,12,0.2,5970.41,35822.46,0,Pound,4/4/2026
ORD-12789,CUST-259,PROD-108,BR-10,AG-23,5/4/2024,60337.47,Installments,12067.49,48269.98,12,0.2,4022.5,24134.99,0,EGP,4/4/2026
ORD-12790,CUST-225,PROD-172,BR-3,AG-10,11/27/2024,25906.07,Cash,25906.07,0,0,0,0,0,0,EGP,
ORD-12791,CUST-183,PROD-182,BR-9,AG-18,3/21/2024,32495.92,Installments,6499.18,25996.74,12,0.2,2166.39,12998.37,15,EGP,4/4/2026
ORD-12792,CUST-214,PROD-89,BR-4,AG-8,1/17/2024,52025.58,Cash,52025.58,0,0,0,0,0,0,EGP,
ORD-12793,CUST-149,PROD-69,BR-7,AG-15,3/8/2024,35550.11,Installments,7110.02,28440.09,12,0.2,2370.01,14220.04,0,EGP,4/4/2026
ORD-12794,CUST-902,PROD-99,BR-1,AG-7,8/13/2024,33226.42,Installments,6645.28,26581.14,12,0.2,2215.09,13290.57,0,EGP,4/4/2026
ORD-12795,CUST-549,PROD-116,BR-3,AG-22,3/25/2024,39361.6,Cash,39361.6,0,0,0,0,0,0,EGP,
ORD-12796,CUST-905,PROD-194,BR-9,AG-17,1/12/2025,52407.45,Installments,10481.49,41925.96,12,0.2,0,20962.98,0,EGP,4/4/2026
ORD-12797,CUST-400,PROD-169,BR-9,AG-20,2/19/2024,48218.98,Installments,9643.8,38575.18,12,0.2,3214.6,19287.59,45,EGP,4/4/2026
ORD-12798,CUST-817,PROD-86,BR-5,AG-15,6/8/2024,26866.84,Cash,26866.84,0,0,0,0,0,0,egp,
ORD-12799,CUST-961,PROD-110,BR-5,AG-17,2/24/2024,21026.79,Cash,21026.79,0,0,0,0,0,0,EGP,
ORD-12800,CUST-941,PROD-182,BR-4,AG-24,9/14/2024,36346.38,Installments,7269.28,29077.1,12,0.2,2423.09,14538.55,0,EGP,4/4/2026
ORD-12801,CUST-376,PROD-195,BR-7,AG-17,6/9/2024,18921.56,Installments,3784.31,15137.25,12,0.2,1261.44,7568.62,0,EGP,4/4/2026
ORD-12802,CUST-449,PROD-157,BR-3,AG-14,4/13/2024,71358.19,Installments,14271.64,57086.55,12,0.2,4757.21,28543.28,45,EGP,4/4/2026
ORD-12803,CUST-182,PROD-185,BR-6,AG-24,2/1/2025,34961.39,Cash,34961.39,0,0,0,0,0,0,EGP,
ORD-12804,CUST-365,PROD-154,BR-5,AG-9,10/9/2024,38166.53,Installments,7633.31,30533.22,12,0.2,2544.44,15266.61,15,EGP,4/4/2026
ORD-12805,CUST-659,PROD-70,BR-4,AG-16,5/30/2024,71411.19,Installments,14282.24,57128.95,12,0.2,4760.75,28564.48,0,EGP,4/4/2026
ORD-12806,CUST-946,PROD-136,BR-9,AG-8,2/2/2025,31977.04,Installments,6395.41,25581.63,12,0.2,2131.8,12790.82,0,EGP,4/4/2026
ORD-12807,CUST-776,PROD-179,BR-8,AG-23,6/30/2024,48025.98,Installments,9605.2,38420.78,12,0.2,3201.73,19210.39,15,EGP,4/4/2026
ORD-12808,CUST-236,PROD-166,BR-7,AG-7,6/29/2024,88359.34,Cash,88359.34,0,0,0,0,0,0,egp,
ORD-12809,CUST-301,PROD-181,BR-5,AG-3,6/7/2024,15261.71,Installments,3052.34,12209.37,12,0.2,1017.45,6104.68,0,EGP,4/4/2026
ORD-12810,CUST-152,PROD-100,BR-5,AG-14,12/4/2024,12758.82,Installments,2551.76,10207.06,12,0.2,850.59,5103.53,0,Pound,4/4/2026
ORD-12811,CUST-848,PROD-197,BR-4,AG-4,10/30/2024,11931.37,Installments,2386.27,9545.1,12,0.2,795.42,4772.55,0,EGP,4/4/2026
ORD-12812,CUST-160,PROD-158,BR-1,AG-8,1/11/2024,81764.4,Installments,16352.88,65411.52,12,0.2,5450.96,32705.76,0,Pound,4/4/2026
ORD-12813,CUST-506,PROD-132,BR-3,AG-24,5/7/2024,86720.12,Installments,17344.02,69376.1,12,0.2,5781.34,34688.05,0,EGP,4/4/2026
ORD-12814,CUST-611,PROD-194,BR-1,AG-12,12/26/2024,15700.5,Installments,3140.1,12560.4,12,0.2,1046.7,6280.2,0,Pound,1/1/1900
ORD-12815,CUST-663,PROD-144,BR-10,AG-19,11/27/2024,25729.49,Installments,5145.9,20583.59,12,0.2,1715.3,10291.8,0,EGP,4/4/2026
ORD-12816,CUST-799,PROD-70,BR-7,AG-9,4/25/2024,88785.91,Cash,88785.91,0,0,0,0,0,0,Pound,
ORD-12817,CUST-654,PROD-142,BR-5,AG-6,5/1/2024,51287.97,Installments,10257.59,41030.38,12,0.2,3419.2,20515.19,0,Pound,4/4/2026
ORD-12818,CUST-488,PROD-55,BR-5,AG-2,1/26/2024,27689.71,Cash,27689.71,0,0,0,0,0,0,EGP,
ORD-12819,CUST-762,PROD-83,BR-7,AG-3,9/9/2024,55011.37,Cash,55011.37,0,0,0,0,0,0,EGP,
ORD-12820,CUST-689,PROD-93,BR-8,AG-21,2/3/2024,35162.62,Installments,7032.52,28130.1,12,0.2,2344.17,14065.05,120,EGP,4/4/2026
ORD-12821,CUST-956,PROD-171,BR-2,AG-4,11/27/2024,43485.07,Installments,8697.01,34788.06,12,0.2,2899,17394.03,0,EGP,1/1/1900
ORD-12822,CUST-544,PROD-157,BR-4,AG-8,8/17/2024,18120.38,Installments,3624.08,14496.3,12,0.2,1208.03,7248.15,120,EGP,4/4/2026
ORD-12823,CUST-795,PROD-57,BR-10,AG-9,4/14/2024,52067.08,Installments,10413.42,41653.66,12,0.2,3471.14,20826.83,120,egp,4/4/2026
ORD-12824,CUST-894,PROD-195,BR-8,AG-9,1/2/2025,65070.24,Installments,13014.05,52056.19,12,0.2,4338.02,26028.1,0,EGP,4/4/2026
ORD-12825,CUST-907,PROD-87,BR-5,AG-23,3/19/2024,71628.73,Installments,14325.75,57302.98,12,0.2,4775.25,28651.49,0,EGP,4/4/2026
ORD-12826,CUST-436,PROD-165,BR-4,AG-7,9/20/2024,19972.48,Cash,19972.48,0,0,0,0,0,0,EGP,
ORD-12827,CUST-438,PROD-197,BR-7,AG-7,10/4/2024,43666.54,Cash,43666.54,0,0,0,0,0,0,EGP,
ORD-12828,CUST-743,PROD-61,BR-4,AG-6,12/30/2024,85138.82,Cash,85138.82,0,0,0,0,0,0,Pound,
ORD-12829,CUST-610,PROD-191,BR-4,AG-7,8/9/2024,47343.17,Cash,47343.17,0,0,0,0,0,0,EGP,
ORD-12830,CUST-507,PROD-99,BR-3,AG-21,10/18/2024,29460,Installments,5892,23568,12,0.2,1964,11784,0,EGP,4/4/2026
ORD-12831,CUST-467,PROD-154,BR-10,AG-2,8/2/2024,53725.04,Cash,53725.04,0,0,0,0,0,0,EGP,
ORD-12832,CUST-650,PROD-102,BR-1,AG-23,1/30/2025,85895.82,Cash,85895.82,0,0,0,0,0,0,Pound,
ORD-12833,CUST-499,PROD-56,BR-10,AG-11,6/11/2024,62577.12,Installments,12515.42,50061.7,12,0.2,4171.81,25030.85,15,egp,4/4/2026
ORD-12834,CUST-396,PROD-182,BR-9,AG-10,8/13/2024,81784.32,Installments,16356.86,65427.46,12,0.2,5452.29,32713.73,0,EGP,4/4/2026
ORD-12835,CUST-248,PROD-96,BR-1,AG-13,5/26/2024,29474.12,Installments,5894.82,23579.3,12,0.2,1964.94,11789.65,45,Pound,4/4/2026
ORD-12836,CUST-462,PROD-89,BR-10,AG-3,5/8/2024,14349.12,Installments,2869.82,11479.3,12,0.2,956.61,5739.65,0,EGP,4/4/2026
ORD-12837,CUST-856,PROD-185,BR-10,AG-16,11/15/2024,34399.57,Installments,6879.91,27519.66,12,0.2,2293.3,13759.83,0,EGP,4/4/2026
ORD-12838,CUST-134,PROD-125,BR-5,AG-20,4/16/2024,63292.36,Installments,12658.47,50633.89,12,0.2,4219.49,25316.94,15,EGP,4/4/2026
ORD-12839,CUST-500,PROD-127,BR-2,AG-22,6/12/2024,67672.11,Cash,67672.11,0,0,0,0,0,0,EGP,
ORD-12840,CUST-430,PROD-158,BR-10,AG-9,6/18/2024,64493.57,Installments,12898.71,51594.86,12,0.2,4299.57,25797.43,0,EGP,4/4/2026
ORD-12841,CUST-228,PROD-122,BR-9,AG-2,6/10/2024,81398.33,Cash,81398.33,0,0,0,0,0,0,egp,
ORD-12842,CUST-932,PROD-187,BR-8,AG-12,5/11/2024,58769.01,Installments,11753.8,47015.21,12,0.2,3917.93,23507.6,120,EGP,4/4/2026
ORD-12843,CUST-473,PROD-72,BR-2,AG-23,1/11/2025,38742.18,Cash,38742.18,0,0,0,0,0,0,EGP,
ORD-12844,CUST-758,PROD-130,BR-2,AG-3,9/16/2024,52591.45,Installments,10518.29,42073.16,12,0.2,3506.1,21036.58,120,Pound,4/4/2026
ORD-12845,CUST-973,PROD-184,BR-10,AG-7,3/21/2024,46402.03,Cash,46402.03,0,0,0,0,0,0,EGP,
ORD-12846,CUST-588,PROD-120,BR-10,AG-25,5/8/2024,21374.19,Installments,4274.84,17099.35,12,0.2,1424.95,8549.68,0,egp,4/4/2026
ORD-12847,CUST-202,PROD-141,BR-9,AG-11,3/11/2024,12073.38,Installments,2414.68,9658.7,12,0.2,804.89,4829.35,0,EGP,4/4/2026
ORD-12848,CUST-390,PROD-99,BR-2,AG-9,9/8/2024,69242.47,Installments,13848.49,55393.98,12,0.2,4616.16,27696.99,15,EGP,4/4/2026
ORD-12849,CUST-108,PROD-93,BR-3,AG-25,9/17/2024,14710.53,Cash,14710.53,0,0,0,0,0,0,EGP,
ORD-12850,CUST-164,PROD-52,BR-5,AG-17,12/14/2024,79992.53,Installments,15998.51,63994.02,12,0.2,5332.84,31997.01,120,Pound,4/4/2026
ORD-12851,CUST-285,PROD-137,BR-5,AG-12,7/25/2024,61080.27,Installments,12216.05,48864.22,12,0.2,4072.02,24432.11,0,EGP,4/4/2026
ORD-12852,CUST-943,PROD-89,BR-5,AG-13,7/31/2024,15173.15,Installments,3034.63,12138.52,12,0.2,1011.54,6069.26,0,EGP,4/4/2026
ORD-12853,CUST-461,PROD-63,BR-6,AG-17,9/14/2024,44706.69,Installments,8941.34,35765.35,12,0.2,2980.45,17882.68,0,EGP,4/4/2026
ORD-12854,CUST-293,PROD-103,BR-5,AG-18,9/15/2024,72747.91,Installments,14549.58,58198.33,12,0.2,4849.86,29099.16,0,EGP,4/4/2026
ORD-12855,CUST-195,PROD-199,BR-6,AG-13,12/21/2024,26275.6,Installments,5255.12,21020.48,12,0.2,1751.71,10510.24,0,egp,4/4/2026
ORD-12856,CUST-709,PROD-64,BR-6,AG-16,4/6/2024,75865.54,Cash,75865.54,0,0,0,0,0,0,EGP,
ORD-12857,CUST-578,PROD-164,BR-10,AG-14,5/7/2024,87078.5,Installments,17415.7,69662.8,12,0.2,5805.23,34831.4,0,egp,4/4/2026
ORD-12858,CUST-729,PROD-184,BR-1,AG-23,10/24/2024,41905.13,Installments,8381.03,33524.1,12,0.2,2793.68,16762.05,0,EGP,4/4/2026
ORD-12859,CUST-607,PROD-63,BR-6,AG-9,1/9/2025,42646.75,Installments,8529.35,34117.4,12,0.2,2843.12,17058.7,0,EGP,4/4/2026
ORD-12860,CUST-971,PROD-115,BR-8,AG-25,4/26/2024,33784.42,Installments,6756.88,27027.54,12,0.2,2252.29,13513.77,0,Pound,4/4/2026
ORD-12861,CUST-364,PROD-131,BR-5,AG-5,2/5/2024,78826.32,Cash,78826.32,0,0,0,0,0,0,EGP,
ORD-12862,CUST-867,PROD-63,BR-8,AG-15,9/30/2024,45539.24,Installments,9107.85,36431.39,12,0.2,3035.95,18215.7,0,Pound,4/4/2026
ORD-12863,CUST-944,PROD-127,BR-9,AG-14,2/22/2024,14387.93,Installments,2877.59,11510.34,12,0.2,959.2,5755.17,120,EGP,4/4/2026
ORD-12864,CUST-248,PROD-99,BR-4,AG-7,1/10/2025,83158.73,Installments,16631.75,66526.98,12,0.2,5543.92,33263.49,0,Pound,4/4/2026
ORD-12865,CUST-825,PROD-135,BR-6,AG-7,5/12/2024,32993.91,Installments,6598.78,26395.13,12,0.2,2199.59,13197.56,0,EGP,4/4/2026
ORD-12866,CUST-461,PROD-76,BR-2,AG-16,7/15/2024,46314.75,Installments,9262.95,37051.8,12,0.2,3087.65,18525.9,45,EGP,4/4/2026
ORD-12867,CUST-517,PROD-53,BR-2,AG-20,3/16/2024,14593.38,Installments,2918.68,11674.7,12,0.2,972.89,5837.35,0,EGP,4/4/2026
ORD-12868,CUST-844,PROD-94,BR-2,AG-17,5/7/2024,20443.25,Installments,4088.65,16354.6,12,0.2,1362.88,8177.3,0,egp,4/4/2026
ORD-12869,CUST-448,PROD-134,BR-8,AG-11,9/25/2024,57564.39,Installments,11512.88,46051.51,12,0.2,3837.63,23025.76,0,EGP,4/4/2026
ORD-12870,CUST-623,PROD-142,BR-10,AG-8,12/3/2024,40978.98,Installments,8195.8,32783.18,12,0.2,2731.93,16391.59,0,EGP,4/4/2026
ORD-12871,CUST-739,PROD-83,BR-1,AG-20,2/20/2024,83219.59,Installments,16643.92,66575.67,12,0.2,5547.97,33287.84,15,Pound,4/4/2026
ORD-12872,CUST-382,PROD-128,BR-10,AG-20,9/17/2024,37348.62,Installments,7469.72,29878.9,12,0.2,2489.91,14939.45,0,EGP,4/4/2026
ORD-12873,CUST-891,PROD-125,BR-8,AG-2,5/5/2024,25402.24,Installments,5080.45,20321.79,12,0.2,1693.48,10160.9,0,EGP,4/4/2026
ORD-12874,CUST-129,PROD-86,BR-6,AG-20,8/6/2024,56887.56,Cash,56887.56,0,0,0,0,0,0,EGP,
ORD-12875,CUST-606,PROD-152,BR-3,AG-8,4/18/2024,11839.66,Cash,11839.66,0,0,0,0,0,0,egp,
ORD-12876,CUST-987,PROD-54,BR-6,AG-19,10/26/2024,49471.48,Installments,9894.3,39577.18,12,0.2,3298.1,19788.59,15,EGP,4/4/2026
ORD-12877,CUST-227,PROD-62,BR-3,AG-20,10/3/2024,48708.3,Installments,9741.66,38966.64,12,0.2,3247.22,19483.32,0,EGP,4/4/2026
ORD-12878,CUST-262,PROD-168,BR-3,AG-24,4/28/2024,30983.62,Installments,6196.72,24786.9,12,0.2,2065.57,12393.45,0,EGP,4/4/2026
ORD-12879,CUST-707,PROD-137,BR-5,AG-11,7/6/2024,62220.05,Installments,12444.01,49776.04,12,0.2,4148,24888.02,0,EGP,4/4/2026
ORD-12880,CUST-938,PROD-189,BR-8,AG-15,9/25/2024,14789.26,Installments,2957.85,11831.41,12,0.2,985.95,5915.7,0,EGP,4/4/2026
ORD-12881,CUST-190,PROD-178,BR-10,AG-12,9/23/2024,66692.95,Cash,66692.95,0,0,0,0,0,0,Pound,
ORD-12882,CUST-954,PROD-98,BR-10,AG-19,7/2/2024,50458.54,Cash,50458.54,0,0,0,0,0,0,EGP,
ORD-12883,CUST-917,PROD-115,BR-6,AG-23,10/31/2024,66669.06,Installments,13333.81,53335.25,12,0.2,4444.6,26667.62,0,Pound,4/4/2026
ORD-12884,CUST-261,PROD-131,BR-7,AG-18,7/15/2024,33716.03,Cash,33716.03,0,0,0,0,0,0,EGP,
ORD-12885,CUST-784,PROD-83,BR-1,AG-19,6/12/2024,84879.12,Installments,16975.82,67903.3,12,0.2,5658.61,33951.65,120,EGP,4/4/2026
ORD-12886,CUST-123,PROD-199,BR-4,AG-12,1/10/2025,12675.57,Installments,2535.11,10140.46,12,0.2,845.04,5070.23,120,egp,4/4/2026
ORD-12887,CUST-826,PROD-60,BR-3,AG-19,9/2/2024,89239.94,Installments,17847.99,71391.95,12,0.2,5949.33,35695.98,15,EGP,4/4/2026
ORD-12888,CUST-944,PROD-95,BR-7,AG-19,11/19/2024,62470.47,Installments,12494.09,49976.38,12,0.2,4164.7,24988.19,0,Pound,4/4/2026
ORD-12889,CUST-296,PROD-93,BR-4,AG-19,3/13/2024,82398.68,Installments,16479.74,65918.94,12,0.2,5493.25,32959.47,0,egp,4/4/2026
ORD-12890,CUST-456,PROD-121,BR-2,AG-10,3/30/2024,23456.28,Cash,23456.28,0,0,0,0,0,0,EGP,
ORD-12891,CUST-204,PROD-154,BR-8,AG-25,10/4/2024,22052.4,Cash,22052.4,0,0,0,0,0,0,EGP,
ORD-12892,CUST-540,PROD-87,BR-1,AG-13,1/3/2024,79650.15,Installments,15930.03,63720.12,12,0.2,0,31860.06,0,EGP,4/4/2026
ORD-12893,CUST-430,PROD-195,BR-9,AG-8,3/18/2024,31451.54,Cash,31451.54,0,0,0,0,0,0,EGP,
ORD-12894,CUST-713,PROD-196,BR-5,AG-15,1/27/2025,88098.44,Installments,17619.69,70478.75,12,0.2,0,35239.38,0,EGP,4/4/2026
ORD-12895,CUST-511,PROD-190,BR-9,AG-14,8/6/2024,42794.89,Installments,8558.98,34235.91,12,0.2,2852.99,17117.96,0,EGP,4/4/2026
ORD-12896,CUST-558,PROD-71,BR-7,AG-25,9/12/2024,75193.16,Installments,15038.63,60154.53,12,0.2,5012.88,30077.26,0,EGP,4/4/2026
ORD-12897,CUST-278,PROD-194,BR-5,AG-22,11/13/2024,36361.79,Installments,7272.36,29089.43,12,0.2,2424.12,14544.72,0,EGP,4/4/2026
ORD-12898,CUST-798,PROD-61,BR-3,AG-8,11/5/2024,46383.17,Installments,9276.63,37106.54,12,0.2,3092.21,18553.27,0,Pound,4/4/2026
ORD-12899,CUST-288,PROD-96,BR-10,AG-13,3/10/2024,38092.09,Installments,7618.42,30473.67,12,0.2,2539.47,15236.84,0,EGP,4/4/2026
ORD-12900,CUST-212,PROD-175,BR-8,AG-4,1/27/2025,10003.86,Installments,2000.77,8003.09,12,0.2,666.92,4001.54,0,EGP,4/4/2026
ORD-12901,CUST-978,PROD-89,BR-10,AG-1,1/8/2024,19180.8,Installments,3836.16,15344.64,12,0.2,1278.72,7672.32,0,EGP,4/4/2026
ORD-12902,CUST-265,PROD-94,BR-10,AG-21,1/22/2024,64689.12,Installments,12937.82,51751.3,12,0.2,4312.61,25875.65,0,EGP,4/4/2026
ORD-12903,CUST-653,PROD-170,BR-9,AG-16,1/22/2024,41459.88,Cash,41459.88,0,0,0,0,0,0,egp,
ORD-12904,CUST-427,PROD-171,BR-9,AG-21,12/30/2028,58374.89,Installments,11674.98,46699.91,12,0.2,3891.66,23349.96,0,EGP,4/4/2026
ORD-12905,CUST-298,PROD-133,BR-3,AG-22,1/13/2024,42432.3,Installments,8486.46,33945.84,12,0.2,2828.82,16972.92,0,egp,4/4/2026
ORD-12906,CUST-491,PROD-116,BR-9,AG-8,2/24/2024,18527.3,Installments,3705.46,14821.84,12,0.2,1235.15,7410.92,0,Pound,4/4/2026
ORD-12907,CUST-679,PROD-61,BR-4,AG-18,8/20/2024,18951.59,Installments,3790.32,15161.27,12,0.2,1263.44,7580.64,45,EGP,4/4/2026
ORD-12908,CUST-309,PROD-138,BR-6,AG-20,4/21/2024,37746.77,Installments,7549.35,30197.42,12,0.2,2516.45,15098.71,0,egp,4/4/2026
ORD-12909,CUST-109,PROD-93,BR-2,AG-9,1/29/2025,48914.41,Cash,48914.41,0,0,0,0,0,0,EGP,
ORD-12910,CUST-935,PROD-59,BR-3,AG-13,9/21/2024,47921.25,Installments,9584.25,38337,12,0.2,3194.75,19168.5,0,EGP,4/4/2026
ORD-12911,CUST-147,PROD-74,BR-6,AG-21,3/19/2024,57027.39,Installments,11405.48,45621.91,12,0.2,0,22810.96,45,EGP,4/4/2026
ORD-12912,CUST-622,PROD-191,BR-4,AG-19,1/12/2025,37743.59,Installments,7548.72,30194.87,12,0.2,2516.24,15097.44,0,egp,4/4/2026
ORD-12913,CUST-222,PROD-70,BR-4,AG-7,10/2/2024,61151.97,Installments,12230.39,48921.58,12,0.2,4076.8,24460.79,0,egp,4/4/2026
ORD-12914,CUST-516,PROD-102,BR-4,AG-13,6/25/2024,81486.49,Installments,16297.3,65189.19,12,0.2,5432.43,32594.6,120,EGP,4/4/2026
ORD-12915,CUST-893,PROD-53,BR-1,AG-17,4/18/2024,87932.03,Cash,87932.03,0,0,0,0,0,0,EGP,
ORD-12916,CUST-784,PROD-76,BR-8,AG-18,10/1/2024,87471.81,Installments,17494.36,69977.45,12,0.2,5831.45,34988.72,15,EGP,4/4/2026
ORD-12917,CUST-623,PROD-149,BR-7,AG-9,1/18/2024,58956.34,Installments,11791.27,47165.07,12,0.2,3930.42,23582.54,0,Pound,1/1/1900
ORD-12918,CUST-214,PROD-178,BR-9,AG-5,11/15/2024,56961.89,Installments,11392.38,45569.51,12,0.2,3797.46,22784.76,15,EGP,4/4/2026
ORD-12919,CUST-317,PROD-114,BR-9,AG-5,7/22/2024,77734.49,Cash,77734.49,0,0,0,0,0,0,egp,
ORD-12920,CUST-447,PROD-51,BR-5,AG-2,11/25/2024,85446.78,Installments,17089.36,68357.42,12,0.2,5696.45,34178.71,45,EGP,4/4/2026
ORD-12921,CUST-884,PROD-76,BR-5,AG-15,1/13/2025,25497.66,Installments,5099.53,20398.13,12,0.2,1699.84,10199.06,0,egp,4/4/2026
ORD-12922,CUST-199,PROD-187,BR-1,AG-7,1/21/2024,23942.81,Cash,23942.81,0,0,0,0,0,0,egp,
ORD-12923,CUST-332,PROD-95,BR-5,AG-13,9/11/2024,39589.34,Installments,7917.87,31671.47,12,0.2,2639.29,15835.74,0,EGP,4/4/2026
ORD-12924,CUST-879,PROD-83,BR-3,AG-18,1/25/2025,50052.85,Installments,10010.57,40042.28,12,0.2,3336.86,20021.14,45,EGP,4/4/2026
ORD-12925,CUST-306,PROD-154,BR-1,AG-12,9/7/2024,14120.21,Installments,2824.04,11296.17,12,0.2,941.35,5648.08,0,EGP,4/4/2026
ORD-12926,CUST-989,PROD-131,BR-10,AG-9,9/15/2024,73503.43,Installments,14700.69,58802.74,12,0.2,4900.23,29401.37,0,EGP,4/4/2026
ORD-12927,CUST-609,PROD-164,BR-10,AG-18,4/15/2024,86234.36,Installments,17246.87,68987.49,12,0.2,5748.96,34493.74,15,EGP,4/4/2026
ORD-12928,CUST-647,PROD-183,BR-4,AG-15,9/13/2024,83426.5,Installments,16685.3,66741.2,12,0.2,5561.77,33370.6,15,EGP,4/4/2026
ORD-12929,CUST-224,PROD-76,BR-8,AG-10,12/11/2024,42832.5,Installments,8566.5,34266,12,0.2,2855.5,17133,0,EGP,4/4/2026
ORD-12930,CUST-903,PROD-51,BR-10,AG-10,7/26/2024,10837.74,Installments,2167.55,8670.19,12,0.2,722.52,4335.1,0,EGP,4/4/2026
ORD-12931,CUST-169,PROD-190,BR-3,AG-22,6/4/2024,28307.01,Installments,5661.4,22645.61,12,0.2,1887.13,11322.8,0,EGP,4/4/2026
ORD-12932,CUST-284,PROD-59,BR-2,AG-24,3/28/2024,19463.58,Cash,19463.58,0,0,0,0,0,0,EGP,
ORD-12933,CUST-942,PROD-157,BR-3,AG-10,8/10/2024,73020.05,Cash,73020.05,0,0,0,0,0,0,EGP,
ORD-12934,CUST-640,PROD-107,BR-7,AG-2,4/25/2024,73687.51,Installments,14737.5,58950.01,12,0.2,4912.5,29475,0,Pound,4/4/2026
ORD-12935,CUST-359,PROD-180,BR-9,AG-7,9/22/2024,70772.98,Installments,14154.6,56618.38,12,0.2,4718.2,28309.19,0,EGP,4/4/2026
ORD-12936,CUST-612,PROD-120,BR-7,AG-11,2/29/2024,61795.35,Cash,61795.35,0,0,0,0,0,0,EGP,
ORD-12937,CUST-330,PROD-134,BR-2,AG-23,6/1/2024,25903.01,Installments,5180.6,20722.41,12,0.2,1726.87,10361.2,15,EGP,4/4/2026
ORD-12938,CUST-112,PROD-127,BR-5,AG-14,4/8/2024,52410.97,Cash,52410.97,0,0,0,0,0,0,EGP,
ORD-12939,CUST-798,PROD-76,BR-8,AG-20,9/9/2024,50544.48,Installments,10108.9,40435.58,12,0.2,3369.63,20217.79,0,EGP,4/4/2026
ORD-12940,CUST-438,PROD-83,BR-8,AG-9,6/15/2024,76854.51,Installments,15370.9,61483.61,12,0.2,5123.63,30741.8,45,EGP,4/4/2026
ORD-12941,CUST-540,PROD-61,BR-3,AG-14,1/5/2025,27733.59,Installments,5546.72,22186.87,12,0.2,1848.91,11093.44,0,Pound,4/4/2026
ORD-12942,CUST-977,PROD-96,BR-1,AG-16,1/28/2025,31229.53,Installments,6245.91,24983.62,12,0.2,2081.97,12491.81,0,EGP,4/4/2026
ORD-12943,CUST-960,PROD-103,BR-6,AG-21,8/11/2024,21894.02,Installments,4378.8,17515.22,12,0.2,1459.6,8757.61,0,EGP,4/4/2026
ORD-12944,CUST-581,PROD-99,BR-10,AG-3,4/20/2024,62688.6,Installments,12537.72,50150.88,12,0.2,4179.24,25075.44,0,egp,4/4/2026
ORD-12945,CUST-883,PROD-139,BR-2,AG-2,8/17/2024,73289.78,Installments,14657.96,58631.82,12,0.2,4885.99,29315.91,0,EGP,1/1/1900
ORD-12946,CUST-532,PROD-172,BR-10,AG-23,1/27/2024,47421.63,Installments,9484.33,37937.3,12,0.2,3161.44,18968.65,0,egp,4/4/2026
ORD-12947,CUST-419,PROD-177,BR-10,AG-4,6/21/2024,61407.19,Installments,12281.44,49125.75,12,0.2,4093.81,24562.88,0,Pound,4/4/2026
ORD-12948,CUST-249,PROD-145,BR-9,AG-12,10/11/2024,57236.57,Installments,11447.31,45789.26,12,0.2,3815.77,22894.63,15,EGP,4/4/2026
ORD-12949,CUST-191,PROD-164,BR-1,AG-13,10/5/2024,40188.79,Installments,8037.76,32151.03,12,0.2,2679.25,16075.52,0,Pound,4/4/2026
ORD-12950,CUST-491,PROD-72,BR-4,AG-23,3/4/2024,66954.96,Installments,13390.99,53563.97,12,0.2,4463.66,26781.98,0,EGP,4/4/2026
ORD-12951,CUST-309,PROD-195,BR-8,AG-4,7/28/2024,51647.74,Installments,10329.55,41318.19,12,0.2,3443.18,20659.1,0,EGP,4/4/2026
ORD-12952,CUST-540,PROD-167,BR-4,AG-9,12/13/2024,49311.71,Installments,9862.34,39449.37,12,0.2,3287.45,19724.68,0,EGP,4/4/2026
ORD-12953,CUST-601,PROD-104,BR-3,AG-19,4/20/2024,31383.95,Installments,6276.79,25107.16,12,0.2,2092.26,12553.58,0,EGP,4/4/2026
ORD-12954,CUST-605,PROD-141,BR-7,AG-8,7/17/2024,20157.48,Installments,4031.5,16125.98,12,0.2,1343.83,8062.99,0,EGP,4/4/2026
ORD-12955,CUST-839,PROD-188,BR-7,AG-4,6/18/2024,21255.53,Installments,4251.11,17004.42,12,0.2,1417.04,8502.21,0,EGP,4/4/2026
ORD-12956,CUST-718,PROD-136,BR-5,AG-20,8/25/2024,68636.48,Installments,13727.3,54909.18,12,0.2,4575.77,27454.59,0,Pound,4/4/2026
ORD-12957,CUST-877,PROD-189,BR-9,AG-19,1/11/2025,22386.07,Installments,4477.21,17908.86,12,0.2,1492.4,8954.43,45,EGP,4/4/2026
ORD-12958,CUST-472,PROD-141,BR-3,AG-22,11/7/2024,77858.18,Installments,15571.64,62286.54,12,0.2,0,31143.27,0,EGP,4/4/2026
ORD-12959,CUST-489,PROD-173,BR-6,AG-17,6/16/2024,45716.8,Installments,9143.36,36573.44,12,0.2,3047.79,18286.72,120,EGP,4/4/2026
ORD-12960,CUST-884,PROD-173,BR-3,AG-3,4/16/2024,59650.91,Installments,11930.18,47720.73,12,0.2,3976.73,23860.36,0,EGP,4/4/2026
ORD-12961,CUST-975,PROD-58,BR-10,AG-24,2/27/2024,44587.16,Installments,8917.43,35669.73,12,0.2,2972.48,17834.86,0,egp,4/4/2026
ORD-12962,CUST-927,PROD-125,BR-5,AG-4,2/3/2025,46392.93,Cash,46392.93,0,0,0,0,0,0,EGP,
ORD-12963,CUST-825,PROD-113,BR-5,AG-13,7/30/2024,74948.28,Installments,14989.66,59958.62,12,0.2,4996.55,29979.31,120,EGP,4/4/2026
ORD-12964,CUST-521,PROD-55,BR-8,AG-16,1/28/2025,37407.33,Cash,37407.33,0,0,0,0,0,0,EGP,
ORD-12965,CUST-431,PROD-132,BR-1,AG-13,7/18/2024,48464.41,Installments,9692.88,38771.53,12,0.2,3230.96,19385.76,0,egp,4/4/2026
ORD-12966,CUST-238,PROD-59,BR-3,AG-12,8/20/2024,82617.34,Installments,16523.47,66093.87,12,0.2,5507.82,33046.94,0,EGP,4/4/2026
ORD-12967,CUST-138,PROD-88,BR-1,AG-5,1/6/2024,29397.41,Installments,5879.48,23517.93,12,0.2,1959.83,11758.96,0,EGP,4/4/2026
ORD-12968,CUST-307,PROD-144,BR-7,AG-3,2/12/2024,15401.85,Installments,3080.37,12321.48,12,0.2,1026.79,6160.74,0,EGP,4/4/2026
ORD-12969,CUST-208,PROD-59,BR-3,AG-14,10/8/2024,23859.45,Installments,4771.89,19087.56,12,0.2,1590.63,9543.78,0,EGP,4/4/2026
ORD-12970,CUST-649,PROD-97,BR-8,AG-23,11/28/2024,15849.46,Cash,15849.46,0,0,0,0,0,0,EGP,
ORD-12971,CUST-875,PROD-57,BR-3,AG-10,1/21/2025,25854.09,Installments,5170.82,20683.27,12,0.2,1723.61,10341.64,0,EGP,4/4/2026
ORD-12972,CUST-489,PROD-68,BR-9,AG-3,7/6/2024,84669.02,Cash,84669.02,0,0,0,0,0,0,egp,
ORD-12973,CUST-152,PROD-129,BR-2,AG-1,12/26/2024,11082.08,Installments,2216.42,8865.66,12,0.2,738.81,4432.83,15,EGP,4/4/2026
ORD-12974,CUST-245,PROD-74,BR-5,AG-9,10/31/2024,26071.53,Installments,5214.31,20857.22,12,0.2,1738.1,10428.61,0,EGP,4/4/2026
ORD-12975,CUST-799,PROD-167,BR-4,AG-2,10/14/2024,30334.62,Installments,6066.92,24267.7,12,0.2,2022.31,12133.85,0,EGP,4/4/2026
ORD-12976,CUST-216,PROD-178,BR-8,AG-22,7/16/2024,76490.77,Cash,76490.77,0,0,0,0,0,0,EGP,
ORD-12977,CUST-306,PROD-181,BR-6,AG-25,12/16/2024,39932.86,Cash,39932.86,0,0,0,0,0,0,EGP,
ORD-12978,CUST-814,PROD-76,BR-10,AG-15,10/28/2024,64974.14,Installments,12994.83,51979.31,12,0.2,4331.61,25989.66,0,Pound,4/4/2026
ORD-12979,CUST-223,PROD-102,BR-6,AG-10,1/9/2024,47606.59,Installments,9521.32,38085.27,12,0.2,3173.77,19042.64,0,egp,4/4/2026
ORD-12980,CUST-830,PROD-138,BR-5,AG-9,3/21/2024,83254.89,Installments,16650.98,66603.91,12,0.2,5550.33,33301.96,15,EGP,1/1/1900
ORD-12981,CUST-570,PROD-192,BR-5,AG-6,11/3/2024,19904.72,Installments,3980.94,15923.78,12,0.2,1326.98,7961.89,120,EGP,1/1/1900
ORD-12982,CUST-445,PROD-132,BR-4,AG-23,10/22/2024,74896.64,Installments,14979.33,59917.31,12,0.2,4993.11,29958.66,0,EGP,4/4/2026
ORD-12983,CUST-924,PROD-103,BR-10,AG-5,8/26/2024,64778.18,Cash,64778.18,0,0,0,0,0,0,EGP,
ORD-12984,CUST-595,PROD-142,BR-7,AG-1,5/8/2024,66412.06,Installments,13282.41,53129.65,12,0.2,4427.47,26564.82,0,EGP,4/4/2026
ORD-12985,CUST-454,PROD-196,BR-1,AG-22,5/14/2024,86592.03,Installments,17318.41,69273.62,12,0.2,5772.8,34636.81,0,Pound,4/4/2026
ORD-12986,CUST-452,PROD-175,BR-8,AG-24,8/30/2024,26828.7,Installments,5365.74,21462.96,12,0.2,1788.58,10731.48,0,EGP,4/4/2026
ORD-12987,CUST-741,PROD-197,BR-4,AG-9,9/21/2024,26147.28,Installments,5229.46,20917.82,12,0.2,1743.15,10458.91,0,egp,4/4/2026
ORD-12988,CUST-203,PROD-113,BR-9,AG-14,3/13/2024,77130.36,Installments,15426.07,61704.29,12,0.2,5142.02,30852.14,0,EGP,4/4/2026
ORD-12989,CUST-986,PROD-155,BR-2,AG-1,6/27/2024,12427.86,Installments,2485.57,9942.29,12,0.2,828.52,4971.14,0,EGP,4/4/2026
ORD-12990,CUST-746,PROD-77,BR-2,AG-11,5/5/2024,57013.01,Cash,57013.01,0,0,0,0,0,0,EGP,
ORD-12991,CUST-212,PROD-116,BR-4,AG-19,1/27/2025,36366.44,Installments,7273.29,29093.15,12,0.2,2424.43,14546.58,0,EGP,4/4/2026
ORD-12992,CUST-606,PROD-165,BR-9,AG-6,7/16/2024,41125.36,Installments,8225.07,32900.29,12,0.2,2741.69,16450.14,15,EGP,4/4/2026
ORD-12993,CUST-924,PROD-103,BR-8,AG-9,3/6/2024,63939.13,Cash,63939.13,0,0,0,0,0,0,egp,
ORD-12994,CUST-209,PROD-53,BR-2,AG-25,3/26/2024,77685.65,Cash,77685.65,0,0,0,0,0,0,EGP,
ORD-12995,CUST-136,PROD-119,BR-8,AG-12,1/25/2025,68724.14,Cash,68724.14,0,0,0,0,0,0,EGP,
ORD-12996,CUST-504,PROD-124,BR-1,AG-23,9/16/2024,63112.28,Installments,12622.46,50489.82,12,0.2,4207.49,25244.91,120,EGP,4/4/2026
ORD-12997,CUST-851,PROD-107,BR-4,AG-6,5/2/2024,32246.12,Installments,6449.22,25796.9,12,0.2,2149.74,12898.45,0,egp,4/4/2026
ORD-12998,CUST-747,PROD-104,BR-9,AG-6,1/12/2025,28305.22,Installments,5661.04,22644.18,12,0.2,1887.01,11322.09,0,EGP,4/4/2026
ORD-12999,CUST-402,PROD-135,BR-10,AG-17,10/27/2024,82321.25,Installments,16464.25,65857,12,0.2,5488.08,32928.5,0,EGP,4/4/2026
ORD-13000,CUST-966,PROD-64,BR-7,AG-19,12/21/2024,23846.62,Installments,4769.32,19077.3,12,0.2,1589.77,9538.65,0,EGP,4/4/2026
ORD-13001,CUST-752,PROD-172,BR-7,AG-18,12/30/2028,56281.29,Installments,11256.26,45025.03,12,0.2,3752.09,22512.52,15,EGP,4/4/2026
ORD-13002,CUST-673,PROD-161,BR-4,AG-18,7/31/2024,14435.37,Cash,14435.37,0,0,0,0,0,0,EGP,
ORD-13003,CUST-907,PROD-62,BR-2,AG-5,3/8/2024,62376.24,Installments,12475.25,49900.99,12,0.2,4158.42,24950.5,120,EGP,4/4/2026
ORD-13004,CUST-554,PROD-101,BR-2,AG-15,12/10/2024,81460.91,Cash,81460.91,0,0,0,0,0,0,Pound,
ORD-13005,CUST-260,PROD-186,BR-6,AG-8,11/5/2024,82115.7,Installments,16423.14,65692.56,12,0.2,5474.38,32846.28,0,EGP,4/4/2026
ORD-13006,CUST-743,PROD-171,BR-2,AG-8,5/28/2024,16960.42,Installments,3392.08,13568.34,12,0.2,1130.69,6784.17,45,EGP,4/4/2026
ORD-13007,CUST-953,PROD-130,BR-9,AG-5,11/27/2024,75405.63,Installments,15081.13,60324.5,12,0.2,5027.04,30162.25,15,EGP,4/4/2026
ORD-13008,CUST-989,PROD-118,BR-1,AG-2,11/24/2024,32408.78,Cash,32408.78,0,0,0,0,0,0,EGP,
ORD-13009,CUST-913,PROD-159,BR-6,AG-2,3/12/2024,34100.43,Installments,6820.09,27280.34,12,0.2,2273.36,13640.17,0,EGP,4/4/2026
ORD-13010,CUST-557,PROD-87,BR-10,AG-11,1/21/2024,39653.77,Installments,7930.75,31723.02,12,0.2,2643.58,15861.51,0,egp,4/4/2026
ORD-13011,CUST-430,PROD-109,BR-7,AG-7,8/1/2024,39323.87,Installments,7864.77,31459.1,12,0.2,2621.59,15729.55,0,Pound,4/4/2026
ORD-13012,CUST-143,PROD-67,BR-3,AG-25,2/28/2024,15176.23,Installments,3035.25,12140.98,12,0.2,1011.75,6070.49,0,Pound,4/4/2026
ORD-13013,CUST-634,PROD-149,BR-1,AG-4,3/23/2024,86508.36,Cash,86508.36,0,0,0,0,0,0,EGP,
ORD-13014,CUST-817,PROD-139,BR-6,AG-3,1/7/2024,87009.7,Cash,87009.7,0,0,0,0,0,0,EGP,
ORD-13015,CUST-267,PROD-172,BR-1,AG-8,7/18/2024,42494.94,Cash,42494.94,0,0,0,0,0,0,EGP,
ORD-13016,CUST-605,PROD-88,BR-8,AG-2,6/13/2024,36165.01,Cash,36165.01,0,0,0,0,0,0,EGP,
ORD-13017,CUST-988,PROD-57,BR-3,AG-24,5/24/2024,65331.54,Installments,13066.31,52265.23,12,0.2,4355.44,26132.62,0,egp,4/4/2026
ORD-13018,CUST-400,PROD-137,BR-6,AG-9,2/29/2024,14903.96,Installments,2980.79,11923.17,12,0.2,993.6,5961.58,0,EGP,4/4/2026
ORD-13019,CUST-943,PROD-159,BR-10,AG-23,1/25/2025,11565.62,Installments,2313.12,9252.5,12,0.2,771.04,4626.25,0,EGP,4/4/2026
ORD-13020,CUST-171,PROD-66,BR-7,AG-5,6/30/2024,17125.67,Cash,17125.67,0,0,0,0,0,0,EGP,
ORD-13021,CUST-900,PROD-129,BR-4,AG-14,8/7/2024,39943.42,Cash,39943.42,0,0,0,0,0,0,egp,
ORD-13022,CUST-394,PROD-186,BR-8,AG-20,1/12/2025,14712.2,Cash,14712.2,0,0,0,0,0,0,EGP,
ORD-13023,CUST-532,PROD-196,BR-1,AG-22,10/11/2024,67039.09,Cash,67039.09,0,0,0,0,0,0,EGP,
ORD-13024,CUST-110,PROD-180,BR-5,AG-23,2/24/2024,10553.86,Installments,2110.77,8443.09,12,0.2,703.59,4221.54,0,egp,4/4/2026
ORD-13025,CUST-132,PROD-90,BR-1,AG-10,3/20/2024,82059.65,Cash,82059.65,0,0,0,0,0,0,egp,
ORD-13026,CUST-322,PROD-70,BR-8,AG-7,9/26/2024,58689.71,Installments,11737.94,46951.77,12,0.2,0,23475.88,0,EGP,4/4/2026
ORD-13027,CUST-450,PROD-115,BR-7,AG-4,1/12/2024,89637.62,Cash,89637.62,0,0,0,0,0,0,EGP,
ORD-13028,CUST-341,PROD-158,BR-9,AG-25,11/2/2024,32137.43,Installments,6427.49,25709.94,12,0.2,2142.5,12854.97,0,EGP,4/4/2026
ORD-13029,CUST-642,PROD-155,BR-9,AG-3,1/4/2024,13240.33,Installments,2648.07,10592.26,12,0.2,882.69,5296.13,0,EGP,4/4/2026
ORD-13030,CUST-883,PROD-101,BR-7,AG-18,6/8/2024,33605.38,Installments,6721.08,26884.3,12,0.2,2240.36,13442.15,0,EGP,4/4/2026
ORD-13031,CUST-916,PROD-134,BR-1,AG-11,10/11/2024,33558.35,Installments,6711.67,26846.68,12,0.2,2237.22,13423.34,0,EGP,4/4/2026
ORD-13032,CUST-880,PROD-156,BR-10,AG-25,7/20/2024,15656.09,Installments,3131.22,12524.87,12,0.2,1043.74,6262.44,15,EGP,4/4/2026
ORD-13033,CUST-944,PROD-163,BR-1,AG-12,9/7/2024,40710.74,Installments,8142.15,32568.59,12,0.2,2714.05,16284.3,0,EGP,4/4/2026
ORD-13034,CUST-855,PROD-180,BR-6,AG-5,3/15/2024,26613.73,Cash,26613.73,0,0,0,0,0,0,EGP,
ORD-13035,CUST-504,PROD-75,BR-1,AG-3,11/22/2024,41383.34,Cash,41383.34,0,0,0,0,0,0,EGP,
ORD-13036,CUST-428,PROD-163,BR-6,AG-12,1/20/2025,18159.13,Installments,3631.83,14527.3,12,0.2,1210.61,7263.65,15,EGP,4/4/2026
ORD-13037,CUST-494,PROD-160,BR-4,AG-22,11/1/2024,44777.61,Installments,8955.52,35822.09,12,0.2,2985.17,17911.04,0,EGP,4/4/2026
ORD-13038,CUST-686,PROD-73,BR-4,AG-22,5/2/2024,58688.39,Installments,11737.68,46950.71,12,0.2,3912.56,23475.36,0,EGP,4/4/2026
ORD-13039,CUST-757,PROD-52,BR-2,AG-16,6/29/2024,19598.74,Installments,3919.75,15678.99,12,0.2,1306.58,7839.5,0,EGP,4/4/2026
ORD-13040,CUST-296,PROD-141,BR-10,AG-10,11/2/2024,68193.58,Installments,13638.72,54554.86,12,0.2,4546.24,27277.43,0,egp,4/4/2026
ORD-13041,CUST-131,PROD-84,BR-4,AG-21,5/26/2024,57123.35,Installments,11424.67,45698.68,12,0.2,3808.22,22849.34,0,EGP,4/4/2026
ORD-13042,CUST-215,PROD-65,BR-3,AG-25,8/7/2024,33108.31,Installments,6621.66,26486.65,12,0.2,2207.22,13243.32,120,EGP,4/4/2026
ORD-13043,CUST-285,PROD-100,BR-1,AG-11,8/30/2024,21610.84,Installments,4322.17,17288.67,12,0.2,1440.72,8644.34,120,EGP,4/4/2026
ORD-13044,CUST-716,PROD-128,BR-7,AG-19,4/17/2024,45643.02,Cash,45643.02,0,0,0,0,0,0,EGP,
ORD-13045,CUST-550,PROD-59,BR-7,AG-11,12/24/2024,85929.87,Cash,85929.87,0,0,0,0,0,0,EGP,
ORD-13046,CUST-826,PROD-97,BR-1,AG-16,1/8/2025,25054.6,Installments,5010.92,20043.68,12,0.2,1670.31,10021.84,0,EGP,4/4/2026
ORD-13047,CUST-522,PROD-109,BR-3,AG-17,1/6/2024,19801.18,Installments,3960.24,15840.94,12,0.2,1320.08,7920.47,0,EGP,4/4/2026
ORD-13048,CUST-471,PROD-135,BR-2,AG-16,12/16/2024,78669.86,Cash,78669.86,0,0,0,0,0,0,Pound,
ORD-13049,CUST-717,PROD-161,BR-2,AG-5,1/3/2024,35911.49,Installments,7182.3,28729.19,12,0.2,2394.1,14364.6,0,EGP,4/4/2026
ORD-13050,CUST-385,PROD-118,BR-3,AG-25,12/19/2024,86969.46,Installments,17393.89,69575.57,12,0.2,5797.96,34787.78,0,Pound,4/4/2026
ORD-13051,CUST-543,PROD-162,BR-3,AG-20,8/17/2024,83573.41,Cash,83573.41,0,0,0,0,0,0,EGP,
ORD-13052,CUST-394,PROD-77,BR-6,AG-24,3/19/2024,75278.67,Installments,15055.73,60222.94,12,0.2,5018.58,30111.47,0,EGP,4/4/2026
ORD-13053,CUST-857,PROD-106,BR-3,AG-9,8/16/2024,12940.06,Installments,2588.01,10352.05,12,0.2,862.67,5176.02,0,EGP,4/4/2026
ORD-13054,CUST-915,PROD-78,BR-2,AG-8,1/27/2025,39495.18,Cash,39495.18,0,0,0,0,0,0,Pound,
ORD-13055,CUST-667,PROD-130,BR-1,AG-19,6/15/2024,73469.48,Cash,73469.48,0,0,0,0,0,0,EGP,
ORD-13056,CUST-704,PROD-51,BR-10,AG-21,7/22/2024,20240.31,Installments,4048.06,16192.25,12,0.2,1349.35,8096.12,15,Pound,4/4/2026
ORD-13057,CUST-446,PROD-59,BR-7,AG-23,1/17/2024,39709.46,Cash,39709.46,0,0,0,0,0,0,EGP,
ORD-13058,CUST-640,PROD-147,BR-10,AG-9,10/6/2024,42010.58,Installments,8402.12,33608.46,12,0.2,2800.71,16804.23,120,EGP,4/4/2026
ORD-13059,CUST-936,PROD-184,BR-7,AG-17,5/20/2024,54939.54,Installments,10987.91,43951.63,12,0.2,3662.64,21975.82,15,EGP,4/4/2026
ORD-13060,CUST-980,PROD-189,BR-9,AG-19,5/30/2024,30347.44,Installments,6069.49,24277.95,12,0.2,2023.16,12138.98,120,EGP,4/4/2026
ORD-13061,CUST-590,PROD-174,BR-7,AG-20,1/26/2025,19458.06,Installments,3891.61,15566.45,12,0.2,1297.2,7783.22,15,Pound,4/4/2026
ORD-13062,CUST-790,PROD-166,BR-1,AG-5,5/6/2024,69391.02,Installments,13878.2,55512.82,12,0.2,4626.07,27756.41,0,egp,4/4/2026
ORD-13063,CUST-436,PROD-119,BR-9,AG-10,11/3/2024,77541.03,Installments,15508.21,62032.82,12,0.2,5169.4,31016.41,15,EGP,4/4/2026
ORD-13064,CUST-437,PROD-54,BR-1,AG-10,10/22/2024,34835.78,Installments,6967.16,27868.62,12,0.2,2322.39,13934.31,0,EGP,4/4/2026
ORD-13065,CUST-767,PROD-107,BR-3,AG-6,3/3/2024,19280.98,Installments,3856.2,15424.78,12,0.2,1285.4,7712.39,120,Pound,4/4/2026
ORD-13066,CUST-442,PROD-150,BR-4,AG-14,7/19/2024,12583.91,Cash,12583.91,0,0,0,0,0,0,EGP,
ORD-13067,CUST-800,PROD-73,BR-2,AG-9,12/12/2024,26097.31,Cash,26097.31,0,0,0,0,0,0,EGP,
ORD-13068,CUST-128,PROD-91,BR-9,AG-16,12/30/2028,47091.55,Installments,9418.31,37673.24,12,0.2,3139.44,18836.62,15,EGP,4/4/2026
ORD-13069,CUST-395,PROD-63,BR-4,AG-22,4/11/2024,57852.82,Installments,11570.56,46282.26,12,0.2,3856.85,23141.13,0,EGP,1/1/1900
ORD-13070,CUST-847,PROD-86,BR-9,AG-2,11/26/2024,26828.28,Installments,5365.66,21462.62,12,0.2,1788.55,10731.31,15,Pound,4/4/2026
ORD-13071,CUST-791,PROD-173,BR-7,AG-3,6/9/2024,51847.4,Installments,10369.48,41477.92,12,0.2,3456.49,20738.96,15,egp,4/4/2026
ORD-13072,CUST-458,PROD-79,BR-6,AG-12,3/28/2024,12276.07,Installments,2455.21,9820.86,12,0.2,818.4,4910.43,0,egp,4/4/2026
ORD-13073,CUST-984,PROD-60,BR-2,AG-14,1/30/2025,70903.5,Installments,14180.7,56722.8,12,0.2,4726.9,28361.4,0,EGP,4/4/2026
ORD-13074,CUST-734,PROD-66,BR-8,AG-12,4/11/2024,17898.49,Installments,3579.7,14318.79,12,0.2,1193.23,7159.4,0,EGP,4/4/2026
ORD-13075,CUST-908,PROD-63,BR-10,AG-21,9/25/2024,34307.82,Cash,34307.82,0,0,0,0,0,0,EGP,
ORD-13076,CUST-372,PROD-56,BR-7,AG-7,8/23/2024,69698.36,Cash,69698.36,0,0,0,0,0,0,EGP,
ORD-13077,CUST-211,PROD-172,BR-3,AG-9,9/2/2024,44100.59,Installments,8820.12,35280.47,12,0.2,2940.04,17640.24,0,EGP,4/4/2026
ORD-13078,CUST-526,PROD-188,BR-9,AG-17,4/6/2024,21212.62,Cash,21212.62,0,0,0,0,0,0,EGP,
ORD-13079,CUST-989,PROD-83,BR-1,AG-17,1/16/2024,76661.73,Installments,15332.35,61329.38,12,0.2,5110.78,30664.69,45,EGP,4/4/2026
ORD-13080,CUST-899,PROD-104,BR-4,AG-14,7/26/2024,35818.89,Installments,7163.78,28655.11,12,0.2,2387.93,14327.56,15,EGP,4/4/2026
ORD-13081,CUST-209,PROD-76,BR-7,AG-10,2/7/2024,67167.98,Cash,67167.98,0,0,0,0,0,0,EGP,
ORD-13082,CUST-498,PROD-168,BR-8,AG-23,4/29/2024,40529.76,Installments,8105.95,32423.81,12,0.2,2701.98,16211.9,0,EGP,4/4/2026
ORD-13083,CUST-158,PROD-68,BR-1,AG-14,1/20/2025,43343.27,Installments,8668.65,34674.62,12,0.2,2889.55,17337.31,0,EGP,4/4/2026
ORD-13084,CUST-382,PROD-185,BR-7,AG-11,7/13/2024,59912.53,Cash,59912.53,0,0,0,0,0,0,EGP,
ORD-13085,CUST-357,PROD-87,BR-4,AG-24,2/15/2024,60950.97,Cash,60950.97,0,0,0,0,0,0,EGP,
ORD-13086,CUST-341,PROD-138,BR-6,AG-8,2/2/2025,33079.33,Installments,6615.87,26463.46,12,0.2,2205.29,13231.73,0,EGP,4/4/2026
ORD-13087,CUST-224,PROD-142,BR-8,AG-19,11/27/2024,69811.94,Installments,13962.39,55849.55,12,0.2,4654.13,27924.78,0,egp,4/4/2026
ORD-13088,CUST-155,PROD-178,BR-4,AG-7,1/24/2024,59483.75,Installments,11896.75,47587,12,0.2,3965.58,23793.5,0,EGP,4/4/2026
ORD-13089,CUST-510,PROD-137,BR-1,AG-22,10/25/2024,15144.11,Installments,3028.82,12115.29,12,0.2,1009.61,6057.64,0,EGP,4/4/2026
ORD-13090,CUST-834,PROD-199,BR-5,AG-16,1/1/2025,22147.87,Cash,22147.87,0,0,0,0,0,0,Pound,
ORD-13091,CUST-177,PROD-100,BR-7,AG-6,1/5/2024,36951.01,Installments,7390.2,29560.81,12,0.2,2463.4,14780.4,0,Pound,4/4/2026
ORD-13092,CUST-618,PROD-187,BR-8,AG-10,7/3/2024,83428.19,Cash,83428.19,0,0,0,0,0,0,EGP,
ORD-13093,CUST-692,PROD-157,BR-1,AG-1,1/20/2025,84017.91,Installments,16803.58,67214.33,12,0.2,5601.19,33607.16,0,EGP,4/4/2026
ORD-13094,CUST-582,PROD-70,BR-8,AG-11,3/9/2024,18286.88,Cash,18286.88,0,0,0,0,0,0,EGP,
ORD-13095,CUST-961,PROD-53,BR-6,AG-3,3/22/2024,68558.26,Installments,13711.65,54846.61,12,0.2,4570.55,27423.3,15,EGP,4/4/2026
ORD-13096,CUST-397,PROD-193,BR-10,AG-24,12/7/2024,73278.73,Installments,14655.75,58622.98,12,0.2,4885.25,29311.49,45,EGP,4/4/2026
ORD-13097,CUST-200,PROD-54,BR-3,AG-8,1/14/2024,10611.26,Cash,10611.26,0,0,0,0,0,0,EGP,
ORD-13098,CUST-440,PROD-186,BR-8,AG-15,1/12/2025,27301.19,Installments,5460.24,21840.95,12,0.2,1820.08,10920.48,0,EGP,4/4/2026
ORD-13099,CUST-762,PROD-63,BR-6,AG-2,11/23/2024,65758.16,Installments,13151.63,52606.53,12,0.2,4383.88,26303.26,0,EGP,4/4/2026
ORD-13100,CUST-416,PROD-115,BR-9,AG-14,5/25/2024,87798.57,Cash,87798.57,0,0,0,0,0,0,EGP,
ORD-13101,CUST-219,PROD-65,BR-7,AG-24,1/30/2025,70092.98,Installments,14018.6,56074.38,12,0.2,4672.87,28037.19,0,EGP,4/4/2026
ORD-13102,CUST-635,PROD-55,BR-3,AG-1,11/10/2024,29979.75,Installments,5995.95,23983.8,12,0.2,1998.65,11991.9,0,EGP,4/4/2026
ORD-13103,CUST-719,PROD-176,BR-1,AG-24,1/9/2025,17817.98,Installments,3563.6,14254.38,12,0.2,1187.87,7127.19,0,EGP,4/4/2026
ORD-13104,CUST-388,PROD-200,BR-10,AG-11,12/18/2024,67741.81,Cash,67741.81,0,0,0,0,0,0,Pound,
ORD-13105,CUST-496,PROD-86,BR-10,AG-11,12/14/2024,22700.94,Cash,22700.94,0,0,0,0,0,0,EGP,
ORD-13106,CUST-570,PROD-164,BR-9,AG-21,5/14/2024,28549.53,Installments,5709.91,22839.62,12,0.2,1903.3,11419.81,0,EGP,4/4/2026
ORD-13107,CUST-274,PROD-81,BR-8,AG-19,2/11/2024,20916.97,Installments,4183.39,16733.58,12,0.2,1394.46,8366.79,0,EGP,4/4/2026
ORD-13108,CUST-297,PROD-103,BR-3,AG-21,1/17/2024,41510.43,Installments,8302.09,33208.34,12,0.2,2767.36,16604.17,15,EGP,4/4/2026
ORD-13109,CUST-242,PROD-179,BR-10,AG-5,11/27/2024,54068.26,Installments,10813.65,43254.61,12,0.2,3604.55,21627.3,0,Pound,4/4/2026
ORD-13110,CUST-974,PROD-181,BR-4,AG-5,11/24/2024,21838.39,Installments,4367.68,17470.71,12,0.2,1455.89,8735.36,0,EGP,4/4/2026
ORD-13111,CUST-213,PROD-90,BR-7,AG-12,1/3/2024,31903.93,Cash,31903.93,0,0,0,0,0,0,egp,
ORD-13112,CUST-594,PROD-114,BR-10,AG-9,3/11/2024,80848.61,Cash,80848.61,0,0,0,0,0,0,EGP,
ORD-13113,CUST-839,PROD-115,BR-4,AG-5,9/26/2024,87191.71,Installments,17438.34,69753.37,12,0.2,5812.78,34876.68,0,EGP,4/4/2026
ORD-13114,CUST-494,PROD-178,BR-6,AG-3,2/2/2024,24893.42,Installments,4978.68,19914.74,12,0.2,1659.56,9957.37,0,EGP,4/4/2026
ORD-13115,CUST-597,PROD-73,BR-7,AG-10,10/5/2024,46081.52,Installments,9216.3,36865.22,12,0.2,3072.1,18432.61,45,EGP,4/4/2026
ORD-13116,CUST-686,PROD-158,BR-7,AG-18,10/26/2024,70289.21,Installments,14057.84,56231.37,12,0.2,4685.95,28115.68,0,egp,1/1/1900
ORD-13117,CUST-188,PROD-134,BR-2,AG-5,4/14/2024,58549.68,Installments,11709.94,46839.74,12,0.2,3903.31,23419.87,15,Pound,4/4/2026
ORD-13118,CUST-631,PROD-131,BR-7,AG-11,5/12/2024,43272.16,Cash,43272.16,0,0,0,0,0,0,EGP,
ORD-13119,CUST-699,PROD-179,BR-2,AG-16,10/12/2024,85818.95,Installments,17163.79,68655.16,12,0.2,5721.26,34327.58,0,egp,4/4/2026
ORD-13120,CUST-741,PROD-91,BR-6,AG-15,3/2/2024,52567.13,Cash,52567.13,0,0,0,0,0,0,EGP,
ORD-13121,CUST-356,PROD-52,BR-7,AG-18,7/5/2024,46208.55,Installments,9241.71,36966.84,12,0.2,3080.57,18483.42,0,EGP,4/4/2026
ORD-13122,CUST-881,PROD-53,BR-3,AG-1,12/21/2024,26604.4,Installments,5320.88,21283.52,12,0.2,1773.63,10641.76,15,EGP,4/4/2026
ORD-13123,CUST-897,PROD-148,BR-9,AG-9,11/16/2024,75666.96,Cash,75666.96,0,0,0,0,0,0,EGP,
ORD-13124,CUST-610,PROD-178,BR-7,AG-11,2/3/2025,17813.94,Cash,17813.94,0,0,0,0,0,0,EGP,
ORD-13125,CUST-996,PROD-68,BR-6,AG-13,1/24/2024,17060.95,Cash,17060.95,0,0,0,0,0,0,EGP,
ORD-13126,CUST-366,PROD-148,BR-4,AG-15,2/2/2024,88298.5,Installments,17659.7,70638.8,12,0.2,5886.57,35319.4,0,EGP,4/4/2026
ORD-13127,CUST-120,PROD-79,BR-4,AG-9,11/12/2024,80723.93,Cash,80723.93,0,0,0,0,0,0,EGP,
ORD-13128,CUST-477,PROD-108,BR-4,AG-16,7/20/2024,70631.9,Cash,70631.9,0,0,0,0,0,0,EGP,
ORD-13129,CUST-106,PROD-119,BR-1,AG-1,6/23/2024,45741.96,Installments,9148.39,36593.57,12,0.2,3049.46,18296.78,0,EGP,4/4/2026
ORD-13130,CUST-706,PROD-139,BR-8,AG-15,7/16/2024,83634.58,Installments,16726.92,66907.66,12,0.2,5575.64,33453.83,0,Pound,4/4/2026
ORD-13131,CUST-446,PROD-115,BR-6,AG-6,3/8/2024,21024.46,Installments,4204.89,16819.57,12,0.2,1401.63,8409.78,0,EGP,4/4/2026
ORD-13132,CUST-693,PROD-124,BR-1,AG-8,3/11/2024,68187.04,Installments,13637.41,54549.63,12,0.2,4545.8,27274.82,15,EGP,4/4/2026
ORD-13133,CUST-260,PROD-188,BR-7,AG-22,1/13/2025,89280.73,Installments,17856.15,71424.58,12,0.2,5952.05,35712.29,0,EGP,4/4/2026
ORD-13134,CUST-391,PROD-117,BR-7,AG-15,7/1/2024,30755.12,Cash,30755.12,0,0,0,0,0,0,EGP,
ORD-13135,CUST-392,PROD-86,BR-6,AG-25,12/28/2024,59733.94,Cash,59733.94,0,0,0,0,0,0,EGP,
ORD-13136,CUST-649,PROD-93,BR-1,AG-22,2/2/2025,48229.4,Installments,9645.88,38583.52,12,0.2,3215.29,19291.76,0,EGP,4/4/2026
ORD-13137,CUST-482,PROD-53,BR-9,AG-8,10/15/2024,32502.49,Installments,6500.5,26001.99,12,0.2,2166.83,13001,15,egp,4/4/2026
ORD-13138,CUST-573,PROD-192,BR-9,AG-6,3/4/2024,69651.26,Cash,69651.26,0,0,0,0,0,0,Pound,
ORD-13139,CUST-462,PROD-111,BR-10,AG-4,10/23/2024,68320.84,Installments,13664.17,54656.67,12,0.2,4554.72,27328.34,15,EGP,4/4/2026
ORD-13140,CUST-575,PROD-111,BR-2,AG-15,1/17/2024,49687.54,Cash,49687.54,0,0,0,0,0,0,EGP,
ORD-13141,CUST-352,PROD-154,BR-2,AG-25,2/16/2024,71615.09,Installments,14323.02,57292.07,12,0.2,4774.34,28646.04,0,EGP,4/4/2026
ORD-13142,CUST-788,PROD-161,BR-10,AG-25,2/24/2024,63516.25,Cash,63516.25,0,0,0,0,0,0,EGP,
ORD-13143,CUST-575,PROD-196,BR-4,AG-20,1/29/2025,19081.55,Installments,3816.31,15265.24,12,0.2,1272.1,7632.62,0,EGP,4/4/2026
ORD-13144,CUST-581,PROD-189,BR-10,AG-7,2/8/2024,57572.42,Installments,11514.48,46057.94,12,0.2,3838.16,23028.97,0,EGP,4/4/2026
ORD-13145,CUST-792,PROD-199,BR-5,AG-23,12/17/2024,48782.65,Installments,9756.53,39026.12,12,0.2,3252.18,19513.06,0,EGP,4/4/2026
ORD-13146,CUST-455,PROD-84,BR-4,AG-9,2/14/2024,64145.08,Installments,12829.02,51316.06,12,0.2,4276.34,25658.03,15,EGP,4/4/2026
ORD-13147,CUST-325,PROD-182,BR-9,AG-7,7/10/2024,17575.03,Cash,17575.03,0,0,0,0,0,0,Pound,
ORD-13148,CUST-460,PROD-168,BR-2,AG-6,10/13/2024,33962.55,Cash,33962.55,0,0,0,0,0,0,EGP,
ORD-13149,CUST-761,PROD-99,BR-2,AG-21,12/8/2024,36322.61,Cash,36322.61,0,0,0,0,0,0,EGP,
ORD-13150,CUST-665,PROD-165,BR-5,AG-24,1/2/2024,18077.6,Installments,3615.52,14462.08,12,0.2,1205.17,7231.04,45,EGP,4/4/2026
ORD-13151,CUST-792,PROD-63,BR-5,AG-15,5/14/2024,77936.18,Installments,15587.24,62348.94,12,0.2,5195.75,31174.47,15,egp,4/4/2026
ORD-13152,CUST-919,PROD-105,BR-5,AG-23,4/26/2024,26739.01,Cash,26739.01,0,0,0,0,0,0,EGP,
ORD-13153,CUST-535,PROD-113,BR-10,AG-19,1/30/2025,53331.51,Installments,10666.3,42665.21,12,0.2,3555.43,21332.6,45,EGP,4/4/2026
ORD-13154,CUST-475,PROD-125,BR-9,AG-22,10/27/2024,78149.81,Installments,15629.96,62519.85,12,0.2,0,31259.92,0,EGP,4/4/2026
ORD-13155,CUST-242,PROD-113,BR-6,AG-11,12/20/2024,85786.84,Installments,17157.37,68629.47,12,0.2,5719.12,34314.74,0,EGP,4/4/2026
ORD-13156,CUST-227,PROD-102,BR-3,AG-5,1/13/2025,73602.39,Cash,73602.39,0,0,0,0,0,0,EGP,
ORD-13157,CUST-290,PROD-131,BR-8,AG-3,11/26/2024,83316.74,Installments,16663.35,66653.39,12,0.2,5554.45,33326.7,0,EGP,4/4/2026
ORD-13158,CUST-981,PROD-109,BR-8,AG-22,4/28/2024,36720.07,Cash,36720.07,0,0,0,0,0,0,EGP,
ORD-13159,CUST-680,PROD-197,BR-7,AG-13,10/28/2024,33432.2,Installments,6686.44,26745.76,12,0.2,2228.81,13372.88,0,EGP,4/4/2026
ORD-13160,CUST-527,PROD-197,BR-2,AG-25,12/16/2024,75155.66,Installments,15031.13,60124.53,12,0.2,5010.38,30062.26,0,EGP,4/4/2026
ORD-13161,CUST-499,PROD-121,BR-7,AG-7,5/29/2024,31822.34,Cash,31822.34,0,0,0,0,0,0,EGP,
ORD-13162,CUST-926,PROD-189,BR-8,AG-14,8/25/2024,43756.75,Installments,8751.35,35005.4,12,0.2,2917.12,17502.7,0,egp,4/4/2026
ORD-13163,CUST-954,PROD-198,BR-10,AG-9,8/17/2024,16554.13,Installments,3310.83,13243.3,12,0.2,1103.61,6621.65,0,EGP,4/4/2026
ORD-13164,CUST-235,PROD-147,BR-10,AG-20,2/19/2024,36056.9,Installments,7211.38,28845.52,12,0.2,2403.79,14422.76,0,EGP,4/4/2026
ORD-13165,CUST-339,PROD-170,BR-9,AG-6,10/17/2024,85815.5,Installments,17163.1,68652.4,12,0.2,5721.03,34326.2,0,EGP,4/4/2026
ORD-13166,CUST-941,PROD-152,BR-6,AG-1,4/26/2024,67931.88,Cash,67931.88,0,0,0,0,0,0,EGP,
ORD-13167,CUST-226,PROD-192,BR-9,AG-22,9/24/2024,41746.03,Installments,8349.21,33396.82,12,0.2,2783.07,16698.41,15,EGP,4/4/2026
ORD-13168,CUST-468,PROD-162,BR-8,AG-3,8/22/2024,25391.32,Installments,5078.26,20313.06,12,0.2,1692.75,10156.53,45,Pound,4/4/2026
ORD-13169,CUST-593,PROD-77,BR-10,AG-14,1/26/2025,54768.6,Installments,10953.72,43814.88,12,0.2,3651.24,21907.44,15,EGP,4/4/2026
ORD-13170,CUST-393,PROD-200,BR-9,AG-5,12/4/2024,65697.63,Installments,13139.53,52558.1,12,0.2,4379.84,26279.05,0,EGP,4/4/2026
ORD-13171,CUST-892,PROD-94,BR-4,AG-24,5/17/2024,29416.58,Installments,5883.32,23533.26,12,0.2,1961.11,11766.63,15,EGP,4/4/2026
ORD-13172,CUST-121,PROD-160,BR-9,AG-6,1/24/2024,15323.24,Cash,15323.24,0,0,0,0,0,0,EGP,
ORD-13173,CUST-703,PROD-176,BR-7,AG-1,5/28/2024,29064.06,Installments,5812.81,23251.25,12,0.2,1937.6,11625.62,0,EGP,4/4/2026
ORD-13174,CUST-828,PROD-68,BR-7,AG-5,12/25/2024,48233.81,Cash,48233.81,0,0,0,0,0,0,Pound,
ORD-13175,CUST-602,PROD-142,BR-5,AG-4,10/17/2024,82483.65,Installments,16496.73,65986.92,12,0.2,5498.91,32993.46,15,Pound,4/4/2026
ORD-13176,CUST-712,PROD-92,BR-6,AG-11,12/31/2024,19742.69,Installments,3948.54,15794.15,12,0.2,1316.18,7897.08,0,EGP,4/4/2026
ORD-13177,CUST-211,PROD-149,BR-10,AG-2,11/7/2024,36412.98,Installments,7282.6,29130.38,12,0.2,2427.53,14565.19,15,EGP,4/4/2026
ORD-13178,CUST-393,PROD-134,BR-7,AG-2,8/14/2024,80052.25,Installments,16010.45,64041.8,12,0.2,5336.82,32020.9,45,EGP,4/4/2026
ORD-13179,CUST-734,PROD-155,BR-4,AG-18,4/7/2024,66131.76,Installments,13226.35,52905.41,12,0.2,4408.78,26452.7,15,EGP,4/4/2026
ORD-13180,CUST-133,PROD-171,BR-7,AG-9,1/11/2025,43496.76,Cash,43496.76,0,0,0,0,0,0,Pound,
ORD-13181,CUST-590,PROD-136,BR-10,AG-25,8/5/2024,41322.46,Installments,8264.49,33057.97,12,0.2,2754.83,16528.98,0,EGP,4/4/2026
ORD-13182,CUST-312,PROD-62,BR-5,AG-16,12/19/2024,59154.41,Installments,11830.88,47323.53,12,0.2,3943.63,23661.76,45,EGP,1/1/1900
ORD-13183,CUST-249,PROD-187,BR-2,AG-7,6/26/2024,62520.67,Installments,12504.13,50016.54,12,0.2,4168.04,25008.27,0,EGP,4/4/2026
ORD-13184,CUST-828,PROD-61,BR-5,AG-20,6/3/2024,76642.38,Cash,76642.38,0,0,0,0,0,0,Pound,
ORD-13185,CUST-439,PROD-164,BR-4,AG-1,9/21/2024,57209.51,Cash,57209.51,0,0,0,0,0,0,EGP,
ORD-13186,CUST-975,PROD-142,BR-6,AG-20,3/31/2024,17926.51,Installments,3585.3,14341.21,12,0.2,1195.1,7170.6,0,EGP,4/4/2026
ORD-13187,CUST-795,PROD-170,BR-3,AG-7,4/23/2024,20606.63,Cash,20606.63,0,0,0,0,0,0,EGP,
ORD-13188,CUST-315,PROD-149,BR-4,AG-20,12/6/2024,35684.76,Installments,7136.95,28547.81,12,0.2,2378.98,14273.9,120,EGP,4/4/2026
ORD-13189,CUST-444,PROD-91,BR-5,AG-17,12/3/2024,32734.97,Installments,6546.99,26187.98,12,0.2,2182.33,13093.99,45,EGP,4/4/2026
ORD-13190,CUST-190,PROD-104,BR-8,AG-9,1/11/2025,64997.37,Installments,12999.47,51997.9,12,0.2,4333.16,25998.95,0,EGP,4/4/2026
ORD-13191,CUST-643,PROD-93,BR-4,AG-17,6/9/2024,69825.66,Installments,13965.13,55860.53,12,0.2,4655.04,27930.26,0,EGP,4/4/2026
ORD-13192,CUST-237,PROD-109,BR-5,AG-22,9/13/2024,83031.82,Installments,16606.36,66425.46,12,0.2,5535.45,33212.73,15,EGP,4/4/2026
ORD-13193,CUST-878,PROD-69,BR-2,AG-17,10/28/2024,51872.63,Cash,51872.63,0,0,0,0,0,0,EGP,
ORD-13194,CUST-771,PROD-141,BR-3,AG-25,11/18/2024,27817,Cash,27817,0,0,0,0,0,0,EGP,
ORD-13195,CUST-557,PROD-66,BR-5,AG-8,6/11/2024,38145.91,Installments,7629.18,30516.73,12,0.2,2543.06,15258.36,0,egp,4/4/2026
ORD-13196,CUST-290,PROD-167,BR-8,AG-10,8/19/2024,51135.46,Installments,10227.09,40908.37,12,0.2,3409.03,20454.18,15,EGP,4/4/2026
ORD-13197,CUST-847,PROD-132,BR-2,AG-15,6/23/2024,65472.97,Cash,65472.97,0,0,0,0,0,0,EGP,
ORD-13198,CUST-946,PROD-62,BR-3,AG-10,12/5/2024,19857.26,Cash,19857.26,0,0,0,0,0,0,EGP,
ORD-13199,CUST-986,PROD-160,BR-6,AG-3,6/27/2024,30217.08,Cash,30217.08,0,0,0,0,0,0,EGP,
ORD-13200,CUST-973,PROD-172,BR-7,AG-16,6/16/2024,67848.07,Installments,13569.61,54278.46,12,0.2,4523.2,27139.23,15,EGP,4/4/2026
ORD-13201,CUST-139,PROD-91,BR-8,AG-19,3/20/2024,48930.51,Cash,48930.51,0,0,0,0,0,0,EGP,
ORD-13202,CUST-592,PROD-97,BR-1,AG-1,2/20/2024,38197.54,Installments,7639.51,30558.03,12,0.2,2546.5,15279.02,0,EGP,4/4/2026
ORD-13203,CUST-645,PROD-174,BR-8,AG-7,5/17/2024,25938.07,Installments,5187.61,20750.46,12,0.2,1729.2,10375.23,0,EGP,4/4/2026
ORD-13204,CUST-599,PROD-159,BR-10,AG-11,5/16/2024,38007.62,Cash,38007.62,0,0,0,0,0,0,EGP,
ORD-13205,CUST-894,PROD-183,BR-10,AG-10,2/28/2024,23049.67,Cash,23049.67,0,0,0,0,0,0,EGP,
ORD-13206,CUST-882,PROD-142,BR-8,AG-4,4/28/2024,59611.69,Cash,59611.69,0,0,0,0,0,0,EGP,
ORD-13207,CUST-514,PROD-166,BR-6,AG-19,5/10/2024,15122.65,Installments,3024.53,12098.12,12,0.2,1008.18,6049.06,0,EGP,4/4/2026
ORD-13208,CUST-331,PROD-160,BR-3,AG-8,5/27/2024,66400.35,Installments,13280.07,53120.28,12,0.2,0,26560.14,15,EGP,1/1/1900
ORD-13209,CUST-971,PROD-69,BR-4,AG-17,8/10/2024,72850.92,Installments,14570.18,58280.74,12,0.2,4856.73,29140.37,120,EGP,4/4/2026
ORD-13210,CUST-363,PROD-99,BR-9,AG-20,4/3/2024,62866.48,Installments,12573.3,50293.18,12,0.2,4191.1,25146.59,120,Pound,4/4/2026
ORD-13211,CUST-639,PROD-68,BR-1,AG-5,7/28/2024,26096.28,Cash,26096.28,0,0,0,0,0,0,egp,
ORD-13212,CUST-234,PROD-82,BR-3,AG-9,4/6/2024,15256.51,Cash,15256.51,0,0,0,0,0,0,EGP,
ORD-13213,CUST-472,PROD-155,BR-10,AG-11,7/26/2024,72570.34,Installments,14514.07,58056.27,12,0.2,4838.02,29028.14,0,EGP,4/4/2026
ORD-13214,CUST-493,PROD-189,BR-2,AG-14,11/9/2024,65748.08,Installments,13149.62,52598.46,12,0.2,4383.21,26299.23,0,EGP,4/4/2026
ORD-13215,CUST-171,PROD-85,BR-7,AG-13,5/10/2024,34393.39,Cash,34393.39,0,0,0,0,0,0,EGP,
ORD-13216,CUST-616,PROD-56,BR-8,AG-18,1/5/2024,85425.42,Installments,17085.08,68340.34,12,0.2,5695.03,34170.17,0,EGP,4/4/2026
ORD-13217,CUST-286,PROD-161,BR-7,AG-13,11/5/2024,34801.03,Cash,34801.03,0,0,0,0,0,0,EGP,
ORD-13218,CUST-465,PROD-102,BR-10,AG-6,9/23/2024,13123.39,Installments,2624.68,10498.71,12,0.2,874.89,5249.36,0,EGP,4/4/2026
ORD-13219,CUST-864,PROD-134,BR-1,AG-9,8/13/2024,57710.73,Cash,57710.73,0,0,0,0,0,0,egp,
ORD-13220,CUST-642,PROD-188,BR-1,AG-4,12/14/2024,65717.66,Installments,13143.53,52574.13,12,0.2,4381.18,26287.06,15,EGP,4/4/2026
ORD-13221,CUST-529,PROD-102,BR-1,AG-15,11/3/2024,56142.17,Installments,11228.43,44913.74,12,0.2,3742.81,22456.87,0,EGP,4/4/2026
ORD-13222,CUST-510,PROD-180,BR-4,AG-10,8/2/2024,85169.81,Installments,17033.96,68135.85,12,0.2,5677.99,34067.92,15,egp,4/4/2026
ORD-13223,CUST-197,PROD-87,BR-6,AG-11,10/14/2024,46538.26,Installments,9307.65,37230.61,12,0.2,3102.55,18615.3,0,Pound,4/4/2026
ORD-13224,CUST-796,PROD-134,BR-1,AG-23,4/19/2024,89541.69,Cash,89541.69,0,0,0,0,0,0,EGP,
ORD-13225,CUST-149,PROD-184,BR-8,AG-20,2/16/2024,31758.56,Cash,31758.56,0,0,0,0,0,0,EGP,
ORD-13226,CUST-885,PROD-199,BR-6,AG-18,9/26/2024,45249.33,Cash,45249.33,0,0,0,0,0,0,EGP,
ORD-13227,CUST-544,PROD-94,BR-5,AG-23,11/26/2024,52369.05,Cash,52369.05,0,0,0,0,0,0,EGP,
ORD-13228,CUST-328,PROD-102,BR-8,AG-7,6/23/2024,70457.74,Installments,14091.55,56366.19,12,0.2,4697.18,28183.1,15,EGP,4/4/2026
ORD-13229,CUST-800,PROD-133,BR-6,AG-4,12/5/2024,66671.67,Cash,66671.67,0,0,0,0,0,0,EGP,
ORD-13230,CUST-780,PROD-50,BR-3,AG-2,4/29/2024,55298.95,Installments,11059.79,44239.16,12,0.2,3686.6,22119.58,0,EGP,4/4/2026
ORD-13231,CUST-315,PROD-106,BR-6,AG-7,3/30/2024,83097.67,Cash,83097.67,0,0,0,0,0,0,EGP,
ORD-13232,CUST-742,PROD-102,BR-4,AG-13,5/10/2024,69382.9,Installments,13876.58,55506.32,12,0.2,4625.53,27753.16,0,EGP,4/4/2026
ORD-13233,CUST-137,PROD-63,BR-3,AG-4,1/5/2025,56609.75,Installments,11321.95,45287.8,12,0.2,3773.98,22643.9,0,EGP,1/1/1900
ORD-13234,CUST-955,PROD-98,BR-3,AG-10,11/6/2024,74153.88,Installments,14830.78,59323.1,12,0.2,4943.59,29661.55,15,EGP,4/4/2026
ORD-13235,CUST-311,PROD-54,BR-7,AG-12,3/5/2024,34577.7,Cash,34577.7,0,0,0,0,0,0,Pound,
ORD-13236,CUST-602,PROD-65,BR-8,AG-16,5/19/2024,51866.77,Installments,10373.35,41493.42,12,0.2,3457.78,20746.71,0,EGP,4/4/2026
ORD-13237,CUST-884,PROD-126,BR-8,AG-20,9/27/2024,33008.86,Installments,6601.77,26407.09,12,0.2,2200.59,13203.54,0,EGP,4/4/2026
ORD-13238,CUST-494,PROD-164,BR-7,AG-1,6/24/2024,56311.99,Installments,11262.4,45049.59,12,0.2,3754.13,22524.8,0,EGP,4/4/2026
ORD-13239,CUST-863,PROD-118,BR-8,AG-9,5/24/2024,88576.57,Cash,88576.57,0,0,0,0,0,0,EGP,
ORD-13240,CUST-494,PROD-196,BR-3,AG-19,7/15/2024,85254.25,Cash,85254.25,0,0,0,0,0,0,EGP,
ORD-13241,CUST-687,PROD-57,BR-9,AG-8,5/9/2024,21112.83,Installments,4222.57,16890.26,12,0.2,1407.52,8445.13,0,EGP,4/4/2026
ORD-13242,CUST-150,PROD-160,BR-1,AG-4,4/22/2024,22717.78,Installments,4543.56,18174.22,12,0.2,1514.52,9087.11,0,EGP,4/4/2026
ORD-13243,CUST-680,PROD-164,BR-2,AG-11,3/14/2024,50562.08,Installments,10112.42,40449.66,12,0.2,3370.81,20224.83,0,EGP,4/4/2026
ORD-13244,CUST-672,PROD-165,BR-2,AG-4,8/7/2024,32697.08,Cash,32697.08,0,0,0,0,0,0,EGP,
ORD-13245,CUST-344,PROD-176,BR-9,AG-16,1/5/2025,57808.22,Installments,11561.64,46246.58,12,0.2,3853.88,23123.29,0,EGP,4/4/2026
ORD-13246,CUST-374,PROD-151,BR-10,AG-9,1/7/2025,35594.53,Installments,7118.91,28475.62,12,0.2,2372.97,14237.81,0,EGP,4/4/2026
ORD-13247,CUST-547,PROD-197,BR-10,AG-11,1/11/2024,60967.52,Installments,12193.5,48774.02,12,0.2,4064.5,24387.01,15,EGP,4/4/2026
ORD-13248,CUST-809,PROD-124,BR-8,AG-1,11/30/2024,43161.24,Cash,43161.24,0,0,0,0,0,0,EGP,
ORD-13249,CUST-511,PROD-179,BR-10,AG-19,8/28/2024,23927.15,Installments,4785.43,19141.72,12,0.2,1595.14,9570.86,0,EGP,4/4/2026
ORD-13250,CUST-798,PROD-172,BR-5,AG-6,5/21/2024,43741.06,Installments,8748.21,34992.85,12,0.2,0,17496.42,0,EGP,4/4/2026
ORD-13251,CUST-507,PROD-91,BR-8,AG-4,12/21/2024,35227.26,Installments,7045.45,28181.81,12,0.2,2348.48,14090.9,0,EGP,4/4/2026
ORD-13252,CUST-735,PROD-56,BR-1,AG-20,9/11/2024,77586.69,Installments,15517.34,62069.35,12,0.2,5172.45,31034.68,120,Pound,4/4/2026
ORD-13253,CUST-911,PROD-178,BR-7,AG-7,6/22/2024,66319.78,Installments,13263.96,53055.82,12,0.2,4421.32,26527.91,15,EGP,4/4/2026
ORD-13254,CUST-275,PROD-153,BR-5,AG-7,10/15/2024,89389.21,Cash,89389.21,0,0,0,0,0,0,EGP,
ORD-13255,CUST-534,PROD-125,BR-1,AG-21,11/24/2024,20851.07,Installments,4170.21,16680.86,12,0.2,1390.07,8340.43,0,EGP,4/4/2026
ORD-13256,CUST-859,PROD-95,BR-6,AG-22,12/27/2024,74535.34,Cash,74535.34,0,0,0,0,0,0,EGP,
ORD-13257,CUST-221,PROD-166,BR-2,AG-24,10/19/2024,53374.87,Installments,10674.97,42699.9,12,0.2,3558.32,21349.95,0,EGP,4/4/2026
ORD-13258,CUST-923,PROD-55,BR-3,AG-5,10/6/2024,35301.26,Cash,35301.26,0,0,0,0,0,0,EGP,
ORD-13259,CUST-867,PROD-77,BR-4,AG-22,2/29/2024,54811.18,Installments,10962.24,43848.94,12,0.2,3654.08,21924.47,15,EGP,4/4/2026
ORD-13260,CUST-927,PROD-107,BR-1,AG-7,12/30/2028,80254.39,Installments,16050.88,64203.51,12,0.2,5350.29,32101.76,0,EGP,4/4/2026
ORD-13261,CUST-736,PROD-88,BR-9,AG-2,3/17/2024,10854.52,Installments,2170.9,8683.62,12,0.2,723.63,4341.81,15,EGP,4/4/2026
ORD-13262,CUST-926,PROD-184,BR-2,AG-9,10/7/2024,78312.7,Installments,15662.54,62650.16,12,0.2,0,31325.08,0,EGP,4/4/2026
ORD-13263,CUST-911,PROD-197,BR-8,AG-21,8/4/2024,71270.69,Cash,71270.69,0,0,0,0,0,0,Pound,
ORD-13264,CUST-832,PROD-192,BR-2,AG-3,10/5/2024,57348.41,Installments,11469.68,45878.73,12,0.2,3823.23,22939.36,45,Pound,4/4/2026
ORD-13265,CUST-600,PROD-84,BR-10,AG-14,5/25/2024,67366.66,Installments,13473.33,53893.33,12,0.2,4491.11,26946.66,0,EGP,4/4/2026
ORD-13266,CUST-157,PROD-166,BR-8,AG-1,1/3/2024,11039.29,Installments,2207.86,8831.43,12,0.2,735.95,4415.72,45,Pound,4/4/2026
ORD-13267,CUST-907,PROD-64,BR-1,AG-14,7/23/2024,70239.97,Installments,14047.99,56191.98,12,0.2,4682.66,28095.99,0,EGP,4/4/2026
ORD-13268,CUST-987,PROD-181,BR-2,AG-14,7/28/2024,72824.2,Installments,14564.84,58259.36,12,0.2,4854.95,29129.68,0,egp,4/4/2026
ORD-13269,CUST-937,PROD-167,BR-5,AG-22,10/13/2024,85024.04,Installments,17004.81,68019.23,12,0.2,5668.27,34009.62,0,EGP,4/4/2026
ORD-13270,CUST-603,PROD-197,BR-7,AG-14,7/25/2024,84394.04,Cash,84394.04,0,0,0,0,0,0,egp,
ORD-13271,CUST-268,PROD-169,BR-6,AG-17,4/24/2024,44159.83,Installments,8831.97,35327.86,12,0.2,2943.99,17663.93,0,EGP,4/4/2026
ORD-13272,CUST-146,PROD-178,BR-3,AG-10,2/29/2024,69479.15,Installments,13895.83,55583.32,12,0.2,4631.94,27791.66,0,EGP,4/4/2026
ORD-13273,CUST-968,PROD-108,BR-6,AG-13,12/30/2028,62432.01,Cash,62432.01,0,0,0,0,0,0,EGP,
ORD-13274,CUST-164,PROD-190,BR-2,AG-20,3/5/2024,45651.84,Installments,9130.37,36521.47,12,0.2,3043.46,18260.74,0,EGP,4/4/2026
ORD-13275,CUST-973,PROD-166,BR-7,AG-11,4/1/2024,36296.13,Cash,36296.13,0,0,0,0,0,0,EGP,
ORD-13276,CUST-771,PROD-61,BR-1,AG-25,6/26/2024,12269.65,Installments,2453.93,9815.72,12,0.2,817.98,4907.86,0,EGP,4/4/2026
ORD-13277,CUST-474,PROD-150,BR-2,AG-19,3/13/2024,80752.37,Installments,16150.47,64601.9,12,0.2,5383.49,32300.95,120,EGP,4/4/2026
ORD-13278,CUST-619,PROD-176,BR-3,AG-16,1/29/2025,11592.65,Installments,2318.53,9274.12,12,0.2,772.84,4637.06,0,egp,4/4/2026
ORD-13279,CUST-457,PROD-85,BR-8,AG-15,12/26/2024,63309.53,Installments,12661.91,50647.62,12,0.2,4220.64,25323.81,0,egp,4/4/2026
ORD-13280,CUST-793,PROD-127,BR-9,AG-2,7/16/2024,24527.93,Cash,24527.93,0,0,0,0,0,0,EGP,
ORD-13281,CUST-858,PROD-55,BR-1,AG-19,8/20/2024,81007.31,Installments,16201.46,64805.85,12,0.2,5400.49,32402.92,15,EGP,4/4/2026
ORD-13282,CUST-343,PROD-161,BR-4,AG-11,6/28/2024,54987.53,Cash,54987.53,0,0,0,0,0,0,egp,
ORD-13283,CUST-571,PROD-174,BR-3,AG-12,5/11/2024,83495.84,Cash,83495.84,0,0,0,0,0,0,EGP,
ORD-13284,CUST-609,PROD-132,BR-5,AG-11,12/30/2028,34647.02,Cash,34647.02,0,0,0,0,0,0,EGP,
ORD-13285,CUST-211,PROD-60,BR-1,AG-13,9/30/2024,54658.77,Cash,54658.77,0,0,0,0,0,0,egp,
ORD-13286,CUST-883,PROD-141,BR-4,AG-10,1/20/2024,32960.46,Installments,6592.09,26368.37,12,0.2,2197.36,13184.18,0,EGP,4/4/2026
ORD-13287,CUST-364,PROD-81,BR-4,AG-1,12/11/2024,48144.57,Installments,9628.91,38515.66,12,0.2,3209.64,19257.83,0,EGP,4/4/2026
ORD-13288,CUST-824,PROD-136,BR-5,AG-18,10/13/2024,10495.56,Cash,10495.56,0,0,0,0,0,0,EGP,
ORD-13289,CUST-253,PROD-189,BR-2,AG-24,11/6/2024,85043.55,Installments,17008.71,68034.84,12,0.2,5669.57,34017.42,0,EGP,4/4/2026
ORD-13290,CUST-825,PROD-123,BR-3,AG-16,9/6/2024,68509.7,Installments,13701.94,54807.76,12,0.2,4567.31,27403.88,0,egp,4/4/2026
ORD-13291,CUST-503,PROD-145,BR-1,AG-3,5/23/2024,25515.83,Installments,5103.17,20412.66,12,0.2,1701.06,10206.33,0,EGP,4/4/2026
ORD-13292,CUST-787,PROD-116,BR-1,AG-25,12/30/2028,62498.04,Cash,62498.04,0,0,0,0,0,0,EGP,
ORD-13293,CUST-153,PROD-156,BR-2,AG-20,3/14/2024,46770.13,Installments,9354.03,37416.1,12,0.2,3118.01,18708.05,0,EGP,4/4/2026
ORD-13294,CUST-879,PROD-159,BR-8,AG-22,1/28/2025,11004.54,Installments,2200.91,8803.63,12,0.2,733.64,4401.82,45,egp,4/4/2026
ORD-13295,CUST-286,PROD-151,BR-1,AG-8,7/14/2024,22369.65,Installments,4473.93,17895.72,12,0.2,1491.31,8947.86,0,EGP,4/4/2026
ORD-13296,CUST-529,PROD-183,BR-7,AG-25,2/2/2025,28378.84,Installments,5675.77,22703.07,12,0.2,1891.92,11351.54,0,EGP,4/4/2026
ORD-13297,CUST-940,PROD-102,BR-8,AG-13,12/30/2028,71500.72,Installments,14300.14,57200.58,12,0.2,4766.71,28600.29,0,EGP,4/4/2026
ORD-13298,CUST-846,PROD-86,BR-7,AG-3,6/14/2024,28532.67,Cash,28532.67,0,0,0,0,0,0,EGP,
ORD-13299,CUST-949,PROD-90,BR-4,AG-20,3/7/2024,26049.66,Installments,5209.93,20839.73,12,0.2,1736.64,10419.86,0,egp,4/4/2026
ORD-13300,CUST-836,PROD-138,BR-1,AG-3,11/21/2024,86668.45,Cash,86668.45,0,0,0,0,0,0,Pound,
ORD-13301,CUST-601,PROD-171,BR-5,AG-2,2/13/2024,16939.32,Installments,3387.86,13551.46,12,0.2,1129.29,6775.73,0,EGP,4/4/2026
ORD-13302,CUST-823,PROD-127,BR-4,AG-16,1/1/2025,68175.7,Installments,13635.14,54540.56,12,0.2,4545.05,27270.28,15,EGP,4/4/2026
ORD-13303,CUST-971,PROD-142,BR-10,AG-10,9/30/2024,50626.36,Installments,10125.27,40501.09,12,0.2,3375.09,20250.54,0,EGP,4/4/2026
ORD-13304,CUST-400,PROD-178,BR-3,AG-3,1/18/2025,12768.47,Installments,2553.69,10214.78,12,0.2,851.23,5107.39,15,egp,4/4/2026
ORD-13305,CUST-789,PROD-122,BR-2,AG-8,2/21/2024,15283.55,Cash,15283.55,0,0,0,0,0,0,Pound,
ORD-13306,CUST-974,PROD-197,BR-5,AG-7,1/17/2024,45993.2,Cash,45993.2,0,0,0,0,0,0,EGP,
ORD-13307,CUST-466,PROD-173,BR-2,AG-15,1/29/2024,65599.4,Installments,13119.88,52479.52,12,0.2,4373.29,26239.76,0,EGP,4/4/2026
ORD-13308,CUST-245,PROD-156,BR-7,AG-18,2/22/2024,52777.9,Installments,10555.58,42222.32,12,0.2,3518.53,21111.16,15,EGP,4/4/2026
ORD-13309,CUST-770,PROD-74,BR-5,AG-4,2/26/2024,68247.65,Installments,13649.53,54598.12,12,0.2,4549.84,27299.06,0,EGP,4/4/2026
ORD-13310,CUST-179,PROD-73,BR-1,AG-13,11/18/2024,23894.57,Installments,4778.91,19115.66,12,0.2,1592.97,9557.83,45,EGP,1/1/1900
ORD-13311,CUST-483,PROD-95,BR-1,AG-24,1/15/2025,83158.68,Installments,16631.74,66526.94,12,0.2,5543.91,33263.47,0,EGP,4/4/2026
ORD-13312,CUST-242,PROD-139,BR-8,AG-6,4/19/2024,43170.76,Cash,43170.76,0,0,0,0,0,0,EGP,
ORD-13313,CUST-700,PROD-189,BR-10,AG-5,1/21/2024,53362.48,Installments,10672.5,42689.98,12,0.2,3557.5,21344.99,0,EGP,4/4/2026
ORD-13314,CUST-888,PROD-73,BR-8,AG-10,2/28/2024,15542.04,Installments,3108.41,12433.63,12,0.2,1036.14,6216.82,15,EGP,4/4/2026
ORD-13315,CUST-697,PROD-60,BR-6,AG-17,6/9/2024,53624.73,Installments,10724.95,42899.78,12,0.2,3574.98,21449.89,0,EGP,4/4/2026
ORD-13316,CUST-443,PROD-98,BR-1,AG-11,10/1/2024,58842.49,Cash,58842.49,0,0,0,0,0,0,EGP,
ORD-13317,CUST-839,PROD-198,BR-9,AG-25,4/9/2024,38112.21,Installments,7622.44,30489.77,12,0.2,2540.81,15244.88,0,EGP,4/4/2026
ORD-13318,CUST-935,PROD-191,BR-2,AG-19,1/20/2025,40471.69,Installments,8094.34,32377.35,12,0.2,2698.11,16188.68,15,EGP,4/4/2026
ORD-13319,CUST-108,PROD-178,BR-2,AG-21,1/21/2024,26213.8,Installments,5242.76,20971.04,12,0.2,1747.59,10485.52,0,egp,4/4/2026
ORD-13320,CUST-114,PROD-75,BR-10,AG-15,1/5/2025,80453.24,Installments,16090.65,64362.59,12,0.2,5363.55,32181.3,0,EGP,4/4/2026
ORD-13321,CUST-340,PROD-89,BR-8,AG-25,2/14/2024,67563.67,Installments,13512.73,54050.94,12,0.2,4504.24,27025.47,0,EGP,4/4/2026
ORD-13322,CUST-607,PROD-194,BR-9,AG-24,8/18/2024,87903.34,Installments,17580.67,70322.67,12,0.2,5860.22,35161.34,0,EGP,1/1/1900
ORD-13323,CUST-522,PROD-85,BR-8,AG-15,12/27/2024,42967.75,Installments,8593.55,34374.2,12,0.2,2864.52,17187.1,0,EGP,4/4/2026
ORD-13324,CUST-296,PROD-84,BR-6,AG-6,2/1/2024,22744.24,Installments,4548.85,18195.39,12,0.2,1516.28,9097.7,0,EGP,4/4/2026
ORD-13325,CUST-843,PROD-163,BR-9,AG-3,12/30/2028,22735.7,Installments,4547.14,18188.56,12,0.2,1515.71,9094.28,0,EGP,4/4/2026
ORD-13326,CUST-694,PROD-58,BR-2,AG-17,9/23/2024,31900.58,Installments,6380.12,25520.46,12,0.2,2126.71,12760.23,0,EGP,4/4/2026
ORD-13327,CUST-258,PROD-191,BR-10,AG-4,5/24/2024,85551.08,Installments,17110.22,68440.86,12,0.2,5703.41,34220.43,0,Pound,4/4/2026
ORD-13328,CUST-842,PROD-109,BR-1,AG-17,7/23/2024,71627.78,Cash,71627.78,0,0,0,0,0,0,EGP,
ORD-13329,CUST-716,PROD-55,BR-6,AG-3,1/16/2025,65683.66,Installments,13136.73,52546.93,12,0.2,4378.91,26273.46,0,EGP,4/4/2026
ORD-13330,CUST-273,PROD-133,BR-2,AG-25,12/4/2024,45897.1,Installments,9179.42,36717.68,12,0.2,3059.81,18358.84,0,EGP,1/1/1900
ORD-13331,CUST-163,PROD-124,BR-7,AG-20,12/24/2024,57996.71,Installments,11599.34,46397.37,12,0.2,3866.45,23198.68,0,EGP,4/4/2026
ORD-13332,CUST-801,PROD-108,BR-5,AG-7,6/21/2024,69994.14,Cash,69994.14,0,0,0,0,0,0,EGP,
ORD-13333,CUST-776,PROD-161,BR-8,AG-10,11/10/2024,61013.18,Installments,12202.64,48810.54,12,0.2,4067.55,24405.27,0,EGP,4/4/2026
ORD-13334,CUST-642,PROD-113,BR-6,AG-8,9/14/2024,45678.33,Installments,9135.67,36542.66,12,0.2,3045.22,18271.33,0,EGP,4/4/2026
ORD-13335,CUST-388,PROD-99,BR-3,AG-7,12/30/2028,66988.03,Cash,66988.03,0,0,0,0,0,0,EGP,
ORD-13336,CUST-831,PROD-177,BR-10,AG-22,5/25/2024,64186.51,Installments,12837.3,51349.21,12,0.2,4279.1,25674.6,0,EGP,4/4/2026
ORD-13337,CUST-726,PROD-198,BR-8,AG-9,1/31/2025,79669.44,Cash,79669.44,0,0,0,0,0,0,egp,
ORD-13338,CUST-457,PROD-153,BR-8,AG-24,8/26/2024,61571.44,Installments,12314.29,49257.15,12,0.2,0,24628.58,0,egp,4/4/2026
ORD-13339,CUST-209,PROD-167,BR-2,AG-6,2/6/2024,70014.55,Cash,70014.55,0,0,0,0,0,0,EGP,
ORD-13340,CUST-570,PROD-115,BR-4,AG-17,11/16/2024,41802.74,Cash,41802.74,0,0,0,0,0,0,EGP,
ORD-13341,CUST-684,PROD-114,BR-7,AG-21,1/7/2025,43423.17,Installments,8684.63,34738.54,12,0.2,2894.88,17369.27,0,EGP,4/4/2026
ORD-13342,CUST-114,PROD-54,BR-1,AG-14,10/5/2024,63736.03,Cash,63736.03,0,0,0,0,0,0,EGP,
ORD-13343,CUST-749,PROD-176,BR-9,AG-2,1/10/2025,80186.01,Cash,80186.01,0,0,0,0,0,0,EGP,
ORD-13344,CUST-605,PROD-138,BR-10,AG-14,1/12/2025,61805.17,Cash,61805.17,0,0,0,0,0,0,egp,
ORD-13345,CUST-178,PROD-170,BR-4,AG-9,6/23/2024,87736.02,Cash,87736.02,0,0,0,0,0,0,egp,
ORD-13346,CUST-774,PROD-94,BR-4,AG-14,3/11/2024,83058.12,Installments,16611.62,66446.5,12,0.2,5537.21,33223.25,0,EGP,4/4/2026
ORD-13347,CUST-914,PROD-87,BR-2,AG-21,5/19/2024,76144.38,Installments,15228.88,60915.5,12,0.2,5076.29,30457.75,120,EGP,4/4/2026
ORD-13348,CUST-819,PROD-54,BR-5,AG-10,6/12/2024,47184.04,Installments,9436.81,37747.23,12,0.2,3145.6,18873.62,0,Pound,4/4/2026
ORD-13349,CUST-912,PROD-138,BR-2,AG-1,12/30/2028,14012.45,Installments,2802.49,11209.96,12,0.2,934.16,5604.98,0,egp,4/4/2026
ORD-13350,CUST-379,PROD-181,BR-7,AG-1,6/4/2024,29632.29,Installments,5926.46,23705.83,12,0.2,1975.49,11852.92,0,EGP,4/4/2026
ORD-13351,CUST-739,PROD-119,BR-1,AG-18,1/14/2025,64759.98,Installments,12952,51807.98,12,0.2,4317.33,25903.99,0,EGP,4/4/2026
ORD-13352,CUST-314,PROD-150,BR-2,AG-4,1/6/2025,50267.07,Installments,10053.41,40213.66,12,0.2,3351.14,20106.83,0,EGP,4/4/2026
ORD-13353,CUST-642,PROD-113,BR-5,AG-2,11/27/2024,11267.67,Cash,11267.67,0,0,0,0,0,0,EGP,
ORD-13354,CUST-910,PROD-149,BR-6,AG-24,8/2/2024,38371.17,Installments,7674.23,30696.94,12,0.2,2558.08,15348.47,0,EGP,4/4/2026
ORD-13355,CUST-210,PROD-150,BR-3,AG-20,11/4/2024,28433.7,Installments,5686.74,22746.96,12,0.2,1895.58,11373.48,120,egp,4/4/2026
ORD-13356,CUST-455,PROD-98,BR-1,AG-20,7/29/2024,79961.7,Installments,15992.34,63969.36,12,0.2,5330.78,31984.68,0,egp,4/4/2026
ORD-13357,CUST-713,PROD-55,BR-1,AG-14,3/25/2024,80781.59,Installments,16156.32,64625.27,12,0.2,5385.44,32312.64,0,EGP,4/4/2026
ORD-13358,CUST-175,PROD-177,BR-5,AG-12,11/1/2024,29191.36,Cash,29191.36,0,0,0,0,0,0,egp,
ORD-13359,CUST-668,PROD-100,BR-1,AG-13,8/28/2024,14676.95,Cash,14676.95,0,0,0,0,0,0,EGP,
ORD-13360,CUST-143,PROD-71,BR-3,AG-4,1/27/2024,35176.22,Installments,7035.24,28140.98,12,0.2,2345.08,14070.49,0,egp,1/1/1900
ORD-13361,CUST-563,PROD-58,BR-1,AG-6,8/7/2024,16230.15,Cash,16230.15,0,0,0,0,0,0,Pound,
ORD-13362,CUST-524,PROD-119,BR-10,AG-18,6/3/2024,12888.59,Installments,2577.72,10310.87,12,0.2,859.24,5155.44,0,EGP,1/1/1900
ORD-13363,CUST-809,PROD-73,BR-1,AG-15,3/9/2024,18990.66,Installments,3798.13,15192.53,12,0.2,1266.04,7596.26,0,EGP,4/4/2026
ORD-13364,CUST-426,PROD-114,BR-4,AG-5,1/22/2024,33280.05,Installments,6656.01,26624.04,12,0.2,2218.67,13312.02,0,EGP,4/4/2026
ORD-13365,CUST-552,PROD-124,BR-6,AG-23,7/22/2024,38858,Cash,38858,0,0,0,0,0,0,EGP,
ORD-13366,CUST-227,PROD-70,BR-3,AG-2,9/16/2024,15705.33,Installments,3141.07,12564.26,12,0.2,1047.02,6282.13,0,EGP,4/4/2026
ORD-13367,CUST-524,PROD-153,BR-10,AG-2,8/15/2024,86049.81,Installments,17209.96,68839.85,12,0.2,5736.65,34419.92,0,EGP,4/4/2026
ORD-13368,CUST-219,PROD-162,BR-2,AG-11,1/29/2025,38495.47,Installments,7699.09,30796.38,12,0.2,2566.36,15398.19,45,EGP,4/4/2026
ORD-13369,CUST-726,PROD-157,BR-10,AG-12,12/30/2028,83430.09,Installments,16686.02,66744.07,12,0.2,5562.01,33372.04,0,EGP,4/4/2026
ORD-13370,CUST-263,PROD-96,BR-7,AG-7,5/4/2024,43089.63,Installments,8617.93,34471.7,12,0.2,2872.64,17235.85,0,EGP,4/4/2026
ORD-13371,CUST-406,PROD-178,BR-7,AG-6,8/16/2024,51895.6,Installments,10379.12,41516.48,12,0.2,3459.71,20758.24,0,EGP,4/4/2026
ORD-13372,CUST-610,PROD-120,BR-8,AG-15,2/14/2024,51571.88,Cash,51571.88,0,0,0,0,0,0,egp,
ORD-13373,CUST-283,PROD-96,BR-7,AG-21,4/10/2024,30093.7,Cash,30093.7,0,0,0,0,0,0,EGP,
ORD-13374,CUST-825,PROD-190,BR-8,AG-13,8/25/2024,46675.65,Installments,9335.13,37340.52,12,0.2,3111.71,18670.26,0,EGP,4/4/2026
ORD-13375,CUST-984,PROD-54,BR-9,AG-24,10/11/2024,22663.85,Installments,4532.77,18131.08,12,0.2,1510.92,9065.54,0,EGP,4/4/2026
ORD-13376,CUST-543,PROD-112,BR-5,AG-25,12/7/2024,88000.05,Cash,88000.05,0,0,0,0,0,0,EGP,
ORD-13377,CUST-821,PROD-189,BR-10,AG-13,12/30/2028,83063.89,Cash,83063.89,0,0,0,0,0,0,Pound,
ORD-13378,CUST-201,PROD-126,BR-6,AG-6,5/29/2024,78630.77,Cash,78630.77,0,0,0,0,0,0,EGP,
ORD-13379,CUST-197,PROD-68,BR-2,AG-22,10/20/2024,56299.58,Installments,11259.92,45039.66,12,0.2,3753.31,22519.83,15,EGP,4/4/2026
ORD-13380,CUST-910,PROD-193,BR-2,AG-22,5/7/2024,74400.66,Installments,14880.13,59520.53,12,0.2,4960.04,29760.26,45,EGP,4/4/2026
ORD-13381,CUST-666,PROD-52,BR-3,AG-25,7/7/2024,22069.73,Installments,4413.95,17655.78,12,0.2,1471.32,8827.89,0,EGP,4/4/2026
ORD-13382,CUST-667,PROD-159,BR-1,AG-12,7/1/2024,51895.62,Cash,51895.62,0,0,0,0,0,0,EGP,
ORD-13383,CUST-600,PROD-140,BR-2,AG-16,5/2/2024,22010.43,Installments,4402.09,17608.34,12,0.2,1467.36,8804.17,0,EGP,4/4/2026
ORD-13384,CUST-126,PROD-134,BR-8,AG-4,10/8/2024,80553.58,Installments,16110.72,64442.86,12,0.2,5370.24,32221.43,0,EGP,4/4/2026
ORD-13385,CUST-348,PROD-142,BR-10,AG-13,3/25/2024,26581.76,Installments,5316.35,21265.41,12,0.2,1772.12,10632.7,0,egp,4/4/2026
ORD-13386,CUST-559,PROD-71,BR-5,AG-2,4/11/2024,10215.22,Cash,10215.22,0,0,0,0,0,0,EGP,
ORD-13387,CUST-380,PROD-146,BR-8,AG-7,3/10/2024,50115.06,Installments,10023.01,40092.05,12,0.2,3341,20046.02,45,egp,4/4/2026
ORD-13388,CUST-319,PROD-152,BR-3,AG-22,4/2/2024,77239.64,Installments,15447.93,61791.71,12,0.2,5149.31,30895.86,0,EGP,4/4/2026
ORD-13389,CUST-747,PROD-155,BR-1,AG-9,10/30/2024,75348.53,Cash,75348.53,0,0,0,0,0,0,egp,
ORD-13390,CUST-183,PROD-112,BR-4,AG-11,10/8/2024,70148.17,Installments,14029.63,56118.54,12,0.2,4676.54,28059.27,0,Pound,4/4/2026
ORD-13391,CUST-687,PROD-76,BR-8,AG-5,6/17/2024,75067.83,Installments,15013.57,60054.26,12,0.2,5004.52,30027.13,0,EGP,4/4/2026
ORD-13392,CUST-311,PROD-123,BR-5,AG-5,12/30/2028,56686.95,Installments,11337.39,45349.56,12,0.2,3779.13,22674.78,0,EGP,4/4/2026
ORD-13393,CUST-583,PROD-127,BR-9,AG-24,2/4/2025,24932.1,Installments,4986.42,19945.68,12,0.2,1662.14,9972.84,120,EGP,4/4/2026
ORD-13394,CUST-700,PROD-135,BR-2,AG-17,5/27/2024,25447.45,Cash,25447.45,0,0,0,0,0,0,EGP,
ORD-13395,CUST-374,PROD-86,BR-3,AG-17,10/3/2024,83599.63,Installments,16719.93,66879.7,12,0.2,5573.31,33439.85,45,EGP,4/4/2026
ORD-13396,CUST-882,PROD-129,BR-10,AG-18,1/14/2025,56136.24,Installments,11227.25,44908.99,12,0.2,3742.42,22454.5,45,egp,4/4/2026
ORD-13397,CUST-949,PROD-182,BR-6,AG-20,4/30/2024,17490.36,Installments,3498.07,13992.29,12,0.2,1166.02,6996.14,0,EGP,4/4/2026
ORD-13398,CUST-521,PROD-168,BR-2,AG-12,4/21/2024,40618.05,Installments,8123.61,32494.44,12,0.2,2707.87,16247.22,0,EGP,4/4/2026
ORD-13399,CUST-967,PROD-90,BR-9,AG-11,11/5/2024,16424.72,Installments,3284.94,13139.78,12,0.2,1094.98,6569.89,0,egp,4/4/2026
ORD-13400,CUST-187,PROD-90,BR-9,AG-21,11/28/2024,60162.17,Installments,12032.43,48129.74,12,0.2,4010.81,24064.87,0,egp,4/4/2026
ORD-13401,CUST-616,PROD-191,BR-4,AG-11,10/29/2024,35808.77,Installments,7161.75,28647.02,12,0.2,2387.25,14323.51,0,Pound,4/4/2026
ORD-13402,CUST-870,PROD-197,BR-7,AG-12,8/18/2024,84231.61,Installments,16846.32,67385.29,12,0.2,5615.44,33692.64,0,EGP,4/4/2026
ORD-13403,CUST-842,PROD-115,BR-7,AG-5,6/21/2024,20209.87,Installments,4041.97,16167.9,12,0.2,1347.32,8083.95,0,EGP,4/4/2026
ORD-13404,CUST-180,PROD-61,BR-3,AG-15,11/26/2024,25216.31,Installments,5043.26,20173.05,12,0.2,1681.09,10086.52,0,EGP,4/4/2026
ORD-13405,CUST-150,PROD-127,BR-1,AG-9,1/14/2025,68118.91,Cash,68118.91,0,0,0,0,0,0,EGP,
ORD-13406,CUST-223,PROD-84,BR-9,AG-20,9/8/2024,63582.15,Installments,12716.43,50865.72,12,0.2,4238.81,25432.86,0,EGP,4/4/2026
ORD-13407,CUST-564,PROD-63,BR-2,AG-11,8/30/2024,44982.63,Installments,8996.53,35986.1,12,0.2,2998.84,17993.05,0,EGP,4/4/2026
ORD-13408,CUST-511,PROD-198,BR-8,AG-20,3/13/2024,19424.87,Installments,3884.97,15539.9,12,0.2,1294.99,7769.95,0,Pound,4/4/2026
ORD-13409,CUST-744,PROD-55,BR-2,AG-20,1/16/2024,71495.77,Installments,14299.15,57196.62,12,0.2,4766.38,28598.31,0,EGP,4/4/2026
ORD-13410,CUST-436,PROD-197,BR-4,AG-5,4/3/2024,86979.87,Cash,86979.87,0,0,0,0,0,0,egp,
ORD-13411,CUST-579,PROD-61,BR-2,AG-20,2/16/2024,46036.08,Installments,9207.22,36828.86,12,0.2,3069.07,18414.43,0,EGP,4/4/2026
ORD-13412,CUST-239,PROD-183,BR-9,AG-12,2/24/2024,26328.48,Installments,5265.7,21062.78,12,0.2,1755.23,10531.39,45,Pound,1/1/1900
ORD-13413,CUST-270,PROD-120,BR-6,AG-3,3/17/2024,66794.19,Installments,13358.84,53435.35,12,0.2,4452.95,26717.68,120,EGP,4/4/2026
ORD-13414,CUST-573,PROD-120,BR-8,AG-22,4/17/2024,85988.45,Installments,17197.69,68790.76,12,0.2,5732.56,34395.38,0,egp,4/4/2026
ORD-13415,CUST-923,PROD-167,BR-9,AG-20,12/30/2028,74058.52,Cash,74058.52,0,0,0,0,0,0,EGP,
ORD-13416,CUST-922,PROD-70,BR-2,AG-21,5/8/2024,52048.89,Installments,10409.78,41639.11,12,0.2,3469.93,20819.56,0,EGP,4/4/2026
ORD-13417,CUST-594,PROD-79,BR-2,AG-1,6/20/2024,51006.61,Installments,10201.32,40805.29,12,0.2,3400.44,20402.64,45,EGP,4/4/2026
ORD-13418,CUST-954,PROD-81,BR-7,AG-15,8/17/2024,28608.95,Installments,5721.79,22887.16,12,0.2,1907.26,11443.58,45,EGP,4/4/2026
ORD-13419,CUST-765,PROD-143,BR-2,AG-8,1/7/2024,52032.25,Installments,10406.45,41625.8,12,0.2,3468.82,20812.9,0,EGP,4/4/2026
ORD-13420,CUST-265,PROD-146,BR-6,AG-8,4/29/2024,36146.73,Cash,36146.73,0,0,0,0,0,0,EGP,
ORD-13421,CUST-870,PROD-141,BR-9,AG-18,10/12/2024,48315.1,Cash,48315.1,0,0,0,0,0,0,EGP,
ORD-13422,CUST-365,PROD-91,BR-9,AG-13,11/7/2024,56501.34,Cash,56501.34,0,0,0,0,0,0,EGP,
ORD-13423,CUST-141,PROD-54,BR-2,AG-20,1/27/2024,17906.81,Installments,3581.36,14325.45,12,0.2,1193.79,7162.72,0,EGP,4/4/2026
ORD-13424,CUST-729,PROD-145,BR-3,AG-5,10/17/2024,42698.91,Installments,8539.78,34159.13,12,0.2,2846.59,17079.56,0,EGP,4/4/2026
ORD-13425,CUST-886,PROD-196,BR-7,AG-14,12/22/2024,71149.31,Installments,14229.86,56919.45,12,0.2,4743.29,28459.72,0,Pound,4/4/2026
ORD-13426,CUST-374,PROD-115,BR-3,AG-25,6/26/2024,85566.25,Cash,85566.25,0,0,0,0,0,0,EGP,
ORD-13427,CUST-567,PROD-55,BR-7,AG-9,3/2/2024,56026.4,Cash,56026.4,0,0,0,0,0,0,EGP,
ORD-13428,CUST-488,PROD-175,BR-6,AG-5,1/17/2025,75290.62,Installments,15058.12,60232.5,12,0.2,5019.37,30116.25,0,EGP,4/4/2026
ORD-13429,CUST-631,PROD-53,BR-5,AG-5,7/9/2024,21503.35,Installments,4300.67,17202.68,12,0.2,1433.56,8601.34,0,EGP,4/4/2026
ORD-13430,CUST-293,PROD-132,BR-7,AG-12,6/9/2024,56610.1,Installments,11322.02,45288.08,12,0.2,3774.01,22644.04,0,EGP,4/4/2026
ORD-13431,CUST-873,PROD-160,BR-10,AG-14,5/23/2024,58795.98,Installments,11759.2,47036.78,12,0.2,3919.73,23518.39,0,EGP,4/4/2026
ORD-13432,CUST-457,PROD-133,BR-3,AG-5,1/5/2024,62933.98,Cash,62933.98,0,0,0,0,0,0,EGP,
ORD-13433,CUST-123,PROD-115,BR-5,AG-10,7/13/2024,50862.41,Installments,10172.48,40689.93,12,0.2,3390.83,20344.96,0,egp,4/4/2026
ORD-13434,CUST-750,PROD-92,BR-1,AG-2,1/26/2025,55128.38,Installments,11025.68,44102.7,12,0.2,3675.23,22051.35,0,EGP,4/4/2026
ORD-13435,CUST-799,PROD-106,BR-4,AG-5,12/7/2024,26959.66,Installments,5391.93,21567.73,12,0.2,1797.31,10783.86,0,EGP,4/4/2026
ORD-13436,CUST-409,PROD-146,BR-3,AG-8,11/4/2024,29766.69,Cash,29766.69,0,0,0,0,0,0,EGP,
ORD-13437,CUST-983,PROD-109,BR-1,AG-10,1/2/2024,63739.95,Cash,63739.95,0,0,0,0,0,0,EGP,
ORD-13438,CUST-323,PROD-98,BR-6,AG-16,5/30/2024,85955,Installments,17191,68764,12,0.2,5730.33,34382,0,EGP,4/4/2026
ORD-13439,CUST-533,PROD-79,BR-3,AG-16,7/10/2024,35639.78,Installments,7127.96,28511.82,12,0.2,2375.99,14255.91,15,EGP,4/4/2026
ORD-13440,CUST-866,PROD-138,BR-4,AG-6,9/30/2024,36254.26,Cash,36254.26,0,0,0,0,0,0,EGP,
ORD-13441,CUST-940,PROD-78,BR-9,AG-19,7/1/2024,13153.25,Installments,2630.65,10522.6,12,0.2,876.88,5261.3,0,EGP,4/4/2026
ORD-13442,CUST-253,PROD-127,BR-7,AG-15,9/27/2024,63219.52,Installments,12643.9,50575.62,12,0.2,4214.63,25287.81,0,Pound,4/4/2026
ORD-13443,CUST-741,PROD-192,BR-5,AG-10,11/5/2024,50881.75,Installments,10176.35,40705.4,12,0.2,3392.12,20352.7,0,EGP,4/4/2026
ORD-13444,CUST-322,PROD-125,BR-1,AG-6,4/10/2024,87822.86,Installments,17564.57,70258.29,12,0.2,5854.86,35129.14,0,EGP,4/4/2026
ORD-13445,CUST-643,PROD-75,BR-3,AG-9,2/3/2024,74204.46,Installments,14840.89,59363.57,12,0.2,4946.96,29681.78,15,egp,4/4/2026
ORD-13446,CUST-807,PROD-76,BR-5,AG-19,4/5/2024,84205.9,Installments,16841.18,67364.72,12,0.2,5613.73,33682.36,120,EGP,4/4/2026
ORD-13447,CUST-617,PROD-153,BR-1,AG-3,5/19/2024,32793.42,Installments,6558.68,26234.74,12,0.2,2186.23,13117.37,120,EGP,4/4/2026
ORD-13448,CUST-714,PROD-136,BR-10,AG-22,9/4/2024,33438.64,Installments,6687.73,26750.91,12,0.2,2229.24,13375.46,45,EGP,4/4/2026
ORD-13449,CUST-426,PROD-176,BR-7,AG-17,9/12/2024,39113.18,Cash,39113.18,0,0,0,0,0,0,EGP,
ORD-13450,CUST-702,PROD-80,BR-5,AG-23,2/19/2024,82719.19,Installments,16543.84,66175.35,12,0.2,5514.61,33087.68,0,egp,4/4/2026
ORD-13451,CUST-139,PROD-79,BR-6,AG-17,7/4/2024,55985.37,Installments,11197.07,44788.3,12,0.2,3732.36,22394.15,0,EGP,4/4/2026
ORD-13452,CUST-525,PROD-158,BR-1,AG-15,10/2/2024,18750.89,Installments,3750.18,15000.71,12,0.2,1250.06,7500.36,0,EGP,4/4/2026
ORD-13453,CUST-903,PROD-91,BR-4,AG-20,2/18/2024,78774.11,Installments,15754.82,63019.29,12,0.2,5251.61,31509.64,45,EGP,4/4/2026
ORD-13454,CUST-606,PROD-104,BR-3,AG-2,12/15/2024,65974.6,Installments,13194.92,52779.68,12,0.2,4398.31,26389.84,45,EGP,4/4/2026
ORD-13455,CUST-214,PROD-162,BR-1,AG-3,1/17/2025,68389.08,Cash,68389.08,0,0,0,0,0,0,Pound,
ORD-13456,CUST-421,PROD-162,BR-9,AG-20,1/24/2024,42605,Installments,8521,34084,12,0.2,2840.33,17042,0,EGP,4/4/2026
ORD-13457,CUST-700,PROD-170,BR-5,AG-17,6/2/2024,85213.81,Cash,85213.81,0,0,0,0,0,0,EGP,
ORD-13458,CUST-512,PROD-145,BR-3,AG-5,7/9/2024,84633.13,Installments,16926.63,67706.5,12,0.2,5642.21,33853.25,15,EGP,4/4/2026
ORD-13459,CUST-631,PROD-169,BR-6,AG-18,1/11/2024,34073.82,Installments,6814.76,27259.06,12,0.2,2271.59,13629.53,0,EGP,4/4/2026
ORD-13460,CUST-680,PROD-62,BR-2,AG-8,1/16/2024,50527.25,Installments,10105.45,40421.8,12,0.2,3368.48,20210.9,0,EGP,4/4/2026
ORD-13461,CUST-371,PROD-127,BR-7,AG-9,1/21/2025,17965.4,Installments,3593.08,14372.32,12,0.2,1197.69,7186.16,0,EGP,4/4/2026
ORD-13462,CUST-234,PROD-71,BR-5,AG-1,11/27/2024,14001.46,Installments,2800.29,11201.17,12,0.2,933.43,5600.58,0,EGP,4/4/2026
ORD-13463,CUST-510,PROD-62,BR-1,AG-12,1/20/2024,62744.57,Installments,12548.91,50195.66,12,0.2,4182.97,25097.83,15,EGP,4/4/2026
ORD-13464,CUST-811,PROD-147,BR-2,AG-2,1/31/2024,79510.33,Installments,15902.07,63608.26,12,0.2,5300.69,31804.13,15,EGP,4/4/2026
ORD-13465,CUST-476,PROD-181,BR-9,AG-10,2/14/2024,31098.29,Cash,31098.29,0,0,0,0,0,0,EGP,
ORD-13466,CUST-886,PROD-107,BR-9,AG-23,12/28/2024,40033.9,Cash,40033.9,0,0,0,0,0,0,EGP,
ORD-13467,CUST-792,PROD-192,BR-7,AG-16,11/23/2024,59495.02,Installments,11899,47596.02,12,0.2,3966.33,23798.01,0,Pound,4/4/2026
ORD-13468,CUST-572,PROD-147,BR-6,AG-4,8/8/2024,36407.63,Installments,7281.53,29126.1,12,0.2,2427.18,14563.05,0,EGP,4/4/2026
ORD-13469,CUST-143,PROD-103,BR-3,AG-2,3/21/2024,70676.35,Installments,14135.27,56541.08,12,0.2,4711.76,28270.54,15,EGP,4/4/2026
ORD-13470,CUST-152,PROD-88,BR-5,AG-24,2/3/2025,37260.33,Installments,7452.07,29808.26,12,0.2,0,14904.13,45,EGP,4/4/2026
ORD-13471,CUST-151,PROD-193,BR-3,AG-16,11/12/2024,47558.86,Cash,47558.86,0,0,0,0,0,0,EGP,
ORD-13472,CUST-492,PROD-77,BR-7,AG-23,12/7/2024,72700.01,Installments,14540,58160.01,12,0.2,4846.67,29080,120,Pound,4/4/2026
ORD-13473,CUST-538,PROD-98,BR-10,AG-24,5/21/2024,83317.52,Installments,16663.5,66654.02,12,0.2,5554.5,33327.01,45,EGP,4/4/2026
ORD-13474,CUST-992,PROD-127,BR-7,AG-6,6/28/2024,62444.87,Cash,62444.87,0,0,0,0,0,0,EGP,
ORD-13475,CUST-397,PROD-111,BR-6,AG-6,8/7/2024,53041.43,Cash,53041.43,0,0,0,0,0,0,EGP,
ORD-13476,CUST-308,PROD-80,BR-6,AG-7,5/30/2024,44872.18,Installments,8974.44,35897.74,12,0.2,2991.48,17948.87,0,EGP,4/4/2026
ORD-13477,CUST-468,PROD-139,BR-1,AG-3,10/6/2024,37232.35,Installments,7446.47,29785.88,12,0.2,2482.16,14892.94,15,EGP,4/4/2026
ORD-13478,CUST-311,PROD-159,BR-10,AG-24,1/19/2024,33639.7,Installments,6727.94,26911.76,12,0.2,2242.65,13455.88,0,EGP,4/4/2026
ORD-13479,CUST-162,PROD-174,BR-5,AG-13,4/5/2024,53521.45,Installments,10704.29,42817.16,12,0.2,3568.1,21408.58,0,Pound,4/4/2026
ORD-13480,CUST-108,PROD-157,BR-8,AG-22,1/23/2025,55903.86,Cash,55903.86,0,0,0,0,0,0,EGP,
ORD-13481,CUST-978,PROD-71,BR-10,AG-5,12/8/2024,59476.48,Installments,11895.3,47581.18,12,0.2,3965.1,23790.59,0,EGP,4/4/2026
ORD-13482,CUST-409,PROD-94,BR-10,AG-1,1/8/2025,45029.29,Installments,9005.86,36023.43,12,0.2,3001.95,18011.72,15,EGP,4/4/2026
ORD-13483,CUST-826,PROD-172,BR-7,AG-13,4/30/2024,33006.05,Installments,6601.21,26404.84,12,0.2,2200.4,13202.42,15,Pound,4/4/2026
ORD-13484,CUST-858,PROD-110,BR-8,AG-24,2/20/2024,73626.81,Installments,14725.36,58901.45,12,0.2,4908.45,29450.72,0,EGP,4/4/2026
ORD-13485,CUST-618,PROD-69,BR-10,AG-10,2/12/2024,24385.93,Installments,4877.19,19508.74,12,0.2,1625.73,9754.37,0,EGP,4/4/2026
ORD-13486,CUST-551,PROD-99,BR-3,AG-14,6/18/2024,86821.32,Cash,86821.32,0,0,0,0,0,0,EGP,
ORD-13487,CUST-203,PROD-166,BR-9,AG-3,6/8/2024,51374.83,Installments,10274.97,41099.86,12,0.2,3424.99,20549.93,0,EGP,4/4/2026
ORD-13488,CUST-943,PROD-82,BR-3,AG-24,3/17/2024,44047.16,Installments,8809.43,35237.73,12,0.2,2936.48,17618.86,0,EGP,4/4/2026
ORD-13489,CUST-767,PROD-196,BR-8,AG-10,10/24/2024,89634.95,Installments,17926.99,71707.96,12,0.2,5975.66,35853.98,0,EGP,4/4/2026
ORD-13490,CUST-223,PROD-185,BR-5,AG-24,1/29/2025,27488.19,Cash,27488.19,0,0,0,0,0,0,EGP,
ORD-13491,CUST-724,PROD-61,BR-7,AG-19,11/2/2024,45221.82,Cash,45221.82,0,0,0,0,0,0,egp,
ORD-13492,CUST-372,PROD-53,BR-6,AG-12,2/12/2024,63844.46,Installments,12768.89,51075.57,12,0.2,4256.3,25537.78,0,EGP,4/4/2026
ORD-13493,CUST-485,PROD-89,BR-2,AG-11,1/2/2025,34469.3,Installments,6893.86,27575.44,12,0.2,2297.95,13787.72,0,EGP,4/4/2026
ORD-13494,CUST-601,PROD-166,BR-10,AG-8,9/14/2024,39159.9,Installments,7831.98,31327.92,12,0.2,2610.66,15663.96,45,EGP,4/4/2026
ORD-13495,CUST-224,PROD-128,BR-8,AG-22,1/23/2024,85446.66,Installments,17089.33,68357.33,12,0.2,5696.44,34178.66,0,Pound,4/4/2026
ORD-13496,CUST-748,PROD-150,BR-8,AG-23,8/6/2024,20580.09,Cash,20580.09,0,0,0,0,0,0,EGP,
ORD-13497,CUST-584,PROD-196,BR-9,AG-21,12/24/2024,34840.86,Cash,34840.86,0,0,0,0,0,0,EGP,
ORD-13498,CUST-713,PROD-88,BR-5,AG-12,1/18/2024,60163.61,Installments,12032.72,48130.89,12,0.2,0,24065.44,0,EGP,4/4/2026
ORD-13499,CUST-810,PROD-172,BR-4,AG-7,2/4/2025,88586.74,Installments,17717.35,70869.39,12,0.2,5905.78,35434.7,0,EGP,4/4/2026
ORD-13500,CUST-228,PROD-71,BR-10,AG-16,3/19/2024,33428.12,Cash,33428.12,0,0,0,0,0,0,EGP,
ORD-13501,CUST-595,PROD-61,BR-5,AG-25,8/14/2024,55663.79,Cash,55663.79,0,0,0,0,0,0,Pound,
ORD-13502,CUST-248,PROD-174,BR-8,AG-11,11/22/2024,68768.01,Installments,13753.6,55014.41,12,0.2,4584.53,27507.2,0,EGP,4/4/2026
ORD-13503,CUST-753,PROD-105,BR-9,AG-1,1/2/2025,85389.09,Cash,85389.09,0,0,0,0,0,0,EGP,
ORD-13504,CUST-301,PROD-52,BR-3,AG-13,1/9/2024,87028,Installments,17405.6,69622.4,12,0.2,5801.87,34811.2,0,egp,4/4/2026
ORD-13505,CUST-876,PROD-61,BR-8,AG-17,9/16/2024,50654.28,Installments,10130.86,40523.42,12,0.2,3376.95,20261.71,45,EGP,4/4/2026
ORD-13506,CUST-804,PROD-159,BR-1,AG-22,8/13/2024,83588.27,Installments,16717.65,66870.62,12,0.2,5572.55,33435.31,120,EGP,4/4/2026
ORD-13507,CUST-145,PROD-58,BR-4,AG-6,5/20/2024,31861.79,Cash,31861.79,0,0,0,0,0,0,EGP,
ORD-13508,CUST-148,PROD-157,BR-1,AG-3,7/1/2024,10179.91,Cash,10179.91,0,0,0,0,0,0,egp,
ORD-13509,CUST-534,PROD-151,BR-1,AG-6,7/12/2024,78190.44,Cash,78190.44,0,0,0,0,0,0,EGP,
ORD-13510,CUST-317,PROD-53,BR-7,AG-19,1/24/2024,70257.05,Cash,70257.05,0,0,0,0,0,0,EGP,
ORD-13511,CUST-122,PROD-54,BR-3,AG-23,4/25/2024,46282.24,Cash,46282.24,0,0,0,0,0,0,egp,
ORD-13512,CUST-962,PROD-178,BR-9,AG-8,9/14/2024,85374,Installments,17074.8,68299.2,12,0.2,5691.6,34149.6,0,EGP,4/4/2026
ORD-13513,CUST-285,PROD-86,BR-5,AG-4,2/6/2024,66117.27,Installments,13223.45,52893.82,12,0.2,4407.82,26446.91,15,EGP,4/4/2026
ORD-13514,CUST-803,PROD-200,BR-5,AG-16,10/23/2024,59589.54,Cash,59589.54,0,0,0,0,0,0,EGP,
ORD-13515,CUST-163,PROD-137,BR-6,AG-18,4/24/2024,76373.5,Installments,15274.7,61098.8,12,0.2,5091.57,30549.4,0,EGP,4/4/2026
ORD-13516,CUST-154,PROD-173,BR-3,AG-2,4/27/2024,62195.55,Installments,12439.11,49756.44,12,0.2,4146.37,24878.22,0,EGP,4/4/2026
ORD-13517,CUST-497,PROD-140,BR-1,AG-1,8/28/2024,49840.02,Installments,9968,39872.02,12,0.2,3322.67,19936.01,15,egp,4/4/2026
ORD-13518,CUST-269,PROD-77,BR-8,AG-23,5/14/2024,60727.75,Installments,12145.55,48582.2,12,0.2,4048.52,24291.1,0,EGP,4/4/2026
ORD-13519,CUST-144,PROD-111,BR-8,AG-17,7/1/2024,37657.2,Installments,7531.44,30125.76,12,0.2,2510.48,15062.88,0,EGP,4/4/2026
ORD-13520,CUST-686,PROD-200,BR-3,AG-12,5/7/2024,26643.72,Installments,5328.74,21314.98,12,0.2,1776.25,10657.49,15,EGP,4/4/2026
ORD-13521,CUST-767,PROD-120,BR-4,AG-8,6/12/2024,27465.27,Installments,5493.05,21972.22,12,0.2,1831.02,10986.11,0,EGP,4/4/2026
ORD-13522,CUST-341,PROD-90,BR-5,AG-25,9/6/2024,38663.47,Installments,7732.69,30930.78,12,0.2,2577.56,15465.39,15,EGP,4/4/2026
ORD-13523,CUST-988,PROD-180,BR-9,AG-13,4/6/2024,39169.56,Installments,7833.91,31335.65,12,0.2,2611.3,15667.82,0,Pound,4/4/2026
ORD-13524,CUST-984,PROD-188,BR-7,AG-25,1/6/2025,29771.05,Cash,29771.05,0,0,0,0,0,0,EGP,
ORD-13525,CUST-569,PROD-162,BR-1,AG-3,1/14/2024,37967.78,Installments,7593.56,30374.22,12,0.2,2531.19,15187.11,0,EGP,4/4/2026
ORD-13526,CUST-650,PROD-75,BR-3,AG-16,12/5/2024,23887.41,Installments,4777.48,19109.93,12,0.2,1592.49,9554.96,0,EGP,4/4/2026
ORD-13527,CUST-868,PROD-131,BR-1,AG-22,4/21/2024,12240.15,Installments,2448.03,9792.12,12,0.2,816.01,4896.06,0,EGP,4/4/2026
ORD-13528,CUST-956,PROD-72,BR-9,AG-13,10/15/2024,14234.41,Installments,2846.88,11387.53,12,0.2,948.96,5693.76,0,EGP,4/4/2026
ORD-13529,CUST-366,PROD-72,BR-3,AG-8,10/31/2024,64190.44,Installments,12838.09,51352.35,12,0.2,4279.36,25676.18,0,EGP,4/4/2026
ORD-13530,CUST-183,PROD-148,BR-6,AG-23,3/6/2024,44597.99,Installments,8919.6,35678.39,12,0.2,2973.2,17839.2,45,EGP,4/4/2026
ORD-13531,CUST-743,PROD-109,BR-5,AG-7,1/16/2024,42956.93,Installments,8591.39,34365.54,12,0.2,2863.8,17182.77,15,EGP,4/4/2026
ORD-13532,CUST-570,PROD-76,BR-4,AG-25,10/22/2024,10417.82,Installments,2083.56,8334.26,12,0.2,694.52,4167.13,0,egp,4/4/2026
ORD-13533,CUST-937,PROD-102,BR-9,AG-13,5/27/2024,13090.24,Installments,2618.05,10472.19,12,0.2,872.68,5236.1,0,EGP,4/4/2026
ORD-13534,CUST-271,PROD-118,BR-5,AG-23,3/24/2024,67433.53,Cash,67433.53,0,0,0,0,0,0,EGP,
ORD-13535,CUST-937,PROD-123,BR-4,AG-15,3/8/2024,54799.75,Cash,54799.75,0,0,0,0,0,0,EGP,
ORD-13536,CUST-308,PROD-200,BR-3,AG-2,12/21/2024,75739.37,Installments,15147.87,60591.5,12,0.2,5049.29,30295.75,0,EGP,4/4/2026
ORD-13537,CUST-788,PROD-160,BR-3,AG-22,8/13/2024,53948.83,Cash,53948.83,0,0,0,0,0,0,EGP,
ORD-13538,CUST-915,PROD-106,BR-3,AG-17,11/13/2024,61368.75,Cash,61368.75,0,0,0,0,0,0,EGP,
ORD-13539,CUST-404,PROD-53,BR-1,AG-5,5/16/2024,82251.6,Installments,16450.32,65801.28,12,0.2,5483.44,32900.64,0,EGP,4/4/2026
ORD-13540,CUST-881,PROD-130,BR-6,AG-6,1/23/2024,49634.3,Installments,9926.86,39707.44,12,0.2,3308.95,19853.72,0,EGP,4/4/2026
ORD-13541,CUST-571,PROD-150,BR-4,AG-14,4/25/2024,43854.31,Installments,8770.86,35083.45,12,0.2,2923.62,17541.72,45,Pound,4/4/2026
ORD-13542,CUST-669,PROD-51,BR-4,AG-1,9/30/2024,46352.78,Cash,46352.78,0,0,0,0,0,0,EGP,
ORD-13543,CUST-538,PROD-149,BR-6,AG-11,6/10/2024,23432.61,Cash,23432.61,0,0,0,0,0,0,egp,
ORD-13544,CUST-266,PROD-108,BR-9,AG-13,3/10/2024,46735.5,Installments,9347.1,37388.4,12,0.2,3115.7,18694.2,0,EGP,4/4/2026
ORD-13545,CUST-564,PROD-130,BR-3,AG-6,8/30/2024,66408.22,Installments,13281.64,53126.58,12,0.2,4427.21,26563.29,15,EGP,4/4/2026
ORD-13546,CUST-407,PROD-169,BR-6,AG-22,1/3/2025,38401.07,Installments,7680.21,30720.86,12,0.2,2560.07,15360.43,120,Pound,4/4/2026
ORD-13547,CUST-241,PROD-125,BR-4,AG-12,12/30/2028,41814.12,Installments,8362.82,33451.3,12,0.2,2787.61,16725.65,15,Pound,4/4/2026
ORD-13548,CUST-324,PROD-153,BR-6,AG-5,12/19/2024,30656.52,Cash,30656.52,0,0,0,0,0,0,EGP,
ORD-13549,CUST-529,PROD-165,BR-2,AG-1,4/6/2024,20807.03,Cash,20807.03,0,0,0,0,0,0,EGP,
ORD-13550,CUST-237,PROD-190,BR-7,AG-14,11/4/2024,84883.06,Cash,84883.06,0,0,0,0,0,0,EGP,
ORD-13551,CUST-804,PROD-97,BR-5,AG-7,7/23/2024,78853.31,Installments,15770.66,63082.65,12,0.2,5256.89,31541.32,45,EGP,4/4/2026
ORD-13552,CUST-920,PROD-180,BR-6,AG-1,11/11/2024,48446.38,Cash,48446.38,0,0,0,0,0,0,EGP,
ORD-13553,CUST-812,PROD-61,BR-6,AG-12,12/28/2024,20526.32,Installments,4105.26,16421.06,12,0.2,1368.42,8210.53,0,EGP,4/4/2026
ORD-13554,CUST-297,PROD-165,BR-8,AG-5,8/26/2024,49842.95,Installments,9968.59,39874.36,12,0.2,3322.86,19937.18,0,EGP,4/4/2026
ORD-13555,CUST-829,PROD-96,BR-7,AG-20,1/18/2025,16633.08,Installments,3326.62,13306.46,12,0.2,1108.87,6653.23,0,EGP,4/4/2026
ORD-13556,CUST-285,PROD-145,BR-9,AG-13,5/25/2024,60898.91,Installments,12179.78,48719.13,12,0.2,4059.93,24359.56,15,EGP,4/4/2026
ORD-13557,CUST-329,PROD-157,BR-8,AG-5,7/30/2024,29372.62,Installments,5874.52,23498.1,12,0.2,1958.17,11749.05,0,EGP,4/4/2026
ORD-13558,CUST-707,PROD-200,BR-7,AG-23,12/2/2024,41916.68,Installments,8383.34,33533.34,12,0.2,2794.45,16766.67,0,Pound,4/4/2026
ORD-13559,CUST-229,PROD-60,BR-9,AG-8,2/7/2024,89910.93,Installments,17982.19,71928.74,12,0.2,5994.06,35964.37,0,Pound,4/4/2026
ORD-13560,CUST-103,PROD-193,BR-10,AG-6,8/26/2024,58576.77,Cash,58576.77,0,0,0,0,0,0,egp,
ORD-13561,CUST-610,PROD-114,BR-9,AG-4,1/24/2025,19204.91,Installments,3840.98,15363.93,12,0.2,1280.33,7681.96,45,EGP,4/4/2026
ORD-13562,CUST-114,PROD-185,BR-9,AG-23,1/3/2024,19323.3,Installments,3864.66,15458.64,12,0.2,1288.22,7729.32,0,Pound,4/4/2026
ORD-13563,CUST-319,PROD-90,BR-7,AG-5,2/4/2024,65616.43,Cash,65616.43,0,0,0,0,0,0,Pound,
ORD-13564,CUST-251,PROD-183,BR-10,AG-3,8/20/2024,19869.79,Installments,3973.96,15895.83,12,0.2,1324.65,7947.92,0,EGP,4/4/2026
ORD-13565,CUST-730,PROD-144,BR-7,AG-11,12/30/2028,34168.9,Cash,34168.9,0,0,0,0,0,0,EGP,
ORD-13566,CUST-898,PROD-146,BR-3,AG-25,4/16/2024,37521.79,Installments,7504.36,30017.43,12,0.2,2501.45,15008.72,0,EGP,4/4/2026
ORD-13567,CUST-497,PROD-117,BR-8,AG-4,11/24/2024,28738.46,Installments,5747.69,22990.77,12,0.2,1915.9,11495.38,0,EGP,4/4/2026
ORD-13568,CUST-445,PROD-160,BR-8,AG-4,7/8/2024,31002.58,Installments,6200.52,24802.06,12,0.2,2066.84,12401.03,0,EGP,4/4/2026
ORD-13569,CUST-214,PROD-146,BR-5,AG-2,11/8/2024,85884.04,Installments,17176.81,68707.23,12,0.2,5725.6,34353.62,120,EGP,1/1/1900
ORD-13570,CUST-882,PROD-192,BR-1,AG-12,12/9/2024,62468.55,Cash,62468.55,0,0,0,0,0,0,EGP,
ORD-13571,CUST-582,PROD-166,BR-6,AG-24,10/30/2024,65692.87,Cash,65692.87,0,0,0,0,0,0,EGP,
ORD-13572,CUST-897,PROD-60,BR-4,AG-14,1/5/2024,74186,Installments,14837.2,59348.8,12,0.2,4945.73,29674.4,0,EGP,4/4/2026
ORD-13573,CUST-467,PROD-165,BR-6,AG-11,6/5/2024,30248.89,Cash,30248.89,0,0,0,0,0,0,EGP,
ORD-13574,CUST-516,PROD-174,BR-5,AG-21,1/3/2024,89245.81,Installments,17849.16,71396.65,12,0.2,5949.72,35698.32,0,EGP,4/4/2026
ORD-13575,CUST-983,PROD-118,BR-10,AG-13,6/23/2024,72001.01,Installments,14400.2,57600.81,12,0.2,4800.07,28800.4,0,EGP,4/4/2026
ORD-13576,CUST-932,PROD-156,BR-3,AG-8,10/20/2024,58221.52,Installments,11644.3,46577.22,12,0.2,3881.43,23288.61,0,egp,4/4/2026
ORD-13577,CUST-128,PROD-132,BR-7,AG-22,2/8/2024,53379.38,Cash,53379.38,0,0,0,0,0,0,EGP,
ORD-13578,CUST-967,PROD-152,BR-9,AG-17,8/8/2024,53925.85,Installments,10785.17,43140.68,12,0.2,3595.06,21570.34,0,EGP,4/4/2026
ORD-13579,CUST-134,PROD-124,BR-8,AG-3,2/27/2024,31208.01,Installments,6241.6,24966.41,12,0.2,2080.53,12483.2,120,EGP,4/4/2026
ORD-13580,CUST-468,PROD-120,BR-1,AG-18,1/26/2025,53524.59,Cash,53524.59,0,0,0,0,0,0,Pound,
ORD-13581,CUST-855,PROD-65,BR-8,AG-15,1/18/2025,22161.87,Installments,4432.37,17729.5,12,0.2,1477.46,8864.75,0,EGP,4/4/2026
ORD-13582,CUST-581,PROD-151,BR-2,AG-2,5/17/2024,83856.24,Installments,16771.25,67084.99,12,0.2,5590.42,33542.5,0,EGP,4/4/2026
ORD-13583,CUST-124,PROD-75,BR-3,AG-2,5/25/2024,61240.87,Installments,12248.17,48992.7,12,0.2,4082.72,24496.35,0,EGP,4/4/2026
ORD-13584,CUST-343,PROD-90,BR-2,AG-4,6/11/2024,19600.3,Cash,19600.3,0,0,0,0,0,0,EGP,
ORD-13585,CUST-144,PROD-169,BR-2,AG-14,1/22/2024,53579.88,Cash,53579.88,0,0,0,0,0,0,EGP,
ORD-13586,CUST-639,PROD-84,BR-6,AG-5,12/3/2024,53217.46,Installments,10643.49,42573.97,12,0.2,3547.83,21286.98,0,EGP,4/4/2026
ORD-13587,CUST-131,PROD-89,BR-5,AG-21,3/3/2024,83249.6,Cash,83249.6,0,0,0,0,0,0,EGP,
ORD-13588,CUST-754,PROD-156,BR-9,AG-12,10/22/2024,64915.33,Installments,12983.07,51932.26,12,0.2,4327.69,25966.13,0,EGP,4/4/2026
ORD-13589,CUST-368,PROD-126,BR-3,AG-2,7/17/2024,14865.69,Installments,2973.14,11892.55,12,0.2,991.05,5946.28,0,EGP,4/4/2026
ORD-13590,CUST-422,PROD-181,BR-10,AG-13,7/6/2024,57904.48,Cash,57904.48,0,0,0,0,0,0,EGP,
ORD-13591,CUST-452,PROD-172,BR-5,AG-21,1/2/2024,58350.23,Cash,58350.23,0,0,0,0,0,0,EGP,
ORD-13592,CUST-376,PROD-151,BR-7,AG-16,10/9/2024,60765.31,Installments,12153.06,48612.25,12,0.2,4051.02,24306.12,0,EGP,4/4/2026
ORD-13593,CUST-170,PROD-190,BR-4,AG-2,12/30/2028,65544.21,Installments,13108.84,52435.37,12,0.2,4369.61,26217.68,0,egp,4/4/2026
ORD-13594,CUST-679,PROD-64,BR-6,AG-6,1/9/2025,10985.11,Cash,10985.11,0,0,0,0,0,0,EGP,
ORD-13595,CUST-733,PROD-53,BR-1,AG-20,2/10/2024,87045.21,Installments,17409.04,69636.17,12,0.2,5803.01,34818.08,0,EGP,4/4/2026
ORD-13596,CUST-126,PROD-177,BR-6,AG-21,3/4/2024,50001.07,Installments,10000.21,40000.86,12,0.2,3333.4,20000.43,15,EGP,4/4/2026
ORD-13597,CUST-963,PROD-92,BR-1,AG-10,1/7/2024,37352.36,Installments,7470.47,29881.89,12,0.2,2490.16,14940.94,0,EGP,4/4/2026
ORD-13598,CUST-941,PROD-68,BR-1,AG-19,1/31/2024,49158.15,Cash,49158.15,0,0,0,0,0,0,EGP,
ORD-13599,CUST-549,PROD-120,BR-5,AG-13,7/11/2024,61906.09,Cash,61906.09,0,0,0,0,0,0,EGP,
ORD-13600,CUST-325,PROD-93,BR-5,AG-14,12/30/2028,20438.39,Installments,4087.68,16350.71,12,0.2,1362.56,8175.36,15,egp,4/4/2026
ORD-13601,CUST-458,PROD-108,BR-5,AG-16,11/12/2024,83334.57,Installments,16666.91,66667.66,12,0.2,5555.64,33333.83,0,EGP,4/4/2026
ORD-13602,CUST-651,PROD-152,BR-3,AG-21,3/30/2024,74727.55,Installments,14945.51,59782.04,12,0.2,4981.84,29891.02,15,EGP,1/1/1900
ORD-13603,CUST-321,PROD-59,BR-9,AG-13,2/18/2024,30522.16,Cash,30522.16,0,0,0,0,0,0,EGP,
ORD-13604,CUST-780,PROD-171,BR-3,AG-11,2/16/2024,38862.78,Installments,7772.56,31090.22,12,0.2,2590.85,15545.11,0,EGP,4/4/2026
ORD-13605,CUST-493,PROD-196,BR-1,AG-9,12/30/2028,66516.01,Installments,13303.2,53212.81,12,0.2,4434.4,26606.4,0,Pound,4/4/2026
ORD-13606,CUST-946,PROD-180,BR-5,AG-13,5/3/2024,83702.97,Cash,83702.97,0,0,0,0,0,0,EGP,
ORD-13607,CUST-922,PROD-107,BR-7,AG-2,7/15/2024,67003.22,Installments,13400.64,53602.58,12,0.2,4466.88,26801.29,0,EGP,4/4/2026
ORD-13608,CUST-701,PROD-143,BR-6,AG-2,1/21/2024,13227.07,Installments,2645.41,10581.66,12,0.2,0,5290.83,0,EGP,4/4/2026
ORD-13609,CUST-403,PROD-55,BR-9,AG-6,1/19/2024,10407.16,Cash,10407.16,0,0,0,0,0,0,EGP,
ORD-13610,CUST-268,PROD-137,BR-1,AG-3,3/3/2024,83143.1,Installments,16628.62,66514.48,12,0.2,5542.87,33257.24,15,EGP,4/4/2026
ORD-13611,CUST-144,PROD-140,BR-4,AG-19,11/9/2024,80815.3,Installments,16163.06,64652.24,12,0.2,5387.69,32326.12,0,EGP,4/4/2026
ORD-13612,CUST-388,PROD-137,BR-10,AG-24,3/8/2024,50856.82,Cash,50856.82,0,0,0,0,0,0,EGP,
ORD-13613,CUST-917,PROD-172,BR-6,AG-19,4/7/2024,32120.02,Installments,6424,25696.02,12,0.2,2141.33,12848.01,0,EGP,4/4/2026
ORD-13614,CUST-963,PROD-144,BR-2,AG-7,10/25/2024,84756.27,Cash,84756.27,0,0,0,0,0,0,EGP,
ORD-13615,CUST-206,PROD-80,BR-8,AG-22,4/17/2024,54782.59,Installments,10956.52,43826.07,12,0.2,3652.17,21913.04,0,EGP,4/4/2026
ORD-13616,CUST-762,PROD-139,BR-8,AG-1,8/6/2024,23188.56,Installments,4637.71,18550.85,12,0.2,1545.9,9275.42,0,EGP,4/4/2026
ORD-13617,CUST-868,PROD-179,BR-4,AG-12,1/24/2024,71938.07,Installments,14387.61,57550.46,12,0.2,4795.87,28775.23,120,EGP,4/4/2026
ORD-13618,CUST-634,PROD-88,BR-6,AG-15,6/18/2024,59785.42,Installments,11957.08,47828.34,12,0.2,3985.69,23914.17,0,EGP,4/4/2026
ORD-13619,CUST-707,PROD-105,BR-6,AG-13,1/9/2025,16677.37,Installments,3335.47,13341.9,12,0.2,1111.82,6670.95,0,Pound,4/4/2026
ORD-13620,CUST-997,PROD-140,BR-3,AG-23,8/26/2024,30416.68,Installments,6083.34,24333.34,12,0.2,2027.78,12166.67,0,EGP,4/4/2026
ORD-13621,CUST-915,PROD-108,BR-1,AG-5,11/25/2024,70795.27,Installments,14159.05,56636.22,12,0.2,4719.68,28318.11,0,EGP,4/4/2026
ORD-13622,CUST-989,PROD-193,BR-8,AG-24,5/3/2024,51964.66,Installments,10392.93,41571.73,12,0.2,3464.31,20785.86,0,EGP,4/4/2026
ORD-13623,CUST-638,PROD-55,BR-2,AG-7,7/5/2024,18940.23,Installments,3788.05,15152.18,12,0.2,1262.68,7576.09,0,EGP,4/4/2026
ORD-13624,CUST-618,PROD-139,BR-8,AG-17,6/6/2024,50329.1,Cash,50329.1,0,0,0,0,0,0,Pound,
ORD-13625,CUST-941,PROD-73,BR-8,AG-22,12/12/2024,52032.72,Installments,10406.54,41626.18,12,0.2,3468.85,20813.09,0,egp,4/4/2026
ORD-13626,CUST-711,PROD-145,BR-6,AG-2,5/19/2024,63528.93,Installments,12705.79,50823.14,12,0.2,4235.26,25411.57,0,EGP,4/4/2026
ORD-13627,CUST-515,PROD-73,BR-8,AG-18,1/11/2025,59757.83,Installments,11951.57,47806.26,12,0.2,3983.86,23903.13,15,EGP,4/4/2026
ORD-13628,CUST-270,PROD-180,BR-2,AG-22,8/9/2024,46229.54,Cash,46229.54,0,0,0,0,0,0,EGP,
ORD-13629,CUST-447,PROD-90,BR-2,AG-22,12/30/2028,12642.6,Installments,2528.52,10114.08,12,0.2,842.84,5057.04,0,EGP,4/4/2026
ORD-13630,CUST-909,PROD-97,BR-5,AG-16,2/20/2024,16635.84,Cash,16635.84,0,0,0,0,0,0,EGP,
ORD-13631,CUST-652,PROD-111,BR-8,AG-2,7/26/2024,70812.76,Installments,14162.55,56650.21,12,0.2,4720.85,28325.1,0,EGP,4/4/2026
ORD-13632,CUST-187,PROD-95,BR-2,AG-9,9/10/2024,45382.54,Installments,9076.51,36306.03,12,0.2,3025.5,18153.02,0,Pound,4/4/2026
ORD-13633,CUST-447,PROD-50,BR-1,AG-8,9/12/2024,44363.51,Installments,8872.7,35490.81,12,0.2,2957.57,17745.4,15,Pound,4/4/2026
ORD-13634,CUST-836,PROD-186,BR-5,AG-13,10/5/2024,77216.84,Cash,77216.84,0,0,0,0,0,0,EGP,
ORD-13635,CUST-225,PROD-104,BR-5,AG-15,8/24/2024,18820.61,Installments,3764.12,15056.49,12,0.2,1254.71,7528.24,15,EGP,4/4/2026
ORD-13636,CUST-626,PROD-107,BR-2,AG-21,5/26/2024,23963.09,Installments,4792.62,19170.47,12,0.2,1597.54,9585.24,0,EGP,4/4/2026
ORD-13637,CUST-735,PROD-128,BR-8,AG-8,9/28/2024,24866.4,Installments,4973.28,19893.12,12,0.2,1657.76,9946.56,0,EGP,4/4/2026
ORD-13638,CUST-814,PROD-132,BR-10,AG-22,10/6/2024,12547.34,Cash,12547.34,0,0,0,0,0,0,Pound,
ORD-13639,CUST-546,PROD-178,BR-9,AG-4,5/29/2024,65419.83,Cash,65419.83,0,0,0,0,0,0,EGP,
ORD-13640,CUST-894,PROD-142,BR-6,AG-10,12/27/2024,79431.15,Installments,15886.23,63544.92,12,0.2,5295.41,31772.46,0,EGP,4/4/2026
ORD-13641,CUST-146,PROD-96,BR-6,AG-15,9/21/2024,40532.26,Cash,40532.26,0,0,0,0,0,0,EGP,
ORD-13642,CUST-195,PROD-180,BR-5,AG-8,8/17/2024,17223.74,Cash,17223.74,0,0,0,0,0,0,EGP,
ORD-13643,CUST-564,PROD-127,BR-7,AG-12,7/4/2024,81344.46,Installments,16268.89,65075.57,12,0.2,5422.96,32537.78,15,EGP,4/4/2026
ORD-13644,CUST-749,PROD-128,BR-3,AG-22,3/10/2024,11220.77,Cash,11220.77,0,0,0,0,0,0,EGP,
ORD-13645,CUST-807,PROD-56,BR-6,AG-13,5/28/2024,73993.71,Installments,14798.74,59194.97,12,0.2,4932.91,29597.48,0,EGP,4/4/2026
ORD-13646,CUST-995,PROD-180,BR-3,AG-1,12/23/2024,30779.79,Installments,6155.96,24623.83,12,0.2,2051.99,12311.92,45,egp,4/4/2026
ORD-13647,CUST-824,PROD-62,BR-5,AG-13,11/4/2024,21391.33,Installments,4278.27,17113.06,12,0.2,1426.09,8556.53,0,Pound,1/1/1900
ORD-13648,CUST-221,PROD-114,BR-5,AG-13,7/13/2024,23798.39,Installments,4759.68,19038.71,12,0.2,1586.56,9519.36,0,EGP,4/4/2026
ORD-13649,CUST-508,PROD-185,BR-3,AG-23,9/15/2024,36038.73,Installments,7207.75,28830.98,12,0.2,2402.58,14415.49,0,egp,4/4/2026
ORD-13650,CUST-522,PROD-171,BR-2,AG-2,4/12/2024,21206.4,Cash,21206.4,0,0,0,0,0,0,egp,
ORD-13651,CUST-191,PROD-189,BR-2,AG-16,9/10/2024,13859.93,Installments,2771.99,11087.94,12,0.2,924,5543.97,15,EGP,4/4/2026
ORD-13652,CUST-139,PROD-68,BR-7,AG-13,1/1/2024,11507.1,Installments,2301.42,9205.68,12,0.2,767.14,4602.84,15,EGP,4/4/2026
ORD-13653,CUST-991,PROD-152,BR-6,AG-5,4/17/2024,58630.07,Cash,58630.07,0,0,0,0,0,0,EGP,
ORD-13654,CUST-840,PROD-116,BR-7,AG-20,9/22/2024,48406.78,Installments,9681.36,38725.42,12,0.2,3227.12,19362.71,0,EGP,4/4/2026
ORD-13655,CUST-765,PROD-178,BR-5,AG-23,4/3/2024,53376.28,Installments,10675.26,42701.02,12,0.2,3558.42,21350.51,0,EGP,4/4/2026
ORD-13656,CUST-452,PROD-194,BR-5,AG-23,6/26/2024,68325.93,Installments,13665.19,54660.74,12,0.2,4555.06,27330.37,0,Pound,4/4/2026
ORD-13657,CUST-527,PROD-127,BR-9,AG-17,6/14/2024,41595.41,Installments,8319.08,33276.33,12,0.2,2773.03,16638.16,0,EGP,4/4/2026
ORD-13658,CUST-907,PROD-71,BR-4,AG-2,1/3/2024,37951.78,Installments,7590.36,30361.42,12,0.2,2530.12,15180.71,0,EGP,4/4/2026
ORD-13659,CUST-699,PROD-65,BR-4,AG-20,2/26/2024,41256.03,Installments,8251.21,33004.82,12,0.2,2750.4,16502.41,0,EGP,4/4/2026
ORD-13660,CUST-160,PROD-98,BR-6,AG-19,1/15/2025,78715.25,Installments,15743.05,62972.2,12,0.2,5247.68,31486.1,45,Pound,4/4/2026
ORD-13661,CUST-689,PROD-87,BR-6,AG-15,12/21/2024,46438.71,Cash,46438.71,0,0,0,0,0,0,EGP,
ORD-13662,CUST-525,PROD-153,BR-6,AG-17,9/6/2024,39310.19,Cash,39310.19,0,0,0,0,0,0,Pound,
ORD-13663,CUST-853,PROD-159,BR-9,AG-17,7/12/2024,57887.83,Installments,11577.57,46310.26,12,0.2,3859.19,23155.13,15,Pound,4/4/2026
ORD-13664,CUST-348,PROD-180,BR-9,AG-13,3/9/2024,47986.23,Installments,9597.25,38388.98,12,0.2,3199.08,19194.49,45,EGP,4/4/2026
ORD-13665,CUST-159,PROD-126,BR-6,AG-21,9/18/2024,75218.54,Cash,75218.54,0,0,0,0,0,0,egp,
ORD-13666,CUST-523,PROD-67,BR-3,AG-9,8/11/2024,81968.11,Installments,16393.62,65574.49,12,0.2,5464.54,32787.24,45,EGP,4/4/2026
ORD-13667,CUST-418,PROD-132,BR-4,AG-10,8/3/2024,74125.9,Installments,14825.18,59300.72,12,0.2,4941.73,29650.36,0,EGP,4/4/2026
ORD-13668,CUST-482,PROD-89,BR-3,AG-6,3/14/2024,27109.41,Installments,5421.88,21687.53,12,0.2,1807.29,10843.76,0,EGP,4/4/2026
ORD-13669,CUST-603,PROD-91,BR-1,AG-14,1/21/2025,71784.41,Installments,14356.88,57427.53,12,0.2,4785.63,28713.76,15,Pound,4/4/2026
ORD-13670,CUST-731,PROD-133,BR-9,AG-8,4/8/2024,67990.11,Cash,67990.11,0,0,0,0,0,0,EGP,
ORD-13671,CUST-805,PROD-122,BR-3,AG-11,11/19/2024,65792.19,Installments,13158.44,52633.75,12,0.2,4386.15,26316.88,0,EGP,4/4/2026
ORD-13672,CUST-707,PROD-86,BR-4,AG-21,4/9/2024,36978.71,Cash,36978.71,0,0,0,0,0,0,EGP,
ORD-13673,CUST-352,PROD-189,BR-5,AG-22,12/30/2028,58217.41,Installments,11643.48,46573.93,12,0.2,3881.16,23286.96,15,egp,4/4/2026
ORD-13674,CUST-324,PROD-160,BR-3,AG-22,10/30/2024,58919.15,Installments,11783.83,47135.32,12,0.2,3927.94,23567.66,0,EGP,1/1/1900
ORD-13675,CUST-149,PROD-151,BR-10,AG-20,2/9/2024,51634.73,Installments,10326.95,41307.78,12,0.2,3442.32,20653.89,15,EGP,4/4/2026
ORD-13676,CUST-893,PROD-160,BR-1,AG-3,5/27/2024,84014.7,Installments,16802.94,67211.76,12,0.2,5600.98,33605.88,0,EGP,4/4/2026
ORD-13677,CUST-959,PROD-186,BR-1,AG-3,1/28/2025,29477.29,Installments,5895.46,23581.83,12,0.2,1965.15,11790.92,0,EGP,4/4/2026
ORD-13678,CUST-110,PROD-85,BR-4,AG-10,4/6/2024,72774.62,Cash,72774.62,0,0,0,0,0,0,EGP,
ORD-13679,CUST-588,PROD-53,BR-4,AG-12,12/20/2024,32502.53,Cash,32502.53,0,0,0,0,0,0,EGP,
ORD-13680,CUST-405,PROD-95,BR-3,AG-22,1/20/2024,88158.19,Installments,17631.64,70526.55,12,0.2,5877.21,35263.28,45,EGP,4/4/2026
ORD-13681,CUST-505,PROD-132,BR-7,AG-20,8/2/2024,65557.37,Cash,65557.37,0,0,0,0,0,0,EGP,
ORD-13682,CUST-261,PROD-90,BR-8,AG-17,10/10/2024,68922.91,Installments,13784.58,55138.33,12,0.2,4594.86,27569.16,0,EGP,4/4/2026
ORD-13683,CUST-854,PROD-83,BR-5,AG-2,1/9/2025,41295.97,Installments,8259.19,33036.78,12,0.2,2753.06,16518.39,0,EGP,4/4/2026
ORD-13684,CUST-421,PROD-129,BR-6,AG-6,9/30/2024,87996.75,Installments,17599.35,70397.4,12,0.2,5866.45,35198.7,15,egp,4/4/2026
ORD-13685,CUST-150,PROD-125,BR-4,AG-2,3/6/2024,86349.64,Installments,17269.93,69079.71,12,0.2,5756.64,34539.86,0,egp,4/4/2026
ORD-13686,CUST-719,PROD-104,BR-10,AG-17,2/28/2024,13616.25,Installments,2723.25,10893,12,0.2,907.75,5446.5,0,EGP,4/4/2026
ORD-13687,CUST-965,PROD-119,BR-3,AG-16,1/17/2025,51670,Cash,51670,0,0,0,0,0,0,EGP,
ORD-13688,CUST-910,PROD-114,BR-7,AG-19,11/9/2024,57025.35,Installments,11405.07,45620.28,12,0.2,3801.69,22810.14,0,EGP,4/4/2026
ORD-13689,CUST-113,PROD-86,BR-6,AG-25,4/30/2024,32740.56,Installments,6548.11,26192.45,12,0.2,2182.7,13096.22,120,Pound,4/4/2026
ORD-13690,CUST-469,PROD-77,BR-9,AG-10,9/7/2024,14831.4,Installments,2966.28,11865.12,12,0.2,988.76,5932.56,0,EGP,4/4/2026
ORD-13691,CUST-592,PROD-188,BR-3,AG-7,1/1/2024,14152.03,Installments,2830.41,11321.62,12,0.2,943.47,5660.81,0,EGP,4/4/2026
ORD-13692,CUST-943,PROD-112,BR-10,AG-21,12/6/2024,62179.23,Installments,12435.85,49743.38,12,0.2,4145.28,24871.69,0,Pound,4/4/2026
ORD-13693,CUST-522,PROD-116,BR-4,AG-13,6/18/2024,20578.93,Installments,4115.79,16463.14,12,0.2,1371.93,8231.57,0,EGP,4/4/2026
ORD-13694,CUST-504,PROD-168,BR-5,AG-1,8/8/2024,50611.1,Installments,10122.22,40488.88,12,0.2,3374.07,20244.44,0,EGP,4/4/2026
ORD-13695,CUST-176,PROD-66,BR-4,AG-21,3/8/2024,14115.61,Installments,2823.12,11292.49,12,0.2,941.04,5646.24,15,EGP,4/4/2026
ORD-13696,CUST-604,PROD-151,BR-8,AG-17,3/9/2024,86971.66,Installments,17394.33,69577.33,12,0.2,5798.11,34788.66,0,EGP,4/4/2026
ORD-13697,CUST-574,PROD-123,BR-4,AG-5,4/3/2024,53048.56,Installments,10609.71,42438.85,12,0.2,3536.57,21219.42,0,EGP,4/4/2026
ORD-13698,CUST-876,PROD-167,BR-5,AG-10,3/25/2024,17450.93,Installments,3490.19,13960.74,12,0.2,1163.4,6980.37,0,EGP,4/4/2026
ORD-13699,CUST-539,PROD-152,BR-10,AG-3,3/8/2024,56758.08,Cash,56758.08,0,0,0,0,0,0,EGP,
ORD-13700,CUST-230,PROD-75,BR-10,AG-19,8/2/2024,34810.17,Installments,6962.03,27848.14,12,0.2,2320.68,13924.07,0,EGP,4/4/2026
ORD-13701,CUST-716,PROD-167,BR-8,AG-17,12/14/2024,56530.66,Cash,56530.66,0,0,0,0,0,0,EGP,
ORD-13702,CUST-217,PROD-163,BR-6,AG-14,11/10/2024,86098.95,Cash,86098.95,0,0,0,0,0,0,EGP,
ORD-13703,CUST-965,PROD-129,BR-1,AG-12,9/16/2024,11854.43,Installments,2370.89,9483.54,12,0.2,790.3,4741.77,0,EGP,4/4/2026
ORD-13704,CUST-359,PROD-120,BR-7,AG-2,4/24/2024,11814.26,Installments,2362.85,9451.41,12,0.2,787.62,4725.7,0,EGP,4/4/2026
ORD-13705,CUST-477,PROD-107,BR-4,AG-4,5/12/2024,22091.13,Cash,22091.13,0,0,0,0,0,0,EGP,
ORD-13706,CUST-796,PROD-193,BR-1,AG-23,4/29/2024,89695.29,Installments,17939.06,71756.23,12,0.2,5979.69,35878.12,120,EGP,1/1/1900
ORD-13707,CUST-579,PROD-170,BR-2,AG-25,8/12/2024,25892.19,Cash,25892.19,0,0,0,0,0,0,EGP,
ORD-13708,CUST-969,PROD-164,BR-2,AG-7,6/1/2024,52637.84,Installments,10527.57,42110.27,12,0.2,3509.19,21055.14,0,EGP,4/4/2026
ORD-13709,CUST-806,PROD-157,BR-1,AG-10,8/8/2024,24082.68,Installments,4816.54,19266.14,12,0.2,1605.51,9633.07,45,EGP,4/4/2026
ORD-13710,CUST-954,PROD-187,BR-3,AG-22,9/15/2024,62791.19,Installments,12558.24,50232.95,12,0.2,4186.08,25116.48,0,EGP,4/4/2026
ORD-13711,CUST-866,PROD-55,BR-4,AG-2,3/5/2024,80519.2,Installments,16103.84,64415.36,12,0.2,5367.95,32207.68,0,EGP,4/4/2026
ORD-13712,CUST-963,PROD-155,BR-5,AG-1,1/20/2025,72204.74,Installments,14440.95,57763.79,12,0.2,4813.65,28881.9,0,EGP,4/4/2026
ORD-13713,CUST-972,PROD-77,BR-8,AG-7,2/6/2024,52742.71,Installments,10548.54,42194.17,12,0.2,3516.18,21097.08,0,EGP,4/4/2026
ORD-13714,CUST-543,PROD-134,BR-7,AG-6,12/4/2024,45297.5,Installments,9059.5,36238,12,0.2,3019.83,18119,0,EGP,4/4/2026
ORD-13715,CUST-967,PROD-74,BR-5,AG-7,8/6/2024,76824.47,Installments,15364.89,61459.58,12,0.2,5121.63,30729.79,0,EGP,4/4/2026
ORD-13716,CUST-521,PROD-110,BR-9,AG-16,2/15/2024,50151.52,Cash,50151.52,0,0,0,0,0,0,EGP,
ORD-13717,CUST-668,PROD-146,BR-9,AG-9,3/1/2024,16277.72,Installments,3255.54,13022.18,12,0.2,1085.18,6511.09,0,EGP,4/4/2026
ORD-13718,CUST-297,PROD-85,BR-9,AG-15,2/18/2024,71618.83,Installments,14323.77,57295.06,12,0.2,4774.59,28647.53,0,EGP,4/4/2026
ORD-13719,CUST-853,PROD-158,BR-4,AG-5,2/2/2025,70183.13,Installments,14036.63,56146.5,12,0.2,0,28073.25,45,egp,4/4/2026
ORD-13720,CUST-287,PROD-54,BR-5,AG-13,12/13/2024,31854.45,Cash,31854.45,0,0,0,0,0,0,egp,
ORD-13721,CUST-386,PROD-184,BR-1,AG-24,12/7/2024,25868.53,Cash,25868.53,0,0,0,0,0,0,EGP,
ORD-13722,CUST-771,PROD-161,BR-3,AG-11,8/18/2024,55447.02,Installments,11089.4,44357.62,12,0.2,3696.47,22178.81,0,egp,4/4/2026
ORD-13723,CUST-938,PROD-195,BR-10,AG-12,7/27/2024,17691.59,Installments,3538.32,14153.27,12,0.2,1179.44,7076.64,0,egp,4/4/2026
ORD-13724,CUST-535,PROD-90,BR-1,AG-7,4/16/2024,60926.13,Cash,60926.13,0,0,0,0,0,0,EGP,
ORD-13725,CUST-813,PROD-117,BR-4,AG-4,8/14/2024,66597.36,Installments,13319.47,53277.89,12,0.2,4439.82,26638.94,0,egp,4/4/2026
ORD-13726,CUST-114,PROD-71,BR-3,AG-22,3/29/2024,24668.48,Cash,24668.48,0,0,0,0,0,0,EGP,
ORD-13727,CUST-218,PROD-65,BR-1,AG-7,7/19/2024,43723.89,Installments,8744.78,34979.11,12,0.2,2914.93,17489.56,45,Pound,4/4/2026
ORD-13728,CUST-667,PROD-66,BR-7,AG-21,5/18/2024,19914.22,Installments,3982.84,15931.38,12,0.2,1327.61,7965.69,0,egp,4/4/2026
ORD-13729,CUST-532,PROD-77,BR-4,AG-12,12/16/2024,31675.18,Installments,6335.04,25340.14,12,0.2,2111.68,12670.07,0,Pound,4/4/2026
ORD-13730,CUST-660,PROD-109,BR-7,AG-18,10/17/2024,87268.23,Installments,17453.65,69814.58,12,0.2,5817.88,34907.29,0,EGP,4/4/2026
ORD-13731,CUST-444,PROD-153,BR-9,AG-10,4/30/2024,62509.38,Installments,12501.88,50007.5,12,0.2,4167.29,25003.75,15,Pound,4/4/2026
ORD-13732,CUST-188,PROD-139,BR-9,AG-7,2/2/2025,44184.29,Installments,8836.86,35347.43,12,0.2,2945.62,17673.72,0,EGP,4/4/2026
ORD-13733,CUST-785,PROD-71,BR-5,AG-9,6/23/2024,56354.2,Installments,11270.84,45083.36,12,0.2,3756.95,22541.68,0,EGP,4/4/2026
ORD-13734,CUST-147,PROD-142,BR-10,AG-8,9/20/2024,52504.98,Installments,10501,42003.98,12,0.2,3500.33,21001.99,0,EGP,4/4/2026
ORD-13735,CUST-653,PROD-156,BR-2,AG-3,11/5/2024,35381.38,Cash,35381.38,0,0,0,0,0,0,Pound,
ORD-13736,CUST-726,PROD-155,BR-5,AG-15,10/11/2024,18513.43,Installments,3702.69,14810.74,12,0.2,1234.23,7405.37,0,Pound,4/4/2026
ORD-13737,CUST-205,PROD-108,BR-5,AG-5,8/4/2024,77698.12,Installments,15539.62,62158.5,12,0.2,5179.87,31079.25,0,EGP,4/4/2026
ORD-13738,CUST-369,PROD-160,BR-9,AG-18,2/8/2024,70665.93,Installments,14133.19,56532.74,12,0.2,4711.06,28266.37,0,EGP,4/4/2026
ORD-13739,CUST-514,PROD-109,BR-9,AG-20,11/6/2024,17198.84,Installments,3439.77,13759.07,12,0.2,1146.59,6879.54,0,EGP,4/4/2026
ORD-13740,CUST-820,PROD-182,BR-5,AG-9,1/18/2025,24020.51,Installments,4804.1,19216.41,12,0.2,1601.37,9608.2,0,Pound,4/4/2026
ORD-13741,CUST-946,PROD-133,BR-9,AG-13,3/14/2024,63433.32,Cash,63433.32,0,0,0,0,0,0,EGP,
ORD-13742,CUST-976,PROD-138,BR-1,AG-17,9/28/2024,48182.48,Cash,48182.48,0,0,0,0,0,0,EGP,
ORD-13743,CUST-306,PROD-125,BR-5,AG-17,12/30/2028,28773.19,Installments,5754.64,23018.55,12,0.2,1918.21,11509.28,0,EGP,4/4/2026
ORD-13744,CUST-318,PROD-132,BR-2,AG-11,3/1/2024,22534.35,Installments,4506.87,18027.48,12,0.2,1502.29,9013.74,0,EGP,4/4/2026
ORD-13745,CUST-930,PROD-92,BR-2,AG-23,4/22/2024,56136.33,Installments,11227.27,44909.06,12,0.2,3742.42,22454.53,0,EGP,4/4/2026
ORD-13746,CUST-554,PROD-52,BR-3,AG-17,1/24/2024,62910.42,Installments,12582.08,50328.34,12,0.2,4194.03,25164.17,0,Pound,4/4/2026
ORD-13747,CUST-773,PROD-113,BR-2,AG-18,2/9/2024,80762.19,Cash,80762.19,0,0,0,0,0,0,EGP,
ORD-13748,CUST-488,PROD-162,BR-4,AG-15,12/2/2024,40888.91,Installments,8177.78,32711.13,12,0.2,0,16355.56,0,EGP,4/4/2026
ORD-13749,CUST-661,PROD-73,BR-8,AG-8,10/13/2024,70520.74,Cash,70520.74,0,0,0,0,0,0,EGP,
ORD-13750,CUST-419,PROD-171,BR-3,AG-15,8/7/2024,42258.7,Cash,42258.7,0,0,0,0,0,0,EGP,
ORD-13751,CUST-792,PROD-155,BR-2,AG-4,6/14/2024,51218.24,Installments,10243.65,40974.59,12,0.2,3414.55,20487.3,15,EGP,4/4/2026
ORD-13752,CUST-604,PROD-82,BR-6,AG-3,4/4/2024,49013.49,Cash,49013.49,0,0,0,0,0,0,egp,
ORD-13753,CUST-625,PROD-141,BR-8,AG-6,1/24/2025,36085.14,Installments,7217.03,28868.11,12,0.2,2405.68,14434.06,0,egp,4/4/2026
ORD-13754,CUST-925,PROD-115,BR-8,AG-20,7/26/2024,59442.13,Cash,59442.13,0,0,0,0,0,0,EGP,
ORD-13755,CUST-871,PROD-181,BR-9,AG-7,11/9/2024,13793.77,Installments,2758.75,11035.02,12,0.2,919.58,5517.51,45,EGP,4/4/2026
ORD-13756,CUST-502,PROD-58,BR-2,AG-18,12/30/2028,48688.7,Installments,9737.74,38950.96,12,0.2,3245.91,19475.48,0,EGP,4/4/2026
ORD-13757,CUST-704,PROD-168,BR-1,AG-3,5/1/2024,78855.48,Installments,15771.1,63084.38,12,0.2,5257.03,31542.19,0,EGP,4/4/2026
ORD-13758,CUST-228,PROD-164,BR-10,AG-4,4/13/2024,52671.73,Installments,10534.35,42137.38,12,0.2,3511.45,21068.69,0,EGP,4/4/2026
ORD-13759,CUST-751,PROD-166,BR-7,AG-22,3/1/2024,58108.23,Installments,11621.65,46486.58,12,0.2,3873.88,23243.29,0,egp,4/4/2026
ORD-13760,CUST-576,PROD-51,BR-8,AG-5,1/27/2024,67142.97,Installments,13428.59,53714.38,12,0.2,4476.2,26857.19,0,EGP,4/4/2026
ORD-13761,CUST-397,PROD-57,BR-9,AG-16,1/7/2024,61654.22,Cash,61654.22,0,0,0,0,0,0,EGP,
ORD-13762,CUST-220,PROD-176,BR-6,AG-16,8/29/2024,59566.14,Cash,59566.14,0,0,0,0,0,0,EGP,
ORD-13763,CUST-318,PROD-80,BR-2,AG-3,2/29/2024,54509.96,Cash,54509.96,0,0,0,0,0,0,EGP,
ORD-13764,CUST-581,PROD-84,BR-3,AG-22,10/17/2024,59523.59,Installments,11904.72,47618.87,12,0.2,3968.24,23809.44,15,EGP,4/4/2026
ORD-13765,CUST-550,PROD-70,BR-3,AG-7,3/2/2024,53664.44,Installments,10732.89,42931.55,12,0.2,3577.63,21465.78,0,egp,4/4/2026
ORD-13766,CUST-938,PROD-172,BR-2,AG-13,7/12/2024,37294.11,Installments,7458.82,29835.29,12,0.2,2486.27,14917.64,45,EGP,4/4/2026
ORD-13767,CUST-598,PROD-95,BR-6,AG-17,8/27/2024,88908.08,Installments,17781.62,71126.46,12,0.2,5927.21,35563.23,15,EGP,4/4/2026
ORD-13768,CUST-588,PROD-118,BR-7,AG-7,1/11/2024,12405.25,Cash,12405.25,0,0,0,0,0,0,egp,
ORD-13769,CUST-449,PROD-81,BR-8,AG-8,8/30/2024,74868.37,Installments,14973.67,59894.7,12,0.2,4991.22,29947.35,0,EGP,4/4/2026
ORD-13770,CUST-305,PROD-164,BR-3,AG-23,11/20/2024,53035.71,Installments,10607.14,42428.57,12,0.2,3535.71,21214.28,0,EGP,4/4/2026
ORD-13771,CUST-937,PROD-75,BR-10,AG-12,11/3/2024,36529.13,Installments,7305.83,29223.3,12,0.2,2435.28,14611.65,0,EGP,4/4/2026
ORD-13772,CUST-989,PROD-90,BR-8,AG-16,1/21/2024,43159.58,Cash,43159.58,0,0,0,0,0,0,EGP,
ORD-13773,CUST-325,PROD-200,BR-8,AG-1,7/20/2024,35996.24,Installments,7199.25,28796.99,12,0.2,2399.75,14398.5,0,EGP,4/4/2026
ORD-13774,CUST-486,PROD-183,BR-9,AG-22,8/26/2024,64758.84,Installments,12951.77,51807.07,12,0.2,4317.26,25903.54,0,EGP,4/4/2026
ORD-13775,CUST-202,PROD-145,BR-7,AG-15,8/30/2024,80423.13,Installments,16084.63,64338.5,12,0.2,5361.54,32169.25,15,EGP,4/4/2026
ORD-13776,CUST-122,PROD-154,BR-3,AG-14,1/5/2024,37538.21,Installments,7507.64,30030.57,12,0.2,2502.55,15015.28,0,Pound,4/4/2026
ORD-13777,CUST-445,PROD-111,BR-9,AG-3,12/30/2028,31058.89,Cash,31058.89,0,0,0,0,0,0,EGP,
ORD-13778,CUST-270,PROD-113,BR-5,AG-20,8/5/2024,29667.05,Installments,5933.41,23733.64,12,0.2,1977.8,11866.82,0,EGP,4/4/2026
ORD-13779,CUST-111,PROD-194,BR-2,AG-19,9/24/2024,56249.1,Installments,11249.82,44999.28,12,0.2,3749.94,22499.64,0,EGP,4/4/2026
ORD-13780,CUST-991,PROD-120,BR-2,AG-23,4/28/2024,26275.98,Installments,5255.2,21020.78,12,0.2,1751.73,10510.39,120,EGP,4/4/2026
ORD-13781,CUST-820,PROD-108,BR-10,AG-25,9/21/2024,68642.39,Installments,13728.48,54913.91,12,0.2,4576.16,27456.96,0,EGP,1/1/1900
ORD-13782,CUST-174,PROD-131,BR-3,AG-11,2/1/2024,58588.64,Cash,58588.64,0,0,0,0,0,0,EGP,
ORD-13783,CUST-858,PROD-103,BR-9,AG-23,1/6/2024,45104.05,Installments,9020.81,36083.24,12,0.2,3006.94,18041.62,0,EGP,4/4/2026
ORD-13784,CUST-317,PROD-156,BR-2,AG-4,5/23/2024,45475.71,Cash,45475.71,0,0,0,0,0,0,Pound,
ORD-13785,CUST-938,PROD-63,BR-7,AG-8,8/12/2024,37555.02,Installments,7511,30044.02,12,0.2,2503.67,15022.01,0,EGP,4/4/2026
ORD-13786,CUST-545,PROD-97,BR-10,AG-4,8/27/2024,20768.34,Cash,20768.34,0,0,0,0,0,0,EGP,
ORD-13787,CUST-726,PROD-102,BR-10,AG-1,9/2/2024,29092.04,Installments,5818.41,23273.63,12,0.2,1939.47,11636.82,0,EGP,4/4/2026
ORD-13788,CUST-601,PROD-122,BR-7,AG-20,2/19/2024,31077.35,Installments,6215.47,24861.88,12,0.2,2071.82,12430.94,0,EGP,4/4/2026
ORD-13789,CUST-628,PROD-152,BR-7,AG-7,7/14/2024,89392.34,Installments,17878.47,71513.87,12,0.2,5959.49,35756.94,0,EGP,4/4/2026
ORD-13790,CUST-116,PROD-196,BR-2,AG-15,9/5/2024,43123.11,Installments,8624.62,34498.49,12,0.2,2874.87,17249.24,0,EGP,4/4/2026
ORD-13791,CUST-659,PROD-93,BR-9,AG-23,3/24/2024,82423.21,Installments,16484.64,65938.57,12,0.2,5494.88,32969.28,120,EGP,4/4/2026
ORD-13792,CUST-591,PROD-81,BR-3,AG-20,2/19/2024,82203.08,Installments,16440.62,65762.46,12,0.2,5480.21,32881.23,0,Pound,4/4/2026
ORD-13793,CUST-641,PROD-84,BR-4,AG-20,10/13/2024,31732.41,Installments,6346.48,25385.93,12,0.2,2115.49,12692.96,0,EGP,4/4/2026
ORD-13794,CUST-469,PROD-135,BR-3,AG-20,10/19/2024,82967.47,Installments,16593.49,66373.98,12,0.2,0,33186.99,0,EGP,4/4/2026
ORD-13795,CUST-179,PROD-58,BR-7,AG-20,9/25/2024,61374.28,Installments,12274.86,49099.42,12,0.2,4091.62,24549.71,0,EGP,4/4/2026
ORD-13796,CUST-282,PROD-163,BR-3,AG-14,10/2/2024,59843.2,Installments,11968.64,47874.56,12,0.2,3989.55,23937.28,120,EGP,1/1/1900
ORD-13797,CUST-526,PROD-160,BR-3,AG-12,8/6/2024,87078.04,Cash,87078.04,0,0,0,0,0,0,EGP,
ORD-13798,CUST-327,PROD-175,BR-1,AG-18,12/30/2028,73875.72,Cash,73875.72,0,0,0,0,0,0,EGP,
ORD-13799,CUST-361,PROD-90,BR-3,AG-7,5/4/2024,82976.72,Installments,16595.34,66381.38,12,0.2,5531.78,33190.69,0,Pound,4/4/2026
ORD-13800,CUST-204,PROD-115,BR-1,AG-25,9/23/2024,29882.86,Cash,29882.86,0,0,0,0,0,0,EGP,
ORD-13801,CUST-461,PROD-142,BR-7,AG-14,8/3/2024,12019.48,Installments,2403.9,9615.58,12,0.2,801.3,4807.79,0,EGP,4/4/2026
ORD-13802,CUST-423,PROD-196,BR-3,AG-20,1/9/2025,34200.65,Cash,34200.65,0,0,0,0,0,0,EGP,
ORD-13803,CUST-628,PROD-82,BR-8,AG-9,1/5/2024,62087.17,Cash,62087.17,0,0,0,0,0,0,EGP,
ORD-13804,CUST-889,PROD-192,BR-2,AG-19,6/23/2024,37312.28,Installments,7462.46,29849.82,12,0.2,2487.49,14924.91,45,EGP,1/1/1900
ORD-13805,CUST-121,PROD-51,BR-4,AG-17,2/26/2024,67954.17,Cash,67954.17,0,0,0,0,0,0,EGP,
ORD-13806,CUST-947,PROD-97,BR-7,AG-3,6/28/2024,12105.37,Installments,2421.07,9684.3,12,0.2,807.02,4842.15,0,EGP,4/4/2026
ORD-13807,CUST-851,PROD-123,BR-4,AG-15,5/12/2024,10653.91,Installments,2130.78,8523.13,12,0.2,710.26,4261.56,15,EGP,4/4/2026
ORD-13808,CUST-881,PROD-119,BR-2,AG-7,1/8/2025,62092.83,Cash,62092.83,0,0,0,0,0,0,EGP,
ORD-13809,CUST-809,PROD-101,BR-5,AG-20,11/25/2024,67713.33,Cash,67713.33,0,0,0,0,0,0,Pound,
ORD-13810,CUST-701,PROD-104,BR-10,AG-22,7/12/2024,21699.19,Installments,4339.84,17359.35,12,0.2,1446.61,8679.68,15,EGP,4/4/2026
ORD-13811,CUST-479,PROD-56,BR-1,AG-15,8/5/2024,33903.34,Installments,6780.67,27122.67,12,0.2,2260.22,13561.34,15,EGP,4/4/2026
ORD-13812,CUST-984,PROD-200,BR-5,AG-21,9/1/2024,73275.42,Installments,14655.08,58620.34,12,0.2,4885.03,29310.17,0,EGP,4/4/2026
ORD-13813,CUST-155,PROD-58,BR-2,AG-10,11/22/2024,22842.28,Installments,4568.46,18273.82,12,0.2,1522.82,9136.91,0,EGP,4/4/2026
ORD-13814,CUST-144,PROD-198,BR-9,AG-18,8/14/2024,64380.2,Installments,12876.04,51504.16,12,0.2,4292.01,25752.08,15,EGP,4/4/2026
ORD-13815,CUST-789,PROD-190,BR-9,AG-12,1/5/2025,56303.25,Installments,11260.65,45042.6,12,0.2,3753.55,22521.3,15,EGP,4/4/2026
ORD-13816,CUST-187,PROD-187,BR-2,AG-23,6/23/2024,70916.43,Installments,14183.29,56733.14,12,0.2,4727.76,28366.57,15,EGP,1/1/1900
ORD-13817,CUST-287,PROD-194,BR-8,AG-13,6/4/2024,25822.27,Installments,5164.45,20657.82,12,0.2,1721.48,10328.91,0,EGP,4/4/2026
ORD-13818,CUST-353,PROD-148,BR-8,AG-21,6/19/2024,36947.33,Installments,7389.47,29557.86,12,0.2,2463.16,14778.93,15,EGP,1/1/1900
ORD-13819,CUST-353,PROD-186,BR-6,AG-5,3/27/2024,29265.36,Cash,29265.36,0,0,0,0,0,0,egp,
ORD-13820,CUST-766,PROD-188,BR-9,AG-13,10/11/2024,12125.39,Cash,12125.39,0,0,0,0,0,0,EGP,
ORD-13821,CUST-819,PROD-51,BR-6,AG-12,6/17/2024,53464.3,Installments,10692.86,42771.44,12,0.2,3564.29,21385.72,0,Pound,4/4/2026
ORD-13822,CUST-931,PROD-117,BR-10,AG-19,8/5/2024,61005.53,Installments,12201.11,48804.42,12,0.2,4067.04,24402.21,0,EGP,1/1/1900
ORD-13823,CUST-211,PROD-165,BR-9,AG-23,12/3/2024,43505.97,Installments,8701.19,34804.78,12,0.2,2900.4,17402.39,0,EGP,4/4/2026
ORD-13824,CUST-818,PROD-122,BR-2,AG-17,3/23/2024,27914.83,Cash,27914.83,0,0,0,0,0,0,egp,
ORD-13825,CUST-581,PROD-159,BR-8,AG-17,3/29/2024,22521.32,Installments,4504.26,18017.06,12,0.2,1501.42,9008.53,0,EGP,4/4/2026
ORD-13826,CUST-690,PROD-124,BR-8,AG-13,5/3/2024,25014.34,Cash,25014.34,0,0,0,0,0,0,EGP,
ORD-13827,CUST-824,PROD-188,BR-10,AG-23,9/28/2024,26290.18,Cash,26290.18,0,0,0,0,0,0,EGP,
ORD-13828,CUST-324,PROD-176,BR-5,AG-18,6/26/2024,18117.67,Cash,18117.67,0,0,0,0,0,0,EGP,
ORD-13829,CUST-353,PROD-106,BR-6,AG-13,10/6/2024,16882.24,Installments,3376.45,13505.79,12,0.2,1125.48,6752.9,0,EGP,4/4/2026
ORD-13830,CUST-464,PROD-174,BR-8,AG-6,1/19/2024,51263.63,Installments,10252.73,41010.9,12,0.2,3417.58,20505.45,0,EGP,4/4/2026
ORD-13831,CUST-234,PROD-164,BR-8,AG-10,7/26/2024,34253.49,Cash,34253.49,0,0,0,0,0,0,EGP,
ORD-13832,CUST-892,PROD-192,BR-2,AG-17,1/2/2025,74352.81,Installments,14870.56,59482.25,12,0.2,4956.85,29741.12,120,egp,4/4/2026
ORD-13833,CUST-478,PROD-192,BR-8,AG-20,1/10/2025,54108.6,Installments,10821.72,43286.88,12,0.2,3607.24,21643.44,0,EGP,4/4/2026
ORD-13834,CUST-755,PROD-80,BR-6,AG-15,2/24/2024,57549.52,Installments,11509.9,46039.62,12,0.2,3836.63,23019.81,0,EGP,4/4/2026
ORD-13835,CUST-423,PROD-68,BR-4,AG-11,3/17/2024,40229.54,Installments,8045.91,32183.63,12,0.2,2681.97,16091.82,15,EGP,4/4/2026
ORD-13836,CUST-777,PROD-93,BR-9,AG-11,1/10/2024,38827.99,Installments,7765.6,31062.39,12,0.2,2588.53,15531.2,0,egp,4/4/2026
ORD-13837,CUST-647,PROD-57,BR-1,AG-9,1/15/2025,28842.02,Installments,5768.4,23073.62,12,0.2,1922.8,11536.81,0,EGP,4/4/2026
ORD-13838,CUST-585,PROD-161,BR-5,AG-1,4/4/2024,67403.26,Installments,13480.65,53922.61,12,0.2,4493.55,26961.3,0,EGP,4/4/2026
ORD-13839,CUST-523,PROD-72,BR-7,AG-19,4/4/2024,17006.99,Cash,17006.99,0,0,0,0,0,0,EGP,
ORD-13840,CUST-675,PROD-78,BR-4,AG-12,6/4/2024,71372.94,Cash,71372.94,0,0,0,0,0,0,EGP,
ORD-13841,CUST-607,PROD-137,BR-8,AG-10,1/12/2024,39752.15,Installments,7950.43,31801.72,12,0.2,2650.14,15900.86,0,EGP,4/4/2026
ORD-13842,CUST-964,PROD-176,BR-10,AG-21,1/19/2024,85566.86,Installments,17113.37,68453.49,12,0.2,5704.46,34226.74,0,EGP,4/4/2026
ORD-13843,CUST-101,PROD-153,BR-6,AG-20,8/2/2024,15936.12,Cash,15936.12,0,0,0,0,0,0,EGP,
ORD-13844,CUST-957,PROD-137,BR-9,AG-11,4/13/2024,17946.12,Cash,17946.12,0,0,0,0,0,0,EGP,
ORD-13845,CUST-751,PROD-62,BR-3,AG-17,4/12/2024,11799.88,Cash,11799.88,0,0,0,0,0,0,EGP,
ORD-13846,CUST-123,PROD-112,BR-9,AG-4,1/7/2024,19800.07,Cash,19800.07,0,0,0,0,0,0,EGP,
ORD-13847,CUST-293,PROD-79,BR-5,AG-10,12/11/2024,45197.8,Cash,45197.8,0,0,0,0,0,0,EGP,
ORD-13848,CUST-615,PROD-183,BR-1,AG-11,3/6/2024,73188.06,Cash,73188.06,0,0,0,0,0,0,EGP,
ORD-13849,CUST-968,PROD-145,BR-6,AG-19,1/30/2024,81717.76,Cash,81717.76,0,0,0,0,0,0,EGP,
ORD-13850,CUST-154,PROD-91,BR-3,AG-19,10/26/2024,88561.08,Installments,17712.22,70848.86,12,0.2,5904.07,35424.43,45,EGP,4/4/2026
ORD-13851,CUST-517,PROD-110,BR-9,AG-3,2/11/2024,37551.71,Cash,37551.71,0,0,0,0,0,0,Pound,
ORD-13852,CUST-748,PROD-172,BR-3,AG-20,2/27/2024,75449.35,Installments,15089.87,60359.48,12,0.2,5029.96,30179.74,120,egp,4/4/2026
ORD-13853,CUST-511,PROD-139,BR-5,AG-10,2/6/2024,34922.75,Installments,6984.55,27938.2,12,0.2,2328.18,13969.1,0,EGP,4/4/2026
ORD-13854,CUST-325,PROD-65,BR-7,AG-2,5/25/2024,73648.16,Installments,14729.63,58918.53,12,0.2,4909.88,29459.26,0,EGP,4/4/2026
ORD-13855,CUST-385,PROD-181,BR-3,AG-13,11/6/2024,16627.87,Cash,16627.87,0,0,0,0,0,0,Pound,
ORD-13856,CUST-672,PROD-71,BR-4,AG-3,7/8/2024,80876.53,Installments,16175.31,64701.22,12,0.2,5391.77,32350.61,0,EGP,4/4/2026
ORD-13857,CUST-478,PROD-183,BR-10,AG-18,2/20/2024,81061.09,Installments,16212.22,64848.87,12,0.2,5404.07,32424.44,0,egp,4/4/2026
ORD-13858,CUST-549,PROD-146,BR-9,AG-23,9/15/2024,39484.46,Installments,7896.89,31587.57,12,0.2,2632.3,15793.78,0,egp,4/4/2026
ORD-13859,CUST-912,PROD-55,BR-3,AG-22,10/17/2024,89563.66,Installments,17912.73,71650.93,12,0.2,5970.91,35825.46,15,EGP,4/4/2026
ORD-13860,CUST-542,PROD-112,BR-2,AG-25,2/1/2025,25693.1,Cash,25693.1,0,0,0,0,0,0,EGP,
ORD-13861,CUST-374,PROD-171,BR-4,AG-8,5/3/2024,11261.1,Installments,2252.22,9008.88,12,0.2,750.74,4504.44,0,EGP,4/4/2026
ORD-13862,CUST-567,PROD-133,BR-3,AG-3,7/8/2024,39076.46,Installments,7815.29,31261.17,12,0.2,2605.1,15630.58,0,EGP,4/4/2026
ORD-13863,CUST-565,PROD-96,BR-10,AG-19,11/7/2024,61484.5,Installments,12296.9,49187.6,12,0.2,4098.97,24593.8,15,EGP,4/4/2026
ORD-13864,CUST-942,PROD-147,BR-4,AG-17,6/26/2024,75257.48,Installments,15051.5,60205.98,12,0.2,5017.17,30102.99,45,EGP,4/4/2026
ORD-13865,CUST-556,PROD-67,BR-7,AG-17,6/19/2024,11875.32,Installments,2375.06,9500.26,12,0.2,791.69,4750.13,15,egp,4/4/2026
ORD-13866,CUST-180,PROD-66,BR-6,AG-6,5/10/2024,85152,Installments,17030.4,68121.6,12,0.2,5676.8,34060.8,45,Pound,4/4/2026
ORD-13867,CUST-781,PROD-179,BR-4,AG-20,2/26/2024,58016.24,Installments,11603.25,46412.99,12,0.2,3867.75,23206.5,0,egp,4/4/2026
ORD-13868,CUST-687,PROD-53,BR-6,AG-9,7/20/2024,28082.73,Installments,5616.55,22466.18,12,0.2,1872.18,11233.09,0,EGP,4/4/2026
ORD-13869,CUST-779,PROD-150,BR-1,AG-4,9/10/2024,77376.19,Cash,77376.19,0,0,0,0,0,0,EGP,
ORD-13870,CUST-647,PROD-71,BR-4,AG-19,6/20/2024,17411.51,Installments,3482.3,13929.21,12,0.2,1160.77,6964.6,0,egp,4/4/2026
ORD-13871,CUST-332,PROD-63,BR-4,AG-14,5/1/2024,39010.44,Installments,7802.09,31208.35,12,0.2,2600.7,15604.18,0,EGP,4/4/2026
ORD-13872,CUST-670,PROD-189,BR-8,AG-22,12/29/2024,18970.61,Installments,3794.12,15176.49,12,0.2,1264.71,7588.24,0,EGP,4/4/2026
ORD-13873,CUST-485,PROD-178,BR-1,AG-8,8/14/2024,30350.55,Cash,30350.55,0,0,0,0,0,0,egp,
ORD-13874,CUST-807,PROD-184,BR-5,AG-8,1/29/2024,60262.21,Installments,12052.44,48209.77,12,0.2,4017.48,24104.88,15,EGP,4/4/2026
ORD-13875,CUST-924,PROD-139,BR-9,AG-5,2/19/2024,51474.5,Cash,51474.5,0,0,0,0,0,0,EGP,
ORD-13876,CUST-467,PROD-159,BR-4,AG-14,8/7/2024,32269.21,Cash,32269.21,0,0,0,0,0,0,EGP,
ORD-13877,CUST-969,PROD-195,BR-1,AG-4,4/14/2024,41919.82,Installments,8383.96,33535.86,12,0.2,2794.65,16767.93,0,EGP,4/4/2026
ORD-13878,CUST-508,PROD-133,BR-1,AG-15,7/30/2024,89882.5,Cash,89882.5,0,0,0,0,0,0,egp,
ORD-13879,CUST-334,PROD-175,BR-2,AG-11,10/19/2024,45982.9,Installments,9196.58,36786.32,12,0.2,3065.53,18393.16,15,EGP,4/4/2026
ORD-13880,CUST-958,PROD-90,BR-10,AG-9,4/15/2024,45921.36,Cash,45921.36,0,0,0,0,0,0,EGP,
ORD-13881,CUST-875,PROD-126,BR-8,AG-3,7/10/2024,33736.41,Cash,33736.41,0,0,0,0,0,0,egp,
ORD-13882,CUST-818,PROD-84,BR-10,AG-17,11/20/2024,83481.25,Cash,83481.25,0,0,0,0,0,0,EGP,
ORD-13883,CUST-910,PROD-147,BR-9,AG-18,8/3/2024,45954.16,Installments,9190.83,36763.33,12,0.2,3063.61,18381.66,0,EGP,4/4/2026
ORD-13884,CUST-544,PROD-166,BR-10,AG-9,1/20/2024,16583.58,Installments,3316.72,13266.86,12,0.2,1105.57,6633.43,0,EGP,4/4/2026
ORD-13885,CUST-247,PROD-89,BR-3,AG-15,6/15/2024,70718.09,Cash,70718.09,0,0,0,0,0,0,EGP,
ORD-13886,CUST-655,PROD-87,BR-1,AG-1,10/24/2024,26790.48,Installments,5358.1,21432.38,12,0.2,1786.03,10716.19,0,EGP,4/4/2026
ORD-13887,CUST-385,PROD-104,BR-7,AG-21,4/30/2024,88321.63,Installments,17664.33,70657.3,12,0.2,5888.11,35328.65,0,EGP,4/4/2026
ORD-13888,CUST-261,PROD-57,BR-8,AG-7,8/22/2024,74812.9,Installments,14962.58,59850.32,12,0.2,4987.53,29925.16,0,egp,4/4/2026
ORD-13889,CUST-874,PROD-59,BR-5,AG-11,1/25/2024,13896.25,Installments,2779.25,11117,12,0.2,926.42,5558.5,45,EGP,4/4/2026
ORD-13890,CUST-215,PROD-103,BR-9,AG-19,5/13/2024,12628.38,Cash,12628.38,0,0,0,0,0,0,Pound,
ORD-13891,CUST-106,PROD-199,BR-4,AG-12,11/29/2024,72071.12,Installments,14414.22,57656.9,12,0.2,4804.74,28828.45,0,egp,4/4/2026
ORD-13892,CUST-350,PROD-64,BR-5,AG-17,11/7/2024,68351.17,Cash,68351.17,0,0,0,0,0,0,EGP,
ORD-13893,CUST-275,PROD-106,BR-8,AG-7,2/9/2024,47488.39,Installments,9497.68,37990.71,12,0.2,3165.89,18995.36,120,EGP,4/4/2026
ORD-13894,CUST-764,PROD-68,BR-1,AG-6,6/20/2024,70168.5,Installments,14033.7,56134.8,12,0.2,4677.9,28067.4,0,EGP,4/4/2026
ORD-13895,CUST-847,PROD-155,BR-4,AG-10,6/14/2024,43746.58,Cash,43746.58,0,0,0,0,0,0,EGP,
ORD-13896,CUST-190,PROD-122,BR-4,AG-19,1/8/2024,31301.54,Installments,6260.31,25041.23,12,0.2,2086.77,12520.62,45,EGP,1/1/1900
ORD-13897,CUST-192,PROD-125,BR-6,AG-19,1/13/2025,80943.48,Cash,80943.48,0,0,0,0,0,0,EGP,
ORD-13898,CUST-841,PROD-53,BR-2,AG-2,9/3/2024,60803.29,Installments,12160.66,48642.63,12,0.2,4053.55,24321.32,0,EGP,4/4/2026
ORD-13899,CUST-309,PROD-122,BR-9,AG-20,4/29/2024,23089.86,Cash,23089.86,0,0,0,0,0,0,EGP,
ORD-13900,CUST-832,PROD-103,BR-8,AG-6,2/4/2024,87495.69,Installments,17499.14,69996.55,12,0.2,5833.05,34998.28,0,EGP,4/4/2026
ORD-13901,CUST-893,PROD-149,BR-10,AG-8,11/3/2024,54478.82,Installments,10895.76,43583.06,12,0.2,3631.92,21791.53,0,EGP,4/4/2026
ORD-13902,CUST-737,PROD-145,BR-4,AG-2,5/2/2024,59714.36,Installments,11942.87,47771.49,12,0.2,3980.96,23885.74,45,Pound,4/4/2026
ORD-13903,CUST-641,PROD-76,BR-10,AG-18,10/18/2024,69288.86,Installments,13857.77,55431.09,12,0.2,4619.26,27715.54,0,EGP,4/4/2026
ORD-13904,CUST-665,PROD-168,BR-5,AG-19,11/2/2024,12933.96,Installments,2586.79,10347.17,12,0.2,862.26,5173.58,0,EGP,4/4/2026
ORD-13905,CUST-473,PROD-176,BR-4,AG-1,8/21/2024,34591.19,Installments,6918.24,27672.95,12,0.2,2306.08,13836.48,0,EGP,4/4/2026
ORD-13906,CUST-632,PROD-164,BR-5,AG-11,3/8/2024,89528.06,Installments,17905.61,71622.45,12,0.2,5968.54,35811.22,0,EGP,4/4/2026
ORD-13907,CUST-504,PROD-88,BR-9,AG-4,12/6/2024,51872.53,Cash,51872.53,0,0,0,0,0,0,EGP,
ORD-13908,CUST-190,PROD-58,BR-9,AG-7,8/7/2024,59803.15,Cash,59803.15,0,0,0,0,0,0,EGP,
ORD-13909,CUST-123,PROD-141,BR-4,AG-1,11/22/2024,10613.97,Cash,10613.97,0,0,0,0,0,0,Pound,
ORD-13910,CUST-195,PROD-50,BR-4,AG-3,3/7/2024,76310.91,Installments,15262.18,61048.73,12,0.2,5087.39,30524.36,0,EGP,4/4/2026
ORD-13911,CUST-705,PROD-139,BR-9,AG-24,5/17/2024,46046.55,Installments,9209.31,36837.24,12,0.2,3069.77,18418.62,15,EGP,4/4/2026
ORD-13912,CUST-727,PROD-52,BR-4,AG-4,4/22/2024,82165.67,Cash,82165.67,0,0,0,0,0,0,egp,
ORD-13913,CUST-856,PROD-158,BR-9,AG-25,3/1/2024,84066.89,Installments,16813.38,67253.51,12,0.2,5604.46,33626.76,0,EGP,4/4/2026
ORD-13914,CUST-700,PROD-79,BR-4,AG-3,6/23/2024,61299.46,Installments,12259.89,49039.57,12,0.2,4086.63,24519.78,45,EGP,4/4/2026
ORD-13915,CUST-213,PROD-183,BR-1,AG-22,3/2/2024,23020.22,Installments,4604.04,18416.18,12,0.2,1534.68,9208.09,0,EGP,4/4/2026
ORD-13916,CUST-778,PROD-138,BR-9,AG-6,4/7/2024,34063.74,Cash,34063.74,0,0,0,0,0,0,Pound,
ORD-13917,CUST-464,PROD-166,BR-7,AG-18,7/11/2024,73145.92,Installments,14629.18,58516.74,12,0.2,4876.39,29258.37,120,egp,4/4/2026
ORD-13918,CUST-554,PROD-180,BR-10,AG-20,1/24/2025,77986.14,Installments,15597.23,62388.91,12,0.2,5199.08,31194.46,0,EGP,4/4/2026
ORD-13919,CUST-416,PROD-117,BR-7,AG-11,10/15/2024,62146.04,Installments,12429.21,49716.83,12,0.2,4143.07,24858.42,0,EGP,4/4/2026
ORD-13920,CUST-412,PROD-55,BR-8,AG-18,1/19/2024,86762.23,Installments,17352.45,69409.78,12,0.2,5784.15,34704.89,0,Pound,4/4/2026
ORD-13921,CUST-867,PROD-158,BR-8,AG-4,1/19/2025,47510.95,Installments,9502.19,38008.76,12,0.2,3167.4,19004.38,0,EGP,4/4/2026
ORD-13922,CUST-119,PROD-96,BR-10,AG-4,7/7/2024,22966.26,Installments,4593.25,18373.01,12,0.2,1531.08,9186.5,0,EGP,4/4/2026
ORD-13923,CUST-407,PROD-110,BR-1,AG-4,9/30/2024,70323.98,Cash,70323.98,0,0,0,0,0,0,Pound,
ORD-13924,CUST-745,PROD-156,BR-5,AG-15,8/25/2024,10715.14,Installments,2143.03,8572.11,12,0.2,714.34,4286.06,0,EGP,4/4/2026
ORD-13925,CUST-835,PROD-50,BR-3,AG-23,11/30/2024,53707.05,Installments,10741.41,42965.64,12,0.2,3580.47,21482.82,0,EGP,4/4/2026
ORD-13926,CUST-292,PROD-62,BR-3,AG-8,9/11/2024,82722.53,Installments,16544.51,66178.02,12,0.2,5514.84,33089.01,0,EGP,4/4/2026
ORD-13927,CUST-326,PROD-138,BR-8,AG-13,9/15/2024,82043.36,Cash,82043.36,0,0,0,0,0,0,EGP,
ORD-13928,CUST-119,PROD-135,BR-3,AG-1,4/2/2024,61628.8,Cash,61628.8,0,0,0,0,0,0,EGP,
ORD-13929,CUST-990,PROD-121,BR-8,AG-20,7/23/2024,48236.1,Installments,9647.22,38588.88,12,0.2,3215.74,19294.44,0,EGP,4/4/2026
ORD-13930,CUST-624,PROD-190,BR-6,AG-3,1/17/2025,76515.95,Installments,15303.19,61212.76,12,0.2,5101.06,30606.38,0,Pound,4/4/2026
ORD-13931,CUST-988,PROD-146,BR-1,AG-21,5/5/2024,49174.27,Installments,9834.85,39339.42,12,0.2,3278.28,19669.71,45,EGP,4/4/2026
ORD-13932,CUST-467,PROD-159,BR-1,AG-8,2/4/2025,34800.48,Cash,34800.48,0,0,0,0,0,0,Pound,
ORD-13933,CUST-242,PROD-186,BR-6,AG-3,1/21/2025,45072.02,Installments,9014.4,36057.62,12,0.2,3004.8,18028.81,45,EGP,4/4/2026
ORD-13934,CUST-405,PROD-115,BR-4,AG-7,9/16/2024,39494.09,Installments,7898.82,31595.27,12,0.2,2632.94,15797.64,120,EGP,4/4/2026
ORD-13935,CUST-366,PROD-102,BR-10,AG-3,9/28/2024,40833.9,Installments,8166.78,32667.12,12,0.2,2722.26,16333.56,0,EGP,4/4/2026
ORD-13936,CUST-227,PROD-157,BR-2,AG-8,3/12/2024,19493.71,Cash,19493.71,0,0,0,0,0,0,egp,
ORD-13937,CUST-243,PROD-136,BR-3,AG-14,10/31/2024,36546.75,Installments,7309.35,29237.4,12,0.2,2436.45,14618.7,0,EGP,4/4/2026
ORD-13938,CUST-795,PROD-124,BR-5,AG-20,7/3/2024,77085.95,Installments,15417.19,61668.76,12,0.2,5139.06,30834.38,0,EGP,4/4/2026
ORD-13939,CUST-184,PROD-172,BR-2,AG-20,5/30/2024,54555.53,Installments,10911.11,43644.42,12,0.2,3637.04,21822.21,0,EGP,4/4/2026
ORD-13940,CUST-935,PROD-161,BR-1,AG-20,12/30/2028,35398.56,Installments,7079.71,28318.85,12,0.2,2359.9,14159.42,0,EGP,4/4/2026
ORD-13941,CUST-349,PROD-89,BR-9,AG-4,7/4/2024,12063.37,Installments,2412.67,9650.7,12,0.2,804.22,4825.35,45,EGP,4/4/2026
ORD-13942,CUST-860,PROD-164,BR-9,AG-18,10/20/2024,77618.55,Installments,15523.71,62094.84,12,0.2,5174.57,31047.42,120,EGP,4/4/2026
ORD-13943,CUST-239,PROD-51,BR-2,AG-25,9/7/2024,66826.69,Installments,13365.34,53461.35,12,0.2,4455.11,26730.68,0,EGP,4/4/2026
ORD-13944,CUST-333,PROD-144,BR-10,AG-7,12/9/2024,63992.57,Installments,12798.51,51194.06,12,0.2,4266.17,25597.03,0,egp,4/4/2026
ORD-13945,CUST-889,PROD-87,BR-7,AG-2,6/3/2024,16396.4,Installments,3279.28,13117.12,12,0.2,1093.09,6558.56,0,EGP,1/1/1900
ORD-13946,CUST-318,PROD-135,BR-10,AG-17,9/3/2024,72905.86,Installments,14581.17,58324.69,12,0.2,4860.39,29162.34,0,egp,4/4/2026
ORD-13947,CUST-708,PROD-197,BR-9,AG-12,5/12/2024,76795.92,Installments,15359.18,61436.74,12,0.2,5119.73,30718.37,15,EGP,4/4/2026
ORD-13948,CUST-540,PROD-54,BR-10,AG-12,2/19/2024,29899.15,Cash,29899.15,0,0,0,0,0,0,EGP,
ORD-13949,CUST-580,PROD-72,BR-3,AG-10,11/10/2024,78945.6,Cash,78945.6,0,0,0,0,0,0,EGP,
ORD-13950,CUST-257,PROD-148,BR-4,AG-16,9/29/2024,64952.94,Installments,12990.59,51962.35,12,0.2,4330.2,25981.18,0,EGP,4/4/2026
ORD-13951,CUST-442,PROD-108,BR-2,AG-8,12/27/2024,26389.05,Installments,5277.81,21111.24,12,0.2,1759.27,10555.62,0,EGP,4/4/2026
ORD-13952,CUST-802,PROD-125,BR-3,AG-15,2/16/2024,36775.2,Cash,36775.2,0,0,0,0,0,0,EGP,
ORD-13953,CUST-671,PROD-144,BR-9,AG-12,1/7/2025,69532.18,Installments,13906.44,55625.74,12,0.2,4635.48,27812.87,0,EGP,4/4/2026
ORD-13954,CUST-148,PROD-86,BR-10,AG-15,8/31/2024,46601.95,Installments,9320.39,37281.56,12,0.2,3106.8,18640.78,0,EGP,4/4/2026
ORD-13955,CUST-968,PROD-83,BR-8,AG-24,12/9/2024,89240.31,Installments,17848.06,71392.25,12,0.2,5949.35,35696.12,0,EGP,4/4/2026
ORD-13956,CUST-707,PROD-199,BR-9,AG-17,10/17/2024,14895.66,Cash,14895.66,0,0,0,0,0,0,egp,
ORD-13957,CUST-396,PROD-76,BR-9,AG-8,3/22/2024,76858.57,Cash,76858.57,0,0,0,0,0,0,EGP,
ORD-13958,CUST-635,PROD-184,BR-9,AG-15,3/8/2024,29995.6,Cash,29995.6,0,0,0,0,0,0,Pound,
ORD-13959,CUST-672,PROD-134,BR-6,AG-5,10/26/2024,82301.85,Installments,16460.37,65841.48,12,0.2,5486.79,32920.74,0,Pound,4/4/2026
ORD-13960,CUST-605,PROD-90,BR-9,AG-24,9/14/2024,38380.7,Installments,7676.14,30704.56,12,0.2,2558.71,15352.28,0,EGP,4/4/2026
ORD-13961,CUST-128,PROD-87,BR-1,AG-25,11/5/2024,35268.31,Installments,7053.66,28214.65,12,0.2,2351.22,14107.32,15,EGP,4/4/2026
ORD-13962,CUST-819,PROD-65,BR-3,AG-17,2/9/2024,48404.07,Installments,9680.81,38723.26,12,0.2,3226.94,19361.63,0,EGP,4/4/2026
ORD-13963,CUST-220,PROD-134,BR-7,AG-3,7/25/2024,55612.17,Installments,11122.43,44489.74,12,0.2,3707.48,22244.87,45,EGP,4/4/2026
ORD-13964,CUST-206,PROD-122,BR-8,AG-1,12/30/2028,49127.45,Installments,9825.49,39301.96,12,0.2,3275.16,19650.98,45,EGP,4/4/2026
ORD-13965,CUST-869,PROD-186,BR-6,AG-18,9/14/2024,78929.25,Installments,15785.85,63143.4,12,0.2,5261.95,31571.7,0,EGP,4/4/2026
ORD-13966,CUST-112,PROD-179,BR-2,AG-25,8/3/2024,54722.3,Installments,10944.46,43777.84,12,0.2,3648.15,21888.92,0,EGP,4/4/2026
ORD-13967,CUST-885,PROD-121,BR-7,AG-20,12/27/2024,35889.4,Installments,7177.88,28711.52,12,0.2,2392.63,14355.76,0,EGP,4/4/2026
ORD-13968,CUST-888,PROD-142,BR-5,AG-4,8/13/2024,80209.11,Cash,80209.11,0,0,0,0,0,0,EGP,
ORD-13969,CUST-889,PROD-142,BR-8,AG-21,6/3/2024,21408.81,Installments,4281.76,17127.05,12,0.2,1427.25,8563.52,0,EGP,4/4/2026
ORD-13970,CUST-369,PROD-89,BR-5,AG-19,11/16/2024,25426.75,Cash,25426.75,0,0,0,0,0,0,EGP,
ORD-13971,CUST-336,PROD-110,BR-2,AG-13,7/27/2024,56722.38,Installments,11344.48,45377.9,12,0.2,3781.49,22688.95,45,EGP,4/4/2026
ORD-13972,CUST-536,PROD-155,BR-9,AG-17,3/2/2024,69622.73,Cash,69622.73,0,0,0,0,0,0,EGP,
ORD-13973,CUST-368,PROD-93,BR-8,AG-2,2/17/2024,49629.29,Installments,9925.86,39703.43,12,0.2,0,19851.72,0,EGP,4/4/2026
ORD-13974,CUST-895,PROD-185,BR-8,AG-14,2/1/2024,45511,Cash,45511,0,0,0,0,0,0,EGP,
ORD-13975,CUST-980,PROD-175,BR-5,AG-10,1/14/2025,58144.36,Installments,11628.87,46515.49,12,0.2,3876.29,23257.74,0,EGP,4/4/2026
ORD-13976,CUST-644,PROD-147,BR-3,AG-8,11/30/2024,56030.34,Installments,11206.07,44824.27,12,0.2,3735.36,22412.14,0,Pound,1/1/1900
ORD-13977,CUST-340,PROD-131,BR-4,AG-23,1/9/2025,85325.88,Installments,17065.18,68260.7,12,0.2,5688.39,34130.35,0,EGP,4/4/2026
ORD-13978,CUST-805,PROD-56,BR-7,AG-24,2/25/2024,35494.7,Installments,7098.94,28395.76,12,0.2,2366.31,14197.88,0,EGP,4/4/2026
ORD-13979,CUST-166,PROD-59,BR-6,AG-3,8/27/2024,87362.02,Installments,17472.4,69889.62,12,0.2,5824.13,34944.81,0,EGP,4/4/2026
ORD-13980,CUST-863,PROD-105,BR-1,AG-9,8/29/2024,66643.25,Installments,13328.65,53314.6,12,0.2,4442.88,26657.3,0,EGP,4/4/2026
ORD-13981,CUST-820,PROD-128,BR-10,AG-6,1/5/2025,39306,Installments,7861.2,31444.8,12,0.2,0,15722.4,15,EGP,4/4/2026
ORD-13982,CUST-815,PROD-134,BR-2,AG-24,11/5/2024,79989.34,Installments,15997.87,63991.47,12,0.2,5332.62,31995.74,0,Pound,4/4/2026
ORD-13983,CUST-935,PROD-145,BR-8,AG-10,2/10/2024,69237.25,Installments,13847.45,55389.8,12,0.2,4615.82,27694.9,120,EGP,4/4/2026
ORD-13984,CUST-787,PROD-62,BR-5,AG-12,12/30/2028,24062.22,Installments,4812.44,19249.78,12,0.2,1604.15,9624.89,0,EGP,4/4/2026
ORD-13985,CUST-431,PROD-199,BR-9,AG-8,7/8/2024,43535,Cash,43535,0,0,0,0,0,0,Pound,
ORD-13986,CUST-151,PROD-104,BR-4,AG-11,10/12/2024,66757.38,Installments,13351.48,53405.9,12,0.2,4450.49,26702.95,0,EGP,4/4/2026
ORD-13987,CUST-617,PROD-114,BR-9,AG-11,12/30/2028,86337.58,Cash,86337.58,0,0,0,0,0,0,egp,
ORD-13988,CUST-626,PROD-197,BR-4,AG-12,1/9/2024,79343.19,Cash,79343.19,0,0,0,0,0,0,Pound,
ORD-13989,CUST-115,PROD-65,BR-1,AG-24,2/18/2024,50577.74,Cash,50577.74,0,0,0,0,0,0,EGP,
ORD-13990,CUST-451,PROD-147,BR-7,AG-4,11/19/2024,37785.13,Installments,7557.03,30228.1,12,0.2,2519.01,15114.05,0,EGP,4/4/2026
ORD-13991,CUST-161,PROD-113,BR-3,AG-9,6/16/2024,75367.15,Installments,15073.43,60293.72,12,0.2,5024.48,30146.86,0,EGP,4/4/2026
ORD-13992,CUST-474,PROD-61,BR-8,AG-6,10/20/2024,61904.44,Installments,12380.89,49523.55,12,0.2,4126.96,24761.78,0,Pound,4/4/2026
ORD-13993,CUST-387,PROD-135,BR-9,AG-16,2/27/2024,38647.84,Cash,38647.84,0,0,0,0,0,0,EGP,
ORD-13994,CUST-618,PROD-162,BR-10,AG-18,7/7/2024,41354.05,Installments,8270.81,33083.24,12,0.2,2756.94,16541.62,0,EGP,4/4/2026
ORD-13995,CUST-944,PROD-82,BR-8,AG-15,12/21/2024,69602.9,Installments,13920.58,55682.32,12,0.2,4640.19,27841.16,0,egp,4/4/2026
ORD-13996,CUST-318,PROD-196,BR-4,AG-9,1/31/2024,75934.37,Cash,75934.37,0,0,0,0,0,0,EGP,
ORD-13997,CUST-405,PROD-151,BR-4,AG-6,1/26/2024,44785.75,Cash,44785.75,0,0,0,0,0,0,EGP,
ORD-13998,CUST-589,PROD-145,BR-10,AG-17,9/12/2024,68609.45,Installments,13721.89,54887.56,12,0.2,4573.96,27443.78,0,EGP,4/4/2026
ORD-13999,CUST-450,PROD-162,BR-5,AG-19,4/5/2024,49600.68,Installments,9920.14,39680.54,12,0.2,3306.71,19840.27,0,EGP,1/1/1900
ORD-14000,CUST-103,PROD-133,BR-10,AG-15,7/5/2024,46145.97,Cash,46145.97,0,0,0,0,0,0,EGP,
ORD-14001,CUST-841,PROD-94,BR-3,AG-16,3/12/2024,19271.96,Installments,3854.39,15417.57,12,0.2,1284.8,7708.78,0,EGP,4/4/2026
ORD-14002,CUST-520,PROD-63,BR-2,AG-2,10/10/2024,84563.27,Installments,16912.65,67650.62,12,0.2,5637.55,33825.31,45,Pound,4/4/2026
ORD-14003,CUST-201,PROD-196,BR-10,AG-3,4/22/2024,58172.21,Cash,58172.21,0,0,0,0,0,0,egp,
ORD-14004,CUST-933,PROD-180,BR-6,AG-3,9/27/2024,31135.86,Cash,31135.86,0,0,0,0,0,0,EGP,
ORD-14005,CUST-215,PROD-193,BR-4,AG-3,6/24/2024,25375.59,Installments,5075.12,20300.47,12,0.2,1691.71,10150.24,0,EGP,4/4/2026
ORD-14006,CUST-357,PROD-107,BR-8,AG-3,7/3/2024,84473.27,Cash,84473.27,0,0,0,0,0,0,EGP,
ORD-14007,CUST-375,PROD-175,BR-5,AG-17,12/30/2024,44574.48,Installments,8914.9,35659.58,12,0.2,2971.63,17829.79,0,EGP,4/4/2026
ORD-14008,CUST-896,PROD-114,BR-6,AG-10,4/11/2024,69238.37,Installments,13847.67,55390.7,12,0.2,4615.89,27695.35,0,EGP,4/4/2026
ORD-14009,CUST-743,PROD-97,BR-9,AG-21,1/21/2024,17866.48,Cash,17866.48,0,0,0,0,0,0,EGP,
ORD-14010,CUST-121,PROD-56,BR-1,AG-1,12/6/2024,22478.87,Installments,4495.77,17983.1,12,0.2,1498.59,8991.55,15,EGP,4/4/2026
ORD-14011,CUST-882,PROD-122,BR-3,AG-16,3/29/2024,80238.33,Installments,16047.67,64190.66,12,0.2,5349.22,32095.33,0,EGP,1/1/1900
ORD-14012,CUST-151,PROD-152,BR-3,AG-17,1/22/2025,66193.54,Installments,13238.71,52954.83,12,0.2,4412.9,26477.42,45,EGP,1/1/1900
ORD-14013,CUST-873,PROD-155,BR-8,AG-5,4/6/2024,25533.56,Installments,5106.71,20426.85,12,0.2,1702.24,10213.42,0,EGP,4/4/2026
ORD-14014,CUST-339,PROD-130,BR-5,AG-10,4/28/2024,70637.83,Installments,14127.57,56510.26,12,0.2,4709.19,28255.13,0,Pound,4/4/2026
ORD-14015,CUST-118,PROD-183,BR-8,AG-15,12/30/2028,83395.83,Installments,16679.17,66716.66,12,0.2,5559.72,33358.33,0,EGP,4/4/2026
ORD-14016,CUST-551,PROD-150,BR-3,AG-6,10/22/2024,34423.68,Installments,6884.74,27538.94,12,0.2,2294.91,13769.47,0,EGP,1/1/1900
ORD-14017,CUST-395,PROD-107,BR-8,AG-14,6/25/2024,53086.05,Cash,53086.05,0,0,0,0,0,0,Pound,
ORD-14018,CUST-613,PROD-159,BR-1,AG-5,8/25/2024,33069.69,Installments,6613.94,26455.75,12,0.2,2204.65,13227.88,0,EGP,4/4/2026
ORD-14019,CUST-421,PROD-165,BR-4,AG-15,4/24/2024,88332.17,Installments,17666.43,70665.74,12,0.2,5888.81,35332.87,0,EGP,4/4/2026
ORD-14020,CUST-988,PROD-127,BR-9,AG-17,5/5/2024,85632.21,Cash,85632.21,0,0,0,0,0,0,EGP,
ORD-14021,CUST-728,PROD-63,BR-6,AG-22,6/13/2024,62048.22,Cash,62048.22,0,0,0,0,0,0,EGP,
ORD-14022,CUST-429,PROD-91,BR-1,AG-10,10/19/2024,72298.28,Installments,14459.66,57838.62,12,0.2,4819.89,28919.31,45,EGP,4/4/2026
ORD-14023,CUST-999,PROD-150,BR-1,AG-1,3/2/2024,89720.54,Installments,17944.11,71776.43,12,0.2,5981.37,35888.22,0,EGP,4/4/2026
ORD-14024,CUST-936,PROD-144,BR-7,AG-1,12/30/2028,82133.81,Cash,82133.81,0,0,0,0,0,0,EGP,
ORD-14025,CUST-754,PROD-54,BR-2,AG-15,9/14/2024,31471.86,Installments,6294.37,25177.49,12,0.2,2098.12,12588.74,0,EGP,4/4/2026
ORD-14026,CUST-922,PROD-62,BR-7,AG-10,4/4/2024,66246.3,Installments,13249.26,52997.04,12,0.2,4416.42,26498.52,0,EGP,4/4/2026
ORD-14027,CUST-382,PROD-104,BR-4,AG-20,2/16/2024,15424.39,Installments,3084.88,12339.51,12,0.2,1028.29,6169.76,0,EGP,4/4/2026
ORD-14028,CUST-688,PROD-93,BR-1,AG-23,3/24/2024,47834.09,Cash,47834.09,0,0,0,0,0,0,EGP,
ORD-14029,CUST-487,PROD-163,BR-5,AG-8,5/26/2024,59172.17,Installments,11834.43,47337.74,12,0.2,3944.81,23668.87,120,EGP,4/4/2026
ORD-14030,CUST-181,PROD-84,BR-8,AG-20,6/9/2024,74958.71,Installments,14991.74,59966.97,12,0.2,4997.25,29983.48,15,EGP,4/4/2026
ORD-14031,CUST-154,PROD-76,BR-1,AG-13,11/17/2024,32841.75,Installments,6568.35,26273.4,12,0.2,2189.45,13136.7,45,EGP,4/4/2026
ORD-14032,CUST-848,PROD-152,BR-3,AG-25,1/28/2025,12268.07,Installments,2453.61,9814.46,12,0.2,817.87,4907.23,0,EGP,1/1/1900
ORD-14033,CUST-375,PROD-148,BR-1,AG-24,8/12/2024,58151.66,Installments,11630.33,46521.33,12,0.2,3876.78,23260.66,0,EGP,4/4/2026
ORD-14034,CUST-620,PROD-132,BR-9,AG-18,2/2/2024,44663.24,Installments,8932.65,35730.59,12,0.2,2977.55,17865.3,0,EGP,4/4/2026
ORD-14035,CUST-530,PROD-177,BR-8,AG-8,10/8/2024,49121.58,Cash,49121.58,0,0,0,0,0,0,EGP,
ORD-14036,CUST-478,PROD-122,BR-2,AG-21,2/19/2024,60189.46,Cash,60189.46,0,0,0,0,0,0,EGP,
ORD-14037,CUST-987,PROD-181,BR-1,AG-2,8/22/2024,60742.18,Cash,60742.18,0,0,0,0,0,0,EGP,
ORD-14038,CUST-828,PROD-126,BR-7,AG-10,1/27/2025,43751.77,Installments,8750.35,35001.42,12,0.2,2916.78,17500.71,45,EGP,4/4/2026
ORD-14039,CUST-492,PROD-141,BR-4,AG-16,1/10/2024,26992.2,Cash,26992.2,0,0,0,0,0,0,EGP,
ORD-14040,CUST-320,PROD-144,BR-7,AG-4,6/16/2024,62439.94,Installments,12487.99,49951.95,12,0.2,4162.66,24975.98,0,Pound,4/4/2026
ORD-14041,CUST-449,PROD-75,BR-2,AG-15,7/2/2024,23788.6,Installments,4757.72,19030.88,12,0.2,1585.91,9515.44,0,EGP,4/4/2026
ORD-14042,CUST-138,PROD-93,BR-5,AG-3,1/31/2024,69710.75,Installments,13942.15,55768.6,12,0.2,4647.38,27884.3,0,EGP,1/1/1900
ORD-14043,CUST-733,PROD-150,BR-8,AG-8,1/19/2024,21689.64,Cash,21689.64,0,0,0,0,0,0,Pound,
ORD-14044,CUST-547,PROD-126,BR-9,AG-14,3/11/2024,21224.02,Installments,4244.8,16979.22,12,0.2,1414.93,8489.61,0,EGP,4/4/2026
ORD-14045,CUST-432,PROD-151,BR-7,AG-22,6/15/2024,55411.48,Installments,11082.3,44329.18,12,0.2,3694.1,22164.59,45,EGP,4/4/2026
ORD-14046,CUST-584,PROD-84,BR-2,AG-16,3/31/2024,82332.93,Installments,16466.59,65866.34,12,0.2,5488.86,32933.17,0,EGP,4/4/2026
ORD-14047,CUST-177,PROD-99,BR-1,AG-9,3/30/2024,67440.61,Installments,13488.12,53952.49,12,0.2,4496.04,26976.24,0,egp,4/4/2026
ORD-14048,CUST-362,PROD-103,BR-8,AG-18,1/20/2025,80651.21,Installments,16130.24,64520.97,12,0.2,5376.75,32260.48,0,EGP,4/4/2026
ORD-14049,CUST-455,PROD-104,BR-3,AG-10,7/14/2024,51770.01,Cash,51770.01,0,0,0,0,0,0,EGP,
ORD-14050,CUST-158,PROD-173,BR-5,AG-11,9/10/2024,64028.83,Installments,12805.77,51223.06,12,0.2,4268.59,25611.53,0,EGP,4/4/2026
ORD-14051,CUST-525,PROD-75,BR-5,AG-7,10/14/2024,19897.78,Installments,3979.56,15918.22,12,0.2,1326.52,7959.11,0,EGP,4/4/2026
ORD-14052,CUST-612,PROD-116,BR-3,AG-9,10/6/2024,79854.59,Installments,15970.92,63883.67,12,0.2,5323.64,31941.84,0,EGP,4/4/2026
ORD-14053,CUST-466,PROD-61,BR-10,AG-9,12/28/2024,86148.68,Installments,17229.74,68918.94,12,0.2,5743.25,34459.47,120,egp,4/4/2026
ORD-14054,CUST-930,PROD-90,BR-5,AG-12,2/11/2024,84542.9,Cash,84542.9,0,0,0,0,0,0,EGP,
ORD-14055,CUST-579,PROD-75,BR-10,AG-10,5/14/2024,73281.32,Cash,73281.32,0,0,0,0,0,0,EGP,
ORD-14056,CUST-306,PROD-184,BR-8,AG-25,9/29/2024,18119.91,Cash,18119.91,0,0,0,0,0,0,EGP,
ORD-14057,CUST-214,PROD-50,BR-3,AG-14,1/10/2024,59035.79,Installments,11807.16,47228.63,12,0.2,3935.72,23614.32,0,EGP,1/1/1900
ORD-14058,CUST-193,PROD-119,BR-10,AG-23,9/25/2024,28727.61,Cash,28727.61,0,0,0,0,0,0,egp,
ORD-14059,CUST-181,PROD-69,BR-7,AG-13,4/29/2024,59999.19,Installments,11999.84,47999.35,12,0.2,3999.95,23999.68,15,EGP,4/4/2026
ORD-14060,CUST-151,PROD-50,BR-3,AG-3,8/13/2024,29635.78,Installments,5927.16,23708.62,12,0.2,1975.72,11854.31,0,EGP,4/4/2026
ORD-14061,CUST-426,PROD-132,BR-5,AG-18,1/20/2025,41108.81,Cash,41108.81,0,0,0,0,0,0,EGP,
ORD-14062,CUST-370,PROD-197,BR-3,AG-1,6/4/2024,31265.12,Cash,31265.12,0,0,0,0,0,0,EGP,
ORD-14063,CUST-692,PROD-130,BR-7,AG-10,8/23/2024,11759.07,Installments,2351.81,9407.26,12,0.2,783.94,4703.63,45,EGP,4/4/2026
ORD-14064,CUST-794,PROD-192,BR-9,AG-1,5/20/2024,81153.77,Installments,16230.75,64923.02,12,0.2,5410.25,32461.51,0,Pound,4/4/2026
ORD-14065,CUST-536,PROD-198,BR-5,AG-1,7/1/2024,33878.16,Cash,33878.16,0,0,0,0,0,0,EGP,
ORD-14066,CUST-162,PROD-178,BR-10,AG-25,1/7/2025,64298.02,Cash,64298.02,0,0,0,0,0,0,EGP,
ORD-14067,CUST-241,PROD-105,BR-8,AG-16,3/7/2024,34885.93,Installments,6977.19,27908.74,12,0.2,2325.73,13954.37,0,EGP,4/4/2026
ORD-14068,CUST-278,PROD-182,BR-5,AG-20,1/25/2024,50921.72,Installments,10184.34,40737.38,12,0.2,3394.78,20368.69,0,EGP,4/4/2026
ORD-14069,CUST-536,PROD-178,BR-7,AG-18,3/22/2024,52542.09,Installments,10508.42,42033.67,12,0.2,3502.81,21016.84,0,EGP,4/4/2026
ORD-14070,CUST-181,PROD-107,BR-5,AG-3,12/31/2024,59523.77,Cash,59523.77,0,0,0,0,0,0,egp,
ORD-14071,CUST-399,PROD-74,BR-2,AG-25,8/13/2024,56549.31,Cash,56549.31,0,0,0,0,0,0,egp,
ORD-14072,CUST-847,PROD-143,BR-6,AG-17,5/29/2024,69886.36,Cash,69886.36,0,0,0,0,0,0,EGP,
ORD-14073,CUST-349,PROD-148,BR-6,AG-23,2/26/2024,23674.06,Installments,4734.81,18939.25,12,0.2,1578.27,9469.62,0,egp,4/4/2026
ORD-14074,CUST-303,PROD-128,BR-1,AG-21,7/30/2024,72543.78,Cash,72543.78,0,0,0,0,0,0,EGP,
ORD-14075,CUST-559,PROD-173,BR-5,AG-9,12/7/2024,70550.83,Cash,70550.83,0,0,0,0,0,0,EGP,
ORD-14076,CUST-881,PROD-170,BR-9,AG-20,6/27/2024,70492.48,Installments,14098.5,56393.98,12,0.2,4699.5,28196.99,0,EGP,4/4/2026
ORD-14077,CUST-991,PROD-89,BR-3,AG-9,2/4/2025,41722.42,Installments,8344.48,33377.94,12,0.2,2781.49,16688.97,45,EGP,4/4/2026
ORD-14078,CUST-650,PROD-140,BR-8,AG-20,5/18/2024,81574.17,Installments,16314.83,65259.34,12,0.2,5438.28,32629.67,0,egp,4/4/2026
ORD-14079,CUST-805,PROD-122,BR-6,AG-11,3/19/2024,86797.28,Installments,17359.46,69437.82,12,0.2,5786.49,34718.91,0,Pound,4/4/2026
ORD-14080,CUST-946,PROD-82,BR-2,AG-5,4/29/2024,16717.8,Cash,16717.8,0,0,0,0,0,0,EGP,
ORD-14081,CUST-742,PROD-77,BR-7,AG-8,12/16/2024,48104.03,Installments,9620.81,38483.22,12,0.2,3206.94,19241.61,15,egp,4/4/2026
ORD-14082,CUST-731,PROD-177,BR-3,AG-13,2/23/2024,84808.39,Installments,16961.68,67846.71,12,0.2,5653.89,33923.36,120,EGP,4/4/2026
ORD-14083,CUST-106,PROD-128,BR-1,AG-6,1/21/2024,83354.2,Installments,16670.84,66683.36,12,0.2,5556.95,33341.68,15,EGP,4/4/2026
ORD-14084,CUST-168,PROD-144,BR-7,AG-25,1/17/2024,81661.68,Installments,16332.34,65329.34,12,0.2,5444.11,32664.67,0,EGP,4/4/2026
ORD-14085,CUST-502,PROD-93,BR-4,AG-6,10/1/2024,83141.46,Installments,16628.29,66513.17,12,0.2,5542.76,33256.58,0,EGP,1/1/1900
ORD-14086,CUST-556,PROD-142,BR-8,AG-22,2/10/2024,86361.81,Installments,17272.36,69089.45,12,0.2,5757.45,34544.72,15,EGP,4/4/2026
ORD-14087,CUST-643,PROD-169,BR-6,AG-3,3/4/2024,42110.74,Cash,42110.74,0,0,0,0,0,0,EGP,
ORD-14088,CUST-880,PROD-124,BR-9,AG-21,12/30/2028,38918.39,Installments,7783.68,31134.71,12,0.2,2594.56,15567.36,0,EGP,4/4/2026
ORD-14089,CUST-450,PROD-77,BR-10,AG-12,10/12/2024,15342.12,Installments,3068.42,12273.7,12,0.2,1022.81,6136.85,45,EGP,4/4/2026
ORD-14090,CUST-229,PROD-57,BR-9,AG-8,3/11/2024,69782.06,Cash,69782.06,0,0,0,0,0,0,EGP,
ORD-14091,CUST-998,PROD-174,BR-5,AG-17,1/2/2024,32136.31,Installments,6427.26,25709.05,12,0.2,2142.42,12854.52,0,EGP,4/4/2026
ORD-14092,CUST-818,PROD-184,BR-6,AG-4,12/30/2028,87438.19,Installments,17487.64,69950.55,12,0.2,5829.21,34975.28,0,EGP,4/4/2026
ORD-14093,CUST-829,PROD-56,BR-8,AG-23,12/10/2024,36627.72,Cash,36627.72,0,0,0,0,0,0,EGP,
ORD-14094,CUST-979,PROD-188,BR-7,AG-15,5/3/2024,16486.25,Installments,3297.25,13189,12,0.2,0,6594.5,0,EGP,4/4/2026
ORD-14095,CUST-747,PROD-183,BR-3,AG-19,2/5/2024,59826.92,Installments,11965.38,47861.54,12,0.2,3988.46,23930.77,0,EGP,4/4/2026
ORD-14096,CUST-670,PROD-80,BR-5,AG-21,8/13/2024,80724.74,Installments,16144.95,64579.79,12,0.2,5381.65,32289.9,0,Pound,4/4/2026
ORD-14097,CUST-463,PROD-128,BR-9,AG-15,12/5/2024,48162.94,Installments,9632.59,38530.35,12,0.2,3210.86,19265.18,0,EGP,4/4/2026
ORD-14098,CUST-748,PROD-139,BR-9,AG-11,7/23/2024,63695.48,Installments,12739.1,50956.38,12,0.2,4246.37,25478.19,15,Pound,4/4/2026
ORD-14099,CUST-620,PROD-126,BR-7,AG-15,1/9/2024,74957.81,Cash,74957.81,0,0,0,0,0,0,EGP,
ORD-14100,CUST-793,PROD-58,BR-10,AG-13,4/1/2024,15674.72,Installments,3134.94,12539.78,12,0.2,1044.98,6269.89,0,EGP,4/4/2026
ORD-14101,CUST-930,PROD-138,BR-1,AG-12,4/6/2024,19626.8,Installments,3925.36,15701.44,12,0.2,1308.45,7850.72,15,EGP,4/4/2026
ORD-14102,CUST-812,PROD-187,BR-3,AG-9,4/3/2024,59999.02,Cash,59999.02,0,0,0,0,0,0,egp,
ORD-14103,CUST-591,PROD-154,BR-4,AG-17,7/27/2024,49944.44,Installments,9988.89,39955.55,12,0.2,3329.63,19977.78,0,EGP,4/4/2026
ORD-14104,CUST-397,PROD-144,BR-8,AG-16,6/5/2024,56816.1,Installments,11363.22,45452.88,12,0.2,3787.74,22726.44,0,EGP,4/4/2026
ORD-14105,CUST-926,PROD-117,BR-4,AG-25,1/8/2024,72153.82,Installments,14430.76,57723.06,12,0.2,4810.25,28861.53,15,egp,4/4/2026
ORD-14106,CUST-904,PROD-141,BR-6,AG-19,7/29/2024,11712.84,Installments,2342.57,9370.27,12,0.2,780.86,4685.14,45,EGP,4/4/2026
ORD-14107,CUST-391,PROD-197,BR-6,AG-15,12/4/2024,33460.85,Installments,6692.17,26768.68,12,0.2,2230.72,13384.34,0,EGP,4/4/2026
ORD-14108,CUST-117,PROD-130,BR-2,AG-4,6/24/2024,64005.98,Installments,12801.2,51204.78,12,0.2,4267.07,25602.39,0,EGP,1/1/1900
ORD-14109,CUST-791,PROD-73,BR-1,AG-10,12/8/2024,36173.41,Installments,7234.68,28938.73,12,0.2,2411.56,14469.36,0,EGP,4/4/2026
ORD-14110,CUST-341,PROD-116,BR-5,AG-11,3/5/2024,46573.84,Installments,9314.77,37259.07,12,0.2,3104.92,18629.54,0,egp,4/4/2026
ORD-14111,CUST-319,PROD-72,BR-5,AG-18,8/12/2024,11897.55,Installments,2379.51,9518.04,12,0.2,793.17,4759.02,120,EGP,4/4/2026
ORD-14112,CUST-444,PROD-93,BR-1,AG-14,3/24/2024,19009.03,Cash,19009.03,0,0,0,0,0,0,EGP,
ORD-14113,CUST-542,PROD-77,BR-10,AG-1,1/26/2025,75010.56,Cash,75010.56,0,0,0,0,0,0,EGP,
ORD-14114,CUST-111,PROD-114,BR-2,AG-16,9/5/2024,11591.42,Installments,2318.28,9273.14,12,0.2,0,4636.57,15,EGP,4/4/2026
ORD-14115,CUST-737,PROD-170,BR-1,AG-13,12/5/2024,84959.43,Installments,16991.89,67967.54,12,0.2,5663.96,33983.77,0,Pound,4/4/2026
ORD-14116,CUST-182,PROD-168,BR-2,AG-19,9/2/2024,74807.74,Cash,74807.74,0,0,0,0,0,0,EGP,
ORD-14117,CUST-318,PROD-128,BR-8,AG-16,3/26/2024,54530.4,Installments,10906.08,43624.32,12,0.2,3635.36,21812.16,0,EGP,4/4/2026
ORD-14118,CUST-456,PROD-186,BR-5,AG-16,12/10/2024,41811.91,Cash,41811.91,0,0,0,0,0,0,EGP,
ORD-14119,CUST-676,PROD-144,BR-3,AG-20,9/23/2024,62057.76,Installments,12411.55,49646.21,12,0.2,4137.18,24823.1,120,EGP,4/4/2026
ORD-14120,CUST-756,PROD-191,BR-4,AG-24,12/3/2024,86803.86,Installments,17360.77,69443.09,12,0.2,5786.92,34721.54,0,EGP,4/4/2026
ORD-14121,CUST-158,PROD-192,BR-6,AG-7,7/3/2024,73498.32,Installments,14699.66,58798.66,12,0.2,4899.89,29399.33,0,EGP,4/4/2026
ORD-14122,CUST-462,PROD-111,BR-6,AG-4,6/8/2024,51768.76,Installments,10353.75,41415.01,12,0.2,3451.25,20707.5,0,EGP,4/4/2026
ORD-14123,CUST-766,PROD-74,BR-7,AG-17,5/26/2024,14323.39,Installments,2864.68,11458.71,12,0.2,954.89,5729.36,0,EGP,4/4/2026
ORD-14124,CUST-271,PROD-75,BR-6,AG-4,3/31/2024,34828.61,Cash,34828.61,0,0,0,0,0,0,Pound,
ORD-14125,CUST-404,PROD-195,BR-5,AG-9,12/30/2028,89063.97,Cash,89063.97,0,0,0,0,0,0,EGP,
ORD-14126,CUST-817,PROD-99,BR-1,AG-24,7/24/2024,12468.68,Cash,12468.68,0,0,0,0,0,0,EGP,
ORD-14127,CUST-843,PROD-74,BR-4,AG-16,12/2/2024,39317.42,Installments,7863.48,31453.94,12,0.2,2621.16,15726.97,0,EGP,4/4/2026
ORD-14128,CUST-983,PROD-65,BR-6,AG-18,11/28/2024,15062.35,Installments,3012.47,12049.88,12,0.2,1004.16,6024.94,45,EGP,4/4/2026
ORD-14129,CUST-866,PROD-184,BR-2,AG-6,9/17/2024,61658.1,Installments,12331.62,49326.48,12,0.2,4110.54,24663.24,0,EGP,4/4/2026
ORD-14130,CUST-479,PROD-144,BR-5,AG-13,2/11/2024,86216.06,Cash,86216.06,0,0,0,0,0,0,EGP,
ORD-14131,CUST-127,PROD-68,BR-7,AG-7,5/15/2024,77435.22,Installments,15487.04,61948.18,12,0.2,5162.35,30974.09,0,EGP,4/4/2026
ORD-14132,CUST-315,PROD-58,BR-8,AG-10,7/8/2024,38270.84,Cash,38270.84,0,0,0,0,0,0,EGP,
ORD-14133,CUST-852,PROD-52,BR-1,AG-5,10/26/2024,51178.59,Installments,10235.72,40942.87,12,0.2,3411.91,20471.44,45,EGP,4/4/2026
ORD-14134,CUST-690,PROD-97,BR-6,AG-14,8/9/2024,54803.07,Installments,10960.61,43842.46,12,0.2,3653.54,21921.23,0,EGP,4/4/2026
ORD-14135,CUST-806,PROD-163,BR-9,AG-22,5/17/2024,79931.5,Installments,15986.3,63945.2,12,0.2,5328.77,31972.6,0,Pound,4/4/2026
ORD-14136,CUST-200,PROD-96,BR-4,AG-13,2/10/2024,77997.37,Installments,15599.47,62397.9,12,0.2,5199.82,31198.95,0,EGP,4/4/2026
ORD-14137,CUST-371,PROD-180,BR-3,AG-19,6/11/2024,80016.73,Installments,16003.35,64013.38,12,0.2,5334.45,32006.69,0,EGP,4/4/2026
ORD-14138,CUST-750,PROD-185,BR-2,AG-10,3/13/2024,11301.72,Cash,11301.72,0,0,0,0,0,0,EGP,
ORD-14139,CUST-505,PROD-117,BR-10,AG-19,1/2/2024,81161.21,Cash,81161.21,0,0,0,0,0,0,EGP,
ORD-14140,CUST-171,PROD-154,BR-7,AG-14,4/14/2024,17624.08,Installments,3524.82,14099.26,12,0.2,1174.94,7049.63,0,Pound,4/4/2026
ORD-14141,CUST-596,PROD-87,BR-3,AG-9,12/30/2028,33214.95,Installments,6642.99,26571.96,12,0.2,2214.33,13285.98,0,EGP,1/1/1900
ORD-14142,CUST-230,PROD-200,BR-9,AG-22,12/19/2024,85178.95,Installments,17035.79,68143.16,12,0.2,5678.6,34071.58,0,EGP,4/4/2026
ORD-14143,CUST-878,PROD-127,BR-1,AG-9,8/10/2024,62576.63,Cash,62576.63,0,0,0,0,0,0,EGP,
ORD-14144,CUST-939,PROD-154,BR-8,AG-25,2/15/2024,63452.4,Cash,63452.4,0,0,0,0,0,0,EGP,
ORD-14145,CUST-828,PROD-78,BR-9,AG-15,7/7/2024,44669.7,Installments,8933.94,35735.76,12,0.2,2977.98,17867.88,0,EGP,4/4/2026
ORD-14146,CUST-564,PROD-119,BR-3,AG-14,6/24/2024,12886.36,Cash,12886.36,0,0,0,0,0,0,EGP,
ORD-14147,CUST-597,PROD-143,BR-5,AG-17,2/17/2024,46986.75,Installments,9397.35,37589.4,12,0.2,3132.45,18794.7,0,EGP,4/4/2026
ORD-14148,CUST-253,PROD-149,BR-5,AG-24,1/29/2025,48444.06,Installments,9688.81,38755.25,12,0.2,3229.6,19377.62,0,Pound,4/4/2026
ORD-14149,CUST-187,PROD-196,BR-3,AG-16,5/14/2024,46248.01,Cash,46248.01,0,0,0,0,0,0,EGP,
ORD-14150,CUST-959,PROD-104,BR-7,AG-23,4/22/2024,48737.83,Installments,9747.57,38990.26,12,0.2,3249.19,19495.13,0,EGP,4/4/2026
ORD-14151,CUST-754,PROD-65,BR-5,AG-10,12/23/2024,85367.69,Installments,17073.54,68294.15,12,0.2,5691.18,34147.08,0,EGP,4/4/2026
ORD-14152,CUST-791,PROD-112,BR-7,AG-25,4/30/2024,79225.05,Cash,79225.05,0,0,0,0,0,0,Pound,
ORD-14153,CUST-562,PROD-98,BR-7,AG-15,6/13/2024,14869.91,Installments,2973.98,11895.93,12,0.2,991.33,5947.96,0,EGP,4/4/2026
ORD-14154,CUST-561,PROD-129,BR-7,AG-22,3/4/2024,54966.22,Installments,10993.24,43972.98,12,0.2,3664.41,21986.49,0,EGP,4/4/2026
ORD-14155,CUST-697,PROD-102,BR-3,AG-11,12/30/2028,88297.03,Installments,17659.41,70637.62,12,0.2,5886.47,35318.81,0,EGP,4/4/2026
ORD-14156,CUST-106,PROD-95,BR-3,AG-20,12/23/2024,24725.62,Installments,4945.12,19780.5,12,0.2,1648.37,9890.25,0,EGP,4/4/2026
ORD-14157,CUST-153,PROD-183,BR-5,AG-4,12/30/2028,26582.73,Cash,26582.73,0,0,0,0,0,0,egp,
ORD-14158,CUST-141,PROD-191,BR-4,AG-10,6/1/2024,80758.28,Installments,16151.66,64606.62,12,0.2,5383.89,32303.31,45,EGP,4/4/2026
ORD-14159,CUST-817,PROD-153,BR-5,AG-21,5/5/2024,28259.12,Installments,5651.82,22607.3,12,0.2,1883.94,11303.65,0,egp,4/4/2026
ORD-14160,CUST-176,PROD-128,BR-2,AG-2,5/25/2024,45291.19,Installments,9058.24,36232.95,12,0.2,3019.41,18116.48,0,EGP,4/4/2026
ORD-14161,CUST-814,PROD-175,BR-2,AG-16,12/20/2024,38696.55,Cash,38696.55,0,0,0,0,0,0,EGP,
ORD-14162,CUST-267,PROD-148,BR-10,AG-6,4/12/2024,68479.73,Installments,13695.95,54783.78,12,0.2,4565.32,27391.89,45,EGP,4/4/2026
ORD-14163,CUST-111,PROD-128,BR-3,AG-16,6/4/2024,57643,Installments,11528.6,46114.4,12,0.2,3842.87,23057.2,0,Pound,4/4/2026
ORD-14164,CUST-462,PROD-86,BR-4,AG-13,3/31/2024,70237.15,Installments,14047.43,56189.72,12,0.2,4682.48,28094.86,15,EGP,4/4/2026
ORD-14165,CUST-744,PROD-169,BR-8,AG-8,12/10/2024,39456.81,Cash,39456.81,0,0,0,0,0,0,EGP,
ORD-14166,CUST-268,PROD-176,BR-8,AG-4,5/12/2024,22377.59,Installments,4475.52,17902.07,12,0.2,1491.84,8951.04,0,EGP,4/4/2026
ORD-14167,CUST-867,PROD-181,BR-1,AG-21,1/7/2025,23159.9,Installments,4631.98,18527.92,12,0.2,1543.99,9263.96,45,EGP,4/4/2026
ORD-14168,CUST-302,PROD-50,BR-3,AG-10,2/24/2024,64507.11,Installments,12901.42,51605.69,12,0.2,4300.47,25802.84,0,EGP,4/4/2026
ORD-14169,CUST-476,PROD-91,BR-10,AG-19,12/17/2024,70123.4,Installments,14024.68,56098.72,12,0.2,4674.89,28049.36,0,EGP,4/4/2026
ORD-14170,CUST-288,PROD-180,BR-1,AG-13,12/16/2024,82429.17,Installments,16485.83,65943.34,12,0.2,5495.28,32971.67,0,EGP,4/4/2026
ORD-14171,CUST-114,PROD-68,BR-5,AG-7,12/30/2028,57324.04,Installments,11464.81,45859.23,12,0.2,3821.6,22929.62,0,Pound,4/4/2026
ORD-14172,CUST-206,PROD-83,BR-5,AG-9,1/22/2024,41480.15,Cash,41480.15,0,0,0,0,0,0,EGP,
ORD-14173,CUST-403,PROD-147,BR-9,AG-12,3/1/2024,21870.08,Installments,4374.02,17496.06,12,0.2,1458.01,8748.03,15,EGP,4/4/2026
ORD-14174,CUST-492,PROD-144,BR-7,AG-1,2/5/2024,47116.71,Cash,47116.71,0,0,0,0,0,0,EGP,
ORD-14175,CUST-734,PROD-122,BR-3,AG-15,12/19/2024,78801.31,Installments,15760.26,63041.05,12,0.2,5253.42,31520.52,0,EGP,4/4/2026
ORD-14176,CUST-408,PROD-53,BR-1,AG-7,12/14/2024,71824.71,Cash,71824.71,0,0,0,0,0,0,EGP,
ORD-14177,CUST-609,PROD-173,BR-5,AG-24,1/23/2024,27117.9,Installments,5423.58,21694.32,12,0.2,0,10847.16,0,EGP,4/4/2026
ORD-14178,CUST-848,PROD-125,BR-4,AG-20,8/12/2024,49258.55,Installments,9851.71,39406.84,12,0.2,3283.9,19703.42,15,EGP,4/4/2026
ORD-14179,CUST-598,PROD-139,BR-6,AG-13,11/7/2024,33825.01,Installments,6765,27060.01,12,0.2,2255,13530,15,EGP,4/4/2026
ORD-14180,CUST-881,PROD-180,BR-3,AG-21,12/20/2024,27942.67,Cash,27942.67,0,0,0,0,0,0,EGP,
ORD-14181,CUST-126,PROD-189,BR-9,AG-7,7/14/2024,12023.73,Installments,2404.75,9618.98,12,0.2,801.58,4809.49,0,EGP,4/4/2026
ORD-14182,CUST-793,PROD-141,BR-10,AG-2,9/24/2024,38006.48,Cash,38006.48,0,0,0,0,0,0,egp,
ORD-14183,CUST-427,PROD-75,BR-8,AG-25,1/28/2025,29036.98,Installments,5807.4,23229.58,12,0.2,1935.8,11614.79,0,EGP,4/4/2026
ORD-14184,CUST-965,PROD-154,BR-9,AG-5,5/13/2024,45527.16,Cash,45527.16,0,0,0,0,0,0,EGP,
ORD-14185,CUST-809,PROD-181,BR-6,AG-2,3/29/2024,34380.35,Installments,6876.07,27504.28,12,0.2,2292.02,13752.14,45,EGP,4/4/2026
ORD-14186,CUST-712,PROD-168,BR-2,AG-8,7/18/2024,76663.67,Installments,15332.73,61330.94,12,0.2,5110.91,30665.47,0,EGP,1/1/1900
ORD-14187,CUST-336,PROD-129,BR-7,AG-16,8/28/2024,25968.38,Installments,5193.68,20774.7,12,0.2,1731.23,10387.35,0,EGP,4/4/2026
ORD-14188,CUST-592,PROD-119,BR-4,AG-17,9/13/2024,11513.77,Installments,2302.75,9211.02,12,0.2,767.58,4605.51,0,egp,4/4/2026
ORD-14189,CUST-722,PROD-64,BR-4,AG-25,1/1/2025,58235.79,Cash,58235.79,0,0,0,0,0,0,EGP,
ORD-14190,CUST-862,PROD-84,BR-4,AG-25,2/12/2024,47847.37,Cash,47847.37,0,0,0,0,0,0,EGP,
ORD-14191,CUST-158,PROD-60,BR-2,AG-3,5/15/2024,38241.41,Cash,38241.41,0,0,0,0,0,0,EGP,
ORD-14192,CUST-595,PROD-192,BR-4,AG-1,7/29/2024,70391.39,Installments,14078.28,56313.11,12,0.2,0,28156.56,0,Pound,4/4/2026
ORD-14193,CUST-262,PROD-101,BR-2,AG-19,12/11/2024,64959.43,Installments,12991.89,51967.54,12,0.2,4330.63,25983.77,45,EGP,4/4/2026
ORD-14194,CUST-136,PROD-65,BR-1,AG-22,3/8/2024,17670.59,Installments,3534.12,14136.47,12,0.2,1178.04,7068.24,45,EGP,4/4/2026
ORD-14195,CUST-301,PROD-103,BR-4,AG-7,4/13/2024,47769,Installments,9553.8,38215.2,12,0.2,3184.6,19107.6,0,EGP,4/4/2026
ORD-14196,CUST-304,PROD-142,BR-6,AG-12,3/24/2024,89838.45,Installments,17967.69,71870.76,12,0.2,5989.23,35935.38,0,Pound,4/4/2026
ORD-14197,CUST-814,PROD-168,BR-3,AG-6,11/13/2024,50569.57,Installments,10113.91,40455.66,12,0.2,3371.3,20227.83,0,EGP,4/4/2026
ORD-14198,CUST-601,PROD-180,BR-1,AG-2,8/7/2024,39995.68,Installments,7999.14,31996.54,12,0.2,2666.38,15998.27,0,EGP,4/4/2026
ORD-14199,CUST-314,PROD-181,BR-5,AG-11,8/31/2024,51478.31,Installments,10295.66,41182.65,12,0.2,3431.89,20591.32,15,EGP,4/4/2026
ORD-14200,CUST-483,PROD-108,BR-7,AG-6,1/5/2024,71731.5,Installments,14346.3,57385.2,12,0.2,4782.1,28692.6,45,Pound,4/4/2026
ORD-14201,CUST-948,PROD-84,BR-8,AG-8,9/13/2024,34819.46,Installments,6963.89,27855.57,12,0.2,2321.3,13927.78,0,EGP,4/4/2026
ORD-14202,CUST-592,PROD-61,BR-6,AG-13,10/17/2024,71654.51,Installments,14330.9,57323.61,12,0.2,4776.97,28661.8,0,EGP,4/4/2026
ORD-14203,CUST-152,PROD-147,BR-4,AG-4,10/6/2024,53157.92,Installments,10631.58,42526.34,12,0.2,3543.86,21263.17,0,EGP,4/4/2026
ORD-14204,CUST-716,PROD-197,BR-5,AG-1,10/11/2024,68426.17,Cash,68426.17,0,0,0,0,0,0,EGP,
ORD-14205,CUST-446,PROD-82,BR-3,AG-15,12/21/2024,88784.4,Cash,88784.4,0,0,0,0,0,0,egp,
ORD-14206,CUST-173,PROD-97,BR-3,AG-7,7/15/2024,83080.26,Cash,83080.26,0,0,0,0,0,0,EGP,
ORD-14207,CUST-379,PROD-178,BR-3,AG-10,2/28/2024,18400.19,Installments,3680.04,14720.15,12,0.2,0,7360.08,0,EGP,4/4/2026
ORD-14208,CUST-379,PROD-111,BR-10,AG-8,10/18/2024,67865.07,Cash,67865.07,0,0,0,0,0,0,egp,
ORD-14209,CUST-422,PROD-114,BR-9,AG-7,6/30/2024,18747.18,Installments,3749.44,14997.74,12,0.2,1249.81,7498.87,0,EGP,4/4/2026
ORD-14210,CUST-580,PROD-165,BR-3,AG-22,4/9/2024,85536.38,Cash,85536.38,0,0,0,0,0,0,EGP,
ORD-14211,CUST-577,PROD-174,BR-6,AG-3,6/21/2024,19438.91,Installments,3887.78,15551.13,12,0.2,1295.93,7775.56,0,egp,4/4/2026
ORD-14212,CUST-813,PROD-143,BR-6,AG-16,1/31/2024,19459.16,Cash,19459.16,0,0,0,0,0,0,EGP,
ORD-14213,CUST-869,PROD-69,BR-6,AG-9,7/18/2024,77890.31,Installments,15578.06,62312.25,12,0.2,5192.69,31156.12,0,EGP,4/4/2026
ORD-14214,CUST-728,PROD-147,BR-8,AG-4,6/18/2024,45210.21,Installments,9042.04,36168.17,12,0.2,3014.01,18084.08,15,EGP,4/4/2026
ORD-14215,CUST-351,PROD-127,BR-3,AG-6,5/20/2024,31720.2,Installments,6344.04,25376.16,12,0.2,2114.68,12688.08,0,EGP,4/4/2026
ORD-14216,CUST-253,PROD-100,BR-4,AG-3,9/16/2024,59963.08,Cash,59963.08,0,0,0,0,0,0,EGP,
ORD-14217,CUST-788,PROD-66,BR-4,AG-6,10/14/2024,28463.1,Installments,5692.62,22770.48,12,0.2,1897.54,11385.24,0,EGP,4/4/2026
ORD-14218,CUST-124,PROD-176,BR-8,AG-11,11/27/2024,46798.88,Installments,9359.78,37439.1,12,0.2,3119.93,18719.55,0,EGP,4/4/2026
ORD-14219,CUST-940,PROD-180,BR-4,AG-3,4/12/2024,25132.02,Cash,25132.02,0,0,0,0,0,0,EGP,
ORD-14220,CUST-195,PROD-71,BR-8,AG-19,9/3/2024,16647.41,Installments,3329.48,13317.93,12,0.2,1109.83,6658.96,0,EGP,4/4/2026
ORD-14221,CUST-735,PROD-140,BR-4,AG-23,12/4/2024,25946.69,Cash,25946.69,0,0,0,0,0,0,EGP,
ORD-14222,CUST-603,PROD-63,BR-10,AG-1,2/28/2024,13797.58,Cash,13797.58,0,0,0,0,0,0,EGP,
ORD-14223,CUST-511,PROD-81,BR-3,AG-8,7/12/2024,31288.32,Cash,31288.32,0,0,0,0,0,0,EGP,
ORD-14224,CUST-863,PROD-65,BR-7,AG-20,3/7/2024,69577.13,Installments,13915.43,55661.7,12,0.2,4638.48,27830.85,0,EGP,4/4/2026
ORD-14225,CUST-641,PROD-110,BR-7,AG-9,6/29/2024,11089.06,Installments,2217.81,8871.25,12,0.2,739.27,4435.62,15,EGP,4/4/2026
ORD-14226,CUST-359,PROD-107,BR-8,AG-12,11/19/2024,69131.44,Cash,69131.44,0,0,0,0,0,0,EGP,
ORD-14227,CUST-616,PROD-127,BR-8,AG-5,12/2/2024,11878.7,Installments,2375.74,9502.96,12,0.2,791.91,4751.48,15,EGP,4/4/2026
ORD-14228,CUST-314,PROD-144,BR-9,AG-13,8/2/2024,46428.37,Cash,46428.37,0,0,0,0,0,0,EGP,
ORD-14229,CUST-698,PROD-56,BR-6,AG-13,10/14/2024,16519.71,Installments,3303.94,13215.77,12,0.2,1101.31,6607.88,0,EGP,4/4/2026
ORD-14230,CUST-974,PROD-88,BR-9,AG-18,8/8/2024,17485.97,Installments,3497.19,13988.78,12,0.2,1165.73,6994.39,45,egp,4/4/2026
ORD-14231,CUST-689,PROD-164,BR-4,AG-4,10/30/2024,42681.05,Cash,42681.05,0,0,0,0,0,0,EGP,
ORD-14232,CUST-464,PROD-179,BR-5,AG-4,2/8/2024,31175.05,Installments,6235.01,24940.04,12,0.2,2078.34,12470.02,0,EGP,4/4/2026
ORD-14233,CUST-279,PROD-146,BR-8,AG-18,1/22/2024,27505.78,Installments,5501.16,22004.62,12,0.2,1833.72,11002.31,15,EGP,4/4/2026
ORD-14234,CUST-758,PROD-120,BR-4,AG-11,4/19/2024,43122.14,Installments,8624.43,34497.71,12,0.2,2874.81,17248.86,15,Pound,4/4/2026
ORD-14235,CUST-794,PROD-124,BR-5,AG-25,3/13/2024,42284.08,Installments,8456.82,33827.26,12,0.2,2818.94,16913.63,0,EGP,4/4/2026
ORD-14236,CUST-692,PROD-151,BR-9,AG-25,3/9/2024,51266.5,Cash,51266.5,0,0,0,0,0,0,EGP,
ORD-14237,CUST-806,PROD-172,BR-1,AG-9,4/6/2024,29969.08,Cash,29969.08,0,0,0,0,0,0,Pound,
ORD-14238,CUST-501,PROD-92,BR-6,AG-8,7/9/2024,72386.53,Installments,14477.31,57909.22,12,0.2,4825.77,28954.61,0,EGP,4/4/2026
ORD-14239,CUST-131,PROD-82,BR-2,AG-14,2/17/2024,19215.09,Installments,3843.02,15372.07,12,0.2,1281.01,7686.04,0,EGP,4/4/2026
ORD-14240,CUST-817,PROD-186,BR-1,AG-25,6/10/2024,14095.49,Cash,14095.49,0,0,0,0,0,0,EGP,
ORD-14241,CUST-295,PROD-54,BR-5,AG-20,11/9/2024,54904.55,Installments,10980.91,43923.64,12,0.2,3660.3,21961.82,0,EGP,4/4/2026
ORD-14242,CUST-227,PROD-94,BR-4,AG-18,7/5/2024,63519.33,Installments,12703.87,50815.46,12,0.2,4234.62,25407.73,0,EGP,4/4/2026
ORD-14243,CUST-119,PROD-138,BR-6,AG-12,12/4/2024,45953.81,Cash,45953.81,0,0,0,0,0,0,EGP,
ORD-14244,CUST-875,PROD-196,BR-3,AG-8,8/2/2024,58199.7,Installments,11639.94,46559.76,12,0.2,3879.98,23279.88,15,EGP,4/4/2026
ORD-14245,CUST-315,PROD-135,BR-8,AG-14,3/29/2024,63664.75,Installments,12732.95,50931.8,12,0.2,4244.32,25465.9,0,EGP,4/4/2026
ORD-14246,CUST-814,PROD-85,BR-7,AG-15,9/4/2024,46453.55,Installments,9290.71,37162.84,12,0.2,3096.9,18581.42,0,EGP,4/4/2026
ORD-14247,CUST-544,PROD-145,BR-3,AG-25,12/4/2024,73490.37,Installments,14698.07,58792.3,12,0.2,4899.36,29396.15,15,EGP,4/4/2026
ORD-14248,CUST-466,PROD-59,BR-3,AG-13,5/6/2024,42208.93,Installments,8441.79,33767.14,12,0.2,2813.93,16883.57,0,EGP,4/4/2026
ORD-14249,CUST-395,PROD-147,BR-3,AG-15,9/20/2024,16745.87,Installments,3349.17,13396.7,12,0.2,1116.39,6698.35,0,EGP,4/4/2026
ORD-14250,CUST-285,PROD-120,BR-7,AG-21,9/19/2024,60265.37,Cash,60265.37,0,0,0,0,0,0,EGP,
ORD-14251,CUST-437,PROD-122,BR-10,AG-1,12/10/2024,37756.54,Cash,37756.54,0,0,0,0,0,0,EGP,
ORD-14252,CUST-163,PROD-173,BR-7,AG-25,2/17/2024,44082.06,Installments,8816.41,35265.65,12,0.2,2938.8,17632.82,120,EGP,4/4/2026
ORD-14253,CUST-762,PROD-80,BR-3,AG-18,12/3/2024,69783.99,Installments,13956.8,55827.19,12,0.2,4652.27,27913.6,0,Pound,4/4/2026
ORD-14254,CUST-426,PROD-160,BR-6,AG-20,8/4/2024,73396.66,Cash,73396.66,0,0,0,0,0,0,EGP,
ORD-14255,CUST-291,PROD-167,BR-7,AG-8,7/31/2024,51498.99,Installments,10299.8,41199.19,12,0.2,3433.27,20599.6,0,EGP,4/4/2026
ORD-14256,CUST-706,PROD-173,BR-1,AG-3,10/10/2024,59751.45,Installments,11950.29,47801.16,12,0.2,3983.43,23900.58,0,EGP,4/4/2026
ORD-14257,CUST-342,PROD-189,BR-4,AG-4,6/14/2024,78572.79,Installments,15714.56,62858.23,12,0.2,5238.19,31429.12,0,EGP,4/4/2026
ORD-14258,CUST-589,PROD-160,BR-4,AG-8,12/8/2024,74948.04,Installments,14989.61,59958.43,12,0.2,4996.54,29979.22,0,EGP,4/4/2026
ORD-14259,CUST-677,PROD-191,BR-1,AG-15,2/11/2024,28650.92,Cash,28650.92,0,0,0,0,0,0,EGP,
ORD-14260,CUST-161,PROD-73,BR-5,AG-25,1/14/2025,20927.49,Installments,4185.5,16741.99,12,0.2,1395.17,8371,45,EGP,4/4/2026
ORD-14261,CUST-705,PROD-116,BR-5,AG-18,6/2/2024,24836.22,Installments,4967.24,19868.98,12,0.2,1655.75,9934.49,0,egp,4/4/2026
ORD-14262,CUST-182,PROD-72,BR-5,AG-2,11/3/2024,36570.62,Cash,36570.62,0,0,0,0,0,0,EGP,
ORD-14263,CUST-628,PROD-146,BR-7,AG-18,3/24/2024,21843.33,Cash,21843.33,0,0,0,0,0,0,EGP,
ORD-14264,CUST-644,PROD-110,BR-6,AG-16,10/10/2024,64644.69,Installments,12928.94,51715.75,12,0.2,4309.65,25857.88,0,egp,4/4/2026
ORD-14265,CUST-321,PROD-156,BR-1,AG-10,8/15/2024,39725.57,Cash,39725.57,0,0,0,0,0,0,EGP,
ORD-14266,CUST-189,PROD-175,BR-4,AG-23,2/1/2025,49736.26,Installments,9947.25,39789.01,12,0.2,3315.75,19894.5,0,EGP,4/4/2026
ORD-14267,CUST-324,PROD-153,BR-6,AG-3,2/3/2025,87273.01,Cash,87273.01,0,0,0,0,0,0,EGP,
ORD-14268,CUST-407,PROD-172,BR-8,AG-4,9/17/2024,55421.26,Installments,11084.25,44337.01,12,0.2,3694.75,22168.5,45,EGP,4/4/2026
ORD-14269,CUST-660,PROD-57,BR-2,AG-8,3/17/2024,51579.07,Cash,51579.07,0,0,0,0,0,0,egp,
ORD-14270,CUST-971,PROD-67,BR-5,AG-12,8/12/2024,56652.39,Cash,56652.39,0,0,0,0,0,0,EGP,
ORD-14271,CUST-476,PROD-180,BR-6,AG-8,11/16/2024,59372.24,Installments,11874.45,47497.79,12,0.2,3958.15,23748.9,120,Pound,4/4/2026
ORD-14272,CUST-960,PROD-110,BR-6,AG-11,2/4/2024,55381.05,Cash,55381.05,0,0,0,0,0,0,EGP,
ORD-14273,CUST-859,PROD-119,BR-6,AG-14,2/23/2024,13925.97,Cash,13925.97,0,0,0,0,0,0,EGP,
ORD-14274,CUST-779,PROD-65,BR-8,AG-12,11/25/2024,14275.41,Cash,14275.41,0,0,0,0,0,0,EGP,
ORD-14275,CUST-507,PROD-125,BR-9,AG-7,4/2/2024,15210.04,Installments,3042.01,12168.03,12,0.2,1014,6084.02,45,EGP,4/4/2026
ORD-14276,CUST-606,PROD-156,BR-3,AG-4,1/12/2024,65112.93,Installments,13022.59,52090.34,12,0.2,4340.86,26045.17,15,EGP,4/4/2026
ORD-14277,CUST-226,PROD-155,BR-2,AG-17,11/21/2024,35939.17,Cash,35939.17,0,0,0,0,0,0,EGP,
ORD-14278,CUST-345,PROD-199,BR-6,AG-10,4/19/2024,65345.94,Installments,13069.19,52276.75,12,0.2,4356.4,26138.38,0,EGP,4/4/2026
ORD-14279,CUST-380,PROD-126,BR-7,AG-20,2/18/2024,53068.37,Installments,10613.67,42454.7,12,0.2,3537.89,21227.35,0,EGP,4/4/2026
ORD-14280,CUST-837,PROD-105,BR-4,AG-8,11/27/2024,46405.34,Installments,9281.07,37124.27,12,0.2,3093.69,18562.14,15,EGP,4/4/2026
ORD-14281,CUST-786,PROD-141,BR-5,AG-2,12/24/2024,68241.46,Installments,13648.29,54593.17,12,0.2,4549.43,27296.58,0,EGP,4/4/2026
ORD-14282,CUST-517,PROD-77,BR-1,AG-8,4/20/2024,83648.75,Installments,16729.75,66919,12,0.2,5576.58,33459.5,0,EGP,1/1/1900
ORD-14283,CUST-930,PROD-116,BR-10,AG-10,6/26/2024,34839.71,Installments,6967.94,27871.77,12,0.2,2322.65,13935.88,0,EGP,4/4/2026
ORD-14284,CUST-708,PROD-154,BR-1,AG-14,10/5/2024,60589.99,Cash,60589.99,0,0,0,0,0,0,EGP,
ORD-14285,CUST-505,PROD-152,BR-1,AG-4,11/17/2024,30552.95,Installments,6110.59,24442.36,12,0.2,2036.86,12221.18,45,EGP,4/4/2026
ORD-14286,CUST-427,PROD-182,BR-3,AG-3,3/2/2024,78066.61,Cash,78066.61,0,0,0,0,0,0,Pound,
ORD-14287,CUST-182,PROD-186,BR-1,AG-8,8/7/2024,23676.02,Installments,4735.2,18940.82,12,0.2,1578.4,9470.41,0,EGP,4/4/2026
ORD-14288,CUST-125,PROD-110,BR-7,AG-16,9/3/2024,25000.93,Installments,5000.19,20000.74,12,0.2,1666.73,10000.37,15,EGP,4/4/2026
ORD-14289,CUST-996,PROD-71,BR-10,AG-11,9/8/2024,64650.16,Installments,12930.03,51720.13,12,0.2,4310.01,25860.06,0,EGP,4/4/2026
ORD-14290,CUST-548,PROD-162,BR-5,AG-4,11/14/2024,29551.18,Installments,5910.24,23640.94,12,0.2,1970.08,11820.47,45,EGP,4/4/2026
ORD-14291,CUST-555,PROD-56,BR-7,AG-16,8/12/2024,48105.68,Installments,9621.14,38484.54,12,0.2,3207.05,19242.27,45,egp,4/4/2026
ORD-14292,CUST-204,PROD-55,BR-1,AG-4,2/6/2024,48294.03,Cash,48294.03,0,0,0,0,0,0,EGP,
ORD-14293,CUST-333,PROD-118,BR-3,AG-18,7/29/2024,49028.77,Installments,9805.75,39223.02,12,0.2,3268.58,19611.51,0,EGP,4/4/2026
ORD-14294,CUST-490,PROD-57,BR-10,AG-1,7/1/2024,23285.31,Cash,23285.31,0,0,0,0,0,0,EGP,
ORD-14295,CUST-622,PROD-75,BR-2,AG-9,5/21/2024,53950.55,Installments,10790.11,43160.44,12,0.2,3596.7,21580.22,0,EGP,4/4/2026
ORD-14296,CUST-810,PROD-118,BR-3,AG-3,1/7/2025,43297.45,Cash,43297.45,0,0,0,0,0,0,EGP,
ORD-14297,CUST-308,PROD-54,BR-10,AG-4,10/11/2024,65453.08,Cash,65453.08,0,0,0,0,0,0,EGP,
ORD-14298,CUST-306,PROD-104,BR-8,AG-14,12/29/2024,52340.66,Installments,10468.13,41872.53,12,0.2,3489.38,20936.26,45,EGP,4/4/2026
ORD-14299,CUST-729,PROD-196,BR-9,AG-19,1/14/2025,47352.56,Installments,9470.51,37882.05,12,0.2,3156.84,18941.02,0,Pound,4/4/2026
ORD-14300,CUST-239,PROD-55,BR-5,AG-1,8/3/2024,13221.82,Cash,13221.82,0,0,0,0,0,0,EGP,
ORD-14301,CUST-842,PROD-126,BR-5,AG-2,6/7/2024,55480.47,Installments,11096.09,44384.38,12,0.2,3698.7,22192.19,15,EGP,4/4/2026
ORD-14302,CUST-223,PROD-160,BR-7,AG-17,1/13/2025,86592.41,Installments,17318.48,69273.93,12,0.2,5772.83,34636.96,0,EGP,4/4/2026
ORD-14303,CUST-961,PROD-63,BR-4,AG-12,10/16/2024,46553.44,Installments,9310.69,37242.75,12,0.2,3103.56,18621.38,0,EGP,4/4/2026
ORD-14304,CUST-973,PROD-160,BR-2,AG-11,12/30/2028,49923.89,Cash,49923.89,0,0,0,0,0,0,EGP,
ORD-14305,CUST-805,PROD-77,BR-10,AG-25,1/26/2025,40238.48,Cash,40238.48,0,0,0,0,0,0,EGP,
ORD-14306,CUST-830,PROD-86,BR-10,AG-2,4/3/2024,58288.99,Installments,11657.8,46631.19,12,0.2,3885.93,23315.6,0,EGP,4/4/2026
ORD-14307,CUST-362,PROD-71,BR-1,AG-14,7/28/2024,39952.67,Cash,39952.67,0,0,0,0,0,0,EGP,
ORD-14308,CUST-245,PROD-178,BR-10,AG-6,6/17/2024,38542.07,Installments,7708.41,30833.66,12,0.2,2569.47,15416.83,0,EGP,4/4/2026
ORD-14309,CUST-602,PROD-165,BR-3,AG-3,1/4/2025,89262.32,Cash,89262.32,0,0,0,0,0,0,EGP,
ORD-14310,CUST-904,PROD-193,BR-4,AG-24,2/29/2024,48342.74,Installments,9668.55,38674.19,12,0.2,3222.85,19337.1,0,Pound,4/4/2026
ORD-14311,CUST-780,PROD-122,BR-6,AG-5,1/13/2024,75327.12,Cash,75327.12,0,0,0,0,0,0,EGP,
ORD-14312,CUST-129,PROD-188,BR-5,AG-1,1/17/2024,44741.19,Installments,8948.24,35792.95,12,0.2,2982.75,17896.48,0,EGP,4/4/2026
ORD-14313,CUST-917,PROD-196,BR-8,AG-23,1/10/2024,39440.96,Cash,39440.96,0,0,0,0,0,0,EGP,
ORD-14314,CUST-134,PROD-81,BR-6,AG-8,7/14/2024,23275.36,Installments,4655.07,18620.29,12,0.2,1551.69,9310.14,0,EGP,1/1/1900
ORD-14315,CUST-342,PROD-119,BR-1,AG-21,8/25/2024,52199.43,Installments,10439.89,41759.54,12,0.2,3479.96,20879.77,0,EGP,4/4/2026
ORD-14316,CUST-419,PROD-127,BR-8,AG-14,5/6/2024,82796.34,Cash,82796.34,0,0,0,0,0,0,EGP,
ORD-14317,CUST-140,PROD-89,BR-2,AG-25,5/21/2024,60379.78,Installments,12075.96,48303.82,12,0.2,4025.32,24151.91,45,EGP,4/4/2026
ORD-14318,CUST-880,PROD-180,BR-10,AG-13,7/27/2024,40360.42,Installments,8072.08,32288.34,12,0.2,2690.69,16144.17,0,Pound,4/4/2026
ORD-14319,CUST-811,PROD-117,BR-3,AG-5,10/27/2024,60507.12,Installments,12101.42,48405.7,12,0.2,4033.81,24202.85,0,EGP,4/4/2026
ORD-14320,CUST-675,PROD-71,BR-9,AG-8,5/31/2024,10959.97,Installments,2191.99,8767.98,12,0.2,730.66,4383.99,0,Pound,4/4/2026
ORD-14321,CUST-453,PROD-163,BR-8,AG-7,5/29/2024,51340.37,Installments,10268.07,41072.3,12,0.2,3422.69,20536.15,15,EGP,4/4/2026
ORD-14322,CUST-910,PROD-184,BR-7,AG-18,11/13/2024,13381.81,Cash,13381.81,0,0,0,0,0,0,EGP,
ORD-14323,CUST-935,PROD-116,BR-1,AG-15,6/24/2024,33598.68,Installments,6719.74,26878.94,12,0.2,2239.91,13439.47,45,EGP,4/4/2026
ORD-14324,CUST-620,PROD-116,BR-5,AG-21,7/10/2024,89908.85,Cash,89908.85,0,0,0,0,0,0,EGP,
ORD-14325,CUST-931,PROD-63,BR-9,AG-21,2/4/2024,29770.76,Installments,5954.15,23816.61,12,0.2,1984.72,11908.3,0,EGP,4/4/2026
ORD-14326,CUST-121,PROD-158,BR-4,AG-21,3/19/2024,50556.35,Installments,10111.27,40445.08,12,0.2,3370.42,20222.54,45,Pound,4/4/2026
ORD-14327,CUST-881,PROD-151,BR-6,AG-22,5/13/2024,49922.14,Installments,9984.43,39937.71,12,0.2,3328.14,19968.86,45,EGP,4/4/2026
ORD-14328,CUST-389,PROD-158,BR-4,AG-8,2/25/2024,87619.91,Installments,17523.98,70095.93,12,0.2,5841.33,35047.96,0,EGP,4/4/2026
ORD-14329,CUST-446,PROD-168,BR-4,AG-22,7/15/2024,84451.37,Installments,16890.27,67561.1,12,0.2,5630.09,33780.55,0,EGP,4/4/2026
ORD-14330,CUST-316,PROD-186,BR-8,AG-17,2/18/2024,30905.44,Cash,30905.44,0,0,0,0,0,0,EGP,
ORD-14331,CUST-511,PROD-174,BR-4,AG-20,5/10/2024,48793.1,Installments,9758.62,39034.48,12,0.2,3252.87,19517.24,120,EGP,4/4/2026
ORD-14332,CUST-163,PROD-146,BR-5,AG-1,6/13/2024,18463.64,Installments,3692.73,14770.91,12,0.2,1230.91,7385.46,0,egp,4/4/2026
ORD-14333,CUST-548,PROD-157,BR-9,AG-20,2/9/2024,55957.28,Cash,55957.28,0,0,0,0,0,0,EGP,
ORD-14334,CUST-703,PROD-101,BR-9,AG-8,1/11/2024,10208.86,Cash,10208.86,0,0,0,0,0,0,EGP,
ORD-14335,CUST-142,PROD-169,BR-2,AG-10,7/4/2024,73180.02,Cash,73180.02,0,0,0,0,0,0,EGP,
ORD-14336,CUST-224,PROD-142,BR-3,AG-5,10/25/2024,45959.22,Installments,9191.84,36767.38,12,0.2,3063.95,18383.69,0,EGP,4/4/2026
ORD-14337,CUST-563,PROD-171,BR-5,AG-15,3/21/2024,86601.93,Installments,17320.39,69281.54,12,0.2,5773.46,34640.77,0,EGP,4/4/2026
ORD-14338,CUST-569,PROD-138,BR-10,AG-1,11/21/2024,76053.62,Installments,15210.72,60842.9,12,0.2,5070.24,30421.45,0,EGP,4/4/2026
ORD-14339,CUST-353,PROD-162,BR-2,AG-24,2/24/2024,27882.54,Installments,5576.51,22306.03,12,0.2,1858.84,11153.02,15,EGP,4/4/2026
ORD-14340,CUST-533,PROD-180,BR-2,AG-13,2/20/2024,23782.64,Installments,4756.53,19026.11,12,0.2,1585.51,9513.06,0,EGP,4/4/2026
ORD-14341,CUST-937,PROD-87,BR-9,AG-1,7/19/2024,52779.34,Installments,10555.87,42223.47,12,0.2,3518.62,21111.74,0,EGP,4/4/2026
ORD-14342,CUST-403,PROD-98,BR-7,AG-17,9/28/2024,17218.29,Installments,3443.66,13774.63,12,0.2,1147.89,6887.32,0,EGP,4/4/2026
ORD-14343,CUST-148,PROD-81,BR-5,AG-21,1/14/2025,68144.54,Installments,13628.91,54515.63,12,0.2,4542.97,27257.82,0,EGP,4/4/2026
ORD-14344,CUST-279,PROD-116,BR-10,AG-1,3/28/2024,79359.26,Cash,79359.26,0,0,0,0,0,0,EGP,
ORD-14345,CUST-975,PROD-137,BR-7,AG-24,10/2/2024,89690.21,Installments,17938.04,71752.17,12,0.2,5979.35,35876.08,0,EGP,4/4/2026
ORD-14346,CUST-958,PROD-107,BR-4,AG-25,12/14/2024,81231.4,Installments,16246.28,64985.12,12,0.2,5415.43,32492.56,0,egp,4/4/2026
ORD-14347,CUST-833,PROD-97,BR-7,AG-9,2/12/2024,44633.29,Cash,44633.29,0,0,0,0,0,0,EGP,
ORD-14348,CUST-727,PROD-125,BR-7,AG-1,2/20/2024,15305.5,Installments,3061.1,12244.4,12,0.2,1020.37,6122.2,15,EGP,4/4/2026
ORD-14349,CUST-804,PROD-96,BR-4,AG-3,9/27/2024,76492.66,Cash,76492.66,0,0,0,0,0,0,EGP,
ORD-14350,CUST-726,PROD-74,BR-2,AG-25,6/27/2024,81414.92,Installments,16282.98,65131.94,12,0.2,5427.66,32565.97,0,EGP,4/4/2026
ORD-14351,CUST-771,PROD-83,BR-9,AG-5,9/1/2024,11713.04,Installments,2342.61,9370.43,12,0.2,780.87,4685.22,0,EGP,4/4/2026
ORD-14352,CUST-685,PROD-64,BR-7,AG-17,12/4/2024,47998.4,Installments,9599.68,38398.72,12,0.2,3199.89,19199.36,0,EGP,4/4/2026
ORD-14353,CUST-281,PROD-182,BR-3,AG-16,1/28/2024,67725.37,Cash,67725.37,0,0,0,0,0,0,EGP,
ORD-14354,CUST-327,PROD-134,BR-7,AG-6,1/7/2024,14468.97,Installments,2893.79,11575.18,12,0.2,964.6,5787.59,0,EGP,4/4/2026
ORD-14355,CUST-626,PROD-72,BR-5,AG-5,1/28/2024,10087.69,Cash,10087.69,0,0,0,0,0,0,EGP,
ORD-14356,CUST-696,PROD-139,BR-8,AG-13,11/14/2024,23753.83,Installments,4750.77,19003.06,12,0.2,1583.59,9501.53,0,EGP,4/4/2026
ORD-14357,CUST-439,PROD-121,BR-9,AG-21,7/22/2024,80750.24,Cash,80750.24,0,0,0,0,0,0,EGP,
ORD-14358,CUST-193,PROD-135,BR-6,AG-14,1/4/2024,62559.93,Cash,62559.93,0,0,0,0,0,0,Pound,
ORD-14359,CUST-603,PROD-117,BR-4,AG-12,12/6/2024,64112.78,Cash,64112.78,0,0,0,0,0,0,EGP,
ORD-14360,CUST-431,PROD-139,BR-4,AG-23,8/13/2024,42333.13,Cash,42333.13,0,0,0,0,0,0,EGP,
ORD-14361,CUST-773,PROD-152,BR-3,AG-4,5/17/2024,10701.51,Installments,2140.3,8561.21,12,0.2,713.43,4280.6,120,EGP,4/4/2026
ORD-14362,CUST-777,PROD-116,BR-3,AG-17,3/25/2024,87999.51,Installments,17599.9,70399.61,12,0.2,5866.63,35199.8,0,EGP,4/4/2026
ORD-14363,CUST-823,PROD-130,BR-2,AG-8,8/19/2024,83371.45,Installments,16674.29,66697.16,12,0.2,5558.1,33348.58,0,Pound,4/4/2026
ORD-14364,CUST-428,PROD-104,BR-2,AG-13,12/30/2028,81810.54,Cash,81810.54,0,0,0,0,0,0,EGP,
ORD-14365,CUST-840,PROD-115,BR-5,AG-16,4/20/2024,22173.86,Installments,4434.77,17739.09,12,0.2,1478.26,8869.54,0,Pound,4/4/2026
ORD-14366,CUST-908,PROD-115,BR-9,AG-21,5/14/2024,24524.76,Installments,4904.95,19619.81,12,0.2,1634.98,9809.9,0,EGP,4/4/2026
ORD-14367,CUST-824,PROD-86,BR-5,AG-7,2/29/2024,12005.24,Cash,12005.24,0,0,0,0,0,0,Pound,
ORD-14368,CUST-930,PROD-165,BR-8,AG-2,12/30/2028,29501.09,Installments,5900.22,23600.87,12,0.2,1966.74,11800.44,0,EGP,4/4/2026
ORD-14369,CUST-762,PROD-93,BR-8,AG-6,5/27/2024,40244.22,Installments,8048.84,32195.38,12,0.2,2682.95,16097.69,0,EGP,4/4/2026
ORD-14370,CUST-424,PROD-120,BR-8,AG-15,6/1/2024,73875.87,Installments,14775.17,59100.7,12,0.2,4925.06,29550.35,45,EGP,4/4/2026
ORD-14371,CUST-883,PROD-71,BR-1,AG-11,1/15/2024,75170.73,Installments,15034.15,60136.58,12,0.2,5011.38,30068.29,120,EGP,4/4/2026
ORD-14372,CUST-359,PROD-101,BR-2,AG-25,3/14/2024,53469,Installments,10693.8,42775.2,12,0.2,3564.6,21387.6,0,Pound,4/4/2026
ORD-14373,CUST-489,PROD-126,BR-4,AG-21,9/16/2024,44169.75,Cash,44169.75,0,0,0,0,0,0,EGP,
ORD-14374,CUST-770,PROD-114,BR-8,AG-6,7/31/2024,89763.01,Installments,17952.6,71810.41,12,0.2,5984.2,35905.2,0,EGP,4/4/2026
ORD-14375,CUST-468,PROD-171,BR-8,AG-22,7/9/2024,57693.38,Installments,11538.68,46154.7,12,0.2,3846.23,23077.35,0,EGP,4/4/2026
ORD-14376,CUST-595,PROD-148,BR-10,AG-13,8/4/2024,10116.94,Cash,10116.94,0,0,0,0,0,0,EGP,
ORD-14377,CUST-384,PROD-114,BR-5,AG-1,9/3/2024,53676.71,Installments,10735.34,42941.37,12,0.2,3578.45,21470.68,0,EGP,4/4/2026
ORD-14378,CUST-775,PROD-167,BR-7,AG-4,7/21/2024,32537.93,Installments,6507.59,26030.34,12,0.2,2169.2,13015.17,0,EGP,4/4/2026
ORD-14379,CUST-684,PROD-100,BR-1,AG-21,1/2/2024,25599.46,Installments,5119.89,20479.57,12,0.2,1706.63,10239.78,15,EGP,4/4/2026
ORD-14380,CUST-701,PROD-185,BR-6,AG-7,1/23/2024,40971.24,Installments,8194.25,32776.99,12,0.2,2731.42,16388.5,15,EGP,4/4/2026
ORD-14381,CUST-240,PROD-197,BR-7,AG-8,6/26/2024,32331.01,Installments,6466.2,25864.81,12,0.2,2155.4,12932.4,0,egp,4/4/2026
ORD-14382,CUST-156,PROD-76,BR-9,AG-7,11/24/2024,70931.18,Installments,14186.24,56744.94,12,0.2,4728.75,28372.47,0,EGP,4/4/2026
ORD-14383,CUST-527,PROD-64,BR-6,AG-8,4/24/2024,48529.53,Installments,9705.91,38823.62,12,0.2,3235.3,19411.81,0,EGP,4/4/2026
ORD-14384,CUST-268,PROD-127,BR-8,AG-1,11/13/2024,76847.92,Cash,76847.92,0,0,0,0,0,0,EGP,
ORD-14385,CUST-321,PROD-71,BR-3,AG-7,9/20/2024,13112.66,Cash,13112.66,0,0,0,0,0,0,EGP,
ORD-14386,CUST-870,PROD-142,BR-8,AG-4,6/29/2024,60731.05,Installments,12146.21,48584.84,12,0.2,4048.74,24292.42,0,egp,4/4/2026
ORD-14387,CUST-227,PROD-187,BR-5,AG-3,8/3/2024,21232.92,Cash,21232.92,0,0,0,0,0,0,EGP,
ORD-14388,CUST-157,PROD-144,BR-7,AG-13,2/10/2024,87352.3,Installments,17470.46,69881.84,12,0.2,5823.49,34940.92,0,EGP,4/4/2026
ORD-14389,CUST-479,PROD-82,BR-2,AG-4,11/24/2024,51697.42,Installments,10339.48,41357.94,12,0.2,3446.49,20678.97,0,EGP,4/4/2026
ORD-14390,CUST-142,PROD-50,BR-4,AG-23,10/6/2024,45976.36,Cash,45976.36,0,0,0,0,0,0,EGP,
ORD-14391,CUST-422,PROD-131,BR-3,AG-20,1/25/2024,76594.07,Installments,15318.81,61275.26,12,0.2,5106.27,30637.63,45,EGP,4/4/2026
ORD-14392,CUST-392,PROD-166,BR-5,AG-14,6/28/2024,54513.45,Cash,54513.45,0,0,0,0,0,0,egp,
ORD-14393,CUST-858,PROD-57,BR-2,AG-17,10/29/2024,29400,Installments,5880,23520,12,0.2,1960,11760,0,EGP,4/4/2026
ORD-14394,CUST-343,PROD-162,BR-2,AG-23,12/23/2024,34892.19,Installments,6978.44,27913.75,12,0.2,2326.15,13956.88,45,EGP,4/4/2026
ORD-14395,CUST-896,PROD-89,BR-3,AG-10,2/23/2024,83427.24,Installments,16685.45,66741.79,12,0.2,5561.82,33370.9,15,EGP,4/4/2026
ORD-14396,CUST-531,PROD-62,BR-2,AG-21,4/25/2024,86073.54,Installments,17214.71,68858.83,12,0.2,5738.24,34429.42,0,Pound,4/4/2026
ORD-14397,CUST-958,PROD-140,BR-4,AG-5,2/2/2025,27440.82,Installments,5488.16,21952.66,12,0.2,1829.39,10976.33,15,EGP,4/4/2026
ORD-14398,CUST-107,PROD-141,BR-4,AG-1,5/28/2024,38494.27,Installments,7698.85,30795.42,12,0.2,2566.28,15397.71,0,EGP,4/4/2026
ORD-14399,CUST-890,PROD-81,BR-9,AG-6,12/31/2024,41380.62,Installments,8276.12,33104.5,12,0.2,0,16552.25,0,EGP,4/4/2026
ORD-14400,CUST-561,PROD-88,BR-6,AG-2,1/28/2024,59027.82,Installments,11805.56,47222.26,12,0.2,3935.19,23611.13,120,EGP,4/4/2026
ORD-14401,CUST-732,PROD-189,BR-7,AG-13,9/9/2024,38522.56,Cash,38522.56,0,0,0,0,0,0,EGP,
ORD-14402,CUST-695,PROD-57,BR-4,AG-11,12/22/2024,74608.47,Installments,14921.69,59686.78,12,0.2,4973.9,29843.39,15,EGP,4/4/2026
ORD-14403,CUST-202,PROD-135,BR-6,AG-20,4/8/2024,41677.06,Installments,8335.41,33341.65,12,0.2,2778.47,16670.82,0,EGP,4/4/2026
ORD-14404,CUST-542,PROD-138,BR-10,AG-7,6/26/2024,72199.68,Installments,14439.94,57759.74,12,0.2,4813.31,28879.87,15,Pound,4/4/2026
ORD-14405,CUST-404,PROD-166,BR-4,AG-5,1/25/2025,86968.76,Installments,17393.75,69575.01,12,0.2,5797.92,34787.5,0,EGP,4/4/2026
ORD-14406,CUST-826,PROD-76,BR-4,AG-17,1/22/2025,32265.17,Cash,32265.17,0,0,0,0,0,0,EGP,
ORD-14407,CUST-450,PROD-94,BR-1,AG-6,1/5/2025,10444.1,Installments,2088.82,8355.28,12,0.2,696.27,4177.64,120,EGP,1/1/1900
ORD-14408,CUST-977,PROD-65,BR-10,AG-12,4/17/2024,14687.84,Installments,2937.57,11750.27,12,0.2,979.19,5875.14,15,EGP,4/4/2026
ORD-14409,CUST-248,PROD-62,BR-10,AG-16,4/13/2024,53580.92,Installments,10716.18,42864.74,12,0.2,3572.06,21432.37,0,Pound,4/4/2026
ORD-14410,CUST-628,PROD-91,BR-4,AG-1,9/26/2024,73457.03,Installments,14691.41,58765.62,12,0.2,4897.14,29382.81,120,EGP,4/4/2026
ORD-14411,CUST-599,PROD-168,BR-10,AG-13,8/10/2024,40947.66,Installments,8189.53,32758.13,12,0.2,2729.84,16379.06,0,EGP,4/4/2026
ORD-14412,CUST-275,PROD-191,BR-2,AG-23,5/14/2024,27826.57,Installments,5565.31,22261.26,12,0.2,1855.1,11130.63,120,EGP,4/4/2026
ORD-14413,CUST-950,PROD-151,BR-4,AG-4,3/8/2024,61061.32,Installments,12212.26,48849.06,12,0.2,4070.75,24424.53,0,EGP,4/4/2026
ORD-14414,CUST-409,PROD-108,BR-8,AG-6,12/5/2024,37592.36,Installments,7518.47,30073.89,12,0.2,2506.16,15036.94,0,EGP,4/4/2026
ORD-14415,CUST-227,PROD-103,BR-4,AG-21,12/20/2024,12471.79,Installments,2494.36,9977.43,12,0.2,831.45,4988.72,120,Pound,4/4/2026
ORD-14416,CUST-878,PROD-113,BR-3,AG-6,1/15/2024,57590.03,Installments,11518.01,46072.02,12,0.2,3839.34,23036.01,0,EGP,4/4/2026
ORD-14417,CUST-194,PROD-123,BR-1,AG-10,2/28/2024,10595.59,Installments,2119.12,8476.47,12,0.2,706.37,4238.24,120,EGP,4/4/2026
ORD-14418,CUST-812,PROD-134,BR-4,AG-6,1/3/2024,73204.01,Installments,14640.8,58563.21,12,0.2,4880.27,29281.6,0,EGP,4/4/2026
ORD-14419,CUST-576,PROD-123,BR-9,AG-16,12/11/2024,46943.61,Installments,9388.72,37554.89,12,0.2,3129.57,18777.44,15,EGP,4/4/2026
ORD-14420,CUST-573,PROD-141,BR-1,AG-10,5/13/2024,78858.57,Installments,15771.71,63086.86,12,0.2,5257.24,31543.43,0,EGP,4/4/2026
ORD-14421,CUST-885,PROD-88,BR-1,AG-21,9/7/2024,41105.13,Cash,41105.13,0,0,0,0,0,0,EGP,
ORD-14422,CUST-721,PROD-86,BR-3,AG-2,1/5/2025,51141.77,Installments,10228.35,40913.42,12,0.2,3409.45,20456.71,0,EGP,4/4/2026
ORD-14423,CUST-733,PROD-150,BR-3,AG-1,5/1/2024,44749.54,Installments,8949.91,35799.63,12,0.2,2983.3,17899.82,0,Pound,4/4/2026
ORD-14424,CUST-310,PROD-55,BR-5,AG-2,5/11/2024,87299.08,Installments,17459.82,69839.26,12,0.2,5819.94,34919.63,0,EGP,4/4/2026
ORD-14425,CUST-883,PROD-174,BR-1,AG-5,4/1/2024,62442.51,Installments,12488.5,49954.01,12,0.2,4162.83,24977,0,EGP,4/4/2026
ORD-14426,CUST-939,PROD-194,BR-9,AG-19,10/20/2024,86164.31,Cash,86164.31,0,0,0,0,0,0,EGP,
ORD-14427,CUST-872,PROD-109,BR-5,AG-18,3/6/2024,40004.93,Installments,8000.99,32003.94,12,0.2,2667,16001.97,0,EGP,4/4/2026
ORD-14428,CUST-144,PROD-171,BR-7,AG-12,7/27/2024,26392.36,Installments,5278.47,21113.89,12,0.2,1759.49,10556.94,15,egp,4/4/2026
ORD-14429,CUST-778,PROD-96,BR-4,AG-10,11/22/2024,82637.43,Installments,16527.49,66109.94,12,0.2,5509.16,33054.97,0,EGP,4/4/2026
ORD-14430,CUST-115,PROD-136,BR-10,AG-15,12/14/2024,57848.9,Installments,11569.78,46279.12,12,0.2,3856.59,23139.56,0,EGP,4/4/2026
ORD-14431,CUST-444,PROD-52,BR-5,AG-15,5/1/2024,36941.7,Cash,36941.7,0,0,0,0,0,0,EGP,
ORD-14432,CUST-215,PROD-99,BR-1,AG-7,10/31/2024,25237.02,Installments,5047.4,20189.62,12,0.2,1682.47,10094.81,15,EGP,4/4/2026
ORD-14433,CUST-263,PROD-55,BR-5,AG-23,8/19/2024,53520.78,Cash,53520.78,0,0,0,0,0,0,EGP,
ORD-14434,CUST-538,PROD-58,BR-6,AG-1,6/28/2024,81033.65,Cash,81033.65,0,0,0,0,0,0,EGP,
ORD-14435,CUST-321,PROD-63,BR-7,AG-10,12/1/2024,20779.11,Installments,4155.82,16623.29,12,0.2,1385.27,8311.64,45,EGP,4/4/2026
ORD-14436,CUST-867,PROD-65,BR-3,AG-1,11/7/2024,48171.38,Installments,9634.28,38537.1,12,0.2,3211.43,19268.55,0,egp,4/4/2026
ORD-14437,CUST-556,PROD-80,BR-6,AG-14,4/12/2024,58498.16,Cash,58498.16,0,0,0,0,0,0,EGP,
ORD-14438,CUST-821,PROD-114,BR-5,AG-9,5/25/2024,33039.42,Installments,6607.88,26431.54,12,0.2,2202.63,13215.77,0,egp,4/4/2026
ORD-14439,CUST-580,PROD-154,BR-6,AG-19,12/11/2024,16024.62,Cash,16024.62,0,0,0,0,0,0,EGP,
ORD-14440,CUST-392,PROD-182,BR-3,AG-11,2/3/2025,79186.9,Cash,79186.9,0,0,0,0,0,0,EGP,
ORD-14441,CUST-668,PROD-120,BR-10,AG-3,12/30/2028,88549.87,Cash,88549.87,0,0,0,0,0,0,egp,
ORD-14442,CUST-572,PROD-190,BR-4,AG-3,9/20/2024,23466.65,Cash,23466.65,0,0,0,0,0,0,EGP,
ORD-14443,CUST-127,PROD-124,BR-10,AG-3,12/30/2028,77820.99,Installments,15564.2,62256.79,12,0.2,5188.07,31128.4,0,EGP,4/4/2026
ORD-14444,CUST-759,PROD-167,BR-6,AG-12,2/4/2024,67530.5,Installments,13506.1,54024.4,12,0.2,4502.03,27012.2,0,EGP,4/4/2026
ORD-14445,CUST-594,PROD-97,BR-7,AG-24,12/22/2024,32404.86,Installments,6480.97,25923.89,12,0.2,2160.32,12961.94,0,EGP,4/4/2026
ORD-14446,CUST-200,PROD-161,BR-4,AG-2,2/26/2024,11274.99,Cash,11274.99,0,0,0,0,0,0,EGP,
ORD-14447,CUST-497,PROD-162,BR-6,AG-19,1/21/2024,41721.34,Installments,8344.27,33377.07,12,0.2,2781.42,16688.54,120,EGP,4/4/2026
ORD-14448,CUST-322,PROD-188,BR-6,AG-6,6/4/2024,79727.7,Installments,15945.54,63782.16,12,0.2,5315.18,31891.08,0,Pound,4/4/2026
ORD-14449,CUST-417,PROD-151,BR-5,AG-20,1/31/2024,57302.57,Installments,11460.51,45842.06,12,0.2,3820.17,22921.03,0,EGP,4/4/2026
ORD-14450,CUST-159,PROD-197,BR-7,AG-16,4/14/2024,61714.73,Installments,12342.95,49371.78,12,0.2,4114.32,24685.89,15,EGP,4/4/2026
ORD-14451,CUST-248,PROD-200,BR-1,AG-6,3/30/2024,11818.49,Installments,2363.7,9454.79,12,0.2,787.9,4727.4,0,EGP,4/4/2026
ORD-14452,CUST-112,PROD-140,BR-8,AG-15,6/17/2024,86313.49,Cash,86313.49,0,0,0,0,0,0,egp,
ORD-14453,CUST-394,PROD-54,BR-5,AG-19,12/2/2024,29519.79,Cash,29519.79,0,0,0,0,0,0,EGP,
ORD-14454,CUST-585,PROD-147,BR-10,AG-6,8/7/2024,30994.01,Cash,30994.01,0,0,0,0,0,0,EGP,
ORD-14455,CUST-986,PROD-104,BR-4,AG-22,5/1/2024,88354.92,Installments,17670.98,70683.94,12,0.2,0,35341.97,0,EGP,4/4/2026
ORD-14456,CUST-947,PROD-61,BR-7,AG-10,3/26/2024,15222.04,Installments,3044.41,12177.63,12,0.2,1014.8,6088.82,0,EGP,4/4/2026
ORD-14457,CUST-638,PROD-84,BR-4,AG-6,11/5/2024,18612.74,Installments,3722.55,14890.19,12,0.2,1240.85,7445.1,0,egp,4/4/2026
ORD-14458,CUST-303,PROD-156,BR-3,AG-24,6/5/2024,43735.84,Installments,8747.17,34988.67,12,0.2,2915.72,17494.34,0,EGP,4/4/2026
ORD-14459,CUST-536,PROD-145,BR-8,AG-12,5/23/2024,37550.1,Installments,7510.02,30040.08,12,0.2,2503.34,15020.04,0,EGP,4/4/2026
ORD-14460,CUST-135,PROD-124,BR-10,AG-9,9/17/2024,87622.97,Installments,17524.59,70098.38,12,0.2,5841.53,35049.19,120,EGP,4/4/2026
ORD-14461,CUST-666,PROD-169,BR-9,AG-10,4/12/2024,49559.12,Installments,9911.82,39647.3,12,0.2,3303.94,19823.65,120,EGP,4/4/2026
ORD-14462,CUST-574,PROD-146,BR-4,AG-1,2/13/2024,51513.84,Installments,10302.77,41211.07,12,0.2,3434.26,20605.54,0,egp,4/4/2026
ORD-14463,CUST-836,PROD-162,BR-4,AG-6,9/27/2024,76397.38,Installments,15279.48,61117.9,12,0.2,5093.16,30558.95,0,EGP,4/4/2026
ORD-14464,CUST-898,PROD-65,BR-7,AG-1,4/10/2024,54578.91,Cash,54578.91,0,0,0,0,0,0,EGP,
ORD-14465,CUST-372,PROD-120,BR-10,AG-5,9/6/2024,37661.61,Cash,37661.61,0,0,0,0,0,0,EGP,
ORD-14466,CUST-336,PROD-104,BR-7,AG-16,3/16/2024,82285.82,Installments,16457.16,65828.66,12,0.2,5485.72,32914.33,0,EGP,4/4/2026
ORD-14467,CUST-737,PROD-174,BR-3,AG-18,6/18/2024,83887.99,Cash,83887.99,0,0,0,0,0,0,EGP,
ORD-14468,CUST-530,PROD-84,BR-8,AG-23,8/13/2024,67474.6,Installments,13494.92,53979.68,12,0.2,4498.31,26989.84,0,Pound,4/4/2026
ORD-14469,CUST-337,PROD-153,BR-2,AG-17,8/24/2024,89654.55,Cash,89654.55,0,0,0,0,0,0,EGP,
ORD-14470,CUST-924,PROD-91,BR-6,AG-14,10/15/2024,28237.97,Installments,5647.59,22590.38,12,0.2,1882.53,11295.19,0,EGP,4/4/2026
ORD-14471,CUST-748,PROD-64,BR-8,AG-22,9/17/2024,17092.9,Installments,3418.58,13674.32,12,0.2,1139.53,6837.16,0,Pound,4/4/2026
ORD-14472,CUST-718,PROD-166,BR-4,AG-16,12/15/2024,44462.69,Installments,8892.54,35570.15,12,0.2,2964.18,17785.08,15,EGP,4/4/2026
ORD-14473,CUST-479,PROD-180,BR-10,AG-8,10/18/2024,35705.53,Installments,7141.11,28564.42,12,0.2,2380.37,14282.21,0,EGP,4/4/2026
ORD-14474,CUST-528,PROD-160,BR-2,AG-7,1/31/2024,56146.55,Cash,56146.55,0,0,0,0,0,0,EGP,
ORD-14475,CUST-127,PROD-190,BR-10,AG-23,9/30/2024,61693.13,Installments,12338.63,49354.5,12,0.2,4112.88,24677.25,15,EGP,4/4/2026
ORD-14476,CUST-339,PROD-122,BR-2,AG-1,4/1/2024,87672.26,Installments,17534.45,70137.81,12,0.2,5844.82,35068.9,0,EGP,4/4/2026
ORD-14477,CUST-184,PROD-60,BR-10,AG-18,5/15/2024,82679.2,Cash,82679.2,0,0,0,0,0,0,EGP,
ORD-14478,CUST-285,PROD-153,BR-10,AG-2,4/17/2024,13410.45,Installments,2682.09,10728.36,12,0.2,894.03,5364.18,0,Pound,4/4/2026
ORD-14479,CUST-980,PROD-84,BR-6,AG-18,10/12/2024,60681.5,Installments,12136.3,48545.2,12,0.2,4045.43,24272.6,120,EGP,4/4/2026
ORD-14480,CUST-752,PROD-121,BR-3,AG-22,6/21/2024,60752.66,Installments,12150.53,48602.13,12,0.2,4050.18,24301.06,0,EGP,4/4/2026
ORD-14481,CUST-662,PROD-50,BR-10,AG-14,12/29/2024,84132.19,Installments,16826.44,67305.75,12,0.2,5608.81,33652.88,45,EGP,4/4/2026
ORD-14482,CUST-817,PROD-79,BR-4,AG-18,8/26/2024,14545.48,Installments,2909.1,11636.38,12,0.2,969.7,5818.19,15,EGP,1/1/1900
ORD-14483,CUST-222,PROD-120,BR-7,AG-23,12/25/2024,16044.85,Installments,3208.97,12835.88,12,0.2,1069.66,6417.94,45,EGP,4/4/2026
ORD-14484,CUST-297,PROD-82,BR-3,AG-5,5/23/2024,33044.53,Installments,6608.91,26435.62,12,0.2,2202.97,13217.81,45,EGP,4/4/2026
ORD-14485,CUST-594,PROD-132,BR-2,AG-21,7/18/2024,58687.86,Installments,11737.57,46950.29,12,0.2,3912.52,23475.14,0,egp,4/4/2026
ORD-14486,CUST-202,PROD-125,BR-4,AG-8,8/8/2024,18065.03,Installments,3613.01,14452.02,12,0.2,1204.34,7226.01,45,EGP,4/4/2026
ORD-14487,CUST-430,PROD-91,BR-1,AG-4,6/25/2024,67034.37,Cash,67034.37,0,0,0,0,0,0,EGP,
ORD-14488,CUST-222,PROD-173,BR-7,AG-7,4/18/2024,67647.48,Cash,67647.48,0,0,0,0,0,0,EGP,
ORD-14489,CUST-173,PROD-91,BR-6,AG-25,5/16/2024,67791.19,Installments,13558.24,54232.95,12,0.2,4519.41,27116.48,0,EGP,4/4/2026
ORD-14490,CUST-760,PROD-77,BR-6,AG-4,12/30/2028,56578.34,Cash,56578.34,0,0,0,0,0,0,EGP,
ORD-14491,CUST-745,PROD-111,BR-7,AG-1,12/5/2024,54301.05,Installments,10860.21,43440.84,12,0.2,3620.07,21720.42,0,EGP,4/4/2026
ORD-14492,CUST-712,PROD-148,BR-6,AG-17,1/28/2025,68247.79,Cash,68247.79,0,0,0,0,0,0,EGP,
ORD-14493,CUST-852,PROD-200,BR-4,AG-8,12/8/2024,85311.63,Cash,85311.63,0,0,0,0,0,0,EGP,
ORD-14494,CUST-430,PROD-101,BR-10,AG-1,6/4/2024,36391.37,Installments,7278.27,29113.1,12,0.2,2426.09,14556.55,0,EGP,4/4/2026
ORD-14495,CUST-840,PROD-57,BR-5,AG-21,1/20/2024,36905.47,Installments,7381.09,29524.38,12,0.2,2460.36,14762.19,0,EGP,4/4/2026
ORD-14496,CUST-701,PROD-154,BR-2,AG-14,6/29/2024,34836.75,Cash,34836.75,0,0,0,0,0,0,EGP,
ORD-14497,CUST-569,PROD-99,BR-7,AG-23,11/30/2024,77706.04,Installments,15541.21,62164.83,12,0.2,5180.4,31082.42,120,EGP,4/4/2026
ORD-14498,CUST-191,PROD-101,BR-3,AG-7,2/17/2024,34295.96,Cash,34295.96,0,0,0,0,0,0,egp,
ORD-14499,CUST-785,PROD-177,BR-8,AG-6,7/17/2024,28289.62,Cash,28289.62,0,0,0,0,0,0,EGP,
ORD-14500,CUST-627,PROD-186,BR-10,AG-25,8/14/2024,32523.98,Installments,6504.8,26019.18,12,0.2,2168.27,13009.59,0,EGP,4/4/2026
ORD-14501,CUST-234,PROD-110,BR-10,AG-14,6/30/2024,54572.24,Installments,10914.45,43657.79,12,0.2,3638.15,21828.9,0,Pound,4/4/2026
ORD-14502,CUST-626,PROD-81,BR-9,AG-22,8/29/2024,46238.94,Installments,9247.79,36991.15,12,0.2,3082.6,18495.58,45,EGP,4/4/2026
ORD-14503,CUST-103,PROD-128,BR-7,AG-21,3/23/2024,55634.06,Cash,55634.06,0,0,0,0,0,0,EGP,
ORD-14504,CUST-795,PROD-153,BR-6,AG-10,6/20/2024,17318.9,Installments,3463.78,13855.12,12,0.2,1154.59,6927.56,0,EGP,4/4/2026
ORD-14505,CUST-454,PROD-69,BR-5,AG-14,7/26/2024,43534.76,Installments,8706.95,34827.81,12,0.2,2902.32,17413.9,0,Pound,4/4/2026
ORD-14506,CUST-323,PROD-177,BR-10,AG-3,6/30/2024,42683.54,Installments,8536.71,34146.83,12,0.2,2845.57,17073.42,45,EGP,4/4/2026
ORD-14507,CUST-520,PROD-118,BR-8,AG-9,3/18/2024,56960.67,Installments,11392.13,45568.54,12,0.2,3797.38,22784.27,45,egp,4/4/2026
ORD-14508,CUST-569,PROD-114,BR-1,AG-22,12/23/2024,55210.87,Cash,55210.87,0,0,0,0,0,0,EGP,
ORD-14509,CUST-627,PROD-146,BR-2,AG-1,1/18/2024,83616.88,Installments,16723.38,66893.5,12,0.2,5574.46,33446.75,45,egp,4/4/2026
ORD-14510,CUST-950,PROD-112,BR-8,AG-16,1/7/2024,86396,Cash,86396,0,0,0,0,0,0,EGP,
ORD-14511,CUST-861,PROD-58,BR-5,AG-9,8/4/2024,48536.02,Installments,9707.2,38828.82,12,0.2,3235.73,19414.41,0,EGP,4/4/2026
ORD-14512,CUST-759,PROD-86,BR-6,AG-18,12/3/2024,20750.77,Installments,4150.15,16600.62,12,0.2,1383.38,8300.31,0,EGP,4/4/2026
ORD-14513,CUST-289,PROD-166,BR-10,AG-19,9/12/2024,85837.69,Cash,85837.69,0,0,0,0,0,0,egp,
ORD-14514,CUST-973,PROD-75,BR-8,AG-12,12/25/2024,20637.24,Installments,4127.45,16509.79,12,0.2,1375.82,8254.9,0,EGP,4/4/2026
ORD-14515,CUST-704,PROD-194,BR-8,AG-4,5/11/2024,59335.19,Installments,11867.04,47468.15,12,0.2,3955.68,23734.08,0,EGP,4/4/2026
ORD-14516,CUST-832,PROD-160,BR-9,AG-15,2/3/2025,36296.39,Installments,7259.28,29037.11,12,0.2,2419.76,14518.56,0,EGP,4/4/2026
ORD-14517,CUST-625,PROD-152,BR-3,AG-19,7/13/2024,18120.34,Cash,18120.34,0,0,0,0,0,0,egp,
ORD-14518,CUST-139,PROD-158,BR-8,AG-20,11/29/2024,80001.39,Installments,16000.28,64001.11,12,0.2,5333.43,32000.56,0,EGP,4/4/2026
ORD-14519,CUST-468,PROD-174,BR-1,AG-5,3/20/2024,35173.43,Installments,7034.69,28138.74,12,0.2,2344.9,14069.37,0,EGP,4/4/2026
ORD-14520,CUST-481,PROD-71,BR-3,AG-16,4/28/2024,89497.39,Installments,17899.48,71597.91,12,0.2,5966.49,35798.96,45,EGP,4/4/2026
ORD-14521,CUST-382,PROD-63,BR-7,AG-1,2/15/2024,86809.45,Installments,17361.89,69447.56,12,0.2,5787.3,34723.78,15,EGP,4/4/2026
ORD-14522,CUST-817,PROD-75,BR-4,AG-8,1/3/2025,19862.59,Cash,19862.59,0,0,0,0,0,0,EGP,
ORD-14523,CUST-350,PROD-76,BR-4,AG-14,4/30/2024,43490.18,Cash,43490.18,0,0,0,0,0,0,EGP,
ORD-14524,CUST-205,PROD-56,BR-7,AG-19,7/17/2024,43173.56,Installments,8634.71,34538.85,12,0.2,2878.24,17269.42,0,EGP,4/4/2026
ORD-14525,CUST-298,PROD-115,BR-9,AG-19,8/1/2024,46961.86,Cash,46961.86,0,0,0,0,0,0,EGP,
ORD-14526,CUST-254,PROD-176,BR-7,AG-11,10/2/2024,43217.33,Installments,8643.47,34573.86,12,0.2,2881.16,17286.93,0,EGP,4/4/2026
ORD-14527,CUST-625,PROD-69,BR-10,AG-2,8/25/2024,20279.77,Installments,4055.95,16223.82,12,0.2,1351.98,8111.91,120,EGP,4/4/2026
ORD-14528,CUST-154,PROD-131,BR-3,AG-18,12/30/2028,80867.91,Installments,16173.58,64694.33,12,0.2,5391.19,32347.16,0,EGP,1/1/1900
ORD-14529,CUST-898,PROD-82,BR-9,AG-1,4/12/2024,67970.37,Installments,13594.07,54376.3,12,0.2,4531.36,27188.15,0,EGP,4/4/2026
ORD-14530,CUST-519,PROD-94,BR-4,AG-4,11/16/2024,11308,Cash,11308,0,0,0,0,0,0,EGP,
ORD-14531,CUST-817,PROD-89,BR-6,AG-15,12/16/2024,29063.69,Installments,5812.74,23250.95,12,0.2,1937.58,11625.48,15,EGP,4/4/2026
ORD-14532,CUST-814,PROD-98,BR-7,AG-16,6/13/2024,48336.02,Installments,9667.2,38668.82,12,0.2,3222.4,19334.41,0,EGP,4/4/2026
ORD-14533,CUST-230,PROD-175,BR-3,AG-6,7/11/2024,67094.79,Installments,13418.96,53675.83,12,0.2,4472.99,26837.92,0,EGP,4/4/2026
ORD-14534,CUST-652,PROD-182,BR-4,AG-14,9/6/2024,17902.67,Cash,17902.67,0,0,0,0,0,0,egp,
ORD-14535,CUST-329,PROD-92,BR-5,AG-22,11/20/2024,28873.02,Cash,28873.02,0,0,0,0,0,0,egp,
ORD-14536,CUST-395,PROD-50,BR-5,AG-15,1/3/2025,20002.68,Installments,4000.54,16002.14,12,0.2,1333.51,8001.07,0,EGP,4/4/2026
ORD-14537,CUST-881,PROD-50,BR-10,AG-7,3/5/2024,80274.94,Installments,16054.99,64219.95,12,0.2,5351.66,32109.98,0,EGP,4/4/2026
ORD-14538,CUST-950,PROD-91,BR-10,AG-4,2/18/2024,81591.2,Installments,16318.24,65272.96,12,0.2,5439.41,32636.48,0,EGP,4/4/2026
ORD-14539,CUST-333,PROD-185,BR-1,AG-21,11/18/2024,75467.15,Installments,15093.43,60373.72,12,0.2,5031.14,30186.86,0,EGP,4/4/2026
ORD-14540,CUST-802,PROD-193,BR-2,AG-21,3/4/2024,73975.2,Installments,14795.04,59180.16,12,0.2,4931.68,29590.08,15,EGP,4/4/2026
ORD-14541,CUST-638,PROD-122,BR-2,AG-13,1/14/2025,30396.13,Installments,6079.23,24316.9,12,0.2,2026.41,12158.45,0,EGP,4/4/2026
ORD-14542,CUST-656,PROD-111,BR-2,AG-16,1/21/2024,80708.89,Installments,16141.78,64567.11,12,0.2,5380.59,32283.56,120,EGP,4/4/2026
ORD-14543,CUST-622,PROD-113,BR-2,AG-6,2/19/2024,36854.16,Installments,7370.83,29483.33,12,0.2,2456.94,14741.66,0,EGP,1/1/1900
ORD-14544,CUST-915,PROD-147,BR-8,AG-16,5/11/2024,56015.8,Cash,56015.8,0,0,0,0,0,0,EGP,
ORD-14545,CUST-266,PROD-96,BR-5,AG-21,10/17/2024,35102.86,Cash,35102.86,0,0,0,0,0,0,EGP,
ORD-14546,CUST-208,PROD-61,BR-8,AG-1,12/30/2028,70721.44,Cash,70721.44,0,0,0,0,0,0,EGP,
ORD-14547,CUST-738,PROD-200,BR-9,AG-21,2/3/2025,39321.13,Cash,39321.13,0,0,0,0,0,0,Pound,
ORD-14548,CUST-844,PROD-162,BR-9,AG-21,3/1/2024,46971.18,Installments,9394.24,37576.94,12,0.2,3131.41,18788.47,0,EGP,1/1/1900
ORD-14549,CUST-917,PROD-158,BR-10,AG-8,1/17/2025,63895.1,Cash,63895.1,0,0,0,0,0,0,EGP,
ORD-14550,CUST-620,PROD-126,BR-4,AG-3,10/14/2024,26707.2,Installments,5341.44,21365.76,12,0.2,1780.48,10682.88,0,EGP,4/4/2026
ORD-14551,CUST-625,PROD-168,BR-2,AG-11,7/4/2024,83629.91,Installments,16725.98,66903.93,12,0.2,5575.33,33451.96,0,Pound,4/4/2026
ORD-14552,CUST-978,PROD-50,BR-9,AG-11,6/26/2024,56473.42,Installments,11294.68,45178.74,12,0.2,3764.89,22589.37,0,EGP,4/4/2026
ORD-14553,CUST-178,PROD-79,BR-6,AG-13,4/24/2024,58671.72,Installments,11734.34,46937.38,12,0.2,3911.45,23468.69,15,EGP,4/4/2026
ORD-14554,CUST-457,PROD-101,BR-9,AG-23,1/19/2024,50700.06,Cash,50700.06,0,0,0,0,0,0,Pound,
ORD-14555,CUST-411,PROD-59,BR-1,AG-13,6/22/2024,16944.07,Installments,3388.81,13555.26,12,0.2,1129.6,6777.63,45,egp,4/4/2026
ORD-14556,CUST-579,PROD-61,BR-3,AG-10,12/17/2024,23269.09,Installments,4653.82,18615.27,12,0.2,1551.27,9307.64,15,EGP,4/4/2026
ORD-14557,CUST-266,PROD-51,BR-10,AG-21,1/27/2025,20901.54,Installments,4180.31,16721.23,12,0.2,1393.44,8360.62,45,EGP,4/4/2026
ORD-14558,CUST-705,PROD-188,BR-9,AG-19,1/19/2025,16343.11,Cash,16343.11,0,0,0,0,0,0,egp,
ORD-14559,CUST-923,PROD-65,BR-5,AG-7,12/28/2024,84424.54,Installments,16884.91,67539.63,12,0.2,5628.3,33769.82,0,EGP,4/4/2026
ORD-14560,CUST-407,PROD-186,BR-4,AG-14,11/20/2024,36236.16,Installments,7247.23,28988.93,12,0.2,2415.74,14494.46,0,EGP,4/4/2026
ORD-14561,CUST-358,PROD-110,BR-7,AG-23,4/8/2024,53681.97,Installments,10736.39,42945.58,12,0.2,3578.8,21472.79,0,EGP,4/4/2026
ORD-14562,CUST-965,PROD-182,BR-3,AG-16,8/3/2024,26235.39,Installments,5247.08,20988.31,12,0.2,1749.03,10494.16,15,EGP,4/4/2026
ORD-14563,CUST-146,PROD-76,BR-5,AG-23,7/22/2024,87082.34,Installments,17416.47,69665.87,12,0.2,0,34832.94,0,EGP,4/4/2026
ORD-14564,CUST-649,PROD-122,BR-2,AG-12,11/29/2024,72310.21,Installments,14462.04,57848.17,12,0.2,4820.68,28924.08,0,EGP,4/4/2026
ORD-14565,CUST-815,PROD-66,BR-10,AG-12,5/13/2024,74400.01,Installments,14880,59520.01,12,0.2,4960,29760,45,Pound,4/4/2026
ORD-14566,CUST-299,PROD-122,BR-10,AG-17,1/5/2024,29914.53,Cash,29914.53,0,0,0,0,0,0,EGP,
ORD-14567,CUST-876,PROD-57,BR-2,AG-15,3/17/2024,31084.04,Installments,6216.81,24867.23,12,0.2,2072.27,12433.62,45,Pound,4/4/2026
ORD-14568,CUST-936,PROD-185,BR-4,AG-13,9/18/2024,45603.55,Installments,9120.71,36482.84,12,0.2,3040.24,18241.42,0,EGP,4/4/2026
ORD-14569,CUST-601,PROD-160,BR-9,AG-15,4/5/2024,45462.11,Cash,45462.11,0,0,0,0,0,0,EGP,
ORD-14570,CUST-146,PROD-133,BR-9,AG-20,8/2/2024,35245.29,Installments,7049.06,28196.23,12,0.2,2349.69,14098.12,0,Pound,4/4/2026
ORD-14571,CUST-652,PROD-143,BR-3,AG-9,12/4/2024,82594.71,Cash,82594.71,0,0,0,0,0,0,egp,
ORD-14572,CUST-812,PROD-63,BR-6,AG-15,6/21/2024,49578.64,Installments,9915.73,39662.91,12,0.2,3305.24,19831.46,0,egp,4/4/2026
ORD-14573,CUST-161,PROD-111,BR-10,AG-19,11/3/2024,35623.05,Installments,7124.61,28498.44,12,0.2,2374.87,14249.22,0,Pound,4/4/2026
ORD-14574,CUST-883,PROD-199,BR-4,AG-10,4/27/2024,25506.82,Installments,5101.36,20405.46,12,0.2,1700.45,10202.73,0,EGP,4/4/2026
ORD-14575,CUST-350,PROD-138,BR-10,AG-4,8/14/2024,56137.19,Installments,11227.44,44909.75,12,0.2,3742.48,22454.88,0,EGP,4/4/2026
ORD-14576,CUST-474,PROD-103,BR-8,AG-13,6/16/2024,23895.86,Cash,23895.86,0,0,0,0,0,0,EGP,
ORD-14577,CUST-612,PROD-69,BR-9,AG-25,9/5/2024,15143.19,Cash,15143.19,0,0,0,0,0,0,EGP,
ORD-14578,CUST-623,PROD-191,BR-10,AG-17,9/12/2024,18558.18,Installments,3711.64,14846.54,12,0.2,1237.21,7423.27,0,EGP,4/4/2026
ORD-14579,CUST-984,PROD-72,BR-1,AG-25,1/11/2024,56838.68,Installments,11367.74,45470.94,12,0.2,3789.25,22735.47,45,Pound,4/4/2026
ORD-14580,CUST-223,PROD-196,BR-10,AG-12,6/16/2024,41593.73,Cash,41593.73,0,0,0,0,0,0,EGP,
ORD-14581,CUST-908,PROD-116,BR-5,AG-19,2/4/2025,39067.51,Installments,7813.5,31254.01,12,0.2,2604.5,15627,0,EGP,4/4/2026
ORD-14582,CUST-414,PROD-181,BR-8,AG-15,6/24/2024,27264.64,Cash,27264.64,0,0,0,0,0,0,EGP,
ORD-14583,CUST-369,PROD-129,BR-4,AG-11,10/17/2024,70902.23,Cash,70902.23,0,0,0,0,0,0,egp,
ORD-14584,CUST-466,PROD-63,BR-6,AG-8,4/1/2024,74301.6,Cash,74301.6,0,0,0,0,0,0,EGP,
ORD-14585,CUST-988,PROD-100,BR-3,AG-20,12/30/2028,51772.87,Cash,51772.87,0,0,0,0,0,0,EGP,
ORD-14586,CUST-870,PROD-127,BR-6,AG-12,2/20/2024,37378.53,Cash,37378.53,0,0,0,0,0,0,EGP,
ORD-14587,CUST-417,PROD-191,BR-9,AG-17,7/3/2024,80572.46,Installments,16114.49,64457.97,12,0.2,5371.5,32228.98,0,EGP,4/4/2026
ORD-14588,CUST-179,PROD-199,BR-3,AG-2,11/2/2024,18028.09,Cash,18028.09,0,0,0,0,0,0,EGP,
ORD-14589,CUST-558,PROD-123,BR-5,AG-6,11/30/2024,41403.45,Cash,41403.45,0,0,0,0,0,0,Pound,
ORD-14590,CUST-122,PROD-127,BR-8,AG-23,2/1/2024,41905.96,Cash,41905.96,0,0,0,0,0,0,EGP,
ORD-14591,CUST-660,PROD-154,BR-1,AG-16,2/15/2024,36126.99,Cash,36126.99,0,0,0,0,0,0,egp,
ORD-14592,CUST-313,PROD-146,BR-5,AG-14,10/25/2024,70312.8,Installments,14062.56,56250.24,12,0.2,4687.52,28125.12,120,EGP,4/4/2026
ORD-14593,CUST-843,PROD-90,BR-4,AG-14,9/21/2024,85409.55,Installments,17081.91,68327.64,12,0.2,5693.97,34163.82,0,EGP,4/4/2026
ORD-14594,CUST-456,PROD-148,BR-7,AG-3,7/9/2024,43757.92,Installments,8751.58,35006.34,12,0.2,2917.19,17503.17,0,EGP,4/4/2026
ORD-14595,CUST-271,PROD-196,BR-2,AG-18,3/19/2024,12892.66,Cash,12892.66,0,0,0,0,0,0,EGP,
ORD-14596,CUST-122,PROD-119,BR-8,AG-19,9/1/2024,36794.02,Installments,7358.8,29435.22,12,0.2,2452.93,14717.61,45,EGP,4/4/2026
ORD-14597,CUST-745,PROD-200,BR-4,AG-6,4/23/2024,48612.73,Installments,9722.55,38890.18,12,0.2,3240.85,19445.09,0,EGP,4/4/2026
ORD-14598,CUST-449,PROD-122,BR-3,AG-3,10/7/2024,77280.53,Installments,15456.11,61824.42,12,0.2,5152.04,30912.21,0,EGP,4/4/2026
ORD-14599,CUST-154,PROD-87,BR-5,AG-16,8/8/2024,17858.57,Installments,3571.71,14286.86,12,0.2,1190.57,7143.43,0,EGP,4/4/2026
ORD-14600,CUST-605,PROD-153,BR-10,AG-3,1/1/2024,15999.75,Installments,3199.95,12799.8,12,0.2,1066.65,6399.9,0,EGP,4/4/2026
ORD-14601,CUST-560,PROD-63,BR-2,AG-8,3/21/2024,81851.41,Cash,81851.41,0,0,0,0,0,0,egp,
ORD-14602,CUST-463,PROD-70,BR-3,AG-19,11/21/2024,23524.89,Installments,4704.98,18819.91,12,0.2,1568.33,9409.96,45,Pound,4/4/2026
ORD-14603,CUST-529,PROD-137,BR-7,AG-14,7/18/2024,35761.83,Installments,7152.37,28609.46,12,0.2,2384.12,14304.73,15,Pound,4/4/2026
ORD-14604,CUST-787,PROD-163,BR-4,AG-19,6/17/2024,57097.44,Cash,57097.44,0,0,0,0,0,0,Pound,
ORD-14605,CUST-373,PROD-84,BR-10,AG-12,1/2/2024,14495.88,Installments,2899.18,11596.7,12,0.2,966.39,5798.35,0,EGP,4/4/2026
ORD-14606,CUST-330,PROD-112,BR-6,AG-5,6/30/2024,32805.93,Installments,6561.19,26244.74,12,0.2,2187.06,13122.37,0,EGP,4/4/2026
ORD-14607,CUST-826,PROD-128,BR-6,AG-15,2/17/2024,10261.71,Cash,10261.71,0,0,0,0,0,0,EGP,
ORD-14608,CUST-575,PROD-54,BR-1,AG-25,12/14/2024,81218.28,Installments,16243.66,64974.62,12,0.2,5414.55,32487.31,0,EGP,4/4/2026
ORD-14609,CUST-665,PROD-83,BR-1,AG-14,5/14/2024,89105.51,Installments,17821.1,71284.41,12,0.2,5940.37,35642.2,0,EGP,4/4/2026
ORD-14610,CUST-962,PROD-168,BR-8,AG-17,9/20/2024,86154.71,Installments,17230.94,68923.77,12,0.2,5743.65,34461.88,0,EGP,4/4/2026
ORD-14611,CUST-780,PROD-145,BR-10,AG-16,12/21/2024,41732.31,Cash,41732.31,0,0,0,0,0,0,egp,
ORD-14612,CUST-637,PROD-75,BR-1,AG-1,10/21/2024,55400.55,Cash,55400.55,0,0,0,0,0,0,EGP,
ORD-14613,CUST-476,PROD-166,BR-7,AG-15,3/6/2024,54352.45,Installments,10870.49,43481.96,12,0.2,3623.5,21740.98,15,EGP,4/4/2026
ORD-14614,CUST-260,PROD-122,BR-1,AG-4,1/13/2025,34152.22,Installments,6830.44,27321.78,12,0.2,2276.81,13660.89,0,EGP,4/4/2026
ORD-14615,CUST-796,PROD-139,BR-7,AG-4,1/5/2025,76402.46,Installments,15280.49,61121.97,12,0.2,5093.5,30560.98,0,Pound,4/4/2026
ORD-14616,CUST-587,PROD-95,BR-8,AG-5,2/9/2024,58790.86,Installments,11758.17,47032.69,12,0.2,3919.39,23516.34,0,egp,4/4/2026
ORD-14617,CUST-496,PROD-63,BR-4,AG-18,4/6/2024,12003.35,Installments,2400.67,9602.68,12,0.2,800.22,4801.34,15,EGP,4/4/2026
ORD-14618,CUST-227,PROD-50,BR-8,AG-12,10/26/2024,56783.23,Cash,56783.23,0,0,0,0,0,0,EGP,
ORD-14619,CUST-650,PROD-170,BR-10,AG-19,2/16/2024,68619.04,Installments,13723.81,54895.23,12,0.2,4574.6,27447.62,15,Pound,4/4/2026
ORD-14620,CUST-194,PROD-167,BR-3,AG-19,7/18/2024,11773.03,Installments,2354.61,9418.42,12,0.2,784.87,4709.21,45,EGP,4/4/2026
ORD-14621,CUST-217,PROD-154,BR-1,AG-11,12/29/2024,45038.31,Installments,9007.66,36030.65,12,0.2,3002.55,18015.32,0,EGP,4/4/2026
ORD-14622,CUST-209,PROD-75,BR-4,AG-5,10/16/2024,41289.48,Installments,8257.9,33031.58,12,0.2,2752.63,16515.79,0,EGP,4/4/2026
ORD-14623,CUST-243,PROD-53,BR-2,AG-6,4/23/2024,38421.49,Installments,7684.3,30737.19,12,0.2,2561.43,15368.6,45,EGP,4/4/2026
ORD-14624,CUST-489,PROD-89,BR-7,AG-16,1/15/2024,19103.48,Installments,3820.7,15282.78,12,0.2,1273.57,7641.39,0,EGP,4/4/2026
ORD-14625,CUST-838,PROD-83,BR-7,AG-4,6/21/2024,63271.02,Installments,12654.2,50616.82,12,0.2,4218.07,25308.41,0,EGP,4/4/2026
ORD-14626,CUST-872,PROD-88,BR-4,AG-9,10/19/2024,31705.97,Installments,6341.19,25364.78,12,0.2,2113.73,12682.39,0,EGP,4/4/2026
ORD-14627,CUST-804,PROD-98,BR-5,AG-22,8/19/2024,66254.03,Installments,13250.81,53003.22,12,0.2,4416.94,26501.61,0,EGP,4/4/2026
ORD-14628,CUST-411,PROD-57,BR-9,AG-4,5/11/2024,26457.67,Installments,5291.53,21166.14,12,0.2,1763.84,10583.07,45,EGP,4/4/2026
ORD-14629,CUST-573,PROD-89,BR-7,AG-1,12/21/2024,50194.6,Installments,10038.92,40155.68,12,0.2,3346.31,20077.84,45,EGP,4/4/2026
ORD-14630,CUST-467,PROD-107,BR-2,AG-11,5/28/2024,15346.97,Installments,3069.39,12277.58,12,0.2,1023.13,6138.79,15,EGP,4/4/2026
ORD-14631,CUST-197,PROD-79,BR-2,AG-7,2/9/2024,19090.75,Installments,3818.15,15272.6,12,0.2,1272.72,7636.3,0,EGP,4/4/2026
ORD-14632,CUST-958,PROD-173,BR-5,AG-21,7/7/2024,22487.59,Cash,22487.59,0,0,0,0,0,0,EGP,
ORD-14633,CUST-384,PROD-95,BR-2,AG-4,8/22/2024,37996.42,Installments,7599.28,30397.14,12,0.2,2533.09,15198.57,0,EGP,4/4/2026
ORD-14634,CUST-673,PROD-119,BR-5,AG-11,12/31/2024,12893.86,Cash,12893.86,0,0,0,0,0,0,egp,
ORD-14635,CUST-660,PROD-157,BR-2,AG-19,9/14/2024,49484.19,Installments,9896.84,39587.35,12,0.2,3298.95,19793.68,0,egp,4/4/2026
ORD-14636,CUST-378,PROD-54,BR-5,AG-16,1/5/2024,51652.91,Installments,10330.58,41322.33,12,0.2,3443.53,20661.16,120,Pound,4/4/2026
ORD-14637,CUST-515,PROD-180,BR-9,AG-5,12/20/2024,75100.44,Installments,15020.09,60080.35,12,0.2,5006.7,30040.18,45,egp,4/4/2026
ORD-14638,CUST-424,PROD-146,BR-2,AG-24,6/21/2024,19983.91,Installments,3996.78,15987.13,12,0.2,1332.26,7993.56,45,EGP,1/1/1900
ORD-14639,CUST-558,PROD-189,BR-9,AG-6,1/3/2024,40919.71,Cash,40919.71,0,0,0,0,0,0,EGP,
ORD-14640,CUST-516,PROD-162,BR-6,AG-12,11/24/2024,27219.3,Installments,5443.86,21775.44,12,0.2,1814.62,10887.72,45,EGP,4/4/2026
ORD-14641,CUST-282,PROD-138,BR-1,AG-17,5/16/2024,43471.45,Installments,8694.29,34777.16,12,0.2,2898.1,17388.58,45,EGP,4/4/2026
ORD-14642,CUST-809,PROD-187,BR-5,AG-24,1/31/2024,89838.07,Installments,17967.61,71870.46,12,0.2,5989.2,35935.23,0,EGP,4/4/2026
ORD-14643,CUST-811,PROD-153,BR-4,AG-16,1/14/2025,88058.03,Installments,17611.61,70446.42,12,0.2,5870.54,35223.21,0,egp,4/4/2026
ORD-14644,CUST-454,PROD-165,BR-1,AG-7,2/26/2024,43486.97,Installments,8697.39,34789.58,12,0.2,2899.13,17394.79,120,Pound,4/4/2026
ORD-14645,CUST-271,PROD-86,BR-1,AG-24,9/2/2024,84075.56,Cash,84075.56,0,0,0,0,0,0,EGP,
ORD-14646,CUST-888,PROD-176,BR-5,AG-6,1/25/2025,53985.7,Installments,10797.14,43188.56,12,0.2,3599.05,21594.28,0,EGP,4/4/2026
ORD-14647,CUST-432,PROD-97,BR-2,AG-11,9/12/2024,49769.91,Installments,9953.98,39815.93,12,0.2,3317.99,19907.96,0,EGP,1/1/1900
ORD-14648,CUST-290,PROD-88,BR-2,AG-12,2/2/2024,79321.76,Installments,15864.35,63457.41,12,0.2,5288.12,31728.7,15,Pound,4/4/2026
ORD-14649,CUST-595,PROD-60,BR-10,AG-18,2/8/2024,60767.67,Installments,12153.53,48614.14,12,0.2,4051.18,24307.07,0,Pound,4/4/2026
ORD-14650,CUST-294,PROD-92,BR-8,AG-1,9/23/2024,83478.31,Installments,16695.66,66782.65,12,0.2,5565.22,33391.32,45,EGP,4/4/2026
ORD-14651,CUST-399,PROD-182,BR-5,AG-17,6/26/2024,43356.89,Installments,8671.38,34685.51,12,0.2,2890.46,17342.76,45,EGP,4/4/2026
ORD-14652,CUST-421,PROD-199,BR-3,AG-11,2/14/2024,12492.07,Installments,2498.41,9993.66,12,0.2,832.8,4996.83,15,EGP,1/1/1900
ORD-14653,CUST-334,PROD-122,BR-10,AG-22,6/25/2024,59259.82,Installments,11851.96,47407.86,12,0.2,3950.65,23703.93,0,EGP,4/4/2026
ORD-14654,CUST-447,PROD-90,BR-3,AG-2,9/21/2024,66511.87,Cash,66511.87,0,0,0,0,0,0,EGP,
ORD-14655,CUST-417,PROD-130,BR-10,AG-4,12/30/2028,82879.07,Installments,16575.81,66303.26,12,0.2,5525.27,33151.63,0,egp,4/4/2026
ORD-14656,CUST-183,PROD-98,BR-7,AG-24,3/26/2024,69811.28,Cash,69811.28,0,0,0,0,0,0,Pound,
ORD-14657,CUST-951,PROD-69,BR-9,AG-3,1/7/2024,42483.36,Installments,8496.67,33986.69,12,0.2,2832.22,16993.34,0,EGP,4/4/2026
ORD-14658,CUST-476,PROD-191,BR-6,AG-10,1/1/2025,14966.27,Cash,14966.27,0,0,0,0,0,0,EGP,
ORD-14659,CUST-563,PROD-151,BR-3,AG-18,2/10/2024,30446.79,Installments,6089.36,24357.43,12,0.2,2029.79,12178.72,0,EGP,4/4/2026
ORD-14660,CUST-273,PROD-190,BR-10,AG-3,5/4/2024,89352.95,Installments,17870.59,71482.36,12,0.2,5956.86,35741.18,15,EGP,4/4/2026
ORD-14661,CUST-723,PROD-121,BR-9,AG-19,3/29/2024,42002.25,Cash,42002.25,0,0,0,0,0,0,EGP,
ORD-14662,CUST-320,PROD-154,BR-10,AG-18,4/12/2024,40370.03,Installments,8074.01,32296.02,12,0.2,2691.34,16148.01,0,EGP,4/4/2026
ORD-14663,CUST-252,PROD-94,BR-10,AG-14,5/5/2024,10836.81,Cash,10836.81,0,0,0,0,0,0,EGP,
ORD-14664,CUST-537,PROD-108,BR-1,AG-20,1/23/2024,83307.55,Installments,16661.51,66646.04,12,0.2,5553.84,33323.02,15,EGP,4/4/2026
ORD-14665,CUST-150,PROD-79,BR-2,AG-2,7/17/2024,58559.81,Installments,11711.96,46847.85,12,0.2,3903.99,23423.92,0,Pound,4/4/2026
ORD-14666,CUST-413,PROD-198,BR-10,AG-4,9/20/2024,72485.2,Installments,14497.04,57988.16,12,0.2,4832.35,28994.08,0,EGP,4/4/2026
ORD-14667,CUST-381,PROD-195,BR-1,AG-21,8/13/2024,13176.16,Installments,2635.23,10540.93,12,0.2,878.41,5270.46,0,egp,4/4/2026
ORD-14668,CUST-259,PROD-99,BR-4,AG-20,9/4/2024,14345.17,Installments,2869.03,11476.14,12,0.2,956.34,5738.07,45,EGP,4/4/2026
ORD-14669,CUST-614,PROD-83,BR-2,AG-6,9/11/2024,74947.06,Installments,14989.41,59957.65,12,0.2,4996.47,29978.82,0,Pound,4/4/2026
ORD-14670,CUST-663,PROD-121,BR-2,AG-12,1/13/2025,53394.98,Installments,10679,42715.98,12,0.2,3559.67,21357.99,0,EGP,4/4/2026
ORD-14671,CUST-854,PROD-105,BR-2,AG-13,7/19/2024,59961.05,Installments,11992.21,47968.84,12,0.2,3997.4,23984.42,15,EGP,4/4/2026
ORD-14672,CUST-408,PROD-80,BR-7,AG-3,1/27/2025,74561.57,Cash,74561.57,0,0,0,0,0,0,EGP,
ORD-14673,CUST-526,PROD-171,BR-5,AG-8,1/29/2024,74255.86,Cash,74255.86,0,0,0,0,0,0,egp,
ORD-14674,CUST-356,PROD-78,BR-8,AG-10,5/13/2024,64731.58,Installments,12946.32,51785.26,12,0.2,4315.44,25892.63,0,EGP,4/4/2026
ORD-14675,CUST-292,PROD-160,BR-6,AG-16,11/26/2024,59102.42,Installments,11820.48,47281.94,12,0.2,3940.16,23640.97,0,EGP,1/1/1900
ORD-14676,CUST-809,PROD-151,BR-10,AG-17,12/7/2024,74639.36,Installments,14927.87,59711.49,12,0.2,4975.96,29855.74,0,EGP,4/4/2026
ORD-14677,CUST-391,PROD-153,BR-7,AG-19,11/8/2024,48226.72,Cash,48226.72,0,0,0,0,0,0,EGP,
ORD-14678,CUST-467,PROD-162,BR-8,AG-10,5/25/2024,64078.97,Cash,64078.97,0,0,0,0,0,0,EGP,
ORD-14679,CUST-550,PROD-139,BR-9,AG-12,12/10/2024,44771.39,Installments,8954.28,35817.11,12,0.2,2984.76,17908.56,15,Pound,4/4/2026
ORD-14680,CUST-846,PROD-77,BR-7,AG-24,5/2/2024,39154.54,Installments,7830.91,31323.63,12,0.2,2610.3,15661.82,0,EGP,4/4/2026
ORD-14681,CUST-809,PROD-98,BR-5,AG-2,12/26/2024,66378.63,Cash,66378.63,0,0,0,0,0,0,EGP,
ORD-14682,CUST-276,PROD-79,BR-10,AG-19,1/27/2024,55531.24,Installments,11106.25,44424.99,12,0.2,3702.08,22212.5,15,EGP,4/4/2026
ORD-14683,CUST-482,PROD-169,BR-2,AG-19,12/4/2024,63375.53,Installments,12675.11,50700.42,12,0.2,4225.04,25350.21,0,EGP,4/4/2026
ORD-14684,CUST-936,PROD-190,BR-2,AG-17,2/1/2024,66238.78,Installments,13247.76,52991.02,12,0.2,4415.92,26495.51,0,EGP,4/4/2026
ORD-14685,CUST-743,PROD-174,BR-10,AG-15,3/25/2024,22582.7,Cash,22582.7,0,0,0,0,0,0,EGP,
ORD-14686,CUST-125,PROD-194,BR-10,AG-3,8/15/2024,64796.09,Cash,64796.09,0,0,0,0,0,0,EGP,
ORD-14687,CUST-681,PROD-56,BR-8,AG-25,6/12/2024,52925.17,Installments,10585.03,42340.14,12,0.2,3528.34,21170.07,45,EGP,4/4/2026
ORD-14688,CUST-773,PROD-75,BR-2,AG-24,10/4/2024,21759.84,Installments,4351.97,17407.87,12,0.2,1450.66,8703.94,0,EGP,4/4/2026
ORD-14689,CUST-451,PROD-93,BR-1,AG-25,9/29/2024,42699.28,Installments,8539.86,34159.42,12,0.2,2846.62,17079.71,15,EGP,4/4/2026
ORD-14690,CUST-357,PROD-86,BR-10,AG-8,1/5/2024,18776.79,Cash,18776.79,0,0,0,0,0,0,EGP,
ORD-14691,CUST-787,PROD-170,BR-3,AG-11,8/23/2024,21250.77,Installments,4250.15,17000.62,12,0.2,1416.72,8500.31,0,EGP,4/4/2026
ORD-14692,CUST-490,PROD-94,BR-9,AG-2,6/24/2024,39646.13,Installments,7929.23,31716.9,12,0.2,2643.08,15858.45,0,EGP,4/4/2026
ORD-14693,CUST-278,PROD-130,BR-2,AG-22,11/22/2024,48290.99,Installments,9658.2,38632.79,12,0.2,3219.4,19316.4,0,EGP,4/4/2026
ORD-14694,CUST-864,PROD-122,BR-3,AG-18,2/27/2024,65331.55,Cash,65331.55,0,0,0,0,0,0,EGP,
ORD-14695,CUST-626,PROD-81,BR-9,AG-19,2/15/2024,81206.8,Installments,16241.36,64965.44,12,0.2,5413.79,32482.72,0,EGP,4/4/2026
ORD-14696,CUST-349,PROD-198,BR-3,AG-8,1/24/2024,22489.16,Installments,4497.83,17991.33,12,0.2,1499.28,8995.66,15,EGP,4/4/2026
ORD-14697,CUST-915,PROD-111,BR-1,AG-3,2/22/2024,79264.44,Installments,15852.89,63411.55,12,0.2,5284.3,31705.78,0,EGP,4/4/2026
ORD-14698,CUST-121,PROD-157,BR-6,AG-18,5/11/2024,78467.46,Installments,15693.49,62773.97,12,0.2,5231.16,31386.98,15,EGP,4/4/2026
ORD-14699,CUST-456,PROD-196,BR-10,AG-17,1/26/2025,74981.41,Cash,74981.41,0,0,0,0,0,0,Pound,
ORD-14700,CUST-753,PROD-194,BR-9,AG-14,1/25/2025,51641.04,Installments,10328.21,41312.83,12,0.2,3442.74,20656.42,0,EGP,4/4/2026
ORD-14701,CUST-563,PROD-192,BR-4,AG-18,1/2/2025,21452.35,Installments,4290.47,17161.88,12,0.2,1430.16,8580.94,0,Pound,4/4/2026
ORD-14702,CUST-594,PROD-56,BR-5,AG-9,10/26/2024,30785.8,Installments,6157.16,24628.64,12,0.2,2052.39,12314.32,15,EGP,4/4/2026
ORD-14703,CUST-833,PROD-52,BR-2,AG-7,12/30/2028,43692.95,Cash,43692.95,0,0,0,0,0,0,EGP,
ORD-14704,CUST-931,PROD-176,BR-10,AG-16,8/17/2024,76564.22,Cash,76564.22,0,0,0,0,0,0,EGP,
ORD-14705,CUST-631,PROD-111,BR-2,AG-4,6/20/2024,84295.69,Installments,16859.14,67436.55,12,0.2,5619.71,33718.28,0,EGP,4/4/2026
ORD-14706,CUST-108,PROD-136,BR-5,AG-20,10/7/2024,42327.24,Installments,8465.45,33861.79,12,0.2,2821.82,16930.9,15,Pound,4/4/2026
ORD-14707,CUST-419,PROD-152,BR-3,AG-21,1/22/2025,84214.3,Cash,84214.3,0,0,0,0,0,0,EGP,
ORD-14708,CUST-482,PROD-112,BR-1,AG-21,8/4/2024,23640.35,Installments,4728.07,18912.28,12,0.2,1576.02,9456.14,0,egp,4/4/2026
ORD-14709,CUST-225,PROD-196,BR-3,AG-10,7/1/2024,22898.34,Cash,22898.34,0,0,0,0,0,0,EGP,
ORD-14710,CUST-901,PROD-59,BR-7,AG-5,12/29/2024,39059.9,Installments,7811.98,31247.92,12,0.2,2603.99,15623.96,0,EGP,4/4/2026
ORD-14711,CUST-377,PROD-155,BR-8,AG-15,9/5/2024,26617.2,Cash,26617.2,0,0,0,0,0,0,EGP,
ORD-14712,CUST-887,PROD-58,BR-1,AG-10,7/20/2024,24313.7,Installments,4862.74,19450.96,12,0.2,1620.91,9725.48,0,EGP,4/4/2026
ORD-14713,CUST-147,PROD-79,BR-4,AG-20,10/10/2024,45227.26,Installments,9045.45,36181.81,12,0.2,3015.15,18090.9,0,EGP,4/4/2026
ORD-14714,CUST-429,PROD-57,BR-4,AG-22,6/3/2024,16624.93,Cash,16624.93,0,0,0,0,0,0,Pound,
ORD-14715,CUST-547,PROD-117,BR-6,AG-13,10/20/2024,33873.35,Installments,6774.67,27098.68,12,0.2,2258.22,13549.34,0,Pound,4/4/2026
ORD-14716,CUST-514,PROD-86,BR-7,AG-5,8/26/2024,83989.33,Cash,83989.33,0,0,0,0,0,0,EGP,
ORD-14717,CUST-265,PROD-162,BR-6,AG-11,4/29/2024,34019.41,Cash,34019.41,0,0,0,0,0,0,egp,
ORD-14718,CUST-879,PROD-131,BR-2,AG-5,9/10/2024,84543.9,Installments,16908.78,67635.12,12,0.2,5636.26,33817.56,0,EGP,4/4/2026
ORD-14719,CUST-521,PROD-124,BR-6,AG-24,1/23/2025,84106.99,Cash,84106.99,0,0,0,0,0,0,Pound,
ORD-14720,CUST-307,PROD-146,BR-1,AG-17,12/11/2024,48855.22,Installments,9771.04,39084.18,12,0.2,3257.01,19542.09,0,egp,4/4/2026
ORD-14721,CUST-178,PROD-69,BR-6,AG-10,6/15/2024,73680.68,Installments,14736.14,58944.54,12,0.2,4912.05,29472.27,15,egp,4/4/2026
ORD-14722,CUST-799,PROD-102,BR-9,AG-16,4/5/2024,79610.48,Installments,15922.1,63688.38,12,0.2,5307.37,31844.19,120,EGP,4/4/2026
ORD-14723,CUST-233,PROD-195,BR-10,AG-2,11/16/2024,80978.9,Cash,80978.9,0,0,0,0,0,0,EGP,
ORD-14724,CUST-575,PROD-103,BR-10,AG-13,5/27/2024,44270.58,Installments,8854.12,35416.46,12,0.2,2951.37,17708.23,0,EGP,4/4/2026
ORD-14725,CUST-409,PROD-93,BR-1,AG-18,2/1/2024,37133.27,Installments,7426.65,29706.62,12,0.2,2475.55,14853.31,0,EGP,4/4/2026
ORD-14726,CUST-560,PROD-187,BR-8,AG-6,3/20/2024,85447.04,Installments,17089.41,68357.63,12,0.2,5696.47,34178.82,0,EGP,4/4/2026
ORD-14727,CUST-368,PROD-82,BR-3,AG-25,12/3/2024,36642.81,Installments,7328.56,29314.25,12,0.2,2442.85,14657.12,0,Pound,4/4/2026
ORD-14728,CUST-967,PROD-63,BR-8,AG-4,3/9/2024,37495.61,Cash,37495.61,0,0,0,0,0,0,EGP,
ORD-14729,CUST-328,PROD-115,BR-3,AG-6,11/17/2024,59190.8,Installments,11838.16,47352.64,12,0.2,3946.05,23676.32,0,EGP,4/4/2026
ORD-14730,CUST-635,PROD-193,BR-1,AG-14,6/12/2024,73151.92,Cash,73151.92,0,0,0,0,0,0,EGP,
ORD-14731,CUST-826,PROD-133,BR-8,AG-7,1/6/2024,56354.36,Cash,56354.36,0,0,0,0,0,0,EGP,
ORD-14732,CUST-645,PROD-186,BR-3,AG-21,4/22/2024,86451.03,Cash,86451.03,0,0,0,0,0,0,EGP,
ORD-14733,CUST-254,PROD-122,BR-9,AG-19,2/3/2025,89420.13,Installments,17884.03,71536.1,12,0.2,5961.34,35768.05,120,EGP,4/4/2026
ORD-14734,CUST-797,PROD-126,BR-8,AG-14,10/24/2024,37605.06,Installments,7521.01,30084.05,12,0.2,2507,15042.02,15,EGP,4/4/2026
ORD-14735,CUST-424,PROD-164,BR-3,AG-4,1/11/2025,12125.01,Installments,2425,9700.01,12,0.2,808.33,4850,0,EGP,4/4/2026
ORD-14736,CUST-656,PROD-156,BR-2,AG-17,5/14/2024,67473.21,Installments,13494.64,53978.57,12,0.2,4498.21,26989.28,0,EGP,4/4/2026
ORD-14737,CUST-191,PROD-92,BR-10,AG-8,4/2/2024,55742.3,Installments,11148.46,44593.84,12,0.2,3716.15,22296.92,120,EGP,4/4/2026
ORD-14738,CUST-420,PROD-158,BR-8,AG-17,2/28/2024,23636.57,Installments,4727.31,18909.26,12,0.2,1575.77,9454.63,0,EGP,4/4/2026
ORD-14739,CUST-486,PROD-167,BR-8,AG-3,4/10/2024,35488.5,Cash,35488.5,0,0,0,0,0,0,EGP,
ORD-14740,CUST-288,PROD-81,BR-7,AG-9,10/5/2024,48043.9,Installments,9608.78,38435.12,12,0.2,3202.93,19217.56,15,EGP,4/4/2026
ORD-14741,CUST-680,PROD-101,BR-2,AG-2,1/4/2024,12926.89,Cash,12926.89,0,0,0,0,0,0,EGP,
ORD-14742,CUST-345,PROD-87,BR-4,AG-23,10/7/2024,42211.23,Cash,42211.23,0,0,0,0,0,0,EGP,
ORD-14743,CUST-662,PROD-116,BR-9,AG-14,8/2/2024,43920.18,Cash,43920.18,0,0,0,0,0,0,EGP,
ORD-14744,CUST-416,PROD-191,BR-9,AG-17,2/1/2024,46463.15,Cash,46463.15,0,0,0,0,0,0,EGP,
ORD-14745,CUST-883,PROD-87,BR-5,AG-8,3/5/2024,16085.53,Cash,16085.53,0,0,0,0,0,0,EGP,
ORD-14746,CUST-979,PROD-109,BR-5,AG-1,6/25/2024,89427.82,Installments,17885.56,71542.26,12,0.2,5961.85,35771.13,0,EGP,4/4/2026
ORD-14747,CUST-963,PROD-191,BR-9,AG-23,3/14/2024,49447.43,Installments,9889.49,39557.94,12,0.2,3296.5,19778.97,0,EGP,4/4/2026
ORD-14748,CUST-843,PROD-172,BR-7,AG-11,10/20/2024,20630.69,Installments,4126.14,16504.55,12,0.2,1375.38,8252.28,0,EGP,4/4/2026
ORD-14749,CUST-501,PROD-137,BR-4,AG-12,1/5/2024,31551.03,Installments,6310.21,25240.82,12,0.2,2103.4,12620.41,0,EGP,1/1/1900
ORD-14750,CUST-522,PROD-162,BR-10,AG-14,11/24/2024,83061.36,Cash,83061.36,0,0,0,0,0,0,EGP,
ORD-14751,CUST-243,PROD-53,BR-2,AG-23,1/27/2025,87572.4,Installments,17514.48,70057.92,12,0.2,5838.16,35028.96,15,EGP,4/4/2026
ORD-14752,CUST-219,PROD-91,BR-5,AG-16,2/27/2024,22710.8,Installments,4542.16,18168.64,12,0.2,1514.05,9084.32,0,egp,4/4/2026
ORD-14753,CUST-154,PROD-50,BR-8,AG-10,10/23/2024,17182.99,Cash,17182.99,0,0,0,0,0,0,EGP,
ORD-14754,CUST-921,PROD-167,BR-9,AG-18,9/26/2024,61228.24,Cash,61228.24,0,0,0,0,0,0,EGP,
ORD-14755,CUST-664,PROD-59,BR-9,AG-3,11/1/2024,28727.92,Installments,5745.58,22982.34,12,0.2,1915.19,11491.17,0,EGP,4/4/2026
ORD-14756,CUST-510,PROD-142,BR-3,AG-22,2/21/2024,31852.31,Cash,31852.31,0,0,0,0,0,0,EGP,
ORD-14757,CUST-277,PROD-57,BR-2,AG-1,1/26/2025,47128.78,Installments,9425.76,37703.02,12,0.2,3141.92,18851.51,0,Pound,4/4/2026
ORD-14758,CUST-508,PROD-186,BR-9,AG-3,3/16/2024,89713.29,Cash,89713.29,0,0,0,0,0,0,EGP,
ORD-14759,CUST-499,PROD-126,BR-1,AG-10,1/29/2025,13089.95,Installments,2617.99,10471.96,12,0.2,872.66,5235.98,0,EGP,4/4/2026
ORD-14760,CUST-812,PROD-181,BR-8,AG-2,3/28/2024,73747.46,Cash,73747.46,0,0,0,0,0,0,EGP,
ORD-14761,CUST-282,PROD-72,BR-2,AG-9,5/13/2024,33560.47,Cash,33560.47,0,0,0,0,0,0,EGP,
ORD-14762,CUST-602,PROD-147,BR-5,AG-8,9/24/2024,77741.41,Cash,77741.41,0,0,0,0,0,0,EGP,
ORD-14763,CUST-531,PROD-51,BR-5,AG-24,1/29/2025,38731.89,Installments,7746.38,30985.51,12,0.2,2582.13,15492.76,0,Pound,4/4/2026
ORD-14764,CUST-991,PROD-134,BR-4,AG-8,8/11/2024,61581.44,Installments,12316.29,49265.15,12,0.2,0,24632.58,45,EGP,4/4/2026
ORD-14765,CUST-210,PROD-195,BR-5,AG-24,3/29/2024,25619.09,Installments,5123.82,20495.27,12,0.2,1707.94,10247.64,15,EGP,4/4/2026
ORD-14766,CUST-756,PROD-159,BR-7,AG-5,1/11/2024,28670.8,Installments,5734.16,22936.64,12,0.2,1911.39,11468.32,15,EGP,4/4/2026
ORD-14767,CUST-802,PROD-182,BR-3,AG-22,7/3/2024,63156.81,Installments,12631.36,50525.45,12,0.2,4210.45,25262.72,0,EGP,4/4/2026
ORD-14768,CUST-856,PROD-187,BR-6,AG-22,7/28/2024,54461.81,Installments,10892.36,43569.45,12,0.2,3630.79,21784.72,0,EGP,4/4/2026
ORD-14769,CUST-394,PROD-95,BR-5,AG-15,2/7/2024,16582.07,Installments,3316.41,13265.66,12,0.2,1105.47,6632.83,45,EGP,4/4/2026
ORD-14770,CUST-254,PROD-62,BR-9,AG-24,10/31/2024,43909.45,Cash,43909.45,0,0,0,0,0,0,Pound,
ORD-14771,CUST-102,PROD-56,BR-3,AG-6,4/30/2024,56081.4,Installments,11216.28,44865.12,12,0.2,3738.76,22432.56,15,EGP,4/4/2026
ORD-14772,CUST-955,PROD-138,BR-5,AG-17,7/2/2024,62737.28,Installments,12547.46,50189.82,12,0.2,4182.49,25094.91,45,EGP,4/4/2026
ORD-14773,CUST-883,PROD-86,BR-9,AG-10,1/22/2025,39726.92,Installments,7945.38,31781.54,12,0.2,2648.46,15890.77,45,EGP,1/1/1900
ORD-14774,CUST-948,PROD-153,BR-5,AG-11,1/3/2025,23823.91,Installments,4764.78,19059.13,12,0.2,1588.26,9529.56,45,EGP,4/4/2026
ORD-14775,CUST-455,PROD-88,BR-2,AG-9,8/27/2024,56721.03,Installments,11344.21,45376.82,12,0.2,3781.4,22688.41,0,Pound,4/4/2026
ORD-14776,CUST-751,PROD-198,BR-3,AG-16,5/30/2024,66284.39,Installments,13256.88,53027.51,12,0.2,4418.96,26513.76,0,EGP,4/4/2026
ORD-14777,CUST-514,PROD-82,BR-7,AG-13,10/1/2024,26136.56,Installments,5227.31,20909.25,12,0.2,1742.44,10454.62,0,EGP,4/4/2026
ORD-14778,CUST-432,PROD-61,BR-2,AG-11,2/3/2024,74753.41,Installments,14950.68,59802.73,12,0.2,4983.56,29901.36,0,EGP,4/4/2026
ORD-14779,CUST-813,PROD-124,BR-8,AG-7,6/27/2024,45433.68,Cash,45433.68,0,0,0,0,0,0,EGP,
ORD-14780,CUST-992,PROD-167,BR-1,AG-1,1/19/2024,17699.75,Installments,3539.95,14159.8,12,0.2,1179.98,7079.9,15,EGP,4/4/2026
ORD-14781,CUST-852,PROD-100,BR-8,AG-22,3/18/2024,44384.54,Cash,44384.54,0,0,0,0,0,0,egp,
ORD-14782,CUST-558,PROD-62,BR-3,AG-4,3/1/2024,21283.26,Installments,4256.65,17026.61,12,0.2,1418.88,8513.3,0,EGP,4/4/2026
ORD-14783,CUST-853,PROD-94,BR-5,AG-13,10/10/2024,80816.27,Installments,16163.25,64653.02,12,0.2,5387.75,32326.51,15,EGP,1/1/1900
ORD-14784,CUST-341,PROD-111,BR-5,AG-6,1/7/2024,58821.06,Installments,11764.21,47056.85,12,0.2,3921.4,23528.42,45,EGP,4/4/2026
ORD-14785,CUST-189,PROD-56,BR-2,AG-1,8/10/2024,89230.47,Cash,89230.47,0,0,0,0,0,0,Pound,
ORD-14786,CUST-555,PROD-184,BR-8,AG-5,4/3/2024,16348.87,Cash,16348.87,0,0,0,0,0,0,EGP,
ORD-14787,CUST-382,PROD-55,BR-1,AG-3,7/22/2024,66340.53,Installments,13268.11,53072.42,12,0.2,4422.7,26536.21,0,EGP,4/4/2026
ORD-14788,CUST-248,PROD-154,BR-1,AG-20,1/12/2024,62220.2,Installments,12444.04,49776.16,12,0.2,4148.01,24888.08,45,EGP,4/4/2026
ORD-14789,CUST-189,PROD-81,BR-8,AG-11,1/28/2025,31964.57,Installments,6392.91,25571.66,12,0.2,2130.97,12785.83,0,EGP,4/4/2026
ORD-14790,CUST-627,PROD-166,BR-9,AG-24,11/14/2024,88386.69,Installments,17677.34,70709.35,12,0.2,5892.45,35354.68,0,EGP,4/4/2026
ORD-14791,CUST-716,PROD-114,BR-9,AG-2,11/21/2024,20892.31,Installments,4178.46,16713.85,12,0.2,1392.82,8356.92,15,EGP,4/4/2026
ORD-14792,CUST-814,PROD-78,BR-4,AG-7,12/5/2024,75996.72,Cash,75996.72,0,0,0,0,0,0,EGP,
ORD-14793,CUST-488,PROD-104,BR-10,AG-19,1/18/2025,34388.33,Installments,6877.67,27510.66,12,0.2,2292.56,13755.33,0,EGP,4/4/2026
ORD-14794,CUST-185,PROD-71,BR-9,AG-19,8/2/2024,64967.11,Installments,12993.42,51973.69,12,0.2,4331.14,25986.84,0,egp,4/4/2026
ORD-14795,CUST-257,PROD-134,BR-1,AG-18,5/28/2024,81899.21,Cash,81899.21,0,0,0,0,0,0,egp,
ORD-14796,CUST-366,PROD-93,BR-3,AG-24,2/3/2025,64721.95,Installments,12944.39,51777.56,12,0.2,4314.8,25888.78,120,EGP,4/4/2026
ORD-14797,CUST-236,PROD-197,BR-10,AG-5,6/28/2024,45442.43,Installments,9088.49,36353.94,12,0.2,3029.5,18176.97,15,EGP,4/4/2026
ORD-14798,CUST-453,PROD-162,BR-3,AG-24,5/19/2024,25166.41,Installments,5033.28,20133.13,12,0.2,1677.76,10066.56,0,EGP,4/4/2026
ORD-14799,CUST-138,PROD-178,BR-10,AG-17,3/15/2024,36652.78,Installments,7330.56,29322.22,12,0.2,2443.52,14661.11,0,EGP,4/4/2026
ORD-14800,CUST-798,PROD-190,BR-4,AG-15,5/18/2024,36889.98,Installments,7378,29511.98,12,0.2,2459.33,14755.99,0,Pound,4/4/2026
ORD-14801,CUST-671,PROD-65,BR-5,AG-24,9/29/2024,72359.95,Installments,14471.99,57887.96,12,0.2,4824,28943.98,15,egp,4/4/2026
ORD-14802,CUST-581,PROD-164,BR-10,AG-20,6/2/2024,12309.09,Cash,12309.09,0,0,0,0,0,0,EGP,
ORD-14803,CUST-905,PROD-104,BR-2,AG-19,9/19/2024,87589.62,Cash,87589.62,0,0,0,0,0,0,Pound,
ORD-14804,CUST-251,PROD-53,BR-2,AG-15,1/22/2025,31340.24,Cash,31340.24,0,0,0,0,0,0,EGP,
ORD-14805,CUST-837,PROD-61,BR-3,AG-21,1/5/2024,24761,Installments,4952.2,19808.8,12,0.2,1650.73,9904.4,0,EGP,4/4/2026
ORD-14806,CUST-931,PROD-53,BR-10,AG-21,1/1/2024,85002.72,Cash,85002.72,0,0,0,0,0,0,EGP,
ORD-14807,CUST-832,PROD-115,BR-5,AG-2,5/18/2024,15599.61,Installments,3119.92,12479.69,12,0.2,1039.97,6239.84,15,EGP,4/4/2026
ORD-14808,CUST-772,PROD-56,BR-2,AG-1,10/5/2024,76516.44,Installments,15303.29,61213.15,12,0.2,5101.1,30606.58,0,EGP,4/4/2026
ORD-14809,CUST-635,PROD-132,BR-8,AG-3,7/20/2024,63848.53,Installments,12769.71,51078.82,12,0.2,4256.57,25539.41,0,EGP,1/1/1900
ORD-14810,CUST-359,PROD-167,BR-4,AG-14,1/13/2024,60093.23,Installments,12018.65,48074.58,12,0.2,4006.22,24037.29,0,EGP,4/4/2026
ORD-14811,CUST-978,PROD-183,BR-10,AG-6,3/19/2024,36896.79,Installments,7379.36,29517.43,12,0.2,2459.79,14758.72,0,EGP,1/1/1900
ORD-14812,CUST-710,PROD-122,BR-5,AG-1,2/7/2024,31320.93,Cash,31320.93,0,0,0,0,0,0,EGP,
ORD-14813,CUST-731,PROD-146,BR-10,AG-22,2/28/2024,50224.25,Installments,10044.85,40179.4,12,0.2,3348.28,20089.7,15,EGP,4/4/2026
ORD-14814,CUST-671,PROD-160,BR-10,AG-12,7/28/2024,76603.54,Installments,15320.71,61282.83,12,0.2,5106.9,30641.42,0,egp,1/1/1900
ORD-14815,CUST-919,PROD-173,BR-3,AG-25,11/29/2024,50138.92,Cash,50138.92,0,0,0,0,0,0,EGP,
ORD-14816,CUST-638,PROD-194,BR-1,AG-11,10/28/2024,84392.46,Installments,16878.49,67513.97,12,0.2,5626.16,33756.98,120,EGP,4/4/2026
ORD-14817,CUST-206,PROD-56,BR-3,AG-8,1/12/2024,42611.48,Installments,8522.3,34089.18,12,0.2,2840.77,17044.59,0,egp,4/4/2026
ORD-14818,CUST-824,PROD-86,BR-4,AG-6,9/28/2024,20245.49,Installments,4049.1,16196.39,12,0.2,1349.7,8098.2,0,EGP,4/4/2026
ORD-14819,CUST-771,PROD-110,BR-5,AG-20,7/14/2024,36296.15,Installments,7259.23,29036.92,12,0.2,2419.74,14518.46,0,EGP,4/4/2026
ORD-14820,CUST-549,PROD-104,BR-8,AG-20,10/13/2024,10550.23,Installments,2110.05,8440.18,12,0.2,703.35,4220.09,0,EGP,4/4/2026
ORD-14821,CUST-451,PROD-153,BR-5,AG-2,4/30/2024,39305.3,Installments,7861.06,31444.24,12,0.2,2620.35,15722.12,15,EGP,4/4/2026
ORD-14822,CUST-994,PROD-97,BR-5,AG-13,9/4/2024,82057.19,Installments,16411.44,65645.75,12,0.2,5470.48,32822.88,0,EGP,4/4/2026
ORD-14823,CUST-353,PROD-93,BR-6,AG-12,11/14/2024,82476.03,Cash,82476.03,0,0,0,0,0,0,EGP,
ORD-14824,CUST-623,PROD-194,BR-8,AG-19,1/23/2025,13354.75,Installments,2670.95,10683.8,12,0.2,890.32,5341.9,0,EGP,4/4/2026
ORD-14825,CUST-755,PROD-193,BR-8,AG-15,7/13/2024,54240.92,Installments,10848.18,43392.74,12,0.2,3616.06,21696.37,0,EGP,4/4/2026
ORD-14826,CUST-559,PROD-176,BR-10,AG-11,1/25/2024,77464.6,Cash,77464.6,0,0,0,0,0,0,EGP,
ORD-14827,CUST-835,PROD-163,BR-5,AG-7,1/15/2024,80190.45,Cash,80190.45,0,0,0,0,0,0,EGP,
ORD-14828,CUST-744,PROD-95,BR-10,AG-5,4/20/2024,84185.72,Installments,16837.14,67348.58,12,0.2,5612.38,33674.29,120,egp,4/4/2026
ORD-14829,CUST-463,PROD-121,BR-9,AG-20,4/20/2024,45996.29,Installments,9199.26,36797.03,12,0.2,3066.42,18398.52,120,EGP,4/4/2026
ORD-14830,CUST-951,PROD-161,BR-7,AG-15,12/23/2024,83475.99,Installments,16695.2,66780.79,12,0.2,5565.07,33390.4,0,EGP,4/4/2026
ORD-14831,CUST-590,PROD-88,BR-8,AG-6,1/21/2024,51731.63,Installments,10346.33,41385.3,12,0.2,0,20692.65,0,Pound,4/4/2026
ORD-14832,CUST-661,PROD-69,BR-3,AG-12,2/29/2024,20519.53,Cash,20519.53,0,0,0,0,0,0,EGP,
ORD-14833,CUST-191,PROD-122,BR-9,AG-16,1/11/2024,35940.98,Installments,7188.2,28752.78,12,0.2,0,14376.39,45,EGP,4/4/2026
ORD-14834,CUST-704,PROD-121,BR-8,AG-13,1/14/2024,43478.13,Cash,43478.13,0,0,0,0,0,0,EGP,
ORD-14835,CUST-503,PROD-119,BR-8,AG-14,1/2/2024,60692.69,Installments,12138.54,48554.15,12,0.2,4046.18,24277.08,0,EGP,4/4/2026
ORD-14836,CUST-724,PROD-121,BR-1,AG-1,4/29/2024,81353.63,Installments,16270.73,65082.9,12,0.2,5423.58,32541.45,0,EGP,4/4/2026
ORD-14837,CUST-464,PROD-194,BR-8,AG-25,6/6/2024,66143.58,Cash,66143.58,0,0,0,0,0,0,EGP,
ORD-14838,CUST-574,PROD-160,BR-1,AG-9,11/10/2024,89039.38,Installments,17807.88,71231.5,12,0.2,5935.96,35615.75,0,EGP,4/4/2026
ORD-14839,CUST-782,PROD-185,BR-5,AG-8,10/21/2024,69070.91,Cash,69070.91,0,0,0,0,0,0,EGP,
ORD-14840,CUST-158,PROD-194,BR-2,AG-10,2/7/2024,80066.18,Installments,16013.24,64052.94,12,0.2,5337.75,32026.47,0,EGP,4/4/2026
ORD-14841,CUST-493,PROD-77,BR-2,AG-23,7/23/2024,77571.41,Installments,15514.28,62057.13,12,0.2,5171.43,31028.56,0,Pound,4/4/2026
ORD-14842,CUST-727,PROD-55,BR-2,AG-19,2/9/2024,63330.11,Installments,12666.02,50664.09,12,0.2,4222.01,25332.04,45,EGP,4/4/2026
ORD-14843,CUST-750,PROD-82,BR-10,AG-3,1/28/2024,71868.62,Installments,14373.72,57494.9,12,0.2,4791.24,28747.45,0,EGP,4/4/2026
ORD-14844,CUST-691,PROD-197,BR-3,AG-15,12/30/2028,75015.63,Installments,15003.13,60012.5,12,0.2,5001.04,30006.25,0,EGP,4/4/2026
ORD-14845,CUST-943,PROD-130,BR-6,AG-5,5/20/2024,21761.77,Installments,4352.35,17409.42,12,0.2,1450.78,8704.71,0,EGP,4/4/2026
ORD-14846,CUST-664,PROD-147,BR-9,AG-3,3/14/2024,70006.07,Installments,14001.21,56004.86,12,0.2,4667.07,28002.43,0,EGP,4/4/2026
ORD-14847,CUST-600,PROD-109,BR-6,AG-15,9/28/2024,50990.98,Cash,50990.98,0,0,0,0,0,0,EGP,
ORD-14848,CUST-280,PROD-129,BR-6,AG-6,9/29/2024,83730.93,Cash,83730.93,0,0,0,0,0,0,EGP,
ORD-14849,CUST-234,PROD-171,BR-7,AG-3,10/22/2024,17865.13,Installments,3573.03,14292.1,12,0.2,1191.01,7146.05,15,EGP,4/4/2026
ORD-14850,CUST-975,PROD-133,BR-1,AG-16,2/20/2024,35276.56,Cash,35276.56,0,0,0,0,0,0,EGP,
ORD-14851,CUST-109,PROD-180,BR-7,AG-1,2/13/2024,25787.74,Installments,5157.55,20630.19,12,0.2,1719.18,10315.1,45,EGP,4/4/2026
ORD-14852,CUST-597,PROD-182,BR-8,AG-6,11/5/2024,56370.92,Installments,11274.18,45096.74,12,0.2,3758.06,22548.37,120,EGP,4/4/2026
ORD-14853,CUST-793,PROD-174,BR-4,AG-10,5/22/2024,71892.4,Cash,71892.4,0,0,0,0,0,0,Pound,
ORD-14854,CUST-109,PROD-72,BR-4,AG-24,6/13/2024,28586.8,Installments,5717.36,22869.44,12,0.2,1905.79,11434.72,0,EGP,4/4/2026
ORD-14855,CUST-663,PROD-168,BR-4,AG-3,12/25/2024,10482.14,Cash,10482.14,0,0,0,0,0,0,EGP,
ORD-14856,CUST-778,PROD-58,BR-2,AG-19,9/29/2024,46633.3,Installments,9326.66,37306.64,12,0.2,3108.89,18653.32,120,EGP,4/4/2026
ORD-14857,CUST-750,PROD-120,BR-1,AG-3,8/1/2024,26359.85,Installments,5271.97,21087.88,12,0.2,1757.32,10543.94,15,Pound,4/4/2026
ORD-14858,CUST-100,PROD-155,BR-3,AG-2,11/15/2024,36518.53,Installments,7303.71,29214.82,12,0.2,2434.57,14607.41,0,EGP,4/4/2026
ORD-14859,CUST-430,PROD-86,BR-4,AG-19,9/23/2024,54637.92,Installments,10927.58,43710.34,12,0.2,3642.53,21855.17,0,EGP,4/4/2026
ORD-14860,CUST-374,PROD-87,BR-1,AG-12,11/30/2024,57363.53,Installments,11472.71,45890.82,12,0.2,3824.24,22945.41,0,EGP,4/4/2026
ORD-14861,CUST-751,PROD-120,BR-3,AG-7,11/27/2024,44804.38,Installments,8960.88,35843.5,12,0.2,2986.96,17921.75,0,EGP,4/4/2026
ORD-14862,CUST-170,PROD-86,BR-4,AG-23,8/10/2024,29352.16,Cash,29352.16,0,0,0,0,0,0,EGP,
ORD-14863,CUST-762,PROD-90,BR-8,AG-1,11/20/2024,32566.2,Installments,6513.24,26052.96,12,0.2,2171.08,13026.48,0,Pound,4/4/2026
ORD-14864,CUST-861,PROD-144,BR-2,AG-14,9/15/2024,12565.87,Installments,2513.17,10052.7,12,0.2,837.72,5026.35,15,EGP,4/4/2026
ORD-14865,CUST-252,PROD-197,BR-8,AG-24,7/24/2024,74393.81,Installments,14878.76,59515.05,12,0.2,4959.59,29757.52,0,EGP,4/4/2026
ORD-14866,CUST-320,PROD-102,BR-10,AG-5,2/13/2024,31858.77,Cash,31858.77,0,0,0,0,0,0,EGP,
ORD-14867,CUST-591,PROD-195,BR-4,AG-6,1/4/2025,51319.44,Installments,10263.89,41055.55,12,0.2,3421.3,20527.78,0,EGP,4/4/2026
ORD-14868,CUST-232,PROD-146,BR-5,AG-22,4/28/2024,81341.23,Installments,16268.25,65072.98,12,0.2,5422.75,32536.49,15,EGP,4/4/2026
ORD-14869,CUST-140,PROD-101,BR-9,AG-12,3/24/2024,17417.88,Installments,3483.58,13934.3,12,0.2,1161.19,6967.15,120,EGP,4/4/2026
ORD-14870,CUST-107,PROD-58,BR-4,AG-10,1/22/2025,68703.57,Cash,68703.57,0,0,0,0,0,0,EGP,
ORD-14871,CUST-738,PROD-81,BR-10,AG-18,8/26/2024,48309.81,Installments,9661.96,38647.85,12,0.2,3220.65,19323.92,0,EGP,4/4/2026
ORD-14872,CUST-104,PROD-189,BR-6,AG-10,3/6/2024,34079.39,Installments,6815.88,27263.51,12,0.2,2271.96,13631.76,0,EGP,4/4/2026
ORD-14873,CUST-475,PROD-105,BR-4,AG-9,4/17/2024,46012.46,Installments,9202.49,36809.97,12,0.2,3067.5,18404.98,0,EGP,4/4/2026
ORD-14874,CUST-642,PROD-175,BR-1,AG-9,11/27/2024,81599.75,Installments,16319.95,65279.8,12,0.2,5439.98,32639.9,0,Pound,4/4/2026
ORD-14875,CUST-855,PROD-163,BR-10,AG-7,4/30/2024,87546.18,Cash,87546.18,0,0,0,0,0,0,EGP,
ORD-14876,CUST-171,PROD-185,BR-2,AG-16,1/3/2024,26478.6,Installments,5295.72,21182.88,12,0.2,1765.24,10591.44,15,EGP,4/4/2026
ORD-14877,CUST-667,PROD-133,BR-1,AG-3,5/21/2024,75717.71,Cash,75717.71,0,0,0,0,0,0,EGP,
ORD-14878,CUST-117,PROD-158,BR-3,AG-13,1/29/2025,24368.88,Cash,24368.88,0,0,0,0,0,0,EGP,
ORD-14879,CUST-434,PROD-161,BR-7,AG-23,10/7/2024,61004.34,Cash,61004.34,0,0,0,0,0,0,EGP,
ORD-14880,CUST-176,PROD-136,BR-1,AG-22,2/4/2024,49957.62,Installments,9991.52,39966.1,12,0.2,3330.51,19983.05,0,EGP,4/4/2026
ORD-14881,CUST-760,PROD-100,BR-6,AG-19,11/14/2024,27234.75,Installments,5446.95,21787.8,12,0.2,1815.65,10893.9,0,EGP,4/4/2026
ORD-14882,CUST-127,PROD-112,BR-7,AG-22,7/9/2024,27085.37,Cash,27085.37,0,0,0,0,0,0,Pound,
ORD-14883,CUST-534,PROD-115,BR-9,AG-4,12/13/2024,24011.09,Installments,4802.22,19208.87,12,0.2,1600.74,9604.44,0,EGP,4/4/2026
ORD-14884,CUST-573,PROD-176,BR-9,AG-22,6/19/2024,69974.67,Installments,13994.93,55979.74,12,0.2,4664.98,27989.87,0,EGP,4/4/2026
ORD-14885,CUST-398,PROD-177,BR-4,AG-17,8/16/2024,43925.28,Installments,8785.06,35140.22,12,0.2,2928.35,17570.11,120,EGP,4/4/2026
ORD-14886,CUST-597,PROD-97,BR-2,AG-2,1/28/2024,32873.33,Installments,6574.67,26298.66,12,0.2,2191.56,13149.33,45,EGP,4/4/2026
ORD-14887,CUST-288,PROD-66,BR-9,AG-2,10/23/2024,81734.23,Installments,16346.85,65387.38,12,0.2,5448.95,32693.69,120,EGP,4/4/2026
ORD-14888,CUST-199,PROD-100,BR-3,AG-16,8/3/2024,79043.68,Installments,15808.74,63234.94,12,0.2,5269.58,31617.47,0,EGP,4/4/2026
ORD-14889,CUST-151,PROD-59,BR-4,AG-21,6/4/2024,57009.7,Installments,11401.94,45607.76,12,0.2,3800.65,22803.88,0,EGP,4/4/2026
ORD-14890,CUST-781,PROD-107,BR-7,AG-9,1/6/2025,43977.86,Cash,43977.86,0,0,0,0,0,0,EGP,
ORD-14891,CUST-864,PROD-187,BR-5,AG-23,1/30/2025,58303.16,Installments,11660.63,46642.53,12,0.2,0,23321.26,0,EGP,4/4/2026
ORD-14892,CUST-509,PROD-179,BR-5,AG-1,1/8/2025,85491.45,Cash,85491.45,0,0,0,0,0,0,EGP,
ORD-14893,CUST-976,PROD-132,BR-8,AG-14,1/29/2024,67358.92,Installments,13471.78,53887.14,12,0.2,4490.59,26943.57,45,Pound,4/4/2026
ORD-14894,CUST-938,PROD-199,BR-9,AG-1,11/22/2024,24649.76,Installments,4929.95,19719.81,12,0.2,1643.32,9859.9,0,egp,4/4/2026
ORD-14895,CUST-970,PROD-123,BR-6,AG-6,5/29/2024,47892.18,Installments,9578.44,38313.74,12,0.2,3192.81,19156.87,0,EGP,4/4/2026
ORD-14896,CUST-325,PROD-147,BR-6,AG-14,12/15/2024,15691.02,Installments,3138.2,12552.82,12,0.2,1046.07,6276.41,0,EGP,4/4/2026
ORD-14897,CUST-663,PROD-188,BR-10,AG-2,6/18/2024,49371.57,Cash,49371.57,0,0,0,0,0,0,EGP,
ORD-14898,CUST-669,PROD-143,BR-8,AG-3,12/30/2028,17574.25,Cash,17574.25,0,0,0,0,0,0,EGP,
ORD-14899,CUST-423,PROD-104,BR-7,AG-20,3/8/2024,78432.31,Cash,78432.31,0,0,0,0,0,0,EGP,
ORD-14900,CUST-724,PROD-175,BR-6,AG-18,12/10/2024,42669.64,Cash,42669.64,0,0,0,0,0,0,EGP,
ORD-14901,CUST-421,PROD-71,BR-10,AG-3,6/10/2024,47382.38,Installments,9476.48,37905.9,12,0.2,3158.83,18952.95,0,EGP,4/4/2026
ORD-14902,CUST-820,PROD-154,BR-9,AG-3,5/2/2024,57135.55,Installments,11427.11,45708.44,12,0.2,3809.04,22854.22,0,EGP,4/4/2026
ORD-14903,CUST-785,PROD-173,BR-3,AG-3,9/18/2024,52105.46,Cash,52105.46,0,0,0,0,0,0,egp,
ORD-14904,CUST-665,PROD-118,BR-4,AG-25,3/7/2024,27542.93,Installments,5508.59,22034.34,12,0.2,1836.2,11017.17,15,EGP,4/4/2026
ORD-14905,CUST-926,PROD-200,BR-2,AG-3,10/1/2024,10425.76,Installments,2085.15,8340.61,12,0.2,695.05,4170.3,15,EGP,4/4/2026
ORD-14906,CUST-683,PROD-153,BR-9,AG-16,6/20/2024,26351.87,Cash,26351.87,0,0,0,0,0,0,EGP,
ORD-14907,CUST-689,PROD-82,BR-2,AG-6,3/30/2024,29753.11,Cash,29753.11,0,0,0,0,0,0,EGP,
ORD-14908,CUST-327,PROD-60,BR-7,AG-13,10/13/2024,51515.71,Installments,10303.14,41212.57,12,0.2,3434.38,20606.28,0,EGP,4/4/2026
ORD-14909,CUST-131,PROD-119,BR-3,AG-7,9/10/2024,13627.94,Cash,13627.94,0,0,0,0,0,0,EGP,
ORD-14910,CUST-320,PROD-198,BR-2,AG-25,10/4/2024,81634.62,Cash,81634.62,0,0,0,0,0,0,EGP,
ORD-14911,CUST-958,PROD-132,BR-9,AG-18,8/23/2024,14407.04,Installments,2881.41,11525.63,12,0.2,960.47,5762.82,45,EGP,4/4/2026
ORD-14912,CUST-662,PROD-74,BR-7,AG-7,11/14/2024,65734.85,Installments,13146.97,52587.88,12,0.2,4382.32,26293.94,15,EGP,4/4/2026
ORD-14913,CUST-761,PROD-56,BR-1,AG-4,7/10/2024,48655.75,Installments,9731.15,38924.6,12,0.2,3243.72,19462.3,0,EGP,4/4/2026
ORD-14914,CUST-749,PROD-63,BR-7,AG-1,11/1/2024,59247.38,Cash,59247.38,0,0,0,0,0,0,EGP,
ORD-14915,CUST-923,PROD-149,BR-4,AG-8,1/8/2024,37379.45,Cash,37379.45,0,0,0,0,0,0,Pound,
ORD-14916,CUST-378,PROD-83,BR-8,AG-19,5/30/2024,14007.08,Cash,14007.08,0,0,0,0,0,0,EGP,
ORD-14917,CUST-861,PROD-94,BR-8,AG-14,9/29/2024,50204.4,Cash,50204.4,0,0,0,0,0,0,EGP,
ORD-14918,CUST-821,PROD-104,BR-5,AG-17,4/14/2024,39359.48,Installments,7871.9,31487.58,12,0.2,2623.97,15743.79,0,EGP,4/4/2026
ORD-14919,CUST-162,PROD-78,BR-1,AG-25,5/16/2024,38482.38,Installments,7696.48,30785.9,12,0.2,2565.49,15392.95,0,Pound,4/4/2026
ORD-14920,CUST-443,PROD-149,BR-8,AG-25,12/14/2024,19503.81,Installments,3900.76,15603.05,12,0.2,1300.25,7801.52,0,egp,1/1/1900
ORD-14921,CUST-187,PROD-171,BR-3,AG-2,6/4/2024,61513.34,Cash,61513.34,0,0,0,0,0,0,EGP,
ORD-14922,CUST-797,PROD-108,BR-4,AG-25,6/15/2024,18306.62,Installments,3661.32,14645.3,12,0.2,0,7322.65,0,egp,4/4/2026
ORD-14923,CUST-506,PROD-114,BR-9,AG-23,10/24/2024,32363.8,Cash,32363.8,0,0,0,0,0,0,EGP,
ORD-14924,CUST-387,PROD-160,BR-3,AG-23,1/25/2025,88834.4,Installments,17766.88,71067.52,12,0.2,5922.29,35533.76,0,EGP,4/4/2026
ORD-14925,CUST-252,PROD-132,BR-10,AG-14,2/1/2025,23432.34,Installments,4686.47,18745.87,12,0.2,1562.16,9372.94,0,EGP,4/4/2026
ORD-14926,CUST-645,PROD-194,BR-2,AG-18,10/9/2024,62609.94,Installments,12521.99,50087.95,12,0.2,4174,25043.98,15,EGP,4/4/2026
ORD-14927,CUST-416,PROD-161,BR-8,AG-2,6/22/2024,41422.39,Cash,41422.39,0,0,0,0,0,0,EGP,
ORD-14928,CUST-837,PROD-114,BR-2,AG-23,3/5/2024,62350.61,Installments,12470.12,49880.49,12,0.2,4156.71,24940.24,0,egp,4/4/2026
ORD-14929,CUST-438,PROD-167,BR-3,AG-25,6/28/2024,12320.97,Installments,2464.19,9856.78,12,0.2,821.4,4928.39,0,egp,4/4/2026
ORD-14930,CUST-891,PROD-160,BR-6,AG-4,5/2/2024,85354.61,Cash,85354.61,0,0,0,0,0,0,EGP,
ORD-14931,CUST-379,PROD-87,BR-7,AG-5,8/29/2024,69655.56,Cash,69655.56,0,0,0,0,0,0,EGP,
ORD-14932,CUST-153,PROD-161,BR-10,AG-11,3/23/2024,74818.05,Installments,14963.61,59854.44,12,0.2,4987.87,29927.22,0,EGP,4/4/2026
ORD-14933,CUST-882,PROD-189,BR-1,AG-11,9/18/2024,40518.08,Cash,40518.08,0,0,0,0,0,0,EGP,
ORD-14934,CUST-634,PROD-71,BR-5,AG-5,9/22/2024,51025.89,Installments,10205.18,40820.71,12,0.2,3401.73,20410.36,0,egp,4/4/2026
ORD-14935,CUST-608,PROD-146,BR-5,AG-23,5/30/2024,62943.03,Cash,62943.03,0,0,0,0,0,0,EGP,
ORD-14936,CUST-232,PROD-151,BR-4,AG-8,8/16/2024,43062.14,Installments,8612.43,34449.71,12,0.2,2870.81,17224.86,0,EGP,4/4/2026
ORD-14937,CUST-637,PROD-196,BR-4,AG-24,9/22/2024,19896.49,Installments,3979.3,15917.19,12,0.2,1326.43,7958.6,0,egp,4/4/2026
ORD-14938,CUST-825,PROD-52,BR-1,AG-2,4/1/2024,64051.46,Installments,12810.29,51241.17,12,0.2,4270.1,25620.58,0,EGP,4/4/2026
ORD-14939,CUST-501,PROD-141,BR-1,AG-8,11/21/2024,16388.09,Installments,3277.62,13110.47,12,0.2,1092.54,6555.24,0,EGP,4/4/2026
ORD-14940,CUST-640,PROD-128,BR-5,AG-15,3/4/2024,79023.82,Cash,79023.82,0,0,0,0,0,0,EGP,
ORD-14941,CUST-423,PROD-170,BR-3,AG-4,12/24/2024,43288.74,Installments,8657.75,34630.99,12,0.2,0,17315.5,0,EGP,4/4/2026
ORD-14942,CUST-610,PROD-167,BR-1,AG-20,1/27/2025,32034.63,Installments,6406.93,25627.7,12,0.2,2135.64,12813.85,45,EGP,4/4/2026
ORD-14943,CUST-921,PROD-109,BR-2,AG-25,10/27/2024,40854.17,Cash,40854.17,0,0,0,0,0,0,EGP,
ORD-14944,CUST-950,PROD-65,BR-1,AG-8,4/19/2024,86869.59,Cash,86869.59,0,0,0,0,0,0,EGP,
ORD-14945,CUST-667,PROD-144,BR-4,AG-4,6/26/2024,35713.24,Cash,35713.24,0,0,0,0,0,0,EGP,
ORD-14946,CUST-921,PROD-162,BR-10,AG-7,7/1/2024,47627.36,Installments,9525.47,38101.89,12,0.2,3175.16,19050.94,120,EGP,4/4/2026
ORD-14947,CUST-685,PROD-170,BR-6,AG-3,5/16/2024,41876.57,Installments,8375.31,33501.26,12,0.2,2791.77,16750.63,0,EGP,4/4/2026
ORD-14948,CUST-492,PROD-100,BR-3,AG-3,9/23/2024,37689.07,Installments,7537.81,30151.26,12,0.2,2512.6,15075.63,15,EGP,4/4/2026
ORD-14949,CUST-485,PROD-85,BR-8,AG-4,7/20/2024,47666.42,Installments,9533.28,38133.14,12,0.2,3177.76,19066.57,0,EGP,4/4/2026
ORD-14950,CUST-672,PROD-192,BR-6,AG-18,7/25/2024,12083.57,Installments,2416.71,9666.86,12,0.2,805.57,4833.43,0,EGP,4/4/2026
ORD-14951,CUST-352,PROD-67,BR-8,AG-18,9/10/2024,40154.63,Cash,40154.63,0,0,0,0,0,0,EGP,
ORD-14952,CUST-408,PROD-87,BR-1,AG-16,1/24/2024,21212.3,Cash,21212.3,0,0,0,0,0,0,Pound,
ORD-14953,CUST-941,PROD-103,BR-5,AG-24,3/28/2024,39434.3,Installments,7886.86,31547.44,12,0.2,2628.95,15773.72,0,EGP,4/4/2026
ORD-14954,CUST-148,PROD-110,BR-2,AG-9,12/4/2024,31428.44,Installments,6285.69,25142.75,12,0.2,2095.23,12571.38,15,EGP,4/4/2026
ORD-14955,CUST-913,PROD-181,BR-6,AG-18,2/6/2024,14220.58,Cash,14220.58,0,0,0,0,0,0,EGP,
ORD-14956,CUST-382,PROD-144,BR-9,AG-4,4/2/2024,66962.88,Installments,13392.58,53570.3,12,0.2,4464.19,26785.15,0,EGP,4/4/2026
ORD-14957,CUST-774,PROD-122,BR-4,AG-3,3/21/2024,74398.86,Installments,14879.77,59519.09,12,0.2,4959.92,29759.54,0,EGP,4/4/2026
ORD-14958,CUST-129,PROD-139,BR-3,AG-5,1/24/2025,28886.56,Installments,5777.31,23109.25,12,0.2,1925.77,11554.62,0,EGP,4/4/2026
ORD-14959,CUST-189,PROD-126,BR-2,AG-18,2/27/2024,81208.14,Installments,16241.63,64966.51,12,0.2,5413.88,32483.26,0,EGP,4/4/2026
ORD-14960,CUST-164,PROD-109,BR-8,AG-7,7/9/2024,16847.03,Installments,3369.41,13477.62,12,0.2,1123.14,6738.81,15,EGP,4/4/2026
ORD-14961,CUST-116,PROD-160,BR-8,AG-10,5/19/2024,38643.51,Installments,7728.7,30914.81,12,0.2,2576.23,15457.4,15,EGP,4/4/2026
ORD-14962,CUST-630,PROD-124,BR-7,AG-4,11/20/2024,45294.57,Cash,45294.57,0,0,0,0,0,0,EGP,
ORD-14963,CUST-317,PROD-132,BR-10,AG-1,6/27/2024,52665.25,Cash,52665.25,0,0,0,0,0,0,Pound,
ORD-14964,CUST-169,PROD-88,BR-5,AG-4,4/26/2024,16874.36,Cash,16874.36,0,0,0,0,0,0,EGP,
ORD-14965,CUST-823,PROD-191,BR-4,AG-9,3/10/2024,87265.27,Cash,87265.27,0,0,0,0,0,0,EGP,
ORD-14966,CUST-954,PROD-197,BR-9,AG-22,11/5/2024,88625.14,Installments,17725.03,70900.11,12,0.2,5908.34,35450.06,0,EGP,4/4/2026
ORD-14967,CUST-908,PROD-147,BR-3,AG-14,4/11/2024,70506.97,Installments,14101.39,56405.58,12,0.2,4700.46,28202.79,15,EGP,4/4/2026
ORD-14968,CUST-139,PROD-58,BR-1,AG-16,1/25/2025,70064.3,Installments,14012.86,56051.44,12,0.2,4670.95,28025.72,0,Pound,4/4/2026
ORD-14969,CUST-857,PROD-52,BR-9,AG-11,7/27/2024,67188.75,Installments,13437.75,53751,12,0.2,4479.25,26875.5,45,EGP,4/4/2026
ORD-14970,CUST-366,PROD-183,BR-4,AG-25,1/5/2024,86482.24,Installments,17296.45,69185.79,12,0.2,5765.48,34592.9,0,EGP,4/4/2026
ORD-14971,CUST-709,PROD-182,BR-8,AG-21,1/16/2025,12061.69,Installments,2412.34,9649.35,12,0.2,804.11,4824.68,15,EGP,4/4/2026
ORD-14972,CUST-200,PROD-175,BR-10,AG-17,5/3/2024,80615.76,Installments,16123.15,64492.61,12,0.2,5374.38,32246.3,15,EGP,4/4/2026
ORD-14973,CUST-703,PROD-86,BR-1,AG-11,1/7/2024,88253.99,Installments,17650.8,70603.19,12,0.2,5883.6,35301.6,15,EGP,4/4/2026
ORD-14974,CUST-611,PROD-75,BR-4,AG-12,12/28/2024,86189.29,Cash,86189.29,0,0,0,0,0,0,egp,
ORD-14975,CUST-817,PROD-193,BR-8,AG-23,11/20/2024,20938.36,Cash,20938.36,0,0,0,0,0,0,Pound,
ORD-14976,CUST-389,PROD-187,BR-2,AG-1,6/22/2024,12580.09,Installments,2516.02,10064.07,12,0.2,838.67,5032.04,0,EGP,4/4/2026
ORD-14977,CUST-967,PROD-139,BR-5,AG-21,12/30/2028,80891.45,Installments,16178.29,64713.16,12,0.2,5392.76,32356.58,0,egp,4/4/2026
ORD-14978,CUST-245,PROD-100,BR-4,AG-14,10/11/2024,57921.43,Cash,57921.43,0,0,0,0,0,0,EGP,
ORD-14979,CUST-472,PROD-136,BR-1,AG-13,2/24/2024,85418.96,Installments,17083.79,68335.17,12,0.2,5694.6,34167.58,15,Pound,4/4/2026
ORD-14980,CUST-934,PROD-117,BR-7,AG-25,8/10/2024,15264.7,Installments,3052.94,12211.76,12,0.2,1017.65,6105.88,0,EGP,4/4/2026
ORD-14981,CUST-940,PROD-168,BR-1,AG-22,8/20/2024,65582.22,Installments,13116.44,52465.78,12,0.2,4372.15,26232.89,15,EGP,4/4/2026
ORD-14982,CUST-730,PROD-110,BR-7,AG-21,12/16/2024,84747.95,Cash,84747.95,0,0,0,0,0,0,EGP,
ORD-14983,CUST-499,PROD-83,BR-6,AG-25,12/27/2024,63631.44,Installments,12726.29,50905.15,12,0.2,4242.1,25452.58,0,EGP,4/4/2026
ORD-14984,CUST-373,PROD-163,BR-1,AG-15,7/26/2024,33788.8,Installments,6757.76,27031.04,12,0.2,2252.59,13515.52,0,EGP,4/4/2026
ORD-14985,CUST-837,PROD-107,BR-2,AG-15,11/22/2024,22472.27,Installments,4494.45,17977.82,12,0.2,1498.15,8988.91,0,EGP,4/4/2026
ORD-14986,CUST-590,PROD-84,BR-10,AG-24,12/16/2024,83655.42,Installments,16731.08,66924.34,12,0.2,5577.03,33462.17,0,EGP,4/4/2026
ORD-14987,CUST-911,PROD-106,BR-4,AG-24,5/14/2024,65283.31,Cash,65283.31,0,0,0,0,0,0,EGP,
ORD-14988,CUST-420,PROD-76,BR-9,AG-12,6/18/2024,65705.96,Installments,13141.19,52564.77,12,0.2,4380.4,26282.38,0,egp,4/4/2026
ORD-14989,CUST-998,PROD-72,BR-5,AG-17,3/12/2024,39093.1,Cash,39093.1,0,0,0,0,0,0,EGP,
ORD-14990,CUST-151,PROD-65,BR-2,AG-23,1/8/2024,46101.13,Installments,9220.23,36880.9,12,0.2,3073.41,18440.45,0,EGP,4/4/2026
ORD-14991,CUST-289,PROD-106,BR-2,AG-20,3/15/2024,76323.66,Installments,15264.73,61058.93,12,0.2,5088.24,30529.46,0,EGP,4/4/2026
ORD-14992,CUST-899,PROD-155,BR-5,AG-12,2/28/2024,43923.08,Cash,43923.08,0,0,0,0,0,0,EGP,
ORD-14993,CUST-696,PROD-76,BR-6,AG-1,5/13/2024,23229.72,Installments,4645.94,18583.78,12,0.2,1548.65,9291.89,0,EGP,4/4/2026
ORD-14994,CUST-101,PROD-165,BR-6,AG-11,2/2/2025,51605.05,Cash,51605.05,0,0,0,0,0,0,EGP,
ORD-14995,CUST-711,PROD-174,BR-3,AG-8,12/30/2028,77611.09,Installments,15522.22,62088.87,12,0.2,5174.07,31044.44,15,EGP,4/4/2026
ORD-14996,CUST-920,PROD-159,BR-8,AG-5,6/16/2024,84317.86,Installments,16863.57,67454.29,12,0.2,5621.19,33727.14,0,EGP,4/4/2026
ORD-14997,CUST-861,PROD-161,BR-2,AG-10,6/28/2024,16193.75,Installments,3238.75,12955,12,0.2,1079.58,6477.5,0,EGP,4/4/2026
ORD-14998,CUST-161,PROD-131,BR-2,AG-24,4/14/2024,54747.59,Installments,10949.52,43798.07,12,0.2,0,21899.04,0,egp,4/4/2026
ORD-14999,CUST-325,PROD-85,BR-9,AG-24,1/15/2025,41469.82,Installments,8293.96,33175.86,12,0.2,2764.65,16587.93,0,EGP,4/4/2026
